ISO-10303-21;
HEADER;
/* Generated by software containing ST-Developer
 * from STEP Tools, Inc. (www.steptools.com) 
 */

FILE_DESCRIPTION(
/* description */ (''),
/* implementation_level */ '2;1');

FILE_NAME(
/* name */ 'void16-redux-mod.step',
/* time_stamp */ '2026-10-02T10:30:45+13:00',
/* author */ (''),
/* organization */ (''),
/* preprocessor_version */ 'ST-DEVELOPER v20.2',
/* originating_system */ 'Autodesk Translation Framework v15.15.0.0',
/* authorisation */ '');

FILE_SCHEMA (('AUTOMOTIVE_DESIGN { 1 0 10303 214 3 1 1 }'));
ENDSEC;

DATA;
#10=MECHANICAL_DESIGN_GEOMETRIC_PRESENTATION_REPRESENTATION('',(#13,#14),
#8435);
#11=SHAPE_REPRESENTATION_RELATIONSHIP('SRR','None',#8442,#12);
#12=ADVANCED_BREP_SHAPE_REPRESENTATION('',(#15,#16),#8434);
#13=STYLED_ITEM('',(#8451),#15);
#14=STYLED_ITEM('',(#8451),#16);
#15=MANIFOLD_SOLID_BREP('Bottom Plate',#4403);
#16=MANIFOLD_SOLID_BREP('Top Plate',#4404);
#17=B_SPLINE_SURFACE_WITH_KNOTS('',3,3,((#6843,#6844,#6845,#6846),(#6847,
#6848,#6849,#6850),(#6851,#6852,#6853,#6854),(#6855,#6856,#6857,#6858),
(#6859,#6860,#6861,#6862),(#6863,#6864,#6865,#6866),(#6867,#6868,#6869,
#6870),(#6871,#6872,#6873,#6874),(#6875,#6876,#6877,#6878),(#6879,#6880,
#6881,#6882),(#6883,#6884,#6885,#6886),(#6887,#6888,#6889,#6890),(#6891,
#6892,#6893,#6894),(#6895,#6896,#6897,#6898),(#6899,#6900,#6901,#6902),
(#6903,#6904,#6905,#6906),(#6907,#6908,#6909,#6910),(#6911,#6912,#6913,
#6914),(#6915,#6916,#6917,#6918),(#6919,#6920,#6921,#6922),(#6923,#6924,
#6925,#6926),(#6927,#6928,#6929,#6930),(#6931,#6932,#6933,#6934),(#6935,
#6936,#6937,#6938),(#6939,#6940,#6941,#6942),(#6943,#6944,#6945,#6946),
(#6947,#6948,#6949,#6950),(#6951,#6952,#6953,#6954),(#6955,#6956,#6957,
#6958),(#6959,#6960,#6961,#6962),(#6963,#6964,#6965,#6966),(#6967,#6968,
#6969,#6970),(#6971,#6972,#6973,#6974),(#6975,#6976,#6977,#6978),(#6979,
#6980,#6981,#6982),(#6983,#6984,#6985,#6986),(#6987,#6988,#6989,#6990),
(#6991,#6992,#6993,#6994),(#6995,#6996,#6997,#6998),(#6999,#7000,#7001,
#7002),(#7003,#7004,#7005,#7006),(#7007,#7008,#7009,#7010),(#7011,#7012,
#7013,#7014),(#7015,#7016,#7017,#7018),(#7019,#7020,#7021,#7022),(#7023,
#7024,#7025,#7026),(#7027,#7028,#7029,#7030),(#7031,#7032,#7033,#7034),
(#7035,#7036,#7037,#7038),(#7039,#7040,#7041,#7042),(#7043,#7044,#7045,
#7046),(#7047,#7048,#7049,#7050),(#7051,#7052,#7053,#7054),(#7055,#7056,
#7057,#7058),(#7059,#7060,#7061,#7062),(#7063,#7064,#7065,#7066),(#7067,
#7068,#7069,#7070),(#7071,#7072,#7073,#7074),(#7075,#7076,#7077,#7078),
(#7079,#7080,#7081,#7082),(#7083,#7084,#7085,#7086),(#7087,#7088,#7089,
#7090),(#7091,#7092,#7093,#7094),(#7095,#7096,#7097,#7098),(#7099,#7100,
#7101,#7102),(#7103,#7104,#7105,#7106),(#7107,#7108,#7109,#7110),(#7111,
#7112,#7113,#7114),(#7115,#7116,#7117,#7118),(#7119,#7120,#7121,#7122),
(#7123,#7124,#7125,#7126),(#7127,#7128,#7129,#7130),(#7131,#7132,#7133,
#7134),(#7135,#7136,#7137,#7138),(#7139,#7140,#7141,#7142),(#7143,#7144,
#7145,#7146),(#7147,#7148,#7149,#7150),(#7151,#7152,#7153,#7154),(#7155,
#7156,#7157,#7158),(#7159,#7160,#7161,#7162),(#7163,#7164,#7165,#7166),
(#7167,#7168,#7169,#7170),(#7171,#7172,#7173,#7174),(#7175,#7176,#7177,
#7178),(#7179,#7180,#7181,#7182),(#7183,#7184,#7185,#7186),(#7187,#7188,
#7189,#7190),(#7191,#7192,#7193,#7194),(#7195,#7196,#7197,#7198),(#7199,
#7200,#7201,#7202),(#7203,#7204,#7205,#7206),(#7207,#7208,#7209,#7210),
(#7211,#7212,#7213,#7214),(#7215,#7216,#7217,#7218),(#7219,#7220,#7221,
#7222),(#7223,#7224,#7225,#7226),(#7227,#7228,#7229,#7230),(#7231,#7232,
#7233,#7234),(#7235,#7236,#7237,#7238),(#7239,#7240,#7241,#7242),(#7243,
#7244,#7245,#7246),(#7247,#7248,#7249,#7250),(#7251,#7252,#7253,#7254),
(#7255,#7256,#7257,#7258),(#7259,#7260,#7261,#7262),(#7263,#7264,#7265,
#7266),(#7267,#7268,#7269,#7270),(#7271,#7272,#7273,#7274),(#7275,#7276,
#7277,#7278),(#7279,#7280,#7281,#7282),(#7283,#7284,#7285,#7286),(#7287,
#7288,#7289,#7290),(#7291,#7292,#7293,#7294),(#7295,#7296,#7297,#7298),
(#7299,#7300,#7301,#7302),(#7303,#7304,#7305,#7306),(#7307,#7308,#7309,
#7310),(#7311,#7312,#7313,#7314),(#7315,#7316,#7317,#7318),(#7319,#7320,
#7321,#7322),(#7323,#7324,#7325,#7326),(#7327,#7328,#7329,#7330),(#7331,
#7332,#7333,#7334),(#7335,#7336,#7337,#7338),(#7339,#7340,#7341,#7342),
(#7343,#7344,#7345,#7346),(#7347,#7348,#7349,#7350),(#7351,#7352,#7353,
#7354),(#7355,#7356,#7357,#7358),(#7359,#7360,#7361,#7362)),
 .UNSPECIFIED.,.F.,.F.,.F.,(4,1,1,1,1,1,1,1,1,1,1,1,1,1,1,1,1,1,1,1,1,1,
1,1,1,1,1,1,1,1,1,1,1,1,1,1,1,1,1,1,1,1,1,1,1,1,1,1,1,1,1,1,1,1,1,1,1,1,
1,1,1,1,1,1,1,1,1,1,1,1,1,1,1,1,1,1,1,1,1,1,1,1,1,1,1,1,1,1,1,1,1,1,1,1,
1,1,1,1,1,1,1,1,1,1,1,1,1,1,1,1,1,1,1,1,1,1,1,1,1,1,1,1,1,1,1,1,1,4),(4,
4),(-0.835652316976315,-0.828844153299469,-0.822035989622624,-0.815227825945778,
-0.808419662268933,-0.801611498592087,-0.794803334915242,-0.787995171238396,
-0.784591089399973,-0.78118700756155,-0.774378843884705,-0.767570680207859,
-0.760762516531014,-0.753954352854168,-0.747146189177323,-0.740338025500477,
-0.726721698146786,-0.708566595008531,-0.699489043439404,-0.690411491870276,
-0.685872716085712,-0.681333940301149,-0.672256388732021,-0.663178837162894,
-0.65864006137833,-0.656370673486048,-0.654101285593766,-0.645023734024639,
-0.640484958240075,-0.635946182455512,-0.631407406670948,-0.626868630886384,
-0.62232985510182,-0.617791079317257,-0.608713527748129,-0.606444139855847,
-0.599635976179002,-0.595097200394438,-0.590558424609875,-0.586019648825311,
-0.581480873040747,-0.576942097256183,-0.57240332147162,-0.563325769902492,
-0.554248218333365,-0.545170666764237,-0.540631890979674,-0.53609311519511,
-0.531554339410546,-0.527015563625982,-0.522476787841419,-0.517938012056855,
-0.508860460487728,-0.504321684703164,-0.4997829089186,-0.495244133134036,
-0.490705357349473,-0.486166581564909,-0.481627805780345,-0.477089029995782,
-0.472550254211218,-0.468011478426654,-0.46347270264209,-0.458933926857527,
-0.454395151072963,-0.449856375288399,-0.445317599503836,-0.436240047934708,
-0.431701272150144,-0.427162496365581,-0.422623720581017,-0.418084944796453,
-0.41354616901189,-0.409007393227326,-0.404468617442762,-0.399929841658198,
-0.396525759819776,-0.393121677981353,-0.38971759614293,-0.386313514304507,
-0.382909432466085,-0.379505350627662,-0.372697186950816,-0.359080859597125,
-0.352272695920279,-0.345464532243434,-0.338656368566588,-0.331848204889743,
-0.325040041212897,-0.318231877536052,-0.314827795697629,-0.311423713859206,
-0.308019632020783,-0.30461555018236,-0.302913509263149,-0.301211468343938,
-0.297807386505515,-0.290999222828669,-0.284191059151824,-0.277382895474978,
-0.270574731798133,-0.26717064995971,-0.263766568121287,-0.260362486282864,
-0.256958404444441,-0.250150240767596,-0.24334207709075,-0.239937995252328,
-0.236533913413905,-0.229725749737059,-0.222917586060214,-0.209301258706522,
-0.18206860399914,-0.154835949291758,-0.148027785614912,-0.141219621938067,
-0.134411458261221,-0.131007376422798,-0.127603294584376,-0.12079513090753,
-0.117391049069107,-0.113986967230684,-0.107178803553839,-0.100370639876993,
-0.0935624762001477,-0.0867543125233022,-0.0833502306848794,-0.073137985169611),
(0.0999999999999819,0.400000000000011),.UNSPECIFIED.);
#18=B_SPLINE_CURVE_WITH_KNOTS('',3,(#6439,#6440,#6441,#6442,#6443,#6444),
 .UNSPECIFIED.,.F.,.F.,(4,2,4),(-0.301558555779387,-0.150778856491162,0.),
 .UNSPECIFIED.);
#19=B_SPLINE_CURVE_WITH_KNOTS('',3,(#6461,#6462,#6463,#6464,#6465,#6466,
#6467,#6468,#6469,#6470,#6471,#6472,#6473,#6474,#6475,#6476,#6477,#6478,
#6479,#6480,#6481,#6482,#6483,#6484,#6485,#6486,#6487,#6488,#6489,#6490,
#6491,#6492,#6493,#6494,#6495,#6496,#6497,#6498,#6499,#6500,#6501,#6502,
#6503,#6504,#6505,#6506,#6507,#6508,#6509,#6510,#6511,#6512,#6513,#6514,
#6515,#6516,#6517,#6518,#6519,#6520,#6521,#6522,#6523,#6524,#6525,#6526,
#6527,#6528,#6529,#6530,#6531,#6532,#6533,#6534,#6535,#6536,#6537,#6538,
#6539,#6540,#6541,#6542,#6543,#6544,#6545,#6546,#6547,#6548,#6549,#6550,
#6551,#6552,#6553,#6554,#6555,#6556,#6557,#6558,#6559,#6560,#6561,#6562,
#6563,#6564,#6565,#6566,#6567,#6568,#6569,#6570,#6571,#6572,#6573,#6574,
#6575,#6576,#6577,#6578,#6579,#6580,#6581,#6582,#6583,#6584,#6585,#6586,
#6587,#6588,#6589,#6590,#6591,#6592,#6593,#6594,#6595,#6596,#6597,#6598,
#6599,#6600,#6601,#6602,#6603,#6604,#6605,#6606,#6607,#6608,#6609,#6610,
#6611,#6612,#6613,#6614,#6615,#6616,#6617,#6618,#6619,#6620,#6621,#6622,
#6623,#6624,#6625,#6626,#6627,#6628,#6629,#6630,#6631,#6632,#6633,#6634,
#6635,#6636,#6637,#6638,#6639,#6640,#6641,#6642,#6643,#6644,#6645,#6646,
#6647,#6648,#6649,#6650,#6651,#6652,#6653,#6654,#6655,#6656,#6657,#6658,
#6659,#6660,#6661,#6662,#6663,#6664,#6665,#6666,#6667,#6668,#6669,#6670,
#6671,#6672,#6673,#6674,#6675,#6676,#6677,#6678,#6679,#6680,#6681,#6682,
#6683,#6684,#6685,#6686,#6687,#6688,#6689,#6690,#6691,#6692,#6693,#6694,
#6695,#6696,#6697,#6698,#6699,#6700,#6701,#6702,#6703,#6704,#6705,#6706,
#6707,#6708,#6709,#6710,#6711,#6712,#6713,#6714,#6715,#6716,#6717,#6718,
#6719,#6720,#6721,#6722,#6723,#6724,#6725,#6726,#6727,#6728,#6729,#6730,
#6731,#6732,#6733,#6734,#6735,#6736,#6737,#6738,#6739,#6740,#6741,#6742,
#6743,#6744,#6745,#6746,#6747,#6748,#6749,#6750,#6751,#6752,#6753,#6754,
#6755,#6756,#6757,#6758,#6759,#6760,#6761,#6762,#6763,#6764,#6765,#6766,
#6767,#6768,#6769,#6770,#6771,#6772,#6773,#6774,#6775,#6776,#6777,#6778,
#6779,#6780,#6781,#6782,#6783,#6784,#6785,#6786,#6787,#6788,#6789,#6790,
#6791,#6792,#6793,#6794,#6795,#6796,#6797,#6798,#6799,#6800,#6801,#6802,
#6803,#6804,#6805,#6806,#6807,#6808,#6809,#6810,#6811,#6812,#6813,#6814,
#6815,#6816,#6817,#6818,#6819,#6820,#6821,#6822,#6823,#6824,#6825,#6826,
#6827,#6828,#6829,#6830,#6831,#6832,#6833,#6834,#6835,#6836,#6837,#6838,
#6839,#6840,#6841,#6842),.UNSPECIFIED.,.F.,.F.,(4,3,3,3,3,3,3,3,3,3,3,3,
3,3,3,3,3,3,3,3,3,3,3,3,3,3,3,3,3,3,3,3,3,3,3,3,3,3,3,3,3,3,3,3,3,3,3,3,
3,3,3,3,3,3,3,3,3,3,3,3,3,3,3,3,3,3,3,3,3,3,3,3,3,3,3,3,3,3,3,3,3,3,3,3,
3,3,3,3,3,3,3,3,3,3,3,3,3,3,3,3,3,3,3,3,3,3,3,3,3,3,3,3,3,3,3,3,3,3,3,3,
3,3,3,3,3,3,3,4),(3.80098870779604,3.85174359523218,3.9113912958085,3.97103899638482,
4.03068669696114,4.09033439753746,4.14998209811378,4.20962979869009,4.23945364897825,
4.26927749926641,4.32892519984273,4.38857290041905,4.44822060099537,4.50786830157169,
4.56751600214801,4.62716370272433,4.74645910387697,4.90551963874715,4.98504990618224,
5.06458017361733,5.10434530733488,5.14411044105243,5.22364070848752,5.30317097592261,
5.34293610964016,5.36281867649893,5.3827012433577,5.46223151079279,5.50199664451034,
5.54176177822789,5.58152691194543,5.62129204566298,5.66105717938052,5.70082231309807,
5.78035258053316,5.80023514739193,5.85988284796825,5.8996479816858,5.93941311540334,
5.97917824912089,6.01894338283844,6.05870851655598,6.09847365027353,6.17800391770862,
6.25753418514371,6.3370644525788,6.37682958629635,6.4165947200139,6.45635985373144,
6.49612498744899,6.53589012116653,6.57565525488408,6.65518552231917,6.69495065603672,
6.73471578975426,6.77448092347181,6.81424605718936,6.8540111909069,6.89377632462445,
6.93354145834199,6.97330659205954,7.01307172577709,7.05283685949463,7.09260199321218,
7.13236712692972,7.17213226064727,7.21189739436482,7.29142766179991,7.33119279551745,
7.370957929235,7.41072306295255,7.45048819667009,7.49025333038764,7.53001846410518,
7.56978359782273,7.60954873154028,7.63937258182844,7.66919643211659,7.69902028240475,
7.72884413269291,7.75866798298107,7.78849183326923,7.84813953384555,7.96743493499819,
8.02708263557451,8.08673033615083,8.14637803672715,8.20602573730346,8.26567343787978,
8.3253211384561,8.35514498874426,8.38496883903242,8.41479268932058,8.44461653960874,
8.45952846475282,8.4744403898969,8.50426424018506,8.56391194076138,8.6235596413377,
8.68320734191402,8.74285504249034,8.77267889277849,8.80250274306665,8.83232659335481,
8.86215044364297,8.92179814421929,8.98144584479561,9.01126969508377,9.04109354537193,
9.10074124594825,9.16038894652457,9.27968434767721,9.51827514998248,9.75686595228776,
9.81651365286408,9.87616135344039,9.93580905401671,9.96563290430487,9.99545675459303,
10.0551044551694,10.0849283054575,10.1147521557457,10.174399856322,10.2340475568983,
10.2936952574746,10.3533429580509,10.3831668083391,10.4652387299691),
 .UNSPECIFIED.);
#20=B_SPLINE_CURVE_WITH_KNOTS('',3,(#7364,#7365,#7366,#7367,#7368,#7369,
#7370,#7371,#7372,#7373,#7374,#7375,#7376),.UNSPECIFIED.,.F.,.F.,(4,3,3,
3,4),(-0.301618889529558,-0.202716400724734,-0.150819254090055,-0.0706357865932383,
0.),.UNSPECIFIED.);
#21=B_SPLINE_CURVE_WITH_KNOTS('',3,(#7377,#7378,#7379,#7380,#7381,#7382,
#7383,#7384,#7385,#7386,#7387,#7388,#7389,#7390,#7391,#7392,#7393,#7394,
#7395,#7396,#7397,#7398,#7399,#7400,#7401,#7402,#7403,#7404,#7405,#7406,
#7407,#7408,#7409,#7410,#7411,#7412,#7413,#7414,#7415,#7416,#7417,#7418,
#7419,#7420,#7421,#7422,#7423,#7424,#7425,#7426,#7427,#7428,#7429,#7430,
#7431,#7432,#7433,#7434,#7435,#7436,#7437,#7438,#7439,#7440,#7441,#7442,
#7443,#7444,#7445,#7446,#7447,#7448,#7449,#7450,#7451,#7452,#7453,#7454,
#7455,#7456,#7457,#7458,#7459,#7460,#7461,#7462,#7463,#7464,#7465,#7466,
#7467,#7468,#7469,#7470,#7471,#7472,#7473,#7474,#7475,#7476,#7477,#7478,
#7479,#7480,#7481,#7482,#7483,#7484,#7485,#7486,#7487,#7488,#7489,#7490,
#7491,#7492,#7493,#7494,#7495,#7496,#7497,#7498,#7499,#7500,#7501,#7502,
#7503,#7504,#7505,#7506,#7507,#7508,#7509,#7510,#7511,#7512,#7513,#7514,
#7515,#7516,#7517,#7518,#7519,#7520,#7521,#7522,#7523,#7524,#7525,#7526,
#7527,#7528,#7529,#7530,#7531,#7532,#7533,#7534,#7535,#7536,#7537,#7538,
#7539,#7540,#7541,#7542,#7543,#7544,#7545,#7546,#7547,#7548,#7549,#7550,
#7551,#7552,#7553,#7554,#7555,#7556,#7557,#7558,#7559,#7560,#7561,#7562,
#7563,#7564,#7565,#7566,#7567,#7568,#7569,#7570,#7571,#7572,#7573,#7574,
#7575,#7576,#7577,#7578,#7579,#7580,#7581,#7582,#7583,#7584,#7585,#7586,
#7587,#7588,#7589,#7590,#7591,#7592,#7593,#7594,#7595,#7596,#7597,#7598,
#7599,#7600,#7601,#7602,#7603,#7604,#7605,#7606,#7607,#7608,#7609,#7610,
#7611,#7612,#7613,#7614,#7615,#7616,#7617,#7618,#7619,#7620,#7621,#7622,
#7623,#7624,#7625,#7626,#7627,#7628,#7629,#7630,#7631,#7632,#7633,#7634,
#7635,#7636,#7637,#7638,#7639,#7640,#7641,#7642,#7643,#7644,#7645,#7646,
#7647,#7648,#7649,#7650,#7651,#7652,#7653,#7654,#7655,#7656,#7657,#7658,
#7659,#7660,#7661,#7662,#7663,#7664,#7665,#7666,#7667,#7668,#7669,#7670,
#7671,#7672,#7673,#7674,#7675,#7676,#7677,#7678,#7679,#7680,#7681,#7682,
#7683,#7684,#7685,#7686,#7687,#7688,#7689,#7690,#7691,#7692,#7693,#7694,
#7695,#7696,#7697,#7698,#7699,#7700,#7701,#7702,#7703,#7704,#7705,#7706,
#7707,#7708,#7709,#7710,#7711,#7712,#7713,#7714,#7715,#7716,#7717,#7718,
#7719,#7720,#7721,#7722,#7723,#7724,#7725,#7726,#7727,#7728,#7729,#7730,
#7731,#7732,#7733,#7734,#7735,#7736,#7737,#7738,#7739,#7740,#7741,#7742,
#7743,#7744,#7745,#7746,#7747,#7748,#7749,#7750,#7751,#7752,#7753,#7754,
#7755,#7756,#7757,#7758),.UNSPECIFIED.,.F.,.F.,(4,3,3,3,3,3,3,3,3,3,3,3,
3,3,3,3,3,3,3,3,3,3,3,3,3,3,3,3,3,3,3,3,3,3,3,3,3,3,3,3,3,3,3,3,3,3,3,3,
3,3,3,3,3,3,3,3,3,3,3,3,3,3,3,3,3,3,3,3,3,3,3,3,3,3,3,3,3,3,3,3,3,3,3,3,
3,3,3,3,3,3,3,3,3,3,3,3,3,3,3,3,3,3,3,3,3,3,3,3,3,3,3,3,3,3,3,3,3,3,3,3,
3,3,3,3,3,3,3,4),(0.854063234939565,0.862869835163814,0.865805368600881,
0.871676435475014,0.877547502349147,0.883418569223281,0.889289636097414,
0.892225169534481,0.895160702971548,0.901031769845681,0.903967303282748,
0.906902836719815,0.912773903593948,0.918644970468081,0.924516037342215,
0.948000304838749,0.971484572335282,0.983226706083549,0.989097772957683,
0.994968839831816,0.997904373268883,1.00083990670595,1.00671097358008,1.01258204045422,
1.01551757389128,1.01845310732835,1.02138864076542,1.02432417420248,1.03019524107662,
1.03606630795075,1.04193737482488,1.04780844169902,1.05074397513608,1.05221174185462,
1.05367950857315,1.05661504201022,1.05955057544728,1.06248610888435,1.06542164232142,
1.07129270919555,1.07716377606968,1.08303484294382,1.08890590981795,1.09477697669208,
1.10064804356622,1.11239017731448,1.11826124418862,1.12119677762568,1.12413231106275,
1.12706784449982,1.13000337793688,1.13293891137395,1.13587444481102,1.13978848939377,
1.14370253397653,1.14761657855929,1.15153062314204,1.1554446677248,1.15935871230755,
1.16327275689031,1.16718680147306,1.17501489063857,1.17892893522133,1.18284297980409,
1.18675702438684,1.1906710689696,1.19458511355235,1.19849915813511,1.20241320271786,
1.20632724730062,1.21024129188338,1.21415533646613,1.21806938104889,1.22198342563164,
1.2258974702144,1.22981151479715,1.23763960396266,1.24155364854542,1.24546769312818,
1.24938173771093,1.25329578229369,1.25720982687644,1.2611238714592,1.26895196062471,
1.27678004979022,1.28460813895573,1.28852218353849,1.29243622812124,1.296350272704,
1.30026431728675,1.30417836186951,1.30809240645227,1.3139634733264,1.31592049561778,
1.32374858478329,1.32766262936604,1.3315766739488,1.33549071853155,1.33940476311431,
1.34331880769707,1.34723285227982,1.35506094144533,1.35701796373671,1.35897498602809,
1.36288903061084,1.37071711977636,1.37854520894187,1.38245925352462,1.38637329810738,
1.39420138727289,1.4020294764384,1.41768565476942,1.42942778851769,1.43529885539182,
1.44116992226596,1.44704098914009,1.45291205601422,1.45878312288836,1.46465418976249,
1.46758972319956,1.47052525663662,1.47639632351076,1.48226739038489,1.48813845725902,
1.49400952413316,1.49988059100729,1.50575165788142,1.51162272475556),
 .UNSPECIFIED.);
#22=FACE_BOUND('',#535,.T.);
#23=FACE_BOUND('',#538,.T.);
#24=FACE_BOUND('',#541,.T.);
#25=FACE_BOUND('',#547,.T.);
#26=FACE_BOUND('',#550,.T.);
#27=FACE_BOUND('',#553,.T.);
#28=FACE_BOUND('',#556,.T.);
#29=FACE_BOUND('',#559,.T.);
#30=FACE_BOUND('',#562,.T.);
#31=FACE_BOUND('',#565,.T.);
#32=FACE_BOUND('',#569,.T.);
#33=FACE_BOUND('',#575,.T.);
#34=FACE_BOUND('',#578,.T.);
#35=FACE_BOUND('',#581,.T.);
#36=FACE_BOUND('',#584,.T.);
#37=FACE_BOUND('',#592,.T.);
#38=FACE_BOUND('',#597,.T.);
#39=FACE_BOUND('',#601,.T.);
#40=FACE_BOUND('',#607,.T.);
#41=FACE_BOUND('',#609,.T.);
#42=FACE_BOUND('',#611,.T.);
#43=FACE_BOUND('',#613,.T.);
#44=FACE_BOUND('',#615,.T.);
#45=FACE_BOUND('',#617,.T.);
#46=FACE_BOUND('',#625,.T.);
#47=FACE_BOUND('',#648,.T.);
#48=FACE_BOUND('',#649,.T.);
#49=FACE_BOUND('',#650,.T.);
#50=FACE_BOUND('',#651,.T.);
#51=FACE_BOUND('',#652,.T.);
#52=FACE_BOUND('',#653,.T.);
#53=FACE_BOUND('',#654,.T.);
#54=FACE_BOUND('',#655,.T.);
#55=FACE_BOUND('',#667,.T.);
#56=FACE_BOUND('',#669,.T.);
#57=FACE_BOUND('',#671,.T.);
#58=FACE_BOUND('',#776,.T.);
#59=FACE_BOUND('',#777,.T.);
#60=FACE_BOUND('',#778,.T.);
#61=FACE_BOUND('',#779,.T.);
#62=FACE_BOUND('',#780,.T.);
#63=FACE_BOUND('',#781,.T.);
#64=FACE_BOUND('',#782,.T.);
#65=FACE_BOUND('',#783,.T.);
#66=FACE_BOUND('',#784,.T.);
#67=FACE_BOUND('',#785,.T.);
#68=FACE_BOUND('',#786,.T.);
#69=FACE_BOUND('',#787,.T.);
#70=FACE_BOUND('',#788,.T.);
#71=FACE_BOUND('',#789,.T.);
#72=FACE_BOUND('',#790,.T.);
#73=FACE_BOUND('',#791,.T.);
#74=FACE_BOUND('',#792,.T.);
#75=FACE_BOUND('',#793,.T.);
#76=FACE_BOUND('',#794,.T.);
#77=FACE_BOUND('',#795,.T.);
#78=FACE_BOUND('',#796,.T.);
#79=FACE_BOUND('',#797,.T.);
#80=FACE_BOUND('',#798,.T.);
#81=FACE_BOUND('',#799,.T.);
#82=FACE_BOUND('',#800,.T.);
#83=FACE_BOUND('',#801,.T.);
#84=FACE_BOUND('',#803,.T.);
#85=FACE_BOUND('',#804,.T.);
#86=FACE_BOUND('',#805,.T.);
#87=FACE_BOUND('',#806,.T.);
#88=FACE_BOUND('',#807,.T.);
#89=FACE_BOUND('',#808,.T.);
#90=FACE_BOUND('',#809,.T.);
#91=FACE_BOUND('',#810,.T.);
#92=FACE_BOUND('',#811,.T.);
#93=FACE_BOUND('',#812,.T.);
#94=FACE_BOUND('',#813,.T.);
#95=FACE_BOUND('',#814,.T.);
#96=FACE_BOUND('',#815,.T.);
#97=FACE_BOUND('',#816,.T.);
#98=FACE_BOUND('',#817,.T.);
#99=FACE_BOUND('',#818,.T.);
#100=FACE_BOUND('',#819,.T.);
#101=FACE_BOUND('',#820,.T.);
#102=FACE_BOUND('',#821,.T.);
#103=FACE_BOUND('',#822,.T.);
#104=FACE_BOUND('',#823,.T.);
#105=FACE_BOUND('',#824,.T.);
#106=FACE_BOUND('',#825,.T.);
#107=FACE_BOUND('',#826,.T.);
#108=FACE_BOUND('',#827,.T.);
#109=FACE_BOUND('',#828,.T.);
#110=ELLIPSE('',#4430,1.75963948923615,1.75);
#111=ELLIPSE('',#4435,1.75963948923615,1.75);
#112=ELLIPSE('',#4440,1.75963948923615,1.75);
#113=ELLIPSE('',#4463,1.75963948923615,1.75);
#114=ELLIPSE('',#4468,1.75963948923616,1.75000000000001);
#115=ELLIPSE('',#4473,1.75963948923615,1.75);
#116=ELLIPSE('',#4478,1.75963948923615,1.75);
#117=ELLIPSE('',#4526,2.01101655912703,1.99999999999999);
#118=ELLIPSE('',#4528,2.01101655912703,1.99999999999999);
#119=ELLIPSE('',#4530,2.01101655912703,1.99999999999999);
#120=ELLIPSE('',#4532,2.01101655912703,1.99999999999999);
#121=ELLIPSE('',#4534,3.5192789784723,3.5);
#122=ELLIPSE('',#4537,2.01101655912703,1.99999999999999);
#123=ELLIPSE('',#4539,2.01101655912703,2.);
#124=ELLIPSE('',#4540,2.01101655912703,1.99999999999999);
#125=ELLIPSE('',#4542,2.01101655912703,2.);
#126=ELLIPSE('',#4544,3.51927897847231,3.5);
#127=ELLIPSE('',#4546,3.26790190858143,3.25);
#128=ELLIPSE('',#4548,3.26790190858143,3.25);
#129=ELLIPSE('',#4550,3.26790190858143,3.25);
#130=ELLIPSE('',#4552,3.51927897847231,3.5);
#131=ELLIPSE('',#4554,3.5192789784723,3.5);
#132=PLANE('',#4421);
#133=PLANE('',#4422);
#134=PLANE('',#4423);
#135=PLANE('',#4424);
#136=PLANE('',#4425);
#137=PLANE('',#4426);
#138=PLANE('',#4427);
#139=PLANE('',#4431);
#140=PLANE('',#4436);
#141=PLANE('',#4441);
#142=PLANE('',#4452);
#143=PLANE('',#4456);
#144=PLANE('',#4460);
#145=PLANE('',#4464);
#146=PLANE('',#4469);
#147=PLANE('',#4474);
#148=PLANE('',#4479);
#149=PLANE('',#4491);
#150=PLANE('',#4493);
#151=PLANE('',#4497);
#152=PLANE('',#4501);
#153=PLANE('',#4505);
#154=PLANE('',#4509);
#155=PLANE('',#4510);
#156=PLANE('',#4511);
#157=PLANE('',#4513);
#158=PLANE('',#4515);
#159=PLANE('',#4517);
#160=PLANE('',#4519);
#161=PLANE('',#4520);
#162=PLANE('',#4521);
#163=PLANE('',#4522);
#164=PLANE('',#4523);
#165=PLANE('',#4524);
#166=PLANE('',#4533);
#167=PLANE('',#4535);
#168=PLANE('',#4536);
#169=PLANE('',#4538);
#170=PLANE('',#4541);
#171=PLANE('',#4543);
#172=PLANE('',#4545);
#173=PLANE('',#4547);
#174=PLANE('',#4549);
#175=PLANE('',#4551);
#176=PLANE('',#4553);
#177=PLANE('',#4559);
#178=PLANE('',#4562);
#179=PLANE('',#4565);
#180=PLANE('',#4566);
#181=PLANE('',#4567);
#182=PLANE('',#4568);
#183=PLANE('',#4569);
#184=PLANE('',#4570);
#185=PLANE('',#4571);
#186=PLANE('',#4572);
#187=PLANE('',#4573);
#188=PLANE('',#4574);
#189=PLANE('',#4575);
#190=PLANE('',#4576);
#191=PLANE('',#4577);
#192=PLANE('',#4579);
#193=PLANE('',#4580);
#194=PLANE('',#4581);
#195=PLANE('',#4587);
#196=PLANE('',#4588);
#197=PLANE('',#4589);
#198=PLANE('',#4590);
#199=PLANE('',#4591);
#200=PLANE('',#4592);
#201=PLANE('',#4593);
#202=PLANE('',#4595);
#203=PLANE('',#4597);
#204=PLANE('',#4598);
#205=PLANE('',#4602);
#206=PLANE('',#4609);
#207=PLANE('',#4610);
#208=PLANE('',#4611);
#209=PLANE('',#4612);
#210=PLANE('',#4613);
#211=PLANE('',#4614);
#212=PLANE('',#4615);
#213=PLANE('',#4616);
#214=PLANE('',#4617);
#215=PLANE('',#4618);
#216=PLANE('',#4619);
#217=PLANE('',#4620);
#218=PLANE('',#4621);
#219=PLANE('',#4628);
#220=PLANE('',#4629);
#221=PLANE('',#4630);
#222=PLANE('',#4631);
#223=PLANE('',#4632);
#224=PLANE('',#4633);
#225=PLANE('',#4634);
#226=PLANE('',#4635);
#227=PLANE('',#4636);
#228=PLANE('',#4637);
#229=PLANE('',#4638);
#230=PLANE('',#4639);
#231=PLANE('',#4640);
#232=PLANE('',#4659);
#233=PLANE('',#4660);
#234=PLANE('',#4661);
#235=PLANE('',#4662);
#236=PLANE('',#4663);
#237=PLANE('',#4664);
#238=PLANE('',#4665);
#239=PLANE('',#4666);
#240=PLANE('',#4667);
#241=PLANE('',#4668);
#242=PLANE('',#4669);
#243=PLANE('',#4670);
#244=PLANE('',#4671);
#245=PLANE('',#4672);
#246=PLANE('',#4673);
#247=PLANE('',#4674);
#248=PLANE('',#4675);
#249=PLANE('',#4676);
#250=PLANE('',#4677);
#251=PLANE('',#4678);
#252=PLANE('',#4679);
#253=PLANE('',#4680);
#254=PLANE('',#4681);
#255=PLANE('',#4682);
#256=PLANE('',#4683);
#257=PLANE('',#4684);
#258=PLANE('',#4685);
#259=PLANE('',#4686);
#260=PLANE('',#4687);
#261=PLANE('',#4688);
#262=PLANE('',#4689);
#263=PLANE('',#4690);
#264=PLANE('',#4691);
#265=PLANE('',#4692);
#266=PLANE('',#4693);
#267=PLANE('',#4694);
#268=PLANE('',#4695);
#269=PLANE('',#4696);
#270=PLANE('',#4697);
#271=PLANE('',#4698);
#272=PLANE('',#4699);
#273=PLANE('',#4700);
#274=PLANE('',#4701);
#275=PLANE('',#4702);
#276=PLANE('',#4703);
#277=PLANE('',#4704);
#278=PLANE('',#4705);
#279=PLANE('',#4706);
#280=PLANE('',#4707);
#281=PLANE('',#4708);
#282=PLANE('',#4709);
#283=PLANE('',#4710);
#284=PLANE('',#4711);
#285=PLANE('',#4712);
#286=PLANE('',#4713);
#287=PLANE('',#4714);
#288=PLANE('',#4715);
#289=PLANE('',#4716);
#290=PLANE('',#4717);
#291=PLANE('',#4718);
#292=PLANE('',#4719);
#293=PLANE('',#4720);
#294=PLANE('',#4721);
#295=PLANE('',#4722);
#296=PLANE('',#4732);
#297=PLANE('',#4733);
#298=PLANE('',#4734);
#299=PLANE('',#4741);
#300=PLANE('',#4742);
#301=PLANE('',#4743);
#302=PLANE('',#4744);
#303=PLANE('',#4745);
#304=PLANE('',#4746);
#305=FACE_OUTER_BOUND('',#525,.T.);
#306=FACE_OUTER_BOUND('',#526,.T.);
#307=FACE_OUTER_BOUND('',#527,.T.);
#308=FACE_OUTER_BOUND('',#528,.T.);
#309=FACE_OUTER_BOUND('',#529,.T.);
#310=FACE_OUTER_BOUND('',#530,.T.);
#311=FACE_OUTER_BOUND('',#531,.T.);
#312=FACE_OUTER_BOUND('',#532,.T.);
#313=FACE_OUTER_BOUND('',#533,.T.);
#314=FACE_OUTER_BOUND('',#534,.T.);
#315=FACE_OUTER_BOUND('',#536,.T.);
#316=FACE_OUTER_BOUND('',#537,.T.);
#317=FACE_OUTER_BOUND('',#539,.T.);
#318=FACE_OUTER_BOUND('',#540,.T.);
#319=FACE_OUTER_BOUND('',#542,.T.);
#320=FACE_OUTER_BOUND('',#543,.T.);
#321=FACE_OUTER_BOUND('',#544,.T.);
#322=FACE_OUTER_BOUND('',#545,.T.);
#323=FACE_OUTER_BOUND('',#546,.T.);
#324=FACE_OUTER_BOUND('',#548,.T.);
#325=FACE_OUTER_BOUND('',#549,.T.);
#326=FACE_OUTER_BOUND('',#551,.T.);
#327=FACE_OUTER_BOUND('',#552,.T.);
#328=FACE_OUTER_BOUND('',#554,.T.);
#329=FACE_OUTER_BOUND('',#555,.T.);
#330=FACE_OUTER_BOUND('',#557,.T.);
#331=FACE_OUTER_BOUND('',#558,.T.);
#332=FACE_OUTER_BOUND('',#560,.T.);
#333=FACE_OUTER_BOUND('',#561,.T.);
#334=FACE_OUTER_BOUND('',#563,.T.);
#335=FACE_OUTER_BOUND('',#564,.T.);
#336=FACE_OUTER_BOUND('',#566,.T.);
#337=FACE_OUTER_BOUND('',#567,.T.);
#338=FACE_OUTER_BOUND('',#568,.T.);
#339=FACE_OUTER_BOUND('',#570,.T.);
#340=FACE_OUTER_BOUND('',#571,.T.);
#341=FACE_OUTER_BOUND('',#572,.T.);
#342=FACE_OUTER_BOUND('',#573,.T.);
#343=FACE_OUTER_BOUND('',#574,.T.);
#344=FACE_OUTER_BOUND('',#576,.T.);
#345=FACE_OUTER_BOUND('',#577,.T.);
#346=FACE_OUTER_BOUND('',#579,.T.);
#347=FACE_OUTER_BOUND('',#580,.T.);
#348=FACE_OUTER_BOUND('',#582,.T.);
#349=FACE_OUTER_BOUND('',#583,.T.);
#350=FACE_OUTER_BOUND('',#585,.T.);
#351=FACE_OUTER_BOUND('',#586,.T.);
#352=FACE_OUTER_BOUND('',#587,.T.);
#353=FACE_OUTER_BOUND('',#588,.T.);
#354=FACE_OUTER_BOUND('',#589,.T.);
#355=FACE_OUTER_BOUND('',#590,.T.);
#356=FACE_OUTER_BOUND('',#591,.T.);
#357=FACE_OUTER_BOUND('',#593,.T.);
#358=FACE_OUTER_BOUND('',#594,.T.);
#359=FACE_OUTER_BOUND('',#595,.T.);
#360=FACE_OUTER_BOUND('',#596,.T.);
#361=FACE_OUTER_BOUND('',#598,.T.);
#362=FACE_OUTER_BOUND('',#599,.T.);
#363=FACE_OUTER_BOUND('',#600,.T.);
#364=FACE_OUTER_BOUND('',#602,.T.);
#365=FACE_OUTER_BOUND('',#603,.T.);
#366=FACE_OUTER_BOUND('',#604,.T.);
#367=FACE_OUTER_BOUND('',#605,.T.);
#368=FACE_OUTER_BOUND('',#606,.T.);
#369=FACE_OUTER_BOUND('',#608,.T.);
#370=FACE_OUTER_BOUND('',#610,.T.);
#371=FACE_OUTER_BOUND('',#612,.T.);
#372=FACE_OUTER_BOUND('',#614,.T.);
#373=FACE_OUTER_BOUND('',#616,.T.);
#374=FACE_OUTER_BOUND('',#618,.T.);
#375=FACE_OUTER_BOUND('',#619,.T.);
#376=FACE_OUTER_BOUND('',#620,.T.);
#377=FACE_OUTER_BOUND('',#621,.T.);
#378=FACE_OUTER_BOUND('',#622,.T.);
#379=FACE_OUTER_BOUND('',#623,.T.);
#380=FACE_OUTER_BOUND('',#624,.T.);
#381=FACE_OUTER_BOUND('',#626,.T.);
#382=FACE_OUTER_BOUND('',#627,.T.);
#383=FACE_OUTER_BOUND('',#628,.T.);
#384=FACE_OUTER_BOUND('',#629,.T.);
#385=FACE_OUTER_BOUND('',#630,.T.);
#386=FACE_OUTER_BOUND('',#631,.T.);
#387=FACE_OUTER_BOUND('',#632,.T.);
#388=FACE_OUTER_BOUND('',#633,.T.);
#389=FACE_OUTER_BOUND('',#634,.T.);
#390=FACE_OUTER_BOUND('',#635,.T.);
#391=FACE_OUTER_BOUND('',#636,.T.);
#392=FACE_OUTER_BOUND('',#637,.T.);
#393=FACE_OUTER_BOUND('',#638,.T.);
#394=FACE_OUTER_BOUND('',#639,.T.);
#395=FACE_OUTER_BOUND('',#640,.T.);
#396=FACE_OUTER_BOUND('',#641,.T.);
#397=FACE_OUTER_BOUND('',#642,.T.);
#398=FACE_OUTER_BOUND('',#643,.T.);
#399=FACE_OUTER_BOUND('',#644,.T.);
#400=FACE_OUTER_BOUND('',#645,.T.);
#401=FACE_OUTER_BOUND('',#646,.T.);
#402=FACE_OUTER_BOUND('',#647,.T.);
#403=FACE_OUTER_BOUND('',#656,.T.);
#404=FACE_OUTER_BOUND('',#657,.T.);
#405=FACE_OUTER_BOUND('',#658,.T.);
#406=FACE_OUTER_BOUND('',#659,.T.);
#407=FACE_OUTER_BOUND('',#660,.T.);
#408=FACE_OUTER_BOUND('',#661,.T.);
#409=FACE_OUTER_BOUND('',#662,.T.);
#410=FACE_OUTER_BOUND('',#663,.T.);
#411=FACE_OUTER_BOUND('',#664,.T.);
#412=FACE_OUTER_BOUND('',#665,.T.);
#413=FACE_OUTER_BOUND('',#666,.T.);
#414=FACE_OUTER_BOUND('',#668,.T.);
#415=FACE_OUTER_BOUND('',#670,.T.);
#416=FACE_OUTER_BOUND('',#672,.T.);
#417=FACE_OUTER_BOUND('',#673,.T.);
#418=FACE_OUTER_BOUND('',#674,.T.);
#419=FACE_OUTER_BOUND('',#675,.T.);
#420=FACE_OUTER_BOUND('',#676,.T.);
#421=FACE_OUTER_BOUND('',#677,.T.);
#422=FACE_OUTER_BOUND('',#678,.T.);
#423=FACE_OUTER_BOUND('',#679,.T.);
#424=FACE_OUTER_BOUND('',#680,.T.);
#425=FACE_OUTER_BOUND('',#681,.T.);
#426=FACE_OUTER_BOUND('',#682,.T.);
#427=FACE_OUTER_BOUND('',#683,.T.);
#428=FACE_OUTER_BOUND('',#684,.T.);
#429=FACE_OUTER_BOUND('',#685,.T.);
#430=FACE_OUTER_BOUND('',#686,.T.);
#431=FACE_OUTER_BOUND('',#687,.T.);
#432=FACE_OUTER_BOUND('',#688,.T.);
#433=FACE_OUTER_BOUND('',#689,.T.);
#434=FACE_OUTER_BOUND('',#690,.T.);
#435=FACE_OUTER_BOUND('',#691,.T.);
#436=FACE_OUTER_BOUND('',#692,.T.);
#437=FACE_OUTER_BOUND('',#693,.T.);
#438=FACE_OUTER_BOUND('',#694,.T.);
#439=FACE_OUTER_BOUND('',#695,.T.);
#440=FACE_OUTER_BOUND('',#696,.T.);
#441=FACE_OUTER_BOUND('',#697,.T.);
#442=FACE_OUTER_BOUND('',#698,.T.);
#443=FACE_OUTER_BOUND('',#699,.T.);
#444=FACE_OUTER_BOUND('',#700,.T.);
#445=FACE_OUTER_BOUND('',#701,.T.);
#446=FACE_OUTER_BOUND('',#702,.T.);
#447=FACE_OUTER_BOUND('',#703,.T.);
#448=FACE_OUTER_BOUND('',#704,.T.);
#449=FACE_OUTER_BOUND('',#705,.T.);
#450=FACE_OUTER_BOUND('',#706,.T.);
#451=FACE_OUTER_BOUND('',#707,.T.);
#452=FACE_OUTER_BOUND('',#708,.T.);
#453=FACE_OUTER_BOUND('',#709,.T.);
#454=FACE_OUTER_BOUND('',#710,.T.);
#455=FACE_OUTER_BOUND('',#711,.T.);
#456=FACE_OUTER_BOUND('',#712,.T.);
#457=FACE_OUTER_BOUND('',#713,.T.);
#458=FACE_OUTER_BOUND('',#714,.T.);
#459=FACE_OUTER_BOUND('',#715,.T.);
#460=FACE_OUTER_BOUND('',#716,.T.);
#461=FACE_OUTER_BOUND('',#717,.T.);
#462=FACE_OUTER_BOUND('',#718,.T.);
#463=FACE_OUTER_BOUND('',#719,.T.);
#464=FACE_OUTER_BOUND('',#720,.T.);
#465=FACE_OUTER_BOUND('',#721,.T.);
#466=FACE_OUTER_BOUND('',#722,.T.);
#467=FACE_OUTER_BOUND('',#723,.T.);
#468=FACE_OUTER_BOUND('',#724,.T.);
#469=FACE_OUTER_BOUND('',#725,.T.);
#470=FACE_OUTER_BOUND('',#726,.T.);
#471=FACE_OUTER_BOUND('',#727,.T.);
#472=FACE_OUTER_BOUND('',#728,.T.);
#473=FACE_OUTER_BOUND('',#729,.T.);
#474=FACE_OUTER_BOUND('',#730,.T.);
#475=FACE_OUTER_BOUND('',#731,.T.);
#476=FACE_OUTER_BOUND('',#732,.T.);
#477=FACE_OUTER_BOUND('',#733,.T.);
#478=FACE_OUTER_BOUND('',#734,.T.);
#479=FACE_OUTER_BOUND('',#735,.T.);
#480=FACE_OUTER_BOUND('',#736,.T.);
#481=FACE_OUTER_BOUND('',#737,.T.);
#482=FACE_OUTER_BOUND('',#738,.T.);
#483=FACE_OUTER_BOUND('',#739,.T.);
#484=FACE_OUTER_BOUND('',#740,.T.);
#485=FACE_OUTER_BOUND('',#741,.T.);
#486=FACE_OUTER_BOUND('',#742,.T.);
#487=FACE_OUTER_BOUND('',#743,.T.);
#488=FACE_OUTER_BOUND('',#744,.T.);
#489=FACE_OUTER_BOUND('',#745,.T.);
#490=FACE_OUTER_BOUND('',#746,.T.);
#491=FACE_OUTER_BOUND('',#747,.T.);
#492=FACE_OUTER_BOUND('',#748,.T.);
#493=FACE_OUTER_BOUND('',#749,.T.);
#494=FACE_OUTER_BOUND('',#750,.T.);
#495=FACE_OUTER_BOUND('',#751,.T.);
#496=FACE_OUTER_BOUND('',#752,.T.);
#497=FACE_OUTER_BOUND('',#753,.T.);
#498=FACE_OUTER_BOUND('',#754,.T.);
#499=FACE_OUTER_BOUND('',#755,.T.);
#500=FACE_OUTER_BOUND('',#756,.T.);
#501=FACE_OUTER_BOUND('',#757,.T.);
#502=FACE_OUTER_BOUND('',#758,.T.);
#503=FACE_OUTER_BOUND('',#759,.T.);
#504=FACE_OUTER_BOUND('',#760,.T.);
#505=FACE_OUTER_BOUND('',#761,.T.);
#506=FACE_OUTER_BOUND('',#762,.T.);
#507=FACE_OUTER_BOUND('',#763,.T.);
#508=FACE_OUTER_BOUND('',#764,.T.);
#509=FACE_OUTER_BOUND('',#765,.T.);
#510=FACE_OUTER_BOUND('',#766,.T.);
#511=FACE_OUTER_BOUND('',#767,.T.);
#512=FACE_OUTER_BOUND('',#768,.T.);
#513=FACE_OUTER_BOUND('',#769,.T.);
#514=FACE_OUTER_BOUND('',#770,.T.);
#515=FACE_OUTER_BOUND('',#771,.T.);
#516=FACE_OUTER_BOUND('',#772,.T.);
#517=FACE_OUTER_BOUND('',#773,.T.);
#518=FACE_OUTER_BOUND('',#774,.T.);
#519=FACE_OUTER_BOUND('',#775,.T.);
#520=FACE_OUTER_BOUND('',#802,.T.);
#521=FACE_OUTER_BOUND('',#829,.T.);
#522=FACE_OUTER_BOUND('',#830,.T.);
#523=FACE_OUTER_BOUND('',#831,.T.);
#524=FACE_OUTER_BOUND('',#832,.T.);
#525=EDGE_LOOP('',(#2921,#2922,#2923,#2924));
#526=EDGE_LOOP('',(#2925,#2926,#2927,#2928));
#527=EDGE_LOOP('',(#2929,#2930,#2931,#2932));
#528=EDGE_LOOP('',(#2933,#2934,#2935,#2936));
#529=EDGE_LOOP('',(#2937,#2938,#2939,#2940));
#530=EDGE_LOOP('',(#2941,#2942,#2943,#2944));
#531=EDGE_LOOP('',(#2945,#2946,#2947,#2948));
#532=EDGE_LOOP('',(#2949,#2950,#2951,#2952));
#533=EDGE_LOOP('',(#2953,#2954,#2955,#2956));
#534=EDGE_LOOP('',(#2957));
#535=EDGE_LOOP('',(#2958));
#536=EDGE_LOOP('',(#2959,#2960,#2961,#2962));
#537=EDGE_LOOP('',(#2963));
#538=EDGE_LOOP('',(#2964));
#539=EDGE_LOOP('',(#2965,#2966,#2967,#2968));
#540=EDGE_LOOP('',(#2969));
#541=EDGE_LOOP('',(#2970));
#542=EDGE_LOOP('',(#2971,#2972,#2973,#2974));
#543=EDGE_LOOP('',(#2975,#2976,#2977,#2978));
#544=EDGE_LOOP('',(#2979,#2980,#2981,#2982));
#545=EDGE_LOOP('',(#2983,#2984,#2985,#2986));
#546=EDGE_LOOP('',(#2987));
#547=EDGE_LOOP('',(#2988));
#548=EDGE_LOOP('',(#2989,#2990,#2991,#2992));
#549=EDGE_LOOP('',(#2993));
#550=EDGE_LOOP('',(#2994));
#551=EDGE_LOOP('',(#2995,#2996,#2997,#2998));
#552=EDGE_LOOP('',(#2999));
#553=EDGE_LOOP('',(#3000));
#554=EDGE_LOOP('',(#3001,#3002,#3003,#3004));
#555=EDGE_LOOP('',(#3005));
#556=EDGE_LOOP('',(#3006));
#557=EDGE_LOOP('',(#3007,#3008,#3009,#3010));
#558=EDGE_LOOP('',(#3011));
#559=EDGE_LOOP('',(#3012));
#560=EDGE_LOOP('',(#3013,#3014,#3015,#3016));
#561=EDGE_LOOP('',(#3017));
#562=EDGE_LOOP('',(#3018));
#563=EDGE_LOOP('',(#3019,#3020,#3021,#3022));
#564=EDGE_LOOP('',(#3023));
#565=EDGE_LOOP('',(#3024));
#566=EDGE_LOOP('',(#3025,#3026,#3027,#3028));
#567=EDGE_LOOP('',(#3029,#3030,#3031,#3032));
#568=EDGE_LOOP('',(#3033,#3034,#3035,#3036));
#569=EDGE_LOOP('',(#3037,#3038,#3039,#3040));
#570=EDGE_LOOP('',(#3041,#3042,#3043,#3044));
#571=EDGE_LOOP('',(#3045,#3046,#3047,#3048));
#572=EDGE_LOOP('',(#3049,#3050,#3051,#3052,#3053,#3054));
#573=EDGE_LOOP('',(#3055,#3056,#3057,#3058));
#574=EDGE_LOOP('',(#3059));
#575=EDGE_LOOP('',(#3060));
#576=EDGE_LOOP('',(#3061,#3062,#3063,#3064));
#577=EDGE_LOOP('',(#3065));
#578=EDGE_LOOP('',(#3066));
#579=EDGE_LOOP('',(#3067,#3068,#3069,#3070));
#580=EDGE_LOOP('',(#3071));
#581=EDGE_LOOP('',(#3072));
#582=EDGE_LOOP('',(#3073,#3074,#3075,#3076));
#583=EDGE_LOOP('',(#3077));
#584=EDGE_LOOP('',(#3078));
#585=EDGE_LOOP('',(#3079,#3080,#3081,#3082,#3083,#3084,#3085,#3086));
#586=EDGE_LOOP('',(#3087,#3088,#3089));
#587=EDGE_LOOP('',(#3090,#3091,#3092));
#588=EDGE_LOOP('',(#3093,#3094,#3095));
#589=EDGE_LOOP('',(#3096,#3097,#3098));
#590=EDGE_LOOP('',(#3099,#3100,#3101,#3102,#3103,#3104,#3105,#3106));
#591=EDGE_LOOP('',(#3107,#3108,#3109,#3110));
#592=EDGE_LOOP('',(#3111,#3112,#3113,#3114));
#593=EDGE_LOOP('',(#3115,#3116,#3117,#3118,#3119,#3120,#3121,#3122));
#594=EDGE_LOOP('',(#3123,#3124,#3125,#3126,#3127,#3128,#3129,#3130));
#595=EDGE_LOOP('',(#3131,#3132,#3133,#3134,#3135,#3136,#3137,#3138,#3139,
#3140,#3141,#3142,#3143,#3144,#3145,#3146));
#596=EDGE_LOOP('',(#3147,#3148,#3149,#3150,#3151,#3152,#3153,#3154));
#597=EDGE_LOOP('',(#3155));
#598=EDGE_LOOP('',(#3156,#3157,#3158,#3159,#3160,#3161,#3162,#3163));
#599=EDGE_LOOP('',(#3164,#3165,#3166,#3167,#3168,#3169,#3170,#3171));
#600=EDGE_LOOP('',(#3172,#3173));
#601=EDGE_LOOP('',(#3174));
#602=EDGE_LOOP('',(#3175,#3176,#3177,#3178));
#603=EDGE_LOOP('',(#3179,#3180,#3181,#3182));
#604=EDGE_LOOP('',(#3183,#3184,#3185,#3186));
#605=EDGE_LOOP('',(#3187,#3188,#3189,#3190));
#606=EDGE_LOOP('',(#3191,#3192));
#607=EDGE_LOOP('',(#3193));
#608=EDGE_LOOP('',(#3194,#3195));
#609=EDGE_LOOP('',(#3196));
#610=EDGE_LOOP('',(#3197,#3198));
#611=EDGE_LOOP('',(#3199));
#612=EDGE_LOOP('',(#3200,#3201));
#613=EDGE_LOOP('',(#3202));
#614=EDGE_LOOP('',(#3203));
#615=EDGE_LOOP('',(#3204));
#616=EDGE_LOOP('',(#3205));
#617=EDGE_LOOP('',(#3206));
#618=EDGE_LOOP('',(#3207,#3208,#3209,#3210));
#619=EDGE_LOOP('',(#3211,#3212,#3213,#3214));
#620=EDGE_LOOP('',(#3215,#3216,#3217,#3218,#3219,#3220,#3221,#3222,#3223,
#3224,#3225,#3226,#3227,#3228,#3229,#3230,#3231,#3232));
#621=EDGE_LOOP('',(#3233,#3234,#3235,#3236,#3237,#3238,#3239,#3240));
#622=EDGE_LOOP('',(#3241,#3242,#3243,#3244));
#623=EDGE_LOOP('',(#3245,#3246,#3247,#3248,#3249,#3250,#3251,#3252));
#624=EDGE_LOOP('',(#3253,#3254,#3255,#3256));
#625=EDGE_LOOP('',(#3257,#3258,#3259,#3260));
#626=EDGE_LOOP('',(#3261,#3262,#3263,#3264,#3265,#3266,#3267,#3268));
#627=EDGE_LOOP('',(#3269,#3270,#3271,#3272));
#628=EDGE_LOOP('',(#3273,#3274,#3275,#3276,#3277,#3278));
#629=EDGE_LOOP('',(#3279,#3280,#3281,#3282,#3283,#3284));
#630=EDGE_LOOP('',(#3285,#3286,#3287,#3288));
#631=EDGE_LOOP('',(#3289,#3290,#3291,#3292,#3293,#3294,#3295,#3296));
#632=EDGE_LOOP('',(#3297,#3298,#3299,#3300));
#633=EDGE_LOOP('',(#3301,#3302,#3303,#3304,#3305,#3306));
#634=EDGE_LOOP('',(#3307,#3308,#3309,#3310,#3311,#3312,#3313,#3314));
#635=EDGE_LOOP('',(#3315,#3316,#3317,#3318));
#636=EDGE_LOOP('',(#3319,#3320,#3321,#3322));
#637=EDGE_LOOP('',(#3323,#3324,#3325,#3326,#3327,#3328,#3329,#3330));
#638=EDGE_LOOP('',(#3331,#3332,#3333,#3334));
#639=EDGE_LOOP('',(#3335,#3336,#3337,#3338));
#640=EDGE_LOOP('',(#3339,#3340,#3341,#3342));
#641=EDGE_LOOP('',(#3343,#3344,#3345,#3346,#3347,#3348,#3349,#3350,#3351,
#3352,#3353,#3354));
#642=EDGE_LOOP('',(#3355,#3356,#3357,#3358,#3359,#3360));
#643=EDGE_LOOP('',(#3361,#3362,#3363,#3364));
#644=EDGE_LOOP('',(#3365,#3366,#3367,#3368,#3369,#3370));
#645=EDGE_LOOP('',(#3371,#3372,#3373,#3374,#3375,#3376,#3377,#3378));
#646=EDGE_LOOP('',(#3379,#3380,#3381,#3382,#3383,#3384,#3385));
#647=EDGE_LOOP('',(#3386,#3387,#3388,#3389,#3390,#3391,#3392,#3393));
#648=EDGE_LOOP('',(#3394,#3395,#3396,#3397,#3398,#3399));
#649=EDGE_LOOP('',(#3400));
#650=EDGE_LOOP('',(#3401));
#651=EDGE_LOOP('',(#3402));
#652=EDGE_LOOP('',(#3403));
#653=EDGE_LOOP('',(#3404));
#654=EDGE_LOOP('',(#3405));
#655=EDGE_LOOP('',(#3406));
#656=EDGE_LOOP('',(#3407,#3408,#3409,#3410));
#657=EDGE_LOOP('',(#3411,#3412,#3413,#3414,#3415,#3416));
#658=EDGE_LOOP('',(#3417,#3418,#3419,#3420));
#659=EDGE_LOOP('',(#3421,#3422,#3423,#3424,#3425,#3426));
#660=EDGE_LOOP('',(#3427,#3428,#3429,#3430));
#661=EDGE_LOOP('',(#3431,#3432,#3433,#3434,#3435,#3436,#3437,#3438,#3439,
#3440,#3441,#3442));
#662=EDGE_LOOP('',(#3443,#3444,#3445,#3446,#3447,#3448,#3449,#3450,#3451,
#3452,#3453,#3454,#3455,#3456,#3457,#3458,#3459,#3460,#3461,#3462,#3463,
#3464,#3465));
#663=EDGE_LOOP('',(#3466,#3467,#3468,#3469));
#664=EDGE_LOOP('',(#3470,#3471,#3472,#3473));
#665=EDGE_LOOP('',(#3474,#3475,#3476,#3477));
#666=EDGE_LOOP('',(#3478,#3479,#3480,#3481,#3482,#3483,#3484,#3485));
#667=EDGE_LOOP('',(#3486,#3487,#3488,#3489));
#668=EDGE_LOOP('',(#3490,#3491,#3492,#3493));
#669=EDGE_LOOP('',(#3494));
#670=EDGE_LOOP('',(#3495,#3496,#3497,#3498));
#671=EDGE_LOOP('',(#3499,#3500,#3501,#3502));
#672=EDGE_LOOP('',(#3503,#3504,#3505,#3506));
#673=EDGE_LOOP('',(#3507,#3508,#3509,#3510));
#674=EDGE_LOOP('',(#3511,#3512,#3513,#3514));
#675=EDGE_LOOP('',(#3515,#3516,#3517,#3518));
#676=EDGE_LOOP('',(#3519,#3520,#3521,#3522));
#677=EDGE_LOOP('',(#3523,#3524,#3525,#3526));
#678=EDGE_LOOP('',(#3527,#3528,#3529,#3530));
#679=EDGE_LOOP('',(#3531,#3532,#3533,#3534));
#680=EDGE_LOOP('',(#3535,#3536,#3537,#3538));
#681=EDGE_LOOP('',(#3539,#3540,#3541,#3542));
#682=EDGE_LOOP('',(#3543,#3544,#3545,#3546));
#683=EDGE_LOOP('',(#3547,#3548,#3549,#3550));
#684=EDGE_LOOP('',(#3551,#3552,#3553,#3554));
#685=EDGE_LOOP('',(#3555,#3556,#3557,#3558));
#686=EDGE_LOOP('',(#3559,#3560,#3561,#3562));
#687=EDGE_LOOP('',(#3563,#3564,#3565,#3566));
#688=EDGE_LOOP('',(#3567,#3568,#3569,#3570));
#689=EDGE_LOOP('',(#3571,#3572,#3573,#3574,#3575,#3576));
#690=EDGE_LOOP('',(#3577,#3578,#3579,#3580));
#691=EDGE_LOOP('',(#3581,#3582,#3583,#3584));
#692=EDGE_LOOP('',(#3585,#3586,#3587,#3588));
#693=EDGE_LOOP('',(#3589,#3590,#3591,#3592));
#694=EDGE_LOOP('',(#3593,#3594,#3595,#3596));
#695=EDGE_LOOP('',(#3597,#3598,#3599,#3600,#3601,#3602));
#696=EDGE_LOOP('',(#3603,#3604,#3605,#3606));
#697=EDGE_LOOP('',(#3607,#3608,#3609,#3610));
#698=EDGE_LOOP('',(#3611,#3612,#3613,#3614));
#699=EDGE_LOOP('',(#3615,#3616,#3617,#3618));
#700=EDGE_LOOP('',(#3619,#3620,#3621,#3622));
#701=EDGE_LOOP('',(#3623,#3624,#3625,#3626));
#702=EDGE_LOOP('',(#3627,#3628,#3629,#3630));
#703=EDGE_LOOP('',(#3631,#3632,#3633,#3634));
#704=EDGE_LOOP('',(#3635,#3636,#3637,#3638));
#705=EDGE_LOOP('',(#3639,#3640,#3641,#3642));
#706=EDGE_LOOP('',(#3643,#3644,#3645,#3646));
#707=EDGE_LOOP('',(#3647,#3648,#3649,#3650));
#708=EDGE_LOOP('',(#3651,#3652,#3653,#3654));
#709=EDGE_LOOP('',(#3655,#3656,#3657,#3658));
#710=EDGE_LOOP('',(#3659,#3660,#3661,#3662));
#711=EDGE_LOOP('',(#3663,#3664,#3665,#3666));
#712=EDGE_LOOP('',(#3667,#3668,#3669,#3670));
#713=EDGE_LOOP('',(#3671,#3672,#3673,#3674));
#714=EDGE_LOOP('',(#3675,#3676,#3677,#3678));
#715=EDGE_LOOP('',(#3679,#3680,#3681,#3682));
#716=EDGE_LOOP('',(#3683,#3684,#3685,#3686));
#717=EDGE_LOOP('',(#3687,#3688,#3689,#3690));
#718=EDGE_LOOP('',(#3691,#3692,#3693,#3694));
#719=EDGE_LOOP('',(#3695,#3696,#3697,#3698));
#720=EDGE_LOOP('',(#3699,#3700,#3701,#3702));
#721=EDGE_LOOP('',(#3703,#3704,#3705,#3706));
#722=EDGE_LOOP('',(#3707,#3708,#3709,#3710));
#723=EDGE_LOOP('',(#3711,#3712,#3713,#3714));
#724=EDGE_LOOP('',(#3715,#3716,#3717,#3718));
#725=EDGE_LOOP('',(#3719,#3720,#3721,#3722));
#726=EDGE_LOOP('',(#3723,#3724,#3725,#3726));
#727=EDGE_LOOP('',(#3727,#3728,#3729,#3730));
#728=EDGE_LOOP('',(#3731,#3732,#3733,#3734));
#729=EDGE_LOOP('',(#3735,#3736,#3737,#3738));
#730=EDGE_LOOP('',(#3739,#3740,#3741,#3742));
#731=EDGE_LOOP('',(#3743,#3744,#3745,#3746));
#732=EDGE_LOOP('',(#3747,#3748,#3749,#3750));
#733=EDGE_LOOP('',(#3751,#3752,#3753,#3754));
#734=EDGE_LOOP('',(#3755,#3756,#3757,#3758));
#735=EDGE_LOOP('',(#3759,#3760,#3761,#3762));
#736=EDGE_LOOP('',(#3763,#3764,#3765,#3766));
#737=EDGE_LOOP('',(#3767,#3768,#3769,#3770));
#738=EDGE_LOOP('',(#3771,#3772,#3773,#3774));
#739=EDGE_LOOP('',(#3775,#3776,#3777,#3778));
#740=EDGE_LOOP('',(#3779,#3780,#3781,#3782));
#741=EDGE_LOOP('',(#3783,#3784,#3785,#3786));
#742=EDGE_LOOP('',(#3787,#3788,#3789,#3790));
#743=EDGE_LOOP('',(#3791,#3792,#3793,#3794));
#744=EDGE_LOOP('',(#3795,#3796,#3797,#3798));
#745=EDGE_LOOP('',(#3799,#3800,#3801,#3802));
#746=EDGE_LOOP('',(#3803,#3804,#3805,#3806));
#747=EDGE_LOOP('',(#3807,#3808,#3809,#3810));
#748=EDGE_LOOP('',(#3811,#3812,#3813,#3814));
#749=EDGE_LOOP('',(#3815,#3816,#3817,#3818));
#750=EDGE_LOOP('',(#3819,#3820,#3821,#3822));
#751=EDGE_LOOP('',(#3823,#3824,#3825,#3826));
#752=EDGE_LOOP('',(#3827,#3828,#3829,#3830));
#753=EDGE_LOOP('',(#3831,#3832,#3833,#3834));
#754=EDGE_LOOP('',(#3835,#3836,#3837,#3838));
#755=EDGE_LOOP('',(#3839,#3840,#3841,#3842));
#756=EDGE_LOOP('',(#3843,#3844,#3845,#3846));
#757=EDGE_LOOP('',(#3847,#3848,#3849,#3850));
#758=EDGE_LOOP('',(#3851,#3852,#3853,#3854));
#759=EDGE_LOOP('',(#3855,#3856,#3857,#3858));
#760=EDGE_LOOP('',(#3859,#3860,#3861,#3862));
#761=EDGE_LOOP('',(#3863,#3864,#3865,#3866));
#762=EDGE_LOOP('',(#3867,#3868,#3869,#3870));
#763=EDGE_LOOP('',(#3871,#3872,#3873,#3874));
#764=EDGE_LOOP('',(#3875,#3876,#3877,#3878));
#765=EDGE_LOOP('',(#3879,#3880,#3881,#3882));
#766=EDGE_LOOP('',(#3883,#3884,#3885,#3886));
#767=EDGE_LOOP('',(#3887,#3888,#3889,#3890));
#768=EDGE_LOOP('',(#3891,#3892,#3893,#3894));
#769=EDGE_LOOP('',(#3895,#3896,#3897,#3898));
#770=EDGE_LOOP('',(#3899,#3900,#3901,#3902,#3903,#3904));
#771=EDGE_LOOP('',(#3905,#3906,#3907,#3908));
#772=EDGE_LOOP('',(#3909,#3910,#3911,#3912,#3913,#3914));
#773=EDGE_LOOP('',(#3915,#3916,#3917,#3918));
#774=EDGE_LOOP('',(#3919,#3920,#3921,#3922));
#775=EDGE_LOOP('',(#3923,#3924,#3925,#3926,#3927,#3928,#3929,#3930));
#776=EDGE_LOOP('',(#3931,#3932,#3933,#3934,#3935,#3936));
#777=EDGE_LOOP('',(#3937));
#778=EDGE_LOOP('',(#3938));
#779=EDGE_LOOP('',(#3939));
#780=EDGE_LOOP('',(#3940));
#781=EDGE_LOOP('',(#3941,#3942,#3943,#3944));
#782=EDGE_LOOP('',(#3945,#3946,#3947,#3948));
#783=EDGE_LOOP('',(#3949,#3950,#3951,#3952));
#784=EDGE_LOOP('',(#3953,#3954,#3955,#3956));
#785=EDGE_LOOP('',(#3957,#3958,#3959,#3960));
#786=EDGE_LOOP('',(#3961,#3962,#3963,#3964));
#787=EDGE_LOOP('',(#3965,#3966,#3967,#3968));
#788=EDGE_LOOP('',(#3969,#3970,#3971,#3972));
#789=EDGE_LOOP('',(#3973,#3974,#3975,#3976));
#790=EDGE_LOOP('',(#3977,#3978,#3979,#3980));
#791=EDGE_LOOP('',(#3981,#3982,#3983,#3984));
#792=EDGE_LOOP('',(#3985,#3986,#3987,#3988));
#793=EDGE_LOOP('',(#3989,#3990,#3991,#3992));
#794=EDGE_LOOP('',(#3993,#3994,#3995,#3996));
#795=EDGE_LOOP('',(#3997,#3998,#3999,#4000));
#796=EDGE_LOOP('',(#4001,#4002,#4003,#4004));
#797=EDGE_LOOP('',(#4005));
#798=EDGE_LOOP('',(#4006));
#799=EDGE_LOOP('',(#4007));
#800=EDGE_LOOP('',(#4008,#4009,#4010,#4011,#4012,#4013));
#801=EDGE_LOOP('',(#4014,#4015,#4016,#4017));
#802=EDGE_LOOP('',(#4018,#4019,#4020,#4021,#4022,#4023,#4024,#4025));
#803=EDGE_LOOP('',(#4026,#4027,#4028,#4029,#4030,#4031,#4032,#4033,#4034,
#4035,#4036,#4037));
#804=EDGE_LOOP('',(#4038));
#805=EDGE_LOOP('',(#4039));
#806=EDGE_LOOP('',(#4040));
#807=EDGE_LOOP('',(#4041,#4042,#4043,#4044));
#808=EDGE_LOOP('',(#4045,#4046,#4047,#4048));
#809=EDGE_LOOP('',(#4049,#4050,#4051,#4052));
#810=EDGE_LOOP('',(#4053,#4054,#4055,#4056));
#811=EDGE_LOOP('',(#4057,#4058,#4059,#4060));
#812=EDGE_LOOP('',(#4061,#4062,#4063,#4064));
#813=EDGE_LOOP('',(#4065,#4066,#4067,#4068));
#814=EDGE_LOOP('',(#4069,#4070,#4071,#4072));
#815=EDGE_LOOP('',(#4073,#4074,#4075,#4076));
#816=EDGE_LOOP('',(#4077,#4078,#4079,#4080));
#817=EDGE_LOOP('',(#4081,#4082,#4083,#4084));
#818=EDGE_LOOP('',(#4085,#4086,#4087,#4088));
#819=EDGE_LOOP('',(#4089,#4090,#4091,#4092));
#820=EDGE_LOOP('',(#4093,#4094,#4095,#4096));
#821=EDGE_LOOP('',(#4097,#4098,#4099,#4100));
#822=EDGE_LOOP('',(#4101,#4102,#4103,#4104));
#823=EDGE_LOOP('',(#4105));
#824=EDGE_LOOP('',(#4106));
#825=EDGE_LOOP('',(#4107));
#826=EDGE_LOOP('',(#4108));
#827=EDGE_LOOP('',(#4109,#4110,#4111,#4112,#4113,#4114));
#828=EDGE_LOOP('',(#4115,#4116,#4117,#4118,#4119,#4120));
#829=EDGE_LOOP('',(#4121,#4122,#4123,#4124));
#830=EDGE_LOOP('',(#4125,#4126,#4127,#4128));
#831=EDGE_LOOP('',(#4129,#4130,#4131,#4132));
#832=EDGE_LOOP('',(#4133,#4134,#4135,#4136));
#833=LINE('',#5906,#1327);
#834=LINE('',#5911,#1328);
#835=LINE('',#5913,#1329);
#836=LINE('',#5915,#1330);
#837=LINE('',#5916,#1331);
#838=LINE('',#5919,#1332);
#839=LINE('',#5921,#1333);
#840=LINE('',#5922,#1334);
#841=LINE('',#5925,#1335);
#842=LINE('',#5927,#1336);
#843=LINE('',#5928,#1337);
#844=LINE('',#5930,#1338);
#845=LINE('',#5931,#1339);
#846=LINE('',#5935,#1340);
#847=LINE('',#5937,#1341);
#848=LINE('',#5939,#1342);
#849=LINE('',#5940,#1343);
#850=LINE('',#5944,#1344);
#851=LINE('',#5946,#1345);
#852=LINE('',#5948,#1346);
#853=LINE('',#5949,#1347);
#854=LINE('',#5951,#1348);
#855=LINE('',#5952,#1349);
#856=LINE('',#5957,#1350);
#857=LINE('',#5966,#1351);
#858=LINE('',#5975,#1352);
#859=LINE('',#5983,#1353);
#860=LINE('',#5987,#1354);
#861=LINE('',#5991,#1355);
#862=LINE('',#5996,#1356);
#863=LINE('',#6003,#1357);
#864=LINE('',#6010,#1358);
#865=LINE('',#6017,#1359);
#866=LINE('',#6026,#1360);
#867=LINE('',#6035,#1361);
#868=LINE('',#6044,#1362);
#869=LINE('',#6052,#1363);
#870=LINE('',#6056,#1364);
#871=LINE('',#6060,#1365);
#872=LINE('',#6065,#1366);
#873=LINE('',#6068,#1367);
#874=LINE('',#6072,#1368);
#875=LINE('',#6075,#1369);
#876=LINE('',#6078,#1370);
#877=LINE('',#6081,#1371);
#878=LINE('',#6083,#1372);
#879=LINE('',#6085,#1373);
#880=LINE('',#6086,#1374);
#881=LINE('',#6091,#1375);
#882=LINE('',#6098,#1376);
#883=LINE('',#6105,#1377);
#884=LINE('',#6112,#1378);
#885=LINE('',#6118,#1379);
#886=LINE('',#6120,#1380);
#887=LINE('',#6122,#1381);
#888=LINE('',#6124,#1382);
#889=LINE('',#6126,#1383);
#890=LINE('',#6128,#1384);
#891=LINE('',#6130,#1385);
#892=LINE('',#6131,#1386);
#893=LINE('',#6135,#1387);
#894=LINE('',#6141,#1388);
#895=LINE('',#6142,#1389);
#896=LINE('',#6148,#1390);
#897=LINE('',#6149,#1391);
#898=LINE('',#6153,#1392);
#899=LINE('',#6156,#1393);
#900=LINE('',#6158,#1394);
#901=LINE('',#6159,#1395);
#902=LINE('',#6161,#1396);
#903=LINE('',#6162,#1397);
#904=LINE('',#6165,#1398);
#905=LINE('',#6166,#1399);
#906=LINE('',#6169,#1400);
#907=LINE('',#6171,#1401);
#908=LINE('',#6173,#1402);
#909=LINE('',#6174,#1403);
#910=LINE('',#6177,#1404);
#911=LINE('',#6178,#1405);
#912=LINE('',#6180,#1406);
#913=LINE('',#6181,#1407);
#914=LINE('',#6184,#1408);
#915=LINE('',#6186,#1409);
#916=LINE('',#6187,#1410);
#917=LINE('',#6191,#1411);
#918=LINE('',#6193,#1412);
#919=LINE('',#6195,#1413);
#920=LINE('',#6197,#1414);
#921=LINE('',#6199,#1415);
#922=LINE('',#6201,#1416);
#923=LINE('',#6203,#1417);
#924=LINE('',#6205,#1418);
#925=LINE('',#6207,#1419);
#926=LINE('',#6209,#1420);
#927=LINE('',#6210,#1421);
#928=LINE('',#6212,#1422);
#929=LINE('',#6214,#1423);
#930=LINE('',#6216,#1424);
#931=LINE('',#6217,#1425);
#932=LINE('',#6221,#1426);
#933=LINE('',#6222,#1427);
#934=LINE('',#6224,#1428);
#935=LINE('',#6226,#1429);
#936=LINE('',#6228,#1430);
#937=LINE('',#6229,#1431);
#938=LINE('',#6234,#1432);
#939=LINE('',#6238,#1433);
#940=LINE('',#6244,#1434);
#941=LINE('',#6248,#1435);
#942=LINE('',#6253,#1436);
#943=LINE('',#6257,#1437);
#944=LINE('',#6262,#1438);
#945=LINE('',#6266,#1439);
#946=LINE('',#6271,#1440);
#947=LINE('',#6291,#1441);
#948=LINE('',#6293,#1442);
#949=LINE('',#6295,#1443);
#950=LINE('',#6297,#1444);
#951=LINE('',#6299,#1445);
#952=LINE('',#6301,#1446);
#953=LINE('',#6302,#1447);
#954=LINE('',#6304,#1448);
#955=LINE('',#6306,#1449);
#956=LINE('',#6308,#1450);
#957=LINE('',#6310,#1451);
#958=LINE('',#6312,#1452);
#959=LINE('',#6313,#1453);
#960=LINE('',#6316,#1454);
#961=LINE('',#6319,#1455);
#962=LINE('',#6322,#1456);
#963=LINE('',#6323,#1457);
#964=LINE('',#6326,#1458);
#965=LINE('',#6329,#1459);
#966=LINE('',#6332,#1460);
#967=LINE('',#6334,#1461);
#968=LINE('',#6336,#1462);
#969=LINE('',#6338,#1463);
#970=LINE('',#6340,#1464);
#971=LINE('',#6342,#1465);
#972=LINE('',#6343,#1466);
#973=LINE('',#6346,#1467);
#974=LINE('',#6348,#1468);
#975=LINE('',#6349,#1469);
#976=LINE('',#6352,#1470);
#977=LINE('',#6353,#1471);
#978=LINE('',#6356,#1472);
#979=LINE('',#6358,#1473);
#980=LINE('',#6359,#1474);
#981=LINE('',#6361,#1475);
#982=LINE('',#6362,#1476);
#983=LINE('',#6364,#1477);
#984=LINE('',#6365,#1478);
#985=LINE('',#6367,#1479);
#986=LINE('',#6370,#1480);
#987=LINE('',#6371,#1481);
#988=LINE('',#6374,#1482);
#989=LINE('',#6376,#1483);
#990=LINE('',#6378,#1484);
#991=LINE('',#6379,#1485);
#992=LINE('',#6383,#1486);
#993=LINE('',#6385,#1487);
#994=LINE('',#6387,#1488);
#995=LINE('',#6388,#1489);
#996=LINE('',#6392,#1490);
#997=LINE('',#6394,#1491);
#998=LINE('',#6396,#1492);
#999=LINE('',#6397,#1493);
#1000=LINE('',#6401,#1494);
#1001=LINE('',#6403,#1495);
#1002=LINE('',#6405,#1496);
#1003=LINE('',#6407,#1497);
#1004=LINE('',#6408,#1498);
#1005=LINE('',#6411,#1499);
#1006=LINE('',#6412,#1500);
#1007=LINE('',#6415,#1501);
#1008=LINE('',#6416,#1502);
#1009=LINE('',#6421,#1503);
#1010=LINE('',#6422,#1504);
#1011=LINE('',#6425,#1505);
#1012=LINE('',#6428,#1506);
#1013=LINE('',#6431,#1507);
#1014=LINE('',#6435,#1508);
#1015=LINE('',#6437,#1509);
#1016=LINE('',#6445,#1510);
#1017=LINE('',#6447,#1511);
#1018=LINE('',#6450,#1512);
#1019=LINE('',#6451,#1513);
#1020=LINE('',#6453,#1514);
#1021=LINE('',#6454,#1515);
#1022=LINE('',#6457,#1516);
#1023=LINE('',#6458,#1517);
#1024=LINE('',#6460,#1518);
#1025=LINE('',#7761,#1519);
#1026=LINE('',#7766,#1520);
#1027=LINE('',#7769,#1521);
#1028=LINE('',#7770,#1522);
#1029=LINE('',#7773,#1523);
#1030=LINE('',#7774,#1524);
#1031=LINE('',#7777,#1525);
#1032=LINE('',#7782,#1526);
#1033=LINE('',#7785,#1527);
#1034=LINE('',#7791,#1528);
#1035=LINE('',#7792,#1529);
#1036=LINE('',#7799,#1530);
#1037=LINE('',#7801,#1531);
#1038=LINE('',#7803,#1532);
#1039=LINE('',#7804,#1533);
#1040=LINE('',#7808,#1534);
#1041=LINE('',#7810,#1535);
#1042=LINE('',#7812,#1536);
#1043=LINE('',#7813,#1537);
#1044=LINE('',#7817,#1538);
#1045=LINE('',#7819,#1539);
#1046=LINE('',#7821,#1540);
#1047=LINE('',#7822,#1541);
#1048=LINE('',#7824,#1542);
#1049=LINE('',#7825,#1543);
#1050=LINE('',#7827,#1544);
#1051=LINE('',#7828,#1545);
#1052=LINE('',#7832,#1546);
#1053=LINE('',#7834,#1547);
#1054=LINE('',#7836,#1548);
#1055=LINE('',#7837,#1549);
#1056=LINE('',#7841,#1550);
#1057=LINE('',#7843,#1551);
#1058=LINE('',#7845,#1552);
#1059=LINE('',#7846,#1553);
#1060=LINE('',#7850,#1554);
#1061=LINE('',#7852,#1555);
#1062=LINE('',#7854,#1556);
#1063=LINE('',#7855,#1557);
#1064=LINE('',#7857,#1558);
#1065=LINE('',#7858,#1559);
#1066=LINE('',#7860,#1560);
#1067=LINE('',#7861,#1561);
#1068=LINE('',#7871,#1562);
#1069=LINE('',#7873,#1563);
#1070=LINE('',#7875,#1564);
#1071=LINE('',#7876,#1565);
#1072=LINE('',#7880,#1566);
#1073=LINE('',#7882,#1567);
#1074=LINE('',#7884,#1568);
#1075=LINE('',#7885,#1569);
#1076=LINE('',#7888,#1570);
#1077=LINE('',#7890,#1571);
#1078=LINE('',#7891,#1572);
#1079=LINE('',#7894,#1573);
#1080=LINE('',#7896,#1574);
#1081=LINE('',#7897,#1575);
#1082=LINE('',#7899,#1576);
#1083=LINE('',#7900,#1577);
#1084=LINE('',#7902,#1578);
#1085=LINE('',#7906,#1579);
#1086=LINE('',#7908,#1580);
#1087=LINE('',#7910,#1581);
#1088=LINE('',#7911,#1582);
#1089=LINE('',#7914,#1583);
#1090=LINE('',#7916,#1584);
#1091=LINE('',#7917,#1585);
#1092=LINE('',#7920,#1586);
#1093=LINE('',#7922,#1587);
#1094=LINE('',#7923,#1588);
#1095=LINE('',#7926,#1589);
#1096=LINE('',#7928,#1590);
#1097=LINE('',#7929,#1591);
#1098=LINE('',#7932,#1592);
#1099=LINE('',#7934,#1593);
#1100=LINE('',#7935,#1594);
#1101=LINE('',#7937,#1595);
#1102=LINE('',#7940,#1596);
#1103=LINE('',#7942,#1597);
#1104=LINE('',#7943,#1598);
#1105=LINE('',#7949,#1599);
#1106=LINE('',#7952,#1600);
#1107=LINE('',#7958,#1601);
#1108=LINE('',#7961,#1602);
#1109=LINE('',#7966,#1603);
#1110=LINE('',#7972,#1604);
#1111=LINE('',#7978,#1605);
#1112=LINE('',#7984,#1606);
#1113=LINE('',#7989,#1607);
#1114=LINE('',#7991,#1608);
#1115=LINE('',#7993,#1609);
#1116=LINE('',#7994,#1610);
#1117=LINE('',#7997,#1611);
#1118=LINE('',#7999,#1612);
#1119=LINE('',#8000,#1613);
#1120=LINE('',#8003,#1614);
#1121=LINE('',#8005,#1615);
#1122=LINE('',#8006,#1616);
#1123=LINE('',#8008,#1617);
#1124=LINE('',#8009,#1618);
#1125=LINE('',#8013,#1619);
#1126=LINE('',#8015,#1620);
#1127=LINE('',#8017,#1621);
#1128=LINE('',#8018,#1622);
#1129=LINE('',#8021,#1623);
#1130=LINE('',#8023,#1624);
#1131=LINE('',#8024,#1625);
#1132=LINE('',#8027,#1626);
#1133=LINE('',#8029,#1627);
#1134=LINE('',#8030,#1628);
#1135=LINE('',#8032,#1629);
#1136=LINE('',#8033,#1630);
#1137=LINE('',#8037,#1631);
#1138=LINE('',#8039,#1632);
#1139=LINE('',#8041,#1633);
#1140=LINE('',#8042,#1634);
#1141=LINE('',#8045,#1635);
#1142=LINE('',#8047,#1636);
#1143=LINE('',#8048,#1637);
#1144=LINE('',#8051,#1638);
#1145=LINE('',#8053,#1639);
#1146=LINE('',#8054,#1640);
#1147=LINE('',#8056,#1641);
#1148=LINE('',#8057,#1642);
#1149=LINE('',#8061,#1643);
#1150=LINE('',#8063,#1644);
#1151=LINE('',#8065,#1645);
#1152=LINE('',#8066,#1646);
#1153=LINE('',#8069,#1647);
#1154=LINE('',#8071,#1648);
#1155=LINE('',#8072,#1649);
#1156=LINE('',#8075,#1650);
#1157=LINE('',#8077,#1651);
#1158=LINE('',#8078,#1652);
#1159=LINE('',#8080,#1653);
#1160=LINE('',#8081,#1654);
#1161=LINE('',#8085,#1655);
#1162=LINE('',#8087,#1656);
#1163=LINE('',#8089,#1657);
#1164=LINE('',#8090,#1658);
#1165=LINE('',#8093,#1659);
#1166=LINE('',#8095,#1660);
#1167=LINE('',#8096,#1661);
#1168=LINE('',#8099,#1662);
#1169=LINE('',#8101,#1663);
#1170=LINE('',#8102,#1664);
#1171=LINE('',#8104,#1665);
#1172=LINE('',#8105,#1666);
#1173=LINE('',#8109,#1667);
#1174=LINE('',#8111,#1668);
#1175=LINE('',#8113,#1669);
#1176=LINE('',#8114,#1670);
#1177=LINE('',#8117,#1671);
#1178=LINE('',#8119,#1672);
#1179=LINE('',#8120,#1673);
#1180=LINE('',#8123,#1674);
#1181=LINE('',#8125,#1675);
#1182=LINE('',#8126,#1676);
#1183=LINE('',#8128,#1677);
#1184=LINE('',#8129,#1678);
#1185=LINE('',#8133,#1679);
#1186=LINE('',#8135,#1680);
#1187=LINE('',#8137,#1681);
#1188=LINE('',#8138,#1682);
#1189=LINE('',#8141,#1683);
#1190=LINE('',#8143,#1684);
#1191=LINE('',#8144,#1685);
#1192=LINE('',#8147,#1686);
#1193=LINE('',#8149,#1687);
#1194=LINE('',#8150,#1688);
#1195=LINE('',#8152,#1689);
#1196=LINE('',#8153,#1690);
#1197=LINE('',#8157,#1691);
#1198=LINE('',#8159,#1692);
#1199=LINE('',#8161,#1693);
#1200=LINE('',#8162,#1694);
#1201=LINE('',#8165,#1695);
#1202=LINE('',#8167,#1696);
#1203=LINE('',#8168,#1697);
#1204=LINE('',#8171,#1698);
#1205=LINE('',#8173,#1699);
#1206=LINE('',#8174,#1700);
#1207=LINE('',#8176,#1701);
#1208=LINE('',#8177,#1702);
#1209=LINE('',#8181,#1703);
#1210=LINE('',#8183,#1704);
#1211=LINE('',#8185,#1705);
#1212=LINE('',#8186,#1706);
#1213=LINE('',#8189,#1707);
#1214=LINE('',#8191,#1708);
#1215=LINE('',#8192,#1709);
#1216=LINE('',#8195,#1710);
#1217=LINE('',#8197,#1711);
#1218=LINE('',#8198,#1712);
#1219=LINE('',#8200,#1713);
#1220=LINE('',#8201,#1714);
#1221=LINE('',#8205,#1715);
#1222=LINE('',#8207,#1716);
#1223=LINE('',#8209,#1717);
#1224=LINE('',#8210,#1718);
#1225=LINE('',#8213,#1719);
#1226=LINE('',#8215,#1720);
#1227=LINE('',#8216,#1721);
#1228=LINE('',#8219,#1722);
#1229=LINE('',#8221,#1723);
#1230=LINE('',#8222,#1724);
#1231=LINE('',#8224,#1725);
#1232=LINE('',#8225,#1726);
#1233=LINE('',#8229,#1727);
#1234=LINE('',#8231,#1728);
#1235=LINE('',#8233,#1729);
#1236=LINE('',#8234,#1730);
#1237=LINE('',#8237,#1731);
#1238=LINE('',#8239,#1732);
#1239=LINE('',#8240,#1733);
#1240=LINE('',#8243,#1734);
#1241=LINE('',#8245,#1735);
#1242=LINE('',#8246,#1736);
#1243=LINE('',#8248,#1737);
#1244=LINE('',#8249,#1738);
#1245=LINE('',#8253,#1739);
#1246=LINE('',#8255,#1740);
#1247=LINE('',#8257,#1741);
#1248=LINE('',#8258,#1742);
#1249=LINE('',#8261,#1743);
#1250=LINE('',#8263,#1744);
#1251=LINE('',#8264,#1745);
#1252=LINE('',#8267,#1746);
#1253=LINE('',#8269,#1747);
#1254=LINE('',#8270,#1748);
#1255=LINE('',#8272,#1749);
#1256=LINE('',#8273,#1750);
#1257=LINE('',#8277,#1751);
#1258=LINE('',#8279,#1752);
#1259=LINE('',#8281,#1753);
#1260=LINE('',#8282,#1754);
#1261=LINE('',#8285,#1755);
#1262=LINE('',#8287,#1756);
#1263=LINE('',#8288,#1757);
#1264=LINE('',#8291,#1758);
#1265=LINE('',#8293,#1759);
#1266=LINE('',#8294,#1760);
#1267=LINE('',#8296,#1761);
#1268=LINE('',#8297,#1762);
#1269=LINE('',#8301,#1763);
#1270=LINE('',#8303,#1764);
#1271=LINE('',#8305,#1765);
#1272=LINE('',#8306,#1766);
#1273=LINE('',#8309,#1767);
#1274=LINE('',#8311,#1768);
#1275=LINE('',#8312,#1769);
#1276=LINE('',#8315,#1770);
#1277=LINE('',#8317,#1771);
#1278=LINE('',#8318,#1772);
#1279=LINE('',#8320,#1773);
#1280=LINE('',#8321,#1774);
#1281=LINE('',#8325,#1775);
#1282=LINE('',#8327,#1776);
#1283=LINE('',#8329,#1777);
#1284=LINE('',#8330,#1778);
#1285=LINE('',#8333,#1779);
#1286=LINE('',#8335,#1780);
#1287=LINE('',#8336,#1781);
#1288=LINE('',#8339,#1782);
#1289=LINE('',#8341,#1783);
#1290=LINE('',#8342,#1784);
#1291=LINE('',#8344,#1785);
#1292=LINE('',#8345,#1786);
#1293=LINE('',#8349,#1787);
#1294=LINE('',#8351,#1788);
#1295=LINE('',#8353,#1789);
#1296=LINE('',#8354,#1790);
#1297=LINE('',#8357,#1791);
#1298=LINE('',#8359,#1792);
#1299=LINE('',#8360,#1793);
#1300=LINE('',#8363,#1794);
#1301=LINE('',#8365,#1795);
#1302=LINE('',#8366,#1796);
#1303=LINE('',#8368,#1797);
#1304=LINE('',#8369,#1798);
#1305=LINE('',#8374,#1799);
#1306=LINE('',#8380,#1800);
#1307=LINE('',#8386,#1801);
#1308=LINE('',#8389,#1802);
#1309=LINE('',#8391,#1803);
#1310=LINE('',#8392,#1804);
#1311=LINE('',#8395,#1805);
#1312=LINE('',#8396,#1806);
#1313=LINE('',#8398,#1807);
#1314=LINE('',#8399,#1808);
#1315=LINE('',#8405,#1809);
#1316=LINE('',#8408,#1810);
#1317=LINE('',#8414,#1811);
#1318=LINE('',#8417,#1812);
#1319=LINE('',#8419,#1813);
#1320=LINE('',#8420,#1814);
#1321=LINE('',#8421,#1815);
#1322=LINE('',#8422,#1816);
#1323=LINE('',#8424,#1817);
#1324=LINE('',#8425,#1818);
#1325=LINE('',#8426,#1819);
#1326=LINE('',#8427,#1820);
#1327=VECTOR('',#4753,1.25);
#1328=VECTOR('',#4758,10.);
#1329=VECTOR('',#4759,10.);
#1330=VECTOR('',#4760,10.);
#1331=VECTOR('',#4761,10.);
#1332=VECTOR('',#4764,10.);
#1333=VECTOR('',#4765,10.);
#1334=VECTOR('',#4766,10.);
#1335=VECTOR('',#4769,10.);
#1336=VECTOR('',#4770,10.);
#1337=VECTOR('',#4771,10.);
#1338=VECTOR('',#4774,10.);
#1339=VECTOR('',#4775,10.);
#1340=VECTOR('',#4778,10.);
#1341=VECTOR('',#4779,10.);
#1342=VECTOR('',#4780,10.);
#1343=VECTOR('',#4781,10.);
#1344=VECTOR('',#4784,10.);
#1345=VECTOR('',#4785,10.);
#1346=VECTOR('',#4786,10.);
#1347=VECTOR('',#4787,10.);
#1348=VECTOR('',#4790,10.);
#1349=VECTOR('',#4791,10.);
#1350=VECTOR('',#4796,1.75);
#1351=VECTOR('',#4807,1.75);
#1352=VECTOR('',#4818,1.75);
#1353=VECTOR('',#4829,1.2);
#1354=VECTOR('',#4834,1.2);
#1355=VECTOR('',#4839,1.2);
#1356=VECTOR('',#4844,2.1);
#1357=VECTOR('',#4853,2.1);
#1358=VECTOR('',#4862,2.1);
#1359=VECTOR('',#4871,1.75);
#1360=VECTOR('',#4882,1.75000000000001);
#1361=VECTOR('',#4893,1.75);
#1362=VECTOR('',#4904,1.75);
#1363=VECTOR('',#4915,1.2);
#1364=VECTOR('',#4920,1.19999999999999);
#1365=VECTOR('',#4925,1.2);
#1366=VECTOR('',#4928,10.);
#1367=VECTOR('',#4931,10.);
#1368=VECTOR('',#4936,1.2);
#1369=VECTOR('',#4939,10.);
#1370=VECTOR('',#4942,10.);
#1371=VECTOR('',#4945,10.);
#1372=VECTOR('',#4946,10.);
#1373=VECTOR('',#4947,10.);
#1374=VECTOR('',#4948,10.);
#1375=VECTOR('',#4953,2.1);
#1376=VECTOR('',#4962,2.10000000000001);
#1377=VECTOR('',#4971,2.1);
#1378=VECTOR('',#4980,2.1);
#1379=VECTOR('',#4987,10.);
#1380=VECTOR('',#4988,10.);
#1381=VECTOR('',#4989,10.);
#1382=VECTOR('',#4990,10.);
#1383=VECTOR('',#4991,10.);
#1384=VECTOR('',#4992,10.);
#1385=VECTOR('',#4993,10.);
#1386=VECTOR('',#4994,10.);
#1387=VECTOR('',#4999,10.);
#1388=VECTOR('',#5004,10.);
#1389=VECTOR('',#5005,10.);
#1390=VECTOR('',#5010,10.);
#1391=VECTOR('',#5011,10.);
#1392=VECTOR('',#5016,10.);
#1393=VECTOR('',#5019,10.);
#1394=VECTOR('',#5020,10.);
#1395=VECTOR('',#5021,10.);
#1396=VECTOR('',#5022,10.);
#1397=VECTOR('',#5023,10.);
#1398=VECTOR('',#5026,10.);
#1399=VECTOR('',#5027,10.);
#1400=VECTOR('',#5028,10.);
#1401=VECTOR('',#5029,10.);
#1402=VECTOR('',#5030,10.);
#1403=VECTOR('',#5031,10.);
#1404=VECTOR('',#5034,10.);
#1405=VECTOR('',#5035,10.);
#1406=VECTOR('',#5036,10.);
#1407=VECTOR('',#5037,10.);
#1408=VECTOR('',#5040,10.);
#1409=VECTOR('',#5041,10.);
#1410=VECTOR('',#5042,10.);
#1411=VECTOR('',#5045,10.);
#1412=VECTOR('',#5046,10.);
#1413=VECTOR('',#5047,10.);
#1414=VECTOR('',#5048,10.);
#1415=VECTOR('',#5049,10.);
#1416=VECTOR('',#5050,10.);
#1417=VECTOR('',#5051,10.);
#1418=VECTOR('',#5052,10.);
#1419=VECTOR('',#5053,10.);
#1420=VECTOR('',#5054,10.);
#1421=VECTOR('',#5055,10.);
#1422=VECTOR('',#5056,10.);
#1423=VECTOR('',#5057,10.);
#1424=VECTOR('',#5058,10.);
#1425=VECTOR('',#5059,10.);
#1426=VECTOR('',#5062,10.);
#1427=VECTOR('',#5063,10.);
#1428=VECTOR('',#5064,10.);
#1429=VECTOR('',#5065,10.);
#1430=VECTOR('',#5066,10.);
#1431=VECTOR('',#5067,10.);
#1432=VECTOR('',#5072,10.);
#1433=VECTOR('',#5075,10.);
#1434=VECTOR('',#5082,10.);
#1435=VECTOR('',#5085,10.);
#1436=VECTOR('',#5094,10.);
#1437=VECTOR('',#5099,10.);
#1438=VECTOR('',#5104,10.);
#1439=VECTOR('',#5109,10.);
#1440=VECTOR('',#5114,10.);
#1441=VECTOR('',#5147,10.);
#1442=VECTOR('',#5148,10.);
#1443=VECTOR('',#5149,10.);
#1444=VECTOR('',#5150,10.);
#1445=VECTOR('',#5151,10.);
#1446=VECTOR('',#5152,10.);
#1447=VECTOR('',#5153,10.);
#1448=VECTOR('',#5154,10.);
#1449=VECTOR('',#5155,10.);
#1450=VECTOR('',#5156,10.);
#1451=VECTOR('',#5157,10.);
#1452=VECTOR('',#5158,10.);
#1453=VECTOR('',#5159,10.);
#1454=VECTOR('',#5162,10.);
#1455=VECTOR('',#5165,10.);
#1456=VECTOR('',#5168,10.);
#1457=VECTOR('',#5169,10.);
#1458=VECTOR('',#5172,10.);
#1459=VECTOR('',#5177,10.);
#1460=VECTOR('',#5180,10.);
#1461=VECTOR('',#5181,10.);
#1462=VECTOR('',#5182,10.);
#1463=VECTOR('',#5183,10.);
#1464=VECTOR('',#5184,10.);
#1465=VECTOR('',#5185,10.);
#1466=VECTOR('',#5186,10.);
#1467=VECTOR('',#5189,10.);
#1468=VECTOR('',#5190,10.);
#1469=VECTOR('',#5191,10.);
#1470=VECTOR('',#5194,10.);
#1471=VECTOR('',#5195,10.);
#1472=VECTOR('',#5198,10.);
#1473=VECTOR('',#5199,10.);
#1474=VECTOR('',#5200,10.);
#1475=VECTOR('',#5203,10.);
#1476=VECTOR('',#5204,10.);
#1477=VECTOR('',#5207,10.);
#1478=VECTOR('',#5208,10.);
#1479=VECTOR('',#5211,10.);
#1480=VECTOR('',#5214,10.);
#1481=VECTOR('',#5215,10.);
#1482=VECTOR('',#5218,10.);
#1483=VECTOR('',#5219,10.);
#1484=VECTOR('',#5220,10.);
#1485=VECTOR('',#5221,10.);
#1486=VECTOR('',#5224,10.);
#1487=VECTOR('',#5225,10.);
#1488=VECTOR('',#5226,10.);
#1489=VECTOR('',#5227,10.);
#1490=VECTOR('',#5230,10.);
#1491=VECTOR('',#5231,10.);
#1492=VECTOR('',#5232,10.);
#1493=VECTOR('',#5233,10.);
#1494=VECTOR('',#5238,10.);
#1495=VECTOR('',#5239,10.);
#1496=VECTOR('',#5240,10.);
#1497=VECTOR('',#5241,10.);
#1498=VECTOR('',#5242,10.);
#1499=VECTOR('',#5245,10.);
#1500=VECTOR('',#5246,10.);
#1501=VECTOR('',#5249,10.);
#1502=VECTOR('',#5250,10.);
#1503=VECTOR('',#5255,10.);
#1504=VECTOR('',#5256,10.);
#1505=VECTOR('',#5259,3.5);
#1506=VECTOR('',#5262,10.);
#1507=VECTOR('',#5265,10.);
#1508=VECTOR('',#5270,10.);
#1509=VECTOR('',#5271,10.);
#1510=VECTOR('',#5272,10.);
#1511=VECTOR('',#5275,10.);
#1512=VECTOR('',#5278,10.);
#1513=VECTOR('',#5279,10.);
#1514=VECTOR('',#5282,10.);
#1515=VECTOR('',#5283,10.);
#1516=VECTOR('',#5288,10.);
#1517=VECTOR('',#5289,10.);
#1518=VECTOR('',#5290,10.);
#1519=VECTOR('',#5293,10.);
#1520=VECTOR('',#5300,10.);
#1521=VECTOR('',#5303,10.);
#1522=VECTOR('',#5304,10.);
#1523=VECTOR('',#5307,10.);
#1524=VECTOR('',#5308,10.);
#1525=VECTOR('',#5311,3.5);
#1526=VECTOR('',#5318,10.);
#1527=VECTOR('',#5321,10.);
#1528=VECTOR('',#5332,10.);
#1529=VECTOR('',#5333,10.);
#1530=VECTOR('',#5342,10.);
#1531=VECTOR('',#5343,10.);
#1532=VECTOR('',#5344,10.);
#1533=VECTOR('',#5345,10.);
#1534=VECTOR('',#5348,10.);
#1535=VECTOR('',#5349,10.);
#1536=VECTOR('',#5350,10.);
#1537=VECTOR('',#5351,10.);
#1538=VECTOR('',#5354,10.);
#1539=VECTOR('',#5355,10.);
#1540=VECTOR('',#5356,10.);
#1541=VECTOR('',#5357,10.);
#1542=VECTOR('',#5360,10.);
#1543=VECTOR('',#5361,10.);
#1544=VECTOR('',#5364,10.);
#1545=VECTOR('',#5365,10.);
#1546=VECTOR('',#5368,10.);
#1547=VECTOR('',#5369,10.);
#1548=VECTOR('',#5370,10.);
#1549=VECTOR('',#5371,10.);
#1550=VECTOR('',#5374,10.);
#1551=VECTOR('',#5375,10.);
#1552=VECTOR('',#5376,10.);
#1553=VECTOR('',#5377,10.);
#1554=VECTOR('',#5380,10.);
#1555=VECTOR('',#5381,10.);
#1556=VECTOR('',#5382,10.);
#1557=VECTOR('',#5383,10.);
#1558=VECTOR('',#5386,10.);
#1559=VECTOR('',#5387,10.);
#1560=VECTOR('',#5390,10.);
#1561=VECTOR('',#5391,10.);
#1562=VECTOR('',#5406,10.);
#1563=VECTOR('',#5407,10.);
#1564=VECTOR('',#5408,10.);
#1565=VECTOR('',#5409,10.);
#1566=VECTOR('',#5412,10.);
#1567=VECTOR('',#5413,10.);
#1568=VECTOR('',#5414,10.);
#1569=VECTOR('',#5415,10.);
#1570=VECTOR('',#5418,10.);
#1571=VECTOR('',#5419,10.);
#1572=VECTOR('',#5420,10.);
#1573=VECTOR('',#5423,10.);
#1574=VECTOR('',#5424,10.);
#1575=VECTOR('',#5425,10.);
#1576=VECTOR('',#5428,10.);
#1577=VECTOR('',#5429,10.);
#1578=VECTOR('',#5432,10.);
#1579=VECTOR('',#5435,10.);
#1580=VECTOR('',#5436,10.);
#1581=VECTOR('',#5437,10.);
#1582=VECTOR('',#5438,10.);
#1583=VECTOR('',#5441,10.);
#1584=VECTOR('',#5442,10.);
#1585=VECTOR('',#5443,10.);
#1586=VECTOR('',#5446,10.);
#1587=VECTOR('',#5447,10.);
#1588=VECTOR('',#5448,10.);
#1589=VECTOR('',#5451,10.);
#1590=VECTOR('',#5452,10.);
#1591=VECTOR('',#5453,10.);
#1592=VECTOR('',#5456,10.);
#1593=VECTOR('',#5457,10.);
#1594=VECTOR('',#5458,10.);
#1595=VECTOR('',#5461,10.);
#1596=VECTOR('',#5464,10.);
#1597=VECTOR('',#5465,10.);
#1598=VECTOR('',#5466,10.);
#1599=VECTOR('',#5471,10.);
#1600=VECTOR('',#5474,10.);
#1601=VECTOR('',#5479,10.);
#1602=VECTOR('',#5482,10.);
#1603=VECTOR('',#5487,1.2);
#1604=VECTOR('',#5494,1.2);
#1605=VECTOR('',#5501,1.2);
#1606=VECTOR('',#5508,1.2);
#1607=VECTOR('',#5513,10.);
#1608=VECTOR('',#5514,10.);
#1609=VECTOR('',#5515,10.);
#1610=VECTOR('',#5516,10.);
#1611=VECTOR('',#5519,10.);
#1612=VECTOR('',#5520,10.);
#1613=VECTOR('',#5521,10.);
#1614=VECTOR('',#5524,10.);
#1615=VECTOR('',#5525,10.);
#1616=VECTOR('',#5526,10.);
#1617=VECTOR('',#5529,10.);
#1618=VECTOR('',#5530,10.);
#1619=VECTOR('',#5533,10.);
#1620=VECTOR('',#5534,10.);
#1621=VECTOR('',#5535,10.);
#1622=VECTOR('',#5536,10.);
#1623=VECTOR('',#5539,10.);
#1624=VECTOR('',#5540,10.);
#1625=VECTOR('',#5541,10.);
#1626=VECTOR('',#5544,10.);
#1627=VECTOR('',#5545,10.);
#1628=VECTOR('',#5546,10.);
#1629=VECTOR('',#5549,10.);
#1630=VECTOR('',#5550,10.);
#1631=VECTOR('',#5553,10.);
#1632=VECTOR('',#5554,10.);
#1633=VECTOR('',#5555,10.);
#1634=VECTOR('',#5556,10.);
#1635=VECTOR('',#5559,10.);
#1636=VECTOR('',#5560,10.);
#1637=VECTOR('',#5561,10.);
#1638=VECTOR('',#5564,10.);
#1639=VECTOR('',#5565,10.);
#1640=VECTOR('',#5566,10.);
#1641=VECTOR('',#5569,10.);
#1642=VECTOR('',#5570,10.);
#1643=VECTOR('',#5573,10.);
#1644=VECTOR('',#5574,10.);
#1645=VECTOR('',#5575,10.);
#1646=VECTOR('',#5576,10.);
#1647=VECTOR('',#5579,10.);
#1648=VECTOR('',#5580,10.);
#1649=VECTOR('',#5581,10.);
#1650=VECTOR('',#5584,10.);
#1651=VECTOR('',#5585,10.);
#1652=VECTOR('',#5586,10.);
#1653=VECTOR('',#5589,10.);
#1654=VECTOR('',#5590,10.);
#1655=VECTOR('',#5593,10.);
#1656=VECTOR('',#5594,10.);
#1657=VECTOR('',#5595,10.);
#1658=VECTOR('',#5596,10.);
#1659=VECTOR('',#5599,10.);
#1660=VECTOR('',#5600,10.);
#1661=VECTOR('',#5601,10.);
#1662=VECTOR('',#5604,10.);
#1663=VECTOR('',#5605,10.);
#1664=VECTOR('',#5606,10.);
#1665=VECTOR('',#5609,10.);
#1666=VECTOR('',#5610,10.);
#1667=VECTOR('',#5613,10.);
#1668=VECTOR('',#5614,10.);
#1669=VECTOR('',#5615,10.);
#1670=VECTOR('',#5616,10.);
#1671=VECTOR('',#5619,10.);
#1672=VECTOR('',#5620,10.);
#1673=VECTOR('',#5621,10.);
#1674=VECTOR('',#5624,10.);
#1675=VECTOR('',#5625,10.);
#1676=VECTOR('',#5626,10.);
#1677=VECTOR('',#5629,10.);
#1678=VECTOR('',#5630,10.);
#1679=VECTOR('',#5633,10.);
#1680=VECTOR('',#5634,10.);
#1681=VECTOR('',#5635,10.);
#1682=VECTOR('',#5636,10.);
#1683=VECTOR('',#5639,10.);
#1684=VECTOR('',#5640,10.);
#1685=VECTOR('',#5641,10.);
#1686=VECTOR('',#5644,10.);
#1687=VECTOR('',#5645,10.);
#1688=VECTOR('',#5646,10.);
#1689=VECTOR('',#5649,10.);
#1690=VECTOR('',#5650,10.);
#1691=VECTOR('',#5653,10.);
#1692=VECTOR('',#5654,10.);
#1693=VECTOR('',#5655,10.);
#1694=VECTOR('',#5656,10.);
#1695=VECTOR('',#5659,10.);
#1696=VECTOR('',#5660,10.);
#1697=VECTOR('',#5661,10.);
#1698=VECTOR('',#5664,10.);
#1699=VECTOR('',#5665,10.);
#1700=VECTOR('',#5666,10.);
#1701=VECTOR('',#5669,10.);
#1702=VECTOR('',#5670,10.);
#1703=VECTOR('',#5673,10.);
#1704=VECTOR('',#5674,10.);
#1705=VECTOR('',#5675,10.);
#1706=VECTOR('',#5676,10.);
#1707=VECTOR('',#5679,10.);
#1708=VECTOR('',#5680,10.);
#1709=VECTOR('',#5681,10.);
#1710=VECTOR('',#5684,10.);
#1711=VECTOR('',#5685,10.);
#1712=VECTOR('',#5686,10.);
#1713=VECTOR('',#5689,10.);
#1714=VECTOR('',#5690,10.);
#1715=VECTOR('',#5693,10.);
#1716=VECTOR('',#5694,10.);
#1717=VECTOR('',#5695,10.);
#1718=VECTOR('',#5696,10.);
#1719=VECTOR('',#5699,10.);
#1720=VECTOR('',#5700,10.);
#1721=VECTOR('',#5701,10.);
#1722=VECTOR('',#5704,10.);
#1723=VECTOR('',#5705,10.);
#1724=VECTOR('',#5706,10.);
#1725=VECTOR('',#5709,10.);
#1726=VECTOR('',#5710,10.);
#1727=VECTOR('',#5713,10.);
#1728=VECTOR('',#5714,10.);
#1729=VECTOR('',#5715,10.);
#1730=VECTOR('',#5716,10.);
#1731=VECTOR('',#5719,10.);
#1732=VECTOR('',#5720,10.);
#1733=VECTOR('',#5721,10.);
#1734=VECTOR('',#5724,10.);
#1735=VECTOR('',#5725,10.);
#1736=VECTOR('',#5726,10.);
#1737=VECTOR('',#5729,10.);
#1738=VECTOR('',#5730,10.);
#1739=VECTOR('',#5733,10.);
#1740=VECTOR('',#5734,10.);
#1741=VECTOR('',#5735,10.);
#1742=VECTOR('',#5736,10.);
#1743=VECTOR('',#5739,10.);
#1744=VECTOR('',#5740,10.);
#1745=VECTOR('',#5741,10.);
#1746=VECTOR('',#5744,10.);
#1747=VECTOR('',#5745,10.);
#1748=VECTOR('',#5746,10.);
#1749=VECTOR('',#5749,10.);
#1750=VECTOR('',#5750,10.);
#1751=VECTOR('',#5753,10.);
#1752=VECTOR('',#5754,10.);
#1753=VECTOR('',#5755,10.);
#1754=VECTOR('',#5756,10.);
#1755=VECTOR('',#5759,10.);
#1756=VECTOR('',#5760,10.);
#1757=VECTOR('',#5761,10.);
#1758=VECTOR('',#5764,10.);
#1759=VECTOR('',#5765,10.);
#1760=VECTOR('',#5766,10.);
#1761=VECTOR('',#5769,10.);
#1762=VECTOR('',#5770,10.);
#1763=VECTOR('',#5773,10.);
#1764=VECTOR('',#5774,10.);
#1765=VECTOR('',#5775,10.);
#1766=VECTOR('',#5776,10.);
#1767=VECTOR('',#5779,10.);
#1768=VECTOR('',#5780,10.);
#1769=VECTOR('',#5781,10.);
#1770=VECTOR('',#5784,10.);
#1771=VECTOR('',#5785,10.);
#1772=VECTOR('',#5786,10.);
#1773=VECTOR('',#5789,10.);
#1774=VECTOR('',#5790,10.);
#1775=VECTOR('',#5793,10.);
#1776=VECTOR('',#5794,10.);
#1777=VECTOR('',#5795,10.);
#1778=VECTOR('',#5796,10.);
#1779=VECTOR('',#5799,10.);
#1780=VECTOR('',#5800,10.);
#1781=VECTOR('',#5801,10.);
#1782=VECTOR('',#5804,10.);
#1783=VECTOR('',#5805,10.);
#1784=VECTOR('',#5806,10.);
#1785=VECTOR('',#5809,10.);
#1786=VECTOR('',#5810,10.);
#1787=VECTOR('',#5813,10.);
#1788=VECTOR('',#5814,10.);
#1789=VECTOR('',#5815,10.);
#1790=VECTOR('',#5816,10.);
#1791=VECTOR('',#5819,10.);
#1792=VECTOR('',#5820,10.);
#1793=VECTOR('',#5821,10.);
#1794=VECTOR('',#5824,10.);
#1795=VECTOR('',#5825,10.);
#1796=VECTOR('',#5826,10.);
#1797=VECTOR('',#5829,10.);
#1798=VECTOR('',#5830,10.);
#1799=VECTOR('',#5835,1.2);
#1800=VECTOR('',#5842,1.19999999999999);
#1801=VECTOR('',#5849,1.2);
#1802=VECTOR('',#5854,10.);
#1803=VECTOR('',#5855,10.);
#1804=VECTOR('',#5856,10.);
#1805=VECTOR('',#5859,10.);
#1806=VECTOR('',#5860,10.);
#1807=VECTOR('',#5863,10.);
#1808=VECTOR('',#5864,10.);
#1809=VECTOR('',#5869,10.);
#1810=VECTOR('',#5872,10.);
#1811=VECTOR('',#5877,10.);
#1812=VECTOR('',#5880,10.);
#1813=VECTOR('',#5883,10.);
#1814=VECTOR('',#5884,10.);
#1815=VECTOR('',#5885,10.);
#1816=VECTOR('',#5886,10.);
#1817=VECTOR('',#5889,10.);
#1818=VECTOR('',#5890,10.);
#1819=VECTOR('',#5891,10.);
#1820=VECTOR('',#5892,10.);
#1821=CIRCLE('',#4419,1.25);
#1822=CIRCLE('',#4420,1.25);
#1823=CIRCLE('',#4429,1.75);
#1824=CIRCLE('',#4432,1.2);
#1825=CIRCLE('',#4434,1.75);
#1826=CIRCLE('',#4437,1.2);
#1827=CIRCLE('',#4439,1.75);
#1828=CIRCLE('',#4442,1.2);
#1829=CIRCLE('',#4444,1.2);
#1830=CIRCLE('',#4446,1.2);
#1831=CIRCLE('',#4448,1.2);
#1832=CIRCLE('',#4450,2.1);
#1833=CIRCLE('',#4451,2.1);
#1834=CIRCLE('',#4454,2.1);
#1835=CIRCLE('',#4455,2.1);
#1836=CIRCLE('',#4458,2.1);
#1837=CIRCLE('',#4459,2.1);
#1838=CIRCLE('',#4462,1.75);
#1839=CIRCLE('',#4465,1.2);
#1840=CIRCLE('',#4467,1.75000000000001);
#1841=CIRCLE('',#4470,1.19999999999999);
#1842=CIRCLE('',#4472,1.75);
#1843=CIRCLE('',#4475,1.2);
#1844=CIRCLE('',#4477,1.75);
#1845=CIRCLE('',#4480,1.2);
#1846=CIRCLE('',#4482,1.2);
#1847=CIRCLE('',#4484,1.19999999999999);
#1848=CIRCLE('',#4486,1.2);
#1849=CIRCLE('',#4487,1.2);
#1850=CIRCLE('',#4488,1.2);
#1851=CIRCLE('',#4490,1.2);
#1852=CIRCLE('',#4492,3.5);
#1853=CIRCLE('',#4495,2.1);
#1854=CIRCLE('',#4496,2.1);
#1855=CIRCLE('',#4499,2.10000000000001);
#1856=CIRCLE('',#4500,2.10000000000001);
#1857=CIRCLE('',#4503,2.1);
#1858=CIRCLE('',#4504,2.1);
#1859=CIRCLE('',#4507,2.1);
#1860=CIRCLE('',#4508,2.1);
#1861=CIRCLE('',#4512,1.99999999999999);
#1862=CIRCLE('',#4514,1.99999999999999);
#1863=CIRCLE('',#4516,1.99999999999999);
#1864=CIRCLE('',#4518,2.);
#1865=CIRCLE('',#4527,1.99999999999999);
#1866=CIRCLE('',#4531,1.99999999999999);
#1867=CIRCLE('',#4556,3.25);
#1868=CIRCLE('',#4558,3.5);
#1869=CIRCLE('',#4561,1.99999999999999);
#1870=CIRCLE('',#4564,2.);
#1871=CIRCLE('',#4578,3.5);
#1872=CIRCLE('',#4582,3.5);
#1873=CIRCLE('',#4584,3.5);
#1874=CIRCLE('',#4585,3.5);
#1875=CIRCLE('',#4586,3.5);
#1876=CIRCLE('',#4594,3.5);
#1877=CIRCLE('',#4596,3.5);
#1878=CIRCLE('',#4600,3.5);
#1879=CIRCLE('',#4601,3.5);
#1880=CIRCLE('',#4603,3.5);
#1881=CIRCLE('',#4604,3.25);
#1882=CIRCLE('',#4605,3.25);
#1883=CIRCLE('',#4623,3.6);
#1884=CIRCLE('',#4624,3.6);
#1885=CIRCLE('',#4626,3.6);
#1886=CIRCLE('',#4627,3.6);
#1887=CIRCLE('',#4642,1.99999999999999);
#1888=CIRCLE('',#4643,1.99999999999999);
#1889=CIRCLE('',#4645,2.);
#1890=CIRCLE('',#4646,2.);
#1891=CIRCLE('',#4648,1.2);
#1892=CIRCLE('',#4649,1.2);
#1893=CIRCLE('',#4651,1.2);
#1894=CIRCLE('',#4652,1.2);
#1895=CIRCLE('',#4654,1.2);
#1896=CIRCLE('',#4655,1.2);
#1897=CIRCLE('',#4657,1.2);
#1898=CIRCLE('',#4658,1.2);
#1899=CIRCLE('',#4724,1.2);
#1900=CIRCLE('',#4725,1.2);
#1901=CIRCLE('',#4727,1.19999999999999);
#1902=CIRCLE('',#4728,1.19999999999999);
#1903=CIRCLE('',#4730,1.2);
#1904=CIRCLE('',#4731,1.2);
#1905=CIRCLE('',#4736,1.99999999999999);
#1906=CIRCLE('',#4737,1.99999999999999);
#1907=CIRCLE('',#4739,1.99999999999999);
#1908=CIRCLE('',#4740,1.99999999999999);
#1909=VERTEX_POINT('',#5903);
#1910=VERTEX_POINT('',#5905);
#1911=VERTEX_POINT('',#5909);
#1912=VERTEX_POINT('',#5910);
#1913=VERTEX_POINT('',#5912);
#1914=VERTEX_POINT('',#5914);
#1915=VERTEX_POINT('',#5918);
#1916=VERTEX_POINT('',#5920);
#1917=VERTEX_POINT('',#5924);
#1918=VERTEX_POINT('',#5926);
#1919=VERTEX_POINT('',#5933);
#1920=VERTEX_POINT('',#5934);
#1921=VERTEX_POINT('',#5936);
#1922=VERTEX_POINT('',#5938);
#1923=VERTEX_POINT('',#5942);
#1924=VERTEX_POINT('',#5943);
#1925=VERTEX_POINT('',#5945);
#1926=VERTEX_POINT('',#5947);
#1927=VERTEX_POINT('',#5954);
#1928=VERTEX_POINT('',#5956);
#1929=VERTEX_POINT('',#5960);
#1930=VERTEX_POINT('',#5963);
#1931=VERTEX_POINT('',#5965);
#1932=VERTEX_POINT('',#5969);
#1933=VERTEX_POINT('',#5972);
#1934=VERTEX_POINT('',#5974);
#1935=VERTEX_POINT('',#5978);
#1936=VERTEX_POINT('',#5981);
#1937=VERTEX_POINT('',#5985);
#1938=VERTEX_POINT('',#5989);
#1939=VERTEX_POINT('',#5993);
#1940=VERTEX_POINT('',#5995);
#1941=VERTEX_POINT('',#6000);
#1942=VERTEX_POINT('',#6002);
#1943=VERTEX_POINT('',#6007);
#1944=VERTEX_POINT('',#6009);
#1945=VERTEX_POINT('',#6014);
#1946=VERTEX_POINT('',#6016);
#1947=VERTEX_POINT('',#6020);
#1948=VERTEX_POINT('',#6023);
#1949=VERTEX_POINT('',#6025);
#1950=VERTEX_POINT('',#6029);
#1951=VERTEX_POINT('',#6032);
#1952=VERTEX_POINT('',#6034);
#1953=VERTEX_POINT('',#6038);
#1954=VERTEX_POINT('',#6041);
#1955=VERTEX_POINT('',#6043);
#1956=VERTEX_POINT('',#6047);
#1957=VERTEX_POINT('',#6050);
#1958=VERTEX_POINT('',#6054);
#1959=VERTEX_POINT('',#6058);
#1960=VERTEX_POINT('',#6061);
#1961=VERTEX_POINT('',#6062);
#1962=VERTEX_POINT('',#6064);
#1963=VERTEX_POINT('',#6066);
#1964=VERTEX_POINT('',#6070);
#1965=VERTEX_POINT('',#6074);
#1966=VERTEX_POINT('',#6076);
#1967=VERTEX_POINT('',#6080);
#1968=VERTEX_POINT('',#6082);
#1969=VERTEX_POINT('',#6084);
#1970=VERTEX_POINT('',#6088);
#1971=VERTEX_POINT('',#6090);
#1972=VERTEX_POINT('',#6095);
#1973=VERTEX_POINT('',#6097);
#1974=VERTEX_POINT('',#6102);
#1975=VERTEX_POINT('',#6104);
#1976=VERTEX_POINT('',#6109);
#1977=VERTEX_POINT('',#6111);
#1978=VERTEX_POINT('',#6116);
#1979=VERTEX_POINT('',#6117);
#1980=VERTEX_POINT('',#6119);
#1981=VERTEX_POINT('',#6121);
#1982=VERTEX_POINT('',#6123);
#1983=VERTEX_POINT('',#6125);
#1984=VERTEX_POINT('',#6127);
#1985=VERTEX_POINT('',#6129);
#1986=VERTEX_POINT('',#6133);
#1987=VERTEX_POINT('',#6137);
#1988=VERTEX_POINT('',#6138);
#1989=VERTEX_POINT('',#6140);
#1990=VERTEX_POINT('',#6144);
#1991=VERTEX_POINT('',#6145);
#1992=VERTEX_POINT('',#6147);
#1993=VERTEX_POINT('',#6151);
#1994=VERTEX_POINT('',#6155);
#1995=VERTEX_POINT('',#6157);
#1996=VERTEX_POINT('',#6160);
#1997=VERTEX_POINT('',#6164);
#1998=VERTEX_POINT('',#6167);
#1999=VERTEX_POINT('',#6168);
#2000=VERTEX_POINT('',#6170);
#2001=VERTEX_POINT('',#6172);
#2002=VERTEX_POINT('',#6176);
#2003=VERTEX_POINT('',#6179);
#2004=VERTEX_POINT('',#6183);
#2005=VERTEX_POINT('',#6185);
#2006=VERTEX_POINT('',#6189);
#2007=VERTEX_POINT('',#6190);
#2008=VERTEX_POINT('',#6192);
#2009=VERTEX_POINT('',#6194);
#2010=VERTEX_POINT('',#6196);
#2011=VERTEX_POINT('',#6198);
#2012=VERTEX_POINT('',#6200);
#2013=VERTEX_POINT('',#6202);
#2014=VERTEX_POINT('',#6204);
#2015=VERTEX_POINT('',#6206);
#2016=VERTEX_POINT('',#6208);
#2017=VERTEX_POINT('',#6211);
#2018=VERTEX_POINT('',#6213);
#2019=VERTEX_POINT('',#6215);
#2020=VERTEX_POINT('',#6219);
#2021=VERTEX_POINT('',#6220);
#2022=VERTEX_POINT('',#6223);
#2023=VERTEX_POINT('',#6225);
#2024=VERTEX_POINT('',#6227);
#2025=VERTEX_POINT('',#6231);
#2026=VERTEX_POINT('',#6233);
#2027=VERTEX_POINT('',#6235);
#2028=VERTEX_POINT('',#6237);
#2029=VERTEX_POINT('',#6241);
#2030=VERTEX_POINT('',#6243);
#2031=VERTEX_POINT('',#6245);
#2032=VERTEX_POINT('',#6247);
#2033=VERTEX_POINT('',#6255);
#2034=VERTEX_POINT('',#6259);
#2035=VERTEX_POINT('',#6261);
#2036=VERTEX_POINT('',#6265);
#2037=VERTEX_POINT('',#6269);
#2038=VERTEX_POINT('',#6270);
#2039=VERTEX_POINT('',#6280);
#2040=VERTEX_POINT('',#6283);
#2041=VERTEX_POINT('',#6290);
#2042=VERTEX_POINT('',#6292);
#2043=VERTEX_POINT('',#6294);
#2044=VERTEX_POINT('',#6296);
#2045=VERTEX_POINT('',#6298);
#2046=VERTEX_POINT('',#6300);
#2047=VERTEX_POINT('',#6303);
#2048=VERTEX_POINT('',#6305);
#2049=VERTEX_POINT('',#6307);
#2050=VERTEX_POINT('',#6309);
#2051=VERTEX_POINT('',#6311);
#2052=VERTEX_POINT('',#6315);
#2053=VERTEX_POINT('',#6317);
#2054=VERTEX_POINT('',#6321);
#2055=VERTEX_POINT('',#6325);
#2056=VERTEX_POINT('',#6331);
#2057=VERTEX_POINT('',#6333);
#2058=VERTEX_POINT('',#6335);
#2059=VERTEX_POINT('',#6337);
#2060=VERTEX_POINT('',#6339);
#2061=VERTEX_POINT('',#6341);
#2062=VERTEX_POINT('',#6345);
#2063=VERTEX_POINT('',#6347);
#2064=VERTEX_POINT('',#6351);
#2065=VERTEX_POINT('',#6355);
#2066=VERTEX_POINT('',#6357);
#2067=VERTEX_POINT('',#6369);
#2068=VERTEX_POINT('',#6373);
#2069=VERTEX_POINT('',#6375);
#2070=VERTEX_POINT('',#6377);
#2071=VERTEX_POINT('',#6381);
#2072=VERTEX_POINT('',#6382);
#2073=VERTEX_POINT('',#6384);
#2074=VERTEX_POINT('',#6386);
#2075=VERTEX_POINT('',#6390);
#2076=VERTEX_POINT('',#6391);
#2077=VERTEX_POINT('',#6393);
#2078=VERTEX_POINT('',#6395);
#2079=VERTEX_POINT('',#6399);
#2080=VERTEX_POINT('',#6402);
#2081=VERTEX_POINT('',#6404);
#2082=VERTEX_POINT('',#6406);
#2083=VERTEX_POINT('',#6410);
#2084=VERTEX_POINT('',#6414);
#2085=VERTEX_POINT('',#6418);
#2086=VERTEX_POINT('',#6420);
#2087=VERTEX_POINT('',#6424);
#2088=VERTEX_POINT('',#6427);
#2089=VERTEX_POINT('',#6429);
#2090=VERTEX_POINT('',#6434);
#2091=VERTEX_POINT('',#6436);
#2092=VERTEX_POINT('',#6438);
#2093=VERTEX_POINT('',#6449);
#2094=VERTEX_POINT('',#6459);
#2095=VERTEX_POINT('',#7363);
#2096=VERTEX_POINT('',#7760);
#2097=VERTEX_POINT('',#7764);
#2098=VERTEX_POINT('',#7768);
#2099=VERTEX_POINT('',#7772);
#2100=VERTEX_POINT('',#7776);
#2101=VERTEX_POINT('',#7781);
#2102=VERTEX_POINT('',#7783);
#2103=VERTEX_POINT('',#7797);
#2104=VERTEX_POINT('',#7798);
#2105=VERTEX_POINT('',#7800);
#2106=VERTEX_POINT('',#7802);
#2107=VERTEX_POINT('',#7806);
#2108=VERTEX_POINT('',#7807);
#2109=VERTEX_POINT('',#7809);
#2110=VERTEX_POINT('',#7811);
#2111=VERTEX_POINT('',#7815);
#2112=VERTEX_POINT('',#7816);
#2113=VERTEX_POINT('',#7818);
#2114=VERTEX_POINT('',#7820);
#2115=VERTEX_POINT('',#7830);
#2116=VERTEX_POINT('',#7831);
#2117=VERTEX_POINT('',#7833);
#2118=VERTEX_POINT('',#7835);
#2119=VERTEX_POINT('',#7839);
#2120=VERTEX_POINT('',#7840);
#2121=VERTEX_POINT('',#7842);
#2122=VERTEX_POINT('',#7844);
#2123=VERTEX_POINT('',#7848);
#2124=VERTEX_POINT('',#7849);
#2125=VERTEX_POINT('',#7851);
#2126=VERTEX_POINT('',#7853);
#2127=VERTEX_POINT('',#7869);
#2128=VERTEX_POINT('',#7870);
#2129=VERTEX_POINT('',#7872);
#2130=VERTEX_POINT('',#7874);
#2131=VERTEX_POINT('',#7878);
#2132=VERTEX_POINT('',#7879);
#2133=VERTEX_POINT('',#7881);
#2134=VERTEX_POINT('',#7883);
#2135=VERTEX_POINT('',#7887);
#2136=VERTEX_POINT('',#7889);
#2137=VERTEX_POINT('',#7893);
#2138=VERTEX_POINT('',#7895);
#2139=VERTEX_POINT('',#7904);
#2140=VERTEX_POINT('',#7905);
#2141=VERTEX_POINT('',#7907);
#2142=VERTEX_POINT('',#7909);
#2143=VERTEX_POINT('',#7913);
#2144=VERTEX_POINT('',#7915);
#2145=VERTEX_POINT('',#7919);
#2146=VERTEX_POINT('',#7921);
#2147=VERTEX_POINT('',#7925);
#2148=VERTEX_POINT('',#7927);
#2149=VERTEX_POINT('',#7931);
#2150=VERTEX_POINT('',#7933);
#2151=VERTEX_POINT('',#7939);
#2152=VERTEX_POINT('',#7941);
#2153=VERTEX_POINT('',#7945);
#2154=VERTEX_POINT('',#7946);
#2155=VERTEX_POINT('',#7948);
#2156=VERTEX_POINT('',#7950);
#2157=VERTEX_POINT('',#7954);
#2158=VERTEX_POINT('',#7955);
#2159=VERTEX_POINT('',#7957);
#2160=VERTEX_POINT('',#7959);
#2161=VERTEX_POINT('',#7963);
#2162=VERTEX_POINT('',#7965);
#2163=VERTEX_POINT('',#7969);
#2164=VERTEX_POINT('',#7971);
#2165=VERTEX_POINT('',#7975);
#2166=VERTEX_POINT('',#7977);
#2167=VERTEX_POINT('',#7981);
#2168=VERTEX_POINT('',#7983);
#2169=VERTEX_POINT('',#7987);
#2170=VERTEX_POINT('',#7988);
#2171=VERTEX_POINT('',#7990);
#2172=VERTEX_POINT('',#7992);
#2173=VERTEX_POINT('',#7996);
#2174=VERTEX_POINT('',#7998);
#2175=VERTEX_POINT('',#8002);
#2176=VERTEX_POINT('',#8004);
#2177=VERTEX_POINT('',#8011);
#2178=VERTEX_POINT('',#8012);
#2179=VERTEX_POINT('',#8014);
#2180=VERTEX_POINT('',#8016);
#2181=VERTEX_POINT('',#8020);
#2182=VERTEX_POINT('',#8022);
#2183=VERTEX_POINT('',#8026);
#2184=VERTEX_POINT('',#8028);
#2185=VERTEX_POINT('',#8035);
#2186=VERTEX_POINT('',#8036);
#2187=VERTEX_POINT('',#8038);
#2188=VERTEX_POINT('',#8040);
#2189=VERTEX_POINT('',#8044);
#2190=VERTEX_POINT('',#8046);
#2191=VERTEX_POINT('',#8050);
#2192=VERTEX_POINT('',#8052);
#2193=VERTEX_POINT('',#8059);
#2194=VERTEX_POINT('',#8060);
#2195=VERTEX_POINT('',#8062);
#2196=VERTEX_POINT('',#8064);
#2197=VERTEX_POINT('',#8068);
#2198=VERTEX_POINT('',#8070);
#2199=VERTEX_POINT('',#8074);
#2200=VERTEX_POINT('',#8076);
#2201=VERTEX_POINT('',#8083);
#2202=VERTEX_POINT('',#8084);
#2203=VERTEX_POINT('',#8086);
#2204=VERTEX_POINT('',#8088);
#2205=VERTEX_POINT('',#8092);
#2206=VERTEX_POINT('',#8094);
#2207=VERTEX_POINT('',#8098);
#2208=VERTEX_POINT('',#8100);
#2209=VERTEX_POINT('',#8107);
#2210=VERTEX_POINT('',#8108);
#2211=VERTEX_POINT('',#8110);
#2212=VERTEX_POINT('',#8112);
#2213=VERTEX_POINT('',#8116);
#2214=VERTEX_POINT('',#8118);
#2215=VERTEX_POINT('',#8122);
#2216=VERTEX_POINT('',#8124);
#2217=VERTEX_POINT('',#8131);
#2218=VERTEX_POINT('',#8132);
#2219=VERTEX_POINT('',#8134);
#2220=VERTEX_POINT('',#8136);
#2221=VERTEX_POINT('',#8140);
#2222=VERTEX_POINT('',#8142);
#2223=VERTEX_POINT('',#8146);
#2224=VERTEX_POINT('',#8148);
#2225=VERTEX_POINT('',#8155);
#2226=VERTEX_POINT('',#8156);
#2227=VERTEX_POINT('',#8158);
#2228=VERTEX_POINT('',#8160);
#2229=VERTEX_POINT('',#8164);
#2230=VERTEX_POINT('',#8166);
#2231=VERTEX_POINT('',#8170);
#2232=VERTEX_POINT('',#8172);
#2233=VERTEX_POINT('',#8179);
#2234=VERTEX_POINT('',#8180);
#2235=VERTEX_POINT('',#8182);
#2236=VERTEX_POINT('',#8184);
#2237=VERTEX_POINT('',#8188);
#2238=VERTEX_POINT('',#8190);
#2239=VERTEX_POINT('',#8194);
#2240=VERTEX_POINT('',#8196);
#2241=VERTEX_POINT('',#8203);
#2242=VERTEX_POINT('',#8204);
#2243=VERTEX_POINT('',#8206);
#2244=VERTEX_POINT('',#8208);
#2245=VERTEX_POINT('',#8212);
#2246=VERTEX_POINT('',#8214);
#2247=VERTEX_POINT('',#8218);
#2248=VERTEX_POINT('',#8220);
#2249=VERTEX_POINT('',#8227);
#2250=VERTEX_POINT('',#8228);
#2251=VERTEX_POINT('',#8230);
#2252=VERTEX_POINT('',#8232);
#2253=VERTEX_POINT('',#8236);
#2254=VERTEX_POINT('',#8238);
#2255=VERTEX_POINT('',#8242);
#2256=VERTEX_POINT('',#8244);
#2257=VERTEX_POINT('',#8251);
#2258=VERTEX_POINT('',#8252);
#2259=VERTEX_POINT('',#8254);
#2260=VERTEX_POINT('',#8256);
#2261=VERTEX_POINT('',#8260);
#2262=VERTEX_POINT('',#8262);
#2263=VERTEX_POINT('',#8266);
#2264=VERTEX_POINT('',#8268);
#2265=VERTEX_POINT('',#8275);
#2266=VERTEX_POINT('',#8276);
#2267=VERTEX_POINT('',#8278);
#2268=VERTEX_POINT('',#8280);
#2269=VERTEX_POINT('',#8284);
#2270=VERTEX_POINT('',#8286);
#2271=VERTEX_POINT('',#8290);
#2272=VERTEX_POINT('',#8292);
#2273=VERTEX_POINT('',#8299);
#2274=VERTEX_POINT('',#8300);
#2275=VERTEX_POINT('',#8302);
#2276=VERTEX_POINT('',#8304);
#2277=VERTEX_POINT('',#8308);
#2278=VERTEX_POINT('',#8310);
#2279=VERTEX_POINT('',#8314);
#2280=VERTEX_POINT('',#8316);
#2281=VERTEX_POINT('',#8323);
#2282=VERTEX_POINT('',#8324);
#2283=VERTEX_POINT('',#8326);
#2284=VERTEX_POINT('',#8328);
#2285=VERTEX_POINT('',#8332);
#2286=VERTEX_POINT('',#8334);
#2287=VERTEX_POINT('',#8338);
#2288=VERTEX_POINT('',#8340);
#2289=VERTEX_POINT('',#8347);
#2290=VERTEX_POINT('',#8348);
#2291=VERTEX_POINT('',#8350);
#2292=VERTEX_POINT('',#8352);
#2293=VERTEX_POINT('',#8356);
#2294=VERTEX_POINT('',#8358);
#2295=VERTEX_POINT('',#8362);
#2296=VERTEX_POINT('',#8364);
#2297=VERTEX_POINT('',#8371);
#2298=VERTEX_POINT('',#8373);
#2299=VERTEX_POINT('',#8377);
#2300=VERTEX_POINT('',#8379);
#2301=VERTEX_POINT('',#8383);
#2302=VERTEX_POINT('',#8385);
#2303=VERTEX_POINT('',#8390);
#2304=VERTEX_POINT('',#8394);
#2305=VERTEX_POINT('',#8401);
#2306=VERTEX_POINT('',#8402);
#2307=VERTEX_POINT('',#8404);
#2308=VERTEX_POINT('',#8406);
#2309=VERTEX_POINT('',#8410);
#2310=VERTEX_POINT('',#8411);
#2311=VERTEX_POINT('',#8413);
#2312=VERTEX_POINT('',#8415);
#2313=EDGE_CURVE('',#1909,#1909,#1821,.T.);
#2314=EDGE_CURVE('',#1909,#1910,#833,.T.);
#2315=EDGE_CURVE('',#1910,#1910,#1822,.T.);
#2316=EDGE_CURVE('',#1911,#1912,#834,.T.);
#2317=EDGE_CURVE('',#1913,#1911,#835,.T.);
#2318=EDGE_CURVE('',#1914,#1913,#836,.T.);
#2319=EDGE_CURVE('',#1914,#1912,#837,.T.);
#2320=EDGE_CURVE('',#1912,#1915,#838,.T.);
#2321=EDGE_CURVE('',#1916,#1914,#839,.T.);
#2322=EDGE_CURVE('',#1915,#1916,#840,.T.);
#2323=EDGE_CURVE('',#1915,#1917,#841,.T.);
#2324=EDGE_CURVE('',#1918,#1916,#842,.T.);
#2325=EDGE_CURVE('',#1917,#1918,#843,.T.);
#2326=EDGE_CURVE('',#1917,#1911,#844,.T.);
#2327=EDGE_CURVE('',#1913,#1918,#845,.T.);
#2328=EDGE_CURVE('',#1919,#1920,#846,.T.);
#2329=EDGE_CURVE('',#1919,#1921,#847,.T.);
#2330=EDGE_CURVE('',#1922,#1921,#848,.T.);
#2331=EDGE_CURVE('',#1920,#1922,#849,.T.);
#2332=EDGE_CURVE('',#1923,#1924,#850,.T.);
#2333=EDGE_CURVE('',#1925,#1923,#851,.T.);
#2334=EDGE_CURVE('',#1926,#1925,#852,.T.);
#2335=EDGE_CURVE('',#1926,#1924,#853,.T.);
#2336=EDGE_CURVE('',#1924,#1919,#854,.T.);
#2337=EDGE_CURVE('',#1921,#1926,#855,.T.);
#2338=EDGE_CURVE('',#1927,#1927,#1823,.T.);
#2339=EDGE_CURVE('',#1927,#1928,#856,.T.);
#2340=EDGE_CURVE('',#1928,#1928,#110,.T.);
#2341=EDGE_CURVE('',#1929,#1929,#1824,.T.);
#2342=EDGE_CURVE('',#1930,#1930,#1825,.T.);
#2343=EDGE_CURVE('',#1930,#1931,#857,.T.);
#2344=EDGE_CURVE('',#1931,#1931,#111,.T.);
#2345=EDGE_CURVE('',#1932,#1932,#1826,.T.);
#2346=EDGE_CURVE('',#1933,#1933,#1827,.T.);
#2347=EDGE_CURVE('',#1933,#1934,#858,.T.);
#2348=EDGE_CURVE('',#1934,#1934,#112,.T.);
#2349=EDGE_CURVE('',#1935,#1935,#1828,.T.);
#2350=EDGE_CURVE('',#1936,#1936,#1829,.T.);
#2351=EDGE_CURVE('',#1936,#1929,#859,.T.);
#2352=EDGE_CURVE('',#1937,#1937,#1830,.T.);
#2353=EDGE_CURVE('',#1937,#1932,#860,.T.);
#2354=EDGE_CURVE('',#1938,#1938,#1831,.T.);
#2355=EDGE_CURVE('',#1938,#1935,#861,.T.);
#2356=EDGE_CURVE('',#1939,#1939,#1832,.T.);
#2357=EDGE_CURVE('',#1939,#1940,#862,.T.);
#2358=EDGE_CURVE('',#1940,#1940,#1833,.T.);
#2359=EDGE_CURVE('',#1941,#1941,#1834,.T.);
#2360=EDGE_CURVE('',#1941,#1942,#863,.T.);
#2361=EDGE_CURVE('',#1942,#1942,#1835,.T.);
#2362=EDGE_CURVE('',#1943,#1943,#1836,.T.);
#2363=EDGE_CURVE('',#1943,#1944,#864,.T.);
#2364=EDGE_CURVE('',#1944,#1944,#1837,.T.);
#2365=EDGE_CURVE('',#1945,#1945,#1838,.T.);
#2366=EDGE_CURVE('',#1945,#1946,#865,.T.);
#2367=EDGE_CURVE('',#1946,#1946,#113,.T.);
#2368=EDGE_CURVE('',#1947,#1947,#1839,.T.);
#2369=EDGE_CURVE('',#1948,#1948,#1840,.T.);
#2370=EDGE_CURVE('',#1948,#1949,#866,.T.);
#2371=EDGE_CURVE('',#1949,#1949,#114,.T.);
#2372=EDGE_CURVE('',#1950,#1950,#1841,.T.);
#2373=EDGE_CURVE('',#1951,#1951,#1842,.T.);
#2374=EDGE_CURVE('',#1951,#1952,#867,.T.);
#2375=EDGE_CURVE('',#1952,#1952,#115,.T.);
#2376=EDGE_CURVE('',#1953,#1953,#1843,.T.);
#2377=EDGE_CURVE('',#1954,#1954,#1844,.T.);
#2378=EDGE_CURVE('',#1954,#1955,#868,.T.);
#2379=EDGE_CURVE('',#1955,#1955,#116,.T.);
#2380=EDGE_CURVE('',#1956,#1956,#1845,.T.);
#2381=EDGE_CURVE('',#1957,#1957,#1846,.T.);
#2382=EDGE_CURVE('',#1957,#1947,#869,.T.);
#2383=EDGE_CURVE('',#1958,#1958,#1847,.T.);
#2384=EDGE_CURVE('',#1958,#1950,#870,.T.);
#2385=EDGE_CURVE('',#1959,#1959,#1848,.T.);
#2386=EDGE_CURVE('',#1959,#1953,#871,.T.);
#2387=EDGE_CURVE('',#1960,#1961,#1849,.T.);
#2388=EDGE_CURVE('',#1962,#1960,#872,.T.);
#2389=EDGE_CURVE('',#1963,#1962,#1850,.T.);
#2390=EDGE_CURVE('',#1961,#1963,#873,.T.);
#2391=EDGE_CURVE('',#1964,#1964,#1851,.T.);
#2392=EDGE_CURVE('',#1964,#1956,#874,.T.);
#2393=EDGE_CURVE('',#1965,#1962,#875,.T.);
#2394=EDGE_CURVE('',#1966,#1965,#1852,.T.);
#2395=EDGE_CURVE('',#1963,#1966,#876,.T.);
#2396=EDGE_CURVE('',#1967,#1960,#877,.T.);
#2397=EDGE_CURVE('',#1967,#1968,#878,.T.);
#2398=EDGE_CURVE('',#1969,#1968,#879,.T.);
#2399=EDGE_CURVE('',#1965,#1969,#880,.T.);
#2400=EDGE_CURVE('',#1970,#1970,#1853,.T.);
#2401=EDGE_CURVE('',#1970,#1971,#881,.T.);
#2402=EDGE_CURVE('',#1971,#1971,#1854,.T.);
#2403=EDGE_CURVE('',#1972,#1972,#1855,.T.);
#2404=EDGE_CURVE('',#1972,#1973,#882,.T.);
#2405=EDGE_CURVE('',#1973,#1973,#1856,.T.);
#2406=EDGE_CURVE('',#1974,#1974,#1857,.T.);
#2407=EDGE_CURVE('',#1974,#1975,#883,.T.);
#2408=EDGE_CURVE('',#1975,#1975,#1858,.T.);
#2409=EDGE_CURVE('',#1976,#1976,#1859,.T.);
#2410=EDGE_CURVE('',#1976,#1977,#884,.T.);
#2411=EDGE_CURVE('',#1977,#1977,#1860,.T.);
#2412=EDGE_CURVE('',#1978,#1979,#885,.T.);
#2413=EDGE_CURVE('',#1980,#1978,#886,.T.);
#2414=EDGE_CURVE('',#1981,#1980,#887,.T.);
#2415=EDGE_CURVE('',#1981,#1982,#888,.T.);
#2416=EDGE_CURVE('',#1982,#1983,#889,.T.);
#2417=EDGE_CURVE('',#1983,#1984,#890,.T.);
#2418=EDGE_CURVE('',#1985,#1984,#891,.T.);
#2419=EDGE_CURVE('',#1985,#1979,#892,.T.);
#2420=EDGE_CURVE('',#1986,#1981,#1861,.T.);
#2421=EDGE_CURVE('',#1982,#1986,#893,.T.);
#2422=EDGE_CURVE('',#1987,#1988,#1862,.T.);
#2423=EDGE_CURVE('',#1989,#1987,#894,.T.);
#2424=EDGE_CURVE('',#1988,#1989,#895,.T.);
#2425=EDGE_CURVE('',#1990,#1991,#1863,.T.);
#2426=EDGE_CURVE('',#1992,#1990,#896,.T.);
#2427=EDGE_CURVE('',#1991,#1992,#897,.T.);
#2428=EDGE_CURVE('',#1979,#1993,#1864,.T.);
#2429=EDGE_CURVE('',#1993,#1985,#898,.T.);
#2430=EDGE_CURVE('',#1994,#1986,#899,.T.);
#2431=EDGE_CURVE('',#1995,#1994,#900,.T.);
#2432=EDGE_CURVE('',#1988,#1995,#901,.T.);
#2433=EDGE_CURVE('',#1989,#1996,#902,.T.);
#2434=EDGE_CURVE('',#1996,#1983,#903,.T.);
#2435=EDGE_CURVE('',#1997,#1996,#904,.T.);
#2436=EDGE_CURVE('',#1984,#1997,#905,.T.);
#2437=EDGE_CURVE('',#1998,#1999,#906,.T.);
#2438=EDGE_CURVE('',#2000,#1998,#907,.T.);
#2439=EDGE_CURVE('',#2001,#2000,#908,.T.);
#2440=EDGE_CURVE('',#1999,#2001,#909,.T.);
#2441=EDGE_CURVE('',#1993,#2002,#910,.T.);
#2442=EDGE_CURVE('',#1992,#1997,#911,.T.);
#2443=EDGE_CURVE('',#2003,#1990,#912,.T.);
#2444=EDGE_CURVE('',#2002,#2003,#913,.T.);
#2445=EDGE_CURVE('',#1991,#2004,#914,.T.);
#2446=EDGE_CURVE('',#2005,#1987,#915,.T.);
#2447=EDGE_CURVE('',#2004,#2005,#916,.T.);
#2448=EDGE_CURVE('',#2006,#2007,#917,.T.);
#2449=EDGE_CURVE('',#2008,#2007,#918,.T.);
#2450=EDGE_CURVE('',#2008,#2009,#919,.T.);
#2451=EDGE_CURVE('',#2010,#2009,#920,.T.);
#2452=EDGE_CURVE('',#2010,#2011,#921,.T.);
#2453=EDGE_CURVE('',#2012,#2011,#922,.T.);
#2454=EDGE_CURVE('',#2012,#2013,#923,.T.);
#2455=EDGE_CURVE('',#2014,#2013,#924,.T.);
#2456=EDGE_CURVE('',#2014,#2015,#925,.T.);
#2457=EDGE_CURVE('',#2016,#2015,#926,.T.);
#2458=EDGE_CURVE('',#2016,#1998,#927,.T.);
#2459=EDGE_CURVE('',#2017,#1999,#928,.T.);
#2460=EDGE_CURVE('',#2018,#2017,#929,.T.);
#2461=EDGE_CURVE('',#2018,#2019,#930,.T.);
#2462=EDGE_CURVE('',#2006,#2019,#931,.T.);
#2463=EDGE_CURVE('',#2020,#2021,#932,.T.);
#2464=EDGE_CURVE('',#2017,#2021,#933,.T.);
#2465=EDGE_CURVE('',#2022,#2001,#934,.T.);
#2466=EDGE_CURVE('',#2023,#2022,#935,.T.);
#2467=EDGE_CURVE('',#2023,#2024,#936,.T.);
#2468=EDGE_CURVE('',#2020,#2024,#937,.T.);
#2469=EDGE_CURVE('',#2004,#2025,#117,.T.);
#2470=EDGE_CURVE('',#2025,#2026,#938,.T.);
#2471=EDGE_CURVE('',#2027,#2026,#1865,.T.);
#2472=EDGE_CURVE('',#2028,#2027,#939,.T.);
#2473=EDGE_CURVE('',#2028,#2003,#118,.T.);
#2474=EDGE_CURVE('',#1995,#2029,#119,.T.);
#2475=EDGE_CURVE('',#2029,#2030,#940,.T.);
#2476=EDGE_CURVE('',#2031,#2030,#1866,.T.);
#2477=EDGE_CURVE('',#2032,#2031,#941,.T.);
#2478=EDGE_CURVE('',#2032,#2005,#120,.T.);
#2479=EDGE_CURVE('',#2020,#2024,#121,.T.);
#2480=EDGE_CURVE('',#2025,#2032,#942,.T.);
#2481=EDGE_CURVE('',#2033,#1994,#122,.T.);
#2482=EDGE_CURVE('',#2029,#2033,#943,.T.);
#2483=EDGE_CURVE('',#2034,#1978,#123,.T.);
#2484=EDGE_CURVE('',#2035,#2034,#944,.T.);
#2485=EDGE_CURVE('',#1980,#2035,#124,.T.);
#2486=EDGE_CURVE('',#2036,#2028,#945,.T.);
#2487=EDGE_CURVE('',#2002,#2036,#125,.T.);
#2488=EDGE_CURVE('',#2037,#2038,#946,.T.);
#2489=EDGE_CURVE('',#2037,#2038,#126,.T.);
#2490=EDGE_CURVE('',#2006,#2019,#127,.T.);
#2491=EDGE_CURVE('',#2014,#2013,#128,.T.);
#2492=EDGE_CURVE('',#2010,#2009,#129,.T.);
#2493=EDGE_CURVE('',#2039,#2039,#130,.T.);
#2494=EDGE_CURVE('',#2040,#2040,#131,.T.);
#2495=EDGE_CURVE('',#2007,#2018,#1867,.T.);
#2496=EDGE_CURVE('',#2021,#2023,#1868,.T.);
#2497=EDGE_CURVE('',#1920,#2041,#947,.T.);
#2498=EDGE_CURVE('',#2041,#2042,#948,.T.);
#2499=EDGE_CURVE('',#2042,#2043,#949,.T.);
#2500=EDGE_CURVE('',#2043,#2044,#950,.T.);
#2501=EDGE_CURVE('',#2044,#2045,#951,.T.);
#2502=EDGE_CURVE('',#2045,#2046,#952,.T.);
#2503=EDGE_CURVE('',#2022,#2046,#953,.T.);
#2504=EDGE_CURVE('',#2047,#2000,#954,.T.);
#2505=EDGE_CURVE('',#2048,#2047,#955,.T.);
#2506=EDGE_CURVE('',#2048,#2049,#956,.T.);
#2507=EDGE_CURVE('',#2049,#2050,#957,.T.);
#2508=EDGE_CURVE('',#2050,#2051,#958,.T.);
#2509=EDGE_CURVE('',#2051,#1923,#959,.T.);
#2510=EDGE_CURVE('',#2035,#2052,#960,.T.);
#2511=EDGE_CURVE('',#2053,#2052,#1869,.T.);
#2512=EDGE_CURVE('',#2033,#2053,#961,.T.);
#2513=EDGE_CURVE('',#2034,#2054,#962,.T.);
#2514=EDGE_CURVE('',#2054,#2052,#963,.T.);
#2515=EDGE_CURVE('',#2036,#2055,#964,.T.);
#2516=EDGE_CURVE('',#2054,#2055,#1870,.T.);
#2517=EDGE_CURVE('',#2027,#2055,#965,.T.);
#2518=EDGE_CURVE('',#1968,#2056,#966,.T.);
#2519=EDGE_CURVE('',#2057,#1967,#967,.T.);
#2520=EDGE_CURVE('',#2057,#2058,#968,.T.);
#2521=EDGE_CURVE('',#2059,#2058,#969,.T.);
#2522=EDGE_CURVE('',#2060,#2059,#970,.T.);
#2523=EDGE_CURVE('',#2061,#2060,#971,.T.);
#2524=EDGE_CURVE('',#2056,#2061,#972,.T.);
#2525=EDGE_CURVE('',#2058,#2062,#973,.T.);
#2526=EDGE_CURVE('',#2063,#2057,#974,.T.);
#2527=EDGE_CURVE('',#2062,#2063,#975,.T.);
#2528=EDGE_CURVE('',#1961,#2064,#976,.T.);
#2529=EDGE_CURVE('',#2063,#2064,#977,.T.);
#2530=EDGE_CURVE('',#2065,#1966,#978,.T.);
#2531=EDGE_CURVE('',#2066,#2065,#979,.T.);
#2532=EDGE_CURVE('',#2064,#2066,#980,.T.);
#2533=EDGE_CURVE('',#2051,#2061,#981,.T.);
#2534=EDGE_CURVE('',#2056,#2050,#982,.T.);
#2535=EDGE_CURVE('',#2060,#2041,#983,.T.);
#2536=EDGE_CURVE('',#1925,#1922,#984,.T.);
#2537=EDGE_CURVE('',#2042,#2059,#985,.T.);
#2538=EDGE_CURVE('',#2062,#2067,#986,.T.);
#2539=EDGE_CURVE('',#2067,#2043,#987,.T.);
#2540=EDGE_CURVE('',#2068,#2066,#988,.T.);
#2541=EDGE_CURVE('',#2069,#2068,#989,.T.);
#2542=EDGE_CURVE('',#2069,#2070,#990,.T.);
#2543=EDGE_CURVE('',#2070,#2067,#991,.T.);
#2544=EDGE_CURVE('',#2071,#2072,#992,.T.);
#2545=EDGE_CURVE('',#2073,#2071,#993,.T.);
#2546=EDGE_CURVE('',#2074,#2073,#994,.T.);
#2547=EDGE_CURVE('',#2072,#2074,#995,.T.);
#2548=EDGE_CURVE('',#2075,#2076,#996,.T.);
#2549=EDGE_CURVE('',#2077,#2075,#997,.T.);
#2550=EDGE_CURVE('',#2077,#2078,#998,.T.);
#2551=EDGE_CURVE('',#2076,#2078,#999,.T.);
#2552=EDGE_CURVE('',#2079,#2071,#1871,.T.);
#2553=EDGE_CURVE('',#2079,#2045,#1000,.T.);
#2554=EDGE_CURVE('',#2044,#2080,#1001,.T.);
#2555=EDGE_CURVE('',#2080,#2081,#1002,.T.);
#2556=EDGE_CURVE('',#2081,#2082,#1003,.T.);
#2557=EDGE_CURVE('',#2082,#2073,#1004,.T.);
#2558=EDGE_CURVE('',#2074,#2083,#1005,.T.);
#2559=EDGE_CURVE('',#2083,#2082,#1006,.T.);
#2560=EDGE_CURVE('',#2083,#2084,#1007,.T.);
#2561=EDGE_CURVE('',#2084,#2081,#1008,.T.);
#2562=EDGE_CURVE('',#2076,#2085,#1872,.T.);
#2563=EDGE_CURVE('',#2078,#2086,#1009,.T.);
#2564=EDGE_CURVE('',#2086,#2085,#1010,.T.);
#2565=EDGE_CURVE('',#2040,#2087,#1011,.T.);
#2566=EDGE_CURVE('',#2087,#2075,#1873,.T.);
#2567=EDGE_CURVE('',#2085,#2088,#1012,.T.);
#2568=EDGE_CURVE('',#2089,#2088,#1874,.T.);
#2569=EDGE_CURVE('',#2089,#2079,#1013,.T.);
#2570=EDGE_CURVE('',#2072,#2087,#1875,.T.);
#2571=EDGE_CURVE('',#2090,#2086,#1014,.T.);
#2572=EDGE_CURVE('',#2090,#2091,#1015,.T.);
#2573=EDGE_CURVE('',#2092,#2091,#18,.T.);
#2574=EDGE_CURVE('',#2088,#2092,#1016,.T.);
#2575=EDGE_CURVE('',#2046,#2089,#1017,.T.);
#2576=EDGE_CURVE('',#2070,#2093,#1018,.T.);
#2577=EDGE_CURVE('',#2093,#2080,#1019,.T.);
#2578=EDGE_CURVE('',#2093,#2090,#1020,.T.);
#2579=EDGE_CURVE('',#2084,#2077,#1021,.T.);
#2580=EDGE_CURVE('',#2053,#2030,#1022,.T.);
#2581=EDGE_CURVE('',#2031,#2026,#1023,.T.);
#2582=EDGE_CURVE('',#2094,#2069,#1024,.T.);
#2583=EDGE_CURVE('',#2094,#2091,#19,.T.);
#2584=EDGE_CURVE('',#2094,#2095,#20,.T.);
#2585=EDGE_CURVE('',#2092,#2095,#21,.T.);
#2586=EDGE_CURVE('',#2049,#2096,#1025,.T.);
#2587=EDGE_CURVE('',#1969,#2096,#1876,.T.);
#2588=EDGE_CURVE('',#2097,#2065,#1877,.T.);
#2589=EDGE_CURVE('',#2097,#2068,#1026,.T.);
#2590=EDGE_CURVE('',#2098,#2097,#1027,.T.);
#2591=EDGE_CURVE('',#2095,#2098,#1028,.T.);
#2592=EDGE_CURVE('',#2099,#2048,#1029,.T.);
#2593=EDGE_CURVE('',#2096,#2099,#1030,.T.);
#2594=EDGE_CURVE('',#2039,#2100,#1031,.T.);
#2595=EDGE_CURVE('',#2098,#2100,#1878,.T.);
#2596=EDGE_CURVE('',#2100,#2099,#1879,.T.);
#2597=EDGE_CURVE('',#2047,#2101,#1032,.T.);
#2598=EDGE_CURVE('',#2101,#2102,#1880,.T.);
#2599=EDGE_CURVE('',#2102,#2016,#1033,.T.);
#2600=EDGE_CURVE('',#2015,#2012,#1881,.T.);
#2601=EDGE_CURVE('',#2011,#2008,#1882,.T.);
#2602=EDGE_CURVE('',#2102,#2038,#1034,.T.);
#2603=EDGE_CURVE('',#2037,#2101,#1035,.T.);
#2604=EDGE_CURVE('',#2103,#2104,#1036,.T.);
#2605=EDGE_CURVE('',#2105,#2103,#1037,.T.);
#2606=EDGE_CURVE('',#2106,#2105,#1038,.T.);
#2607=EDGE_CURVE('',#2104,#2106,#1039,.T.);
#2608=EDGE_CURVE('',#2107,#2108,#1040,.T.);
#2609=EDGE_CURVE('',#2107,#2109,#1041,.T.);
#2610=EDGE_CURVE('',#2110,#2109,#1042,.T.);
#2611=EDGE_CURVE('',#2108,#2110,#1043,.T.);
#2612=EDGE_CURVE('',#2111,#2112,#1044,.T.);
#2613=EDGE_CURVE('',#2111,#2113,#1045,.T.);
#2614=EDGE_CURVE('',#2114,#2113,#1046,.T.);
#2615=EDGE_CURVE('',#2112,#2114,#1047,.T.);
#2616=EDGE_CURVE('',#2104,#2111,#1048,.T.);
#2617=EDGE_CURVE('',#2113,#2106,#1049,.T.);
#2618=EDGE_CURVE('',#2112,#2107,#1050,.T.);
#2619=EDGE_CURVE('',#2109,#2114,#1051,.T.);
#2620=EDGE_CURVE('',#2115,#2116,#1052,.T.);
#2621=EDGE_CURVE('',#2117,#2115,#1053,.T.);
#2622=EDGE_CURVE('',#2118,#2117,#1054,.T.);
#2623=EDGE_CURVE('',#2116,#2118,#1055,.T.);
#2624=EDGE_CURVE('',#2119,#2120,#1056,.T.);
#2625=EDGE_CURVE('',#2119,#2121,#1057,.T.);
#2626=EDGE_CURVE('',#2122,#2121,#1058,.T.);
#2627=EDGE_CURVE('',#2120,#2122,#1059,.T.);
#2628=EDGE_CURVE('',#2123,#2124,#1060,.T.);
#2629=EDGE_CURVE('',#2123,#2125,#1061,.T.);
#2630=EDGE_CURVE('',#2126,#2125,#1062,.T.);
#2631=EDGE_CURVE('',#2124,#2126,#1063,.T.);
#2632=EDGE_CURVE('',#2116,#2123,#1064,.T.);
#2633=EDGE_CURVE('',#2125,#2118,#1065,.T.);
#2634=EDGE_CURVE('',#2124,#2119,#1066,.T.);
#2635=EDGE_CURVE('',#2121,#2126,#1067,.T.);
#2636=EDGE_CURVE('',#2105,#2110,#1883,.T.);
#2637=EDGE_CURVE('',#2108,#2103,#1884,.T.);
#2638=EDGE_CURVE('',#2117,#2122,#1885,.T.);
#2639=EDGE_CURVE('',#2120,#2115,#1886,.T.);
#2640=EDGE_CURVE('',#2127,#2128,#1068,.T.);
#2641=EDGE_CURVE('',#2127,#2129,#1069,.T.);
#2642=EDGE_CURVE('',#2129,#2130,#1070,.T.);
#2643=EDGE_CURVE('',#2128,#2130,#1071,.T.);
#2644=EDGE_CURVE('',#2131,#2132,#1072,.T.);
#2645=EDGE_CURVE('',#2131,#2133,#1073,.T.);
#2646=EDGE_CURVE('',#2133,#2134,#1074,.T.);
#2647=EDGE_CURVE('',#2132,#2134,#1075,.T.);
#2648=EDGE_CURVE('',#2128,#2135,#1076,.T.);
#2649=EDGE_CURVE('',#2130,#2136,#1077,.T.);
#2650=EDGE_CURVE('',#2135,#2136,#1078,.T.);
#2651=EDGE_CURVE('',#2137,#2127,#1079,.T.);
#2652=EDGE_CURVE('',#2137,#2138,#1080,.T.);
#2653=EDGE_CURVE('',#2138,#2129,#1081,.T.);
#2654=EDGE_CURVE('',#2132,#2137,#1082,.T.);
#2655=EDGE_CURVE('',#2134,#2138,#1083,.T.);
#2656=EDGE_CURVE('',#2136,#2133,#1084,.T.);
#2657=EDGE_CURVE('',#2139,#2140,#1085,.T.);
#2658=EDGE_CURVE('',#2139,#2141,#1086,.T.);
#2659=EDGE_CURVE('',#2141,#2142,#1087,.T.);
#2660=EDGE_CURVE('',#2140,#2142,#1088,.T.);
#2661=EDGE_CURVE('',#2140,#2143,#1089,.T.);
#2662=EDGE_CURVE('',#2142,#2144,#1090,.T.);
#2663=EDGE_CURVE('',#2143,#2144,#1091,.T.);
#2664=EDGE_CURVE('',#2143,#2145,#1092,.T.);
#2665=EDGE_CURVE('',#2144,#2146,#1093,.T.);
#2666=EDGE_CURVE('',#2145,#2146,#1094,.T.);
#2667=EDGE_CURVE('',#2147,#2139,#1095,.T.);
#2668=EDGE_CURVE('',#2147,#2148,#1096,.T.);
#2669=EDGE_CURVE('',#2148,#2141,#1097,.T.);
#2670=EDGE_CURVE('',#2149,#2147,#1098,.T.);
#2671=EDGE_CURVE('',#2149,#2150,#1099,.T.);
#2672=EDGE_CURVE('',#2150,#2148,#1100,.T.);
#2673=EDGE_CURVE('',#2146,#2150,#1101,.T.);
#2674=EDGE_CURVE('',#2133,#2151,#1102,.T.);
#2675=EDGE_CURVE('',#2152,#2151,#1103,.T.);
#2676=EDGE_CURVE('',#2136,#2152,#1104,.T.);
#2677=EDGE_CURVE('',#2153,#2154,#1887,.T.);
#2678=EDGE_CURVE('',#2155,#2153,#1105,.T.);
#2679=EDGE_CURVE('',#2156,#2155,#1888,.T.);
#2680=EDGE_CURVE('',#2156,#2154,#1106,.T.);
#2681=EDGE_CURVE('',#2157,#2158,#1889,.T.);
#2682=EDGE_CURVE('',#2159,#2157,#1107,.T.);
#2683=EDGE_CURVE('',#2160,#2159,#1890,.T.);
#2684=EDGE_CURVE('',#2160,#2158,#1108,.T.);
#2685=EDGE_CURVE('',#2161,#2161,#1891,.T.);
#2686=EDGE_CURVE('',#2161,#2162,#1109,.T.);
#2687=EDGE_CURVE('',#2162,#2162,#1892,.T.);
#2688=EDGE_CURVE('',#2163,#2163,#1893,.T.);
#2689=EDGE_CURVE('',#2163,#2164,#1110,.T.);
#2690=EDGE_CURVE('',#2164,#2164,#1894,.T.);
#2691=EDGE_CURVE('',#2165,#2165,#1895,.T.);
#2692=EDGE_CURVE('',#2165,#2166,#1111,.T.);
#2693=EDGE_CURVE('',#2166,#2166,#1896,.T.);
#2694=EDGE_CURVE('',#2167,#2167,#1897,.T.);
#2695=EDGE_CURVE('',#2167,#2168,#1112,.T.);
#2696=EDGE_CURVE('',#2168,#2168,#1898,.T.);
#2697=EDGE_CURVE('',#2169,#2170,#1113,.T.);
#2698=EDGE_CURVE('',#2169,#2171,#1114,.T.);
#2699=EDGE_CURVE('',#2172,#2171,#1115,.T.);
#2700=EDGE_CURVE('',#2170,#2172,#1116,.T.);
#2701=EDGE_CURVE('',#2170,#2173,#1117,.T.);
#2702=EDGE_CURVE('',#2174,#2172,#1118,.T.);
#2703=EDGE_CURVE('',#2173,#2174,#1119,.T.);
#2704=EDGE_CURVE('',#2173,#2175,#1120,.T.);
#2705=EDGE_CURVE('',#2176,#2174,#1121,.T.);
#2706=EDGE_CURVE('',#2175,#2176,#1122,.T.);
#2707=EDGE_CURVE('',#2175,#2169,#1123,.T.);
#2708=EDGE_CURVE('',#2171,#2176,#1124,.T.);
#2709=EDGE_CURVE('',#2177,#2178,#1125,.T.);
#2710=EDGE_CURVE('',#2177,#2179,#1126,.T.);
#2711=EDGE_CURVE('',#2180,#2179,#1127,.T.);
#2712=EDGE_CURVE('',#2178,#2180,#1128,.T.);
#2713=EDGE_CURVE('',#2178,#2181,#1129,.T.);
#2714=EDGE_CURVE('',#2182,#2180,#1130,.T.);
#2715=EDGE_CURVE('',#2181,#2182,#1131,.T.);
#2716=EDGE_CURVE('',#2181,#2183,#1132,.T.);
#2717=EDGE_CURVE('',#2184,#2182,#1133,.T.);
#2718=EDGE_CURVE('',#2183,#2184,#1134,.T.);
#2719=EDGE_CURVE('',#2183,#2177,#1135,.T.);
#2720=EDGE_CURVE('',#2179,#2184,#1136,.T.);
#2721=EDGE_CURVE('',#2185,#2186,#1137,.T.);
#2722=EDGE_CURVE('',#2185,#2187,#1138,.T.);
#2723=EDGE_CURVE('',#2188,#2187,#1139,.T.);
#2724=EDGE_CURVE('',#2186,#2188,#1140,.T.);
#2725=EDGE_CURVE('',#2186,#2189,#1141,.T.);
#2726=EDGE_CURVE('',#2190,#2188,#1142,.T.);
#2727=EDGE_CURVE('',#2189,#2190,#1143,.T.);
#2728=EDGE_CURVE('',#2189,#2191,#1144,.T.);
#2729=EDGE_CURVE('',#2192,#2190,#1145,.T.);
#2730=EDGE_CURVE('',#2191,#2192,#1146,.T.);
#2731=EDGE_CURVE('',#2191,#2185,#1147,.T.);
#2732=EDGE_CURVE('',#2187,#2192,#1148,.T.);
#2733=EDGE_CURVE('',#2193,#2194,#1149,.T.);
#2734=EDGE_CURVE('',#2193,#2195,#1150,.T.);
#2735=EDGE_CURVE('',#2196,#2195,#1151,.T.);
#2736=EDGE_CURVE('',#2194,#2196,#1152,.T.);
#2737=EDGE_CURVE('',#2194,#2197,#1153,.T.);
#2738=EDGE_CURVE('',#2198,#2196,#1154,.T.);
#2739=EDGE_CURVE('',#2197,#2198,#1155,.T.);
#2740=EDGE_CURVE('',#2197,#2199,#1156,.T.);
#2741=EDGE_CURVE('',#2200,#2198,#1157,.T.);
#2742=EDGE_CURVE('',#2199,#2200,#1158,.T.);
#2743=EDGE_CURVE('',#2199,#2193,#1159,.T.);
#2744=EDGE_CURVE('',#2195,#2200,#1160,.T.);
#2745=EDGE_CURVE('',#2201,#2202,#1161,.T.);
#2746=EDGE_CURVE('',#2201,#2203,#1162,.T.);
#2747=EDGE_CURVE('',#2204,#2203,#1163,.T.);
#2748=EDGE_CURVE('',#2202,#2204,#1164,.T.);
#2749=EDGE_CURVE('',#2202,#2205,#1165,.T.);
#2750=EDGE_CURVE('',#2206,#2204,#1166,.T.);
#2751=EDGE_CURVE('',#2205,#2206,#1167,.T.);
#2752=EDGE_CURVE('',#2205,#2207,#1168,.T.);
#2753=EDGE_CURVE('',#2208,#2206,#1169,.T.);
#2754=EDGE_CURVE('',#2207,#2208,#1170,.T.);
#2755=EDGE_CURVE('',#2207,#2201,#1171,.T.);
#2756=EDGE_CURVE('',#2203,#2208,#1172,.T.);
#2757=EDGE_CURVE('',#2209,#2210,#1173,.T.);
#2758=EDGE_CURVE('',#2209,#2211,#1174,.T.);
#2759=EDGE_CURVE('',#2212,#2211,#1175,.T.);
#2760=EDGE_CURVE('',#2210,#2212,#1176,.T.);
#2761=EDGE_CURVE('',#2210,#2213,#1177,.T.);
#2762=EDGE_CURVE('',#2214,#2212,#1178,.T.);
#2763=EDGE_CURVE('',#2213,#2214,#1179,.T.);
#2764=EDGE_CURVE('',#2213,#2215,#1180,.T.);
#2765=EDGE_CURVE('',#2216,#2214,#1181,.T.);
#2766=EDGE_CURVE('',#2215,#2216,#1182,.T.);
#2767=EDGE_CURVE('',#2215,#2209,#1183,.T.);
#2768=EDGE_CURVE('',#2211,#2216,#1184,.T.);
#2769=EDGE_CURVE('',#2217,#2218,#1185,.T.);
#2770=EDGE_CURVE('',#2217,#2219,#1186,.T.);
#2771=EDGE_CURVE('',#2220,#2219,#1187,.T.);
#2772=EDGE_CURVE('',#2218,#2220,#1188,.T.);
#2773=EDGE_CURVE('',#2218,#2221,#1189,.T.);
#2774=EDGE_CURVE('',#2222,#2220,#1190,.T.);
#2775=EDGE_CURVE('',#2221,#2222,#1191,.T.);
#2776=EDGE_CURVE('',#2221,#2223,#1192,.T.);
#2777=EDGE_CURVE('',#2224,#2222,#1193,.T.);
#2778=EDGE_CURVE('',#2223,#2224,#1194,.T.);
#2779=EDGE_CURVE('',#2223,#2217,#1195,.T.);
#2780=EDGE_CURVE('',#2219,#2224,#1196,.T.);
#2781=EDGE_CURVE('',#2225,#2226,#1197,.T.);
#2782=EDGE_CURVE('',#2225,#2227,#1198,.T.);
#2783=EDGE_CURVE('',#2228,#2227,#1199,.T.);
#2784=EDGE_CURVE('',#2226,#2228,#1200,.T.);
#2785=EDGE_CURVE('',#2226,#2229,#1201,.T.);
#2786=EDGE_CURVE('',#2230,#2228,#1202,.T.);
#2787=EDGE_CURVE('',#2229,#2230,#1203,.T.);
#2788=EDGE_CURVE('',#2229,#2231,#1204,.T.);
#2789=EDGE_CURVE('',#2232,#2230,#1205,.T.);
#2790=EDGE_CURVE('',#2231,#2232,#1206,.T.);
#2791=EDGE_CURVE('',#2231,#2225,#1207,.T.);
#2792=EDGE_CURVE('',#2227,#2232,#1208,.T.);
#2793=EDGE_CURVE('',#2233,#2234,#1209,.T.);
#2794=EDGE_CURVE('',#2233,#2235,#1210,.T.);
#2795=EDGE_CURVE('',#2236,#2235,#1211,.T.);
#2796=EDGE_CURVE('',#2234,#2236,#1212,.T.);
#2797=EDGE_CURVE('',#2234,#2237,#1213,.T.);
#2798=EDGE_CURVE('',#2238,#2236,#1214,.T.);
#2799=EDGE_CURVE('',#2237,#2238,#1215,.T.);
#2800=EDGE_CURVE('',#2237,#2239,#1216,.T.);
#2801=EDGE_CURVE('',#2240,#2238,#1217,.T.);
#2802=EDGE_CURVE('',#2239,#2240,#1218,.T.);
#2803=EDGE_CURVE('',#2239,#2233,#1219,.T.);
#2804=EDGE_CURVE('',#2235,#2240,#1220,.T.);
#2805=EDGE_CURVE('',#2241,#2242,#1221,.T.);
#2806=EDGE_CURVE('',#2241,#2243,#1222,.T.);
#2807=EDGE_CURVE('',#2244,#2243,#1223,.T.);
#2808=EDGE_CURVE('',#2242,#2244,#1224,.T.);
#2809=EDGE_CURVE('',#2242,#2245,#1225,.T.);
#2810=EDGE_CURVE('',#2246,#2244,#1226,.T.);
#2811=EDGE_CURVE('',#2245,#2246,#1227,.T.);
#2812=EDGE_CURVE('',#2245,#2247,#1228,.T.);
#2813=EDGE_CURVE('',#2248,#2246,#1229,.T.);
#2814=EDGE_CURVE('',#2247,#2248,#1230,.T.);
#2815=EDGE_CURVE('',#2247,#2241,#1231,.T.);
#2816=EDGE_CURVE('',#2243,#2248,#1232,.T.);
#2817=EDGE_CURVE('',#2249,#2250,#1233,.T.);
#2818=EDGE_CURVE('',#2249,#2251,#1234,.T.);
#2819=EDGE_CURVE('',#2252,#2251,#1235,.T.);
#2820=EDGE_CURVE('',#2250,#2252,#1236,.T.);
#2821=EDGE_CURVE('',#2250,#2253,#1237,.T.);
#2822=EDGE_CURVE('',#2254,#2252,#1238,.T.);
#2823=EDGE_CURVE('',#2253,#2254,#1239,.T.);
#2824=EDGE_CURVE('',#2253,#2255,#1240,.T.);
#2825=EDGE_CURVE('',#2256,#2254,#1241,.T.);
#2826=EDGE_CURVE('',#2255,#2256,#1242,.T.);
#2827=EDGE_CURVE('',#2255,#2249,#1243,.T.);
#2828=EDGE_CURVE('',#2251,#2256,#1244,.T.);
#2829=EDGE_CURVE('',#2257,#2258,#1245,.T.);
#2830=EDGE_CURVE('',#2257,#2259,#1246,.T.);
#2831=EDGE_CURVE('',#2260,#2259,#1247,.T.);
#2832=EDGE_CURVE('',#2258,#2260,#1248,.T.);
#2833=EDGE_CURVE('',#2258,#2261,#1249,.T.);
#2834=EDGE_CURVE('',#2262,#2260,#1250,.T.);
#2835=EDGE_CURVE('',#2261,#2262,#1251,.T.);
#2836=EDGE_CURVE('',#2261,#2263,#1252,.T.);
#2837=EDGE_CURVE('',#2264,#2262,#1253,.T.);
#2838=EDGE_CURVE('',#2263,#2264,#1254,.T.);
#2839=EDGE_CURVE('',#2263,#2257,#1255,.T.);
#2840=EDGE_CURVE('',#2259,#2264,#1256,.T.);
#2841=EDGE_CURVE('',#2265,#2266,#1257,.T.);
#2842=EDGE_CURVE('',#2265,#2267,#1258,.T.);
#2843=EDGE_CURVE('',#2268,#2267,#1259,.T.);
#2844=EDGE_CURVE('',#2266,#2268,#1260,.T.);
#2845=EDGE_CURVE('',#2266,#2269,#1261,.T.);
#2846=EDGE_CURVE('',#2270,#2268,#1262,.T.);
#2847=EDGE_CURVE('',#2269,#2270,#1263,.T.);
#2848=EDGE_CURVE('',#2269,#2271,#1264,.T.);
#2849=EDGE_CURVE('',#2272,#2270,#1265,.T.);
#2850=EDGE_CURVE('',#2271,#2272,#1266,.T.);
#2851=EDGE_CURVE('',#2271,#2265,#1267,.T.);
#2852=EDGE_CURVE('',#2267,#2272,#1268,.T.);
#2853=EDGE_CURVE('',#2273,#2274,#1269,.T.);
#2854=EDGE_CURVE('',#2273,#2275,#1270,.T.);
#2855=EDGE_CURVE('',#2276,#2275,#1271,.T.);
#2856=EDGE_CURVE('',#2274,#2276,#1272,.T.);
#2857=EDGE_CURVE('',#2274,#2277,#1273,.T.);
#2858=EDGE_CURVE('',#2278,#2276,#1274,.T.);
#2859=EDGE_CURVE('',#2277,#2278,#1275,.T.);
#2860=EDGE_CURVE('',#2277,#2279,#1276,.T.);
#2861=EDGE_CURVE('',#2280,#2278,#1277,.T.);
#2862=EDGE_CURVE('',#2279,#2280,#1278,.T.);
#2863=EDGE_CURVE('',#2279,#2273,#1279,.T.);
#2864=EDGE_CURVE('',#2275,#2280,#1280,.T.);
#2865=EDGE_CURVE('',#2281,#2282,#1281,.T.);
#2866=EDGE_CURVE('',#2281,#2283,#1282,.T.);
#2867=EDGE_CURVE('',#2284,#2283,#1283,.T.);
#2868=EDGE_CURVE('',#2282,#2284,#1284,.T.);
#2869=EDGE_CURVE('',#2282,#2285,#1285,.T.);
#2870=EDGE_CURVE('',#2286,#2284,#1286,.T.);
#2871=EDGE_CURVE('',#2285,#2286,#1287,.T.);
#2872=EDGE_CURVE('',#2285,#2287,#1288,.T.);
#2873=EDGE_CURVE('',#2288,#2286,#1289,.T.);
#2874=EDGE_CURVE('',#2287,#2288,#1290,.T.);
#2875=EDGE_CURVE('',#2287,#2281,#1291,.T.);
#2876=EDGE_CURVE('',#2283,#2288,#1292,.T.);
#2877=EDGE_CURVE('',#2289,#2290,#1293,.T.);
#2878=EDGE_CURVE('',#2289,#2291,#1294,.T.);
#2879=EDGE_CURVE('',#2292,#2291,#1295,.T.);
#2880=EDGE_CURVE('',#2290,#2292,#1296,.T.);
#2881=EDGE_CURVE('',#2290,#2293,#1297,.T.);
#2882=EDGE_CURVE('',#2294,#2292,#1298,.T.);
#2883=EDGE_CURVE('',#2293,#2294,#1299,.T.);
#2884=EDGE_CURVE('',#2293,#2295,#1300,.T.);
#2885=EDGE_CURVE('',#2296,#2294,#1301,.T.);
#2886=EDGE_CURVE('',#2295,#2296,#1302,.T.);
#2887=EDGE_CURVE('',#2295,#2289,#1303,.T.);
#2888=EDGE_CURVE('',#2291,#2296,#1304,.T.);
#2889=EDGE_CURVE('',#2297,#2297,#1899,.T.);
#2890=EDGE_CURVE('',#2297,#2298,#1305,.T.);
#2891=EDGE_CURVE('',#2298,#2298,#1900,.T.);
#2892=EDGE_CURVE('',#2299,#2299,#1901,.T.);
#2893=EDGE_CURVE('',#2299,#2300,#1306,.T.);
#2894=EDGE_CURVE('',#2300,#2300,#1902,.T.);
#2895=EDGE_CURVE('',#2301,#2301,#1903,.T.);
#2896=EDGE_CURVE('',#2301,#2302,#1307,.T.);
#2897=EDGE_CURVE('',#2302,#2302,#1904,.T.);
#2898=EDGE_CURVE('',#2135,#2149,#1308,.T.);
#2899=EDGE_CURVE('',#2303,#2152,#1309,.T.);
#2900=EDGE_CURVE('',#2150,#2303,#1310,.T.);
#2901=EDGE_CURVE('',#2304,#2303,#1311,.T.);
#2902=EDGE_CURVE('',#2146,#2304,#1312,.T.);
#2903=EDGE_CURVE('',#2145,#2131,#1313,.T.);
#2904=EDGE_CURVE('',#2151,#2304,#1314,.T.);
#2905=EDGE_CURVE('',#2305,#2306,#1905,.T.);
#2906=EDGE_CURVE('',#2307,#2305,#1315,.T.);
#2907=EDGE_CURVE('',#2308,#2307,#1906,.T.);
#2908=EDGE_CURVE('',#2308,#2306,#1316,.T.);
#2909=EDGE_CURVE('',#2309,#2310,#1907,.T.);
#2910=EDGE_CURVE('',#2311,#2309,#1317,.T.);
#2911=EDGE_CURVE('',#2312,#2311,#1908,.T.);
#2912=EDGE_CURVE('',#2312,#2310,#1318,.T.);
#2913=EDGE_CURVE('',#2155,#2160,#1319,.T.);
#2914=EDGE_CURVE('',#2159,#2308,#1320,.T.);
#2915=EDGE_CURVE('',#2307,#2312,#1321,.T.);
#2916=EDGE_CURVE('',#2311,#2156,#1322,.T.);
#2917=EDGE_CURVE('',#2309,#2154,#1323,.T.);
#2918=EDGE_CURVE('',#2305,#2310,#1324,.T.);
#2919=EDGE_CURVE('',#2157,#2306,#1325,.T.);
#2920=EDGE_CURVE('',#2153,#2158,#1326,.T.);
#2921=ORIENTED_EDGE('',*,*,#2313,.F.);
#2922=ORIENTED_EDGE('',*,*,#2314,.T.);
#2923=ORIENTED_EDGE('',*,*,#2315,.F.);
#2924=ORIENTED_EDGE('',*,*,#2314,.F.);
#2925=ORIENTED_EDGE('',*,*,#2316,.F.);
#2926=ORIENTED_EDGE('',*,*,#2317,.F.);
#2927=ORIENTED_EDGE('',*,*,#2318,.F.);
#2928=ORIENTED_EDGE('',*,*,#2319,.T.);
#2929=ORIENTED_EDGE('',*,*,#2320,.F.);
#2930=ORIENTED_EDGE('',*,*,#2319,.F.);
#2931=ORIENTED_EDGE('',*,*,#2321,.F.);
#2932=ORIENTED_EDGE('',*,*,#2322,.F.);
#2933=ORIENTED_EDGE('',*,*,#2323,.F.);
#2934=ORIENTED_EDGE('',*,*,#2322,.T.);
#2935=ORIENTED_EDGE('',*,*,#2324,.F.);
#2936=ORIENTED_EDGE('',*,*,#2325,.F.);
#2937=ORIENTED_EDGE('',*,*,#2326,.F.);
#2938=ORIENTED_EDGE('',*,*,#2325,.T.);
#2939=ORIENTED_EDGE('',*,*,#2327,.F.);
#2940=ORIENTED_EDGE('',*,*,#2317,.T.);
#2941=ORIENTED_EDGE('',*,*,#2328,.F.);
#2942=ORIENTED_EDGE('',*,*,#2329,.T.);
#2943=ORIENTED_EDGE('',*,*,#2330,.F.);
#2944=ORIENTED_EDGE('',*,*,#2331,.F.);
#2945=ORIENTED_EDGE('',*,*,#2332,.F.);
#2946=ORIENTED_EDGE('',*,*,#2333,.F.);
#2947=ORIENTED_EDGE('',*,*,#2334,.F.);
#2948=ORIENTED_EDGE('',*,*,#2335,.T.);
#2949=ORIENTED_EDGE('',*,*,#2336,.F.);
#2950=ORIENTED_EDGE('',*,*,#2335,.F.);
#2951=ORIENTED_EDGE('',*,*,#2337,.F.);
#2952=ORIENTED_EDGE('',*,*,#2329,.F.);
#2953=ORIENTED_EDGE('',*,*,#2338,.F.);
#2954=ORIENTED_EDGE('',*,*,#2339,.T.);
#2955=ORIENTED_EDGE('',*,*,#2340,.F.);
#2956=ORIENTED_EDGE('',*,*,#2339,.F.);
#2957=ORIENTED_EDGE('',*,*,#2338,.T.);
#2958=ORIENTED_EDGE('',*,*,#2341,.F.);
#2959=ORIENTED_EDGE('',*,*,#2342,.F.);
#2960=ORIENTED_EDGE('',*,*,#2343,.T.);
#2961=ORIENTED_EDGE('',*,*,#2344,.F.);
#2962=ORIENTED_EDGE('',*,*,#2343,.F.);
#2963=ORIENTED_EDGE('',*,*,#2342,.T.);
#2964=ORIENTED_EDGE('',*,*,#2345,.F.);
#2965=ORIENTED_EDGE('',*,*,#2346,.F.);
#2966=ORIENTED_EDGE('',*,*,#2347,.T.);
#2967=ORIENTED_EDGE('',*,*,#2348,.F.);
#2968=ORIENTED_EDGE('',*,*,#2347,.F.);
#2969=ORIENTED_EDGE('',*,*,#2346,.T.);
#2970=ORIENTED_EDGE('',*,*,#2349,.F.);
#2971=ORIENTED_EDGE('',*,*,#2350,.F.);
#2972=ORIENTED_EDGE('',*,*,#2351,.T.);
#2973=ORIENTED_EDGE('',*,*,#2341,.T.);
#2974=ORIENTED_EDGE('',*,*,#2351,.F.);
#2975=ORIENTED_EDGE('',*,*,#2352,.F.);
#2976=ORIENTED_EDGE('',*,*,#2353,.T.);
#2977=ORIENTED_EDGE('',*,*,#2345,.T.);
#2978=ORIENTED_EDGE('',*,*,#2353,.F.);
#2979=ORIENTED_EDGE('',*,*,#2354,.F.);
#2980=ORIENTED_EDGE('',*,*,#2355,.T.);
#2981=ORIENTED_EDGE('',*,*,#2349,.T.);
#2982=ORIENTED_EDGE('',*,*,#2355,.F.);
#2983=ORIENTED_EDGE('',*,*,#2356,.F.);
#2984=ORIENTED_EDGE('',*,*,#2357,.T.);
#2985=ORIENTED_EDGE('',*,*,#2358,.T.);
#2986=ORIENTED_EDGE('',*,*,#2357,.F.);
#2987=ORIENTED_EDGE('',*,*,#2358,.F.);
#2988=ORIENTED_EDGE('',*,*,#2350,.T.);
#2989=ORIENTED_EDGE('',*,*,#2359,.F.);
#2990=ORIENTED_EDGE('',*,*,#2360,.T.);
#2991=ORIENTED_EDGE('',*,*,#2361,.T.);
#2992=ORIENTED_EDGE('',*,*,#2360,.F.);
#2993=ORIENTED_EDGE('',*,*,#2361,.F.);
#2994=ORIENTED_EDGE('',*,*,#2352,.T.);
#2995=ORIENTED_EDGE('',*,*,#2362,.F.);
#2996=ORIENTED_EDGE('',*,*,#2363,.T.);
#2997=ORIENTED_EDGE('',*,*,#2364,.T.);
#2998=ORIENTED_EDGE('',*,*,#2363,.F.);
#2999=ORIENTED_EDGE('',*,*,#2364,.F.);
#3000=ORIENTED_EDGE('',*,*,#2354,.T.);
#3001=ORIENTED_EDGE('',*,*,#2365,.F.);
#3002=ORIENTED_EDGE('',*,*,#2366,.T.);
#3003=ORIENTED_EDGE('',*,*,#2367,.F.);
#3004=ORIENTED_EDGE('',*,*,#2366,.F.);
#3005=ORIENTED_EDGE('',*,*,#2365,.T.);
#3006=ORIENTED_EDGE('',*,*,#2368,.F.);
#3007=ORIENTED_EDGE('',*,*,#2369,.F.);
#3008=ORIENTED_EDGE('',*,*,#2370,.T.);
#3009=ORIENTED_EDGE('',*,*,#2371,.F.);
#3010=ORIENTED_EDGE('',*,*,#2370,.F.);
#3011=ORIENTED_EDGE('',*,*,#2369,.T.);
#3012=ORIENTED_EDGE('',*,*,#2372,.F.);
#3013=ORIENTED_EDGE('',*,*,#2373,.F.);
#3014=ORIENTED_EDGE('',*,*,#2374,.T.);
#3015=ORIENTED_EDGE('',*,*,#2375,.F.);
#3016=ORIENTED_EDGE('',*,*,#2374,.F.);
#3017=ORIENTED_EDGE('',*,*,#2373,.T.);
#3018=ORIENTED_EDGE('',*,*,#2376,.F.);
#3019=ORIENTED_EDGE('',*,*,#2377,.F.);
#3020=ORIENTED_EDGE('',*,*,#2378,.T.);
#3021=ORIENTED_EDGE('',*,*,#2379,.F.);
#3022=ORIENTED_EDGE('',*,*,#2378,.F.);
#3023=ORIENTED_EDGE('',*,*,#2377,.T.);
#3024=ORIENTED_EDGE('',*,*,#2380,.F.);
#3025=ORIENTED_EDGE('',*,*,#2381,.F.);
#3026=ORIENTED_EDGE('',*,*,#2382,.T.);
#3027=ORIENTED_EDGE('',*,*,#2368,.T.);
#3028=ORIENTED_EDGE('',*,*,#2382,.F.);
#3029=ORIENTED_EDGE('',*,*,#2383,.F.);
#3030=ORIENTED_EDGE('',*,*,#2384,.T.);
#3031=ORIENTED_EDGE('',*,*,#2372,.T.);
#3032=ORIENTED_EDGE('',*,*,#2384,.F.);
#3033=ORIENTED_EDGE('',*,*,#2385,.F.);
#3034=ORIENTED_EDGE('',*,*,#2386,.T.);
#3035=ORIENTED_EDGE('',*,*,#2376,.T.);
#3036=ORIENTED_EDGE('',*,*,#2386,.F.);
#3037=ORIENTED_EDGE('',*,*,#2387,.F.);
#3038=ORIENTED_EDGE('',*,*,#2388,.F.);
#3039=ORIENTED_EDGE('',*,*,#2389,.F.);
#3040=ORIENTED_EDGE('',*,*,#2390,.F.);
#3041=ORIENTED_EDGE('',*,*,#2391,.F.);
#3042=ORIENTED_EDGE('',*,*,#2392,.T.);
#3043=ORIENTED_EDGE('',*,*,#2380,.T.);
#3044=ORIENTED_EDGE('',*,*,#2392,.F.);
#3045=ORIENTED_EDGE('',*,*,#2389,.T.);
#3046=ORIENTED_EDGE('',*,*,#2393,.F.);
#3047=ORIENTED_EDGE('',*,*,#2394,.F.);
#3048=ORIENTED_EDGE('',*,*,#2395,.F.);
#3049=ORIENTED_EDGE('',*,*,#2388,.T.);
#3050=ORIENTED_EDGE('',*,*,#2396,.F.);
#3051=ORIENTED_EDGE('',*,*,#2397,.T.);
#3052=ORIENTED_EDGE('',*,*,#2398,.F.);
#3053=ORIENTED_EDGE('',*,*,#2399,.F.);
#3054=ORIENTED_EDGE('',*,*,#2393,.T.);
#3055=ORIENTED_EDGE('',*,*,#2400,.F.);
#3056=ORIENTED_EDGE('',*,*,#2401,.T.);
#3057=ORIENTED_EDGE('',*,*,#2402,.T.);
#3058=ORIENTED_EDGE('',*,*,#2401,.F.);
#3059=ORIENTED_EDGE('',*,*,#2402,.F.);
#3060=ORIENTED_EDGE('',*,*,#2381,.T.);
#3061=ORIENTED_EDGE('',*,*,#2403,.F.);
#3062=ORIENTED_EDGE('',*,*,#2404,.T.);
#3063=ORIENTED_EDGE('',*,*,#2405,.T.);
#3064=ORIENTED_EDGE('',*,*,#2404,.F.);
#3065=ORIENTED_EDGE('',*,*,#2405,.F.);
#3066=ORIENTED_EDGE('',*,*,#2383,.T.);
#3067=ORIENTED_EDGE('',*,*,#2406,.F.);
#3068=ORIENTED_EDGE('',*,*,#2407,.T.);
#3069=ORIENTED_EDGE('',*,*,#2408,.T.);
#3070=ORIENTED_EDGE('',*,*,#2407,.F.);
#3071=ORIENTED_EDGE('',*,*,#2408,.F.);
#3072=ORIENTED_EDGE('',*,*,#2385,.T.);
#3073=ORIENTED_EDGE('',*,*,#2409,.F.);
#3074=ORIENTED_EDGE('',*,*,#2410,.T.);
#3075=ORIENTED_EDGE('',*,*,#2411,.T.);
#3076=ORIENTED_EDGE('',*,*,#2410,.F.);
#3077=ORIENTED_EDGE('',*,*,#2411,.F.);
#3078=ORIENTED_EDGE('',*,*,#2391,.T.);
#3079=ORIENTED_EDGE('',*,*,#2412,.F.);
#3080=ORIENTED_EDGE('',*,*,#2413,.F.);
#3081=ORIENTED_EDGE('',*,*,#2414,.F.);
#3082=ORIENTED_EDGE('',*,*,#2415,.T.);
#3083=ORIENTED_EDGE('',*,*,#2416,.T.);
#3084=ORIENTED_EDGE('',*,*,#2417,.T.);
#3085=ORIENTED_EDGE('',*,*,#2418,.F.);
#3086=ORIENTED_EDGE('',*,*,#2419,.T.);
#3087=ORIENTED_EDGE('',*,*,#2420,.F.);
#3088=ORIENTED_EDGE('',*,*,#2421,.F.);
#3089=ORIENTED_EDGE('',*,*,#2415,.F.);
#3090=ORIENTED_EDGE('',*,*,#2422,.F.);
#3091=ORIENTED_EDGE('',*,*,#2423,.F.);
#3092=ORIENTED_EDGE('',*,*,#2424,.F.);
#3093=ORIENTED_EDGE('',*,*,#2425,.F.);
#3094=ORIENTED_EDGE('',*,*,#2426,.F.);
#3095=ORIENTED_EDGE('',*,*,#2427,.F.);
#3096=ORIENTED_EDGE('',*,*,#2428,.F.);
#3097=ORIENTED_EDGE('',*,*,#2419,.F.);
#3098=ORIENTED_EDGE('',*,*,#2429,.F.);
#3099=ORIENTED_EDGE('',*,*,#2430,.F.);
#3100=ORIENTED_EDGE('',*,*,#2431,.F.);
#3101=ORIENTED_EDGE('',*,*,#2432,.F.);
#3102=ORIENTED_EDGE('',*,*,#2424,.T.);
#3103=ORIENTED_EDGE('',*,*,#2433,.T.);
#3104=ORIENTED_EDGE('',*,*,#2434,.T.);
#3105=ORIENTED_EDGE('',*,*,#2416,.F.);
#3106=ORIENTED_EDGE('',*,*,#2421,.T.);
#3107=ORIENTED_EDGE('',*,*,#2435,.F.);
#3108=ORIENTED_EDGE('',*,*,#2436,.F.);
#3109=ORIENTED_EDGE('',*,*,#2417,.F.);
#3110=ORIENTED_EDGE('',*,*,#2434,.F.);
#3111=ORIENTED_EDGE('',*,*,#2437,.F.);
#3112=ORIENTED_EDGE('',*,*,#2438,.F.);
#3113=ORIENTED_EDGE('',*,*,#2439,.F.);
#3114=ORIENTED_EDGE('',*,*,#2440,.F.);
#3115=ORIENTED_EDGE('',*,*,#2441,.F.);
#3116=ORIENTED_EDGE('',*,*,#2429,.T.);
#3117=ORIENTED_EDGE('',*,*,#2418,.T.);
#3118=ORIENTED_EDGE('',*,*,#2436,.T.);
#3119=ORIENTED_EDGE('',*,*,#2442,.F.);
#3120=ORIENTED_EDGE('',*,*,#2426,.T.);
#3121=ORIENTED_EDGE('',*,*,#2443,.F.);
#3122=ORIENTED_EDGE('',*,*,#2444,.F.);
#3123=ORIENTED_EDGE('',*,*,#2445,.F.);
#3124=ORIENTED_EDGE('',*,*,#2427,.T.);
#3125=ORIENTED_EDGE('',*,*,#2442,.T.);
#3126=ORIENTED_EDGE('',*,*,#2435,.T.);
#3127=ORIENTED_EDGE('',*,*,#2433,.F.);
#3128=ORIENTED_EDGE('',*,*,#2423,.T.);
#3129=ORIENTED_EDGE('',*,*,#2446,.F.);
#3130=ORIENTED_EDGE('',*,*,#2447,.F.);
#3131=ORIENTED_EDGE('',*,*,#2448,.T.);
#3132=ORIENTED_EDGE('',*,*,#2449,.F.);
#3133=ORIENTED_EDGE('',*,*,#2450,.T.);
#3134=ORIENTED_EDGE('',*,*,#2451,.F.);
#3135=ORIENTED_EDGE('',*,*,#2452,.T.);
#3136=ORIENTED_EDGE('',*,*,#2453,.F.);
#3137=ORIENTED_EDGE('',*,*,#2454,.T.);
#3138=ORIENTED_EDGE('',*,*,#2455,.F.);
#3139=ORIENTED_EDGE('',*,*,#2456,.T.);
#3140=ORIENTED_EDGE('',*,*,#2457,.F.);
#3141=ORIENTED_EDGE('',*,*,#2458,.T.);
#3142=ORIENTED_EDGE('',*,*,#2437,.T.);
#3143=ORIENTED_EDGE('',*,*,#2459,.F.);
#3144=ORIENTED_EDGE('',*,*,#2460,.F.);
#3145=ORIENTED_EDGE('',*,*,#2461,.T.);
#3146=ORIENTED_EDGE('',*,*,#2462,.F.);
#3147=ORIENTED_EDGE('',*,*,#2463,.T.);
#3148=ORIENTED_EDGE('',*,*,#2464,.F.);
#3149=ORIENTED_EDGE('',*,*,#2459,.T.);
#3150=ORIENTED_EDGE('',*,*,#2440,.T.);
#3151=ORIENTED_EDGE('',*,*,#2465,.F.);
#3152=ORIENTED_EDGE('',*,*,#2466,.F.);
#3153=ORIENTED_EDGE('',*,*,#2467,.T.);
#3154=ORIENTED_EDGE('',*,*,#2468,.F.);
#3155=ORIENTED_EDGE('',*,*,#2313,.T.);
#3156=ORIENTED_EDGE('',*,*,#2443,.T.);
#3157=ORIENTED_EDGE('',*,*,#2425,.T.);
#3158=ORIENTED_EDGE('',*,*,#2445,.T.);
#3159=ORIENTED_EDGE('',*,*,#2469,.T.);
#3160=ORIENTED_EDGE('',*,*,#2470,.T.);
#3161=ORIENTED_EDGE('',*,*,#2471,.F.);
#3162=ORIENTED_EDGE('',*,*,#2472,.F.);
#3163=ORIENTED_EDGE('',*,*,#2473,.T.);
#3164=ORIENTED_EDGE('',*,*,#2446,.T.);
#3165=ORIENTED_EDGE('',*,*,#2422,.T.);
#3166=ORIENTED_EDGE('',*,*,#2432,.T.);
#3167=ORIENTED_EDGE('',*,*,#2474,.T.);
#3168=ORIENTED_EDGE('',*,*,#2475,.T.);
#3169=ORIENTED_EDGE('',*,*,#2476,.F.);
#3170=ORIENTED_EDGE('',*,*,#2477,.F.);
#3171=ORIENTED_EDGE('',*,*,#2478,.T.);
#3172=ORIENTED_EDGE('',*,*,#2468,.T.);
#3173=ORIENTED_EDGE('',*,*,#2479,.F.);
#3174=ORIENTED_EDGE('',*,*,#2371,.T.);
#3175=ORIENTED_EDGE('',*,*,#2447,.T.);
#3176=ORIENTED_EDGE('',*,*,#2478,.F.);
#3177=ORIENTED_EDGE('',*,*,#2480,.F.);
#3178=ORIENTED_EDGE('',*,*,#2469,.F.);
#3179=ORIENTED_EDGE('',*,*,#2431,.T.);
#3180=ORIENTED_EDGE('',*,*,#2481,.F.);
#3181=ORIENTED_EDGE('',*,*,#2482,.F.);
#3182=ORIENTED_EDGE('',*,*,#2474,.F.);
#3183=ORIENTED_EDGE('',*,*,#2413,.T.);
#3184=ORIENTED_EDGE('',*,*,#2483,.F.);
#3185=ORIENTED_EDGE('',*,*,#2484,.F.);
#3186=ORIENTED_EDGE('',*,*,#2485,.F.);
#3187=ORIENTED_EDGE('',*,*,#2444,.T.);
#3188=ORIENTED_EDGE('',*,*,#2473,.F.);
#3189=ORIENTED_EDGE('',*,*,#2486,.F.);
#3190=ORIENTED_EDGE('',*,*,#2487,.F.);
#3191=ORIENTED_EDGE('',*,*,#2488,.T.);
#3192=ORIENTED_EDGE('',*,*,#2489,.F.);
#3193=ORIENTED_EDGE('',*,*,#2367,.T.);
#3194=ORIENTED_EDGE('',*,*,#2462,.T.);
#3195=ORIENTED_EDGE('',*,*,#2490,.F.);
#3196=ORIENTED_EDGE('',*,*,#2348,.T.);
#3197=ORIENTED_EDGE('',*,*,#2455,.T.);
#3198=ORIENTED_EDGE('',*,*,#2491,.F.);
#3199=ORIENTED_EDGE('',*,*,#2340,.T.);
#3200=ORIENTED_EDGE('',*,*,#2451,.T.);
#3201=ORIENTED_EDGE('',*,*,#2492,.F.);
#3202=ORIENTED_EDGE('',*,*,#2344,.T.);
#3203=ORIENTED_EDGE('',*,*,#2493,.F.);
#3204=ORIENTED_EDGE('',*,*,#2375,.T.);
#3205=ORIENTED_EDGE('',*,*,#2494,.F.);
#3206=ORIENTED_EDGE('',*,*,#2379,.T.);
#3207=ORIENTED_EDGE('',*,*,#2490,.T.);
#3208=ORIENTED_EDGE('',*,*,#2461,.F.);
#3209=ORIENTED_EDGE('',*,*,#2495,.F.);
#3210=ORIENTED_EDGE('',*,*,#2448,.F.);
#3211=ORIENTED_EDGE('',*,*,#2479,.T.);
#3212=ORIENTED_EDGE('',*,*,#2467,.F.);
#3213=ORIENTED_EDGE('',*,*,#2496,.F.);
#3214=ORIENTED_EDGE('',*,*,#2463,.F.);
#3215=ORIENTED_EDGE('',*,*,#2328,.T.);
#3216=ORIENTED_EDGE('',*,*,#2497,.T.);
#3217=ORIENTED_EDGE('',*,*,#2498,.T.);
#3218=ORIENTED_EDGE('',*,*,#2499,.T.);
#3219=ORIENTED_EDGE('',*,*,#2500,.T.);
#3220=ORIENTED_EDGE('',*,*,#2501,.T.);
#3221=ORIENTED_EDGE('',*,*,#2502,.T.);
#3222=ORIENTED_EDGE('',*,*,#2503,.F.);
#3223=ORIENTED_EDGE('',*,*,#2465,.T.);
#3224=ORIENTED_EDGE('',*,*,#2439,.T.);
#3225=ORIENTED_EDGE('',*,*,#2504,.F.);
#3226=ORIENTED_EDGE('',*,*,#2505,.F.);
#3227=ORIENTED_EDGE('',*,*,#2506,.T.);
#3228=ORIENTED_EDGE('',*,*,#2507,.T.);
#3229=ORIENTED_EDGE('',*,*,#2508,.T.);
#3230=ORIENTED_EDGE('',*,*,#2509,.T.);
#3231=ORIENTED_EDGE('',*,*,#2332,.T.);
#3232=ORIENTED_EDGE('',*,*,#2336,.T.);
#3233=ORIENTED_EDGE('',*,*,#2414,.T.);
#3234=ORIENTED_EDGE('',*,*,#2485,.T.);
#3235=ORIENTED_EDGE('',*,*,#2510,.T.);
#3236=ORIENTED_EDGE('',*,*,#2511,.F.);
#3237=ORIENTED_EDGE('',*,*,#2512,.F.);
#3238=ORIENTED_EDGE('',*,*,#2481,.T.);
#3239=ORIENTED_EDGE('',*,*,#2430,.T.);
#3240=ORIENTED_EDGE('',*,*,#2420,.T.);
#3241=ORIENTED_EDGE('',*,*,#2484,.T.);
#3242=ORIENTED_EDGE('',*,*,#2513,.T.);
#3243=ORIENTED_EDGE('',*,*,#2514,.T.);
#3244=ORIENTED_EDGE('',*,*,#2510,.F.);
#3245=ORIENTED_EDGE('',*,*,#2441,.T.);
#3246=ORIENTED_EDGE('',*,*,#2487,.T.);
#3247=ORIENTED_EDGE('',*,*,#2515,.T.);
#3248=ORIENTED_EDGE('',*,*,#2516,.F.);
#3249=ORIENTED_EDGE('',*,*,#2513,.F.);
#3250=ORIENTED_EDGE('',*,*,#2483,.T.);
#3251=ORIENTED_EDGE('',*,*,#2412,.T.);
#3252=ORIENTED_EDGE('',*,*,#2428,.T.);
#3253=ORIENTED_EDGE('',*,*,#2486,.T.);
#3254=ORIENTED_EDGE('',*,*,#2472,.T.);
#3255=ORIENTED_EDGE('',*,*,#2517,.T.);
#3256=ORIENTED_EDGE('',*,*,#2515,.F.);
#3257=ORIENTED_EDGE('',*,*,#2323,.T.);
#3258=ORIENTED_EDGE('',*,*,#2326,.T.);
#3259=ORIENTED_EDGE('',*,*,#2316,.T.);
#3260=ORIENTED_EDGE('',*,*,#2320,.T.);
#3261=ORIENTED_EDGE('',*,*,#2518,.F.);
#3262=ORIENTED_EDGE('',*,*,#2397,.F.);
#3263=ORIENTED_EDGE('',*,*,#2519,.F.);
#3264=ORIENTED_EDGE('',*,*,#2520,.T.);
#3265=ORIENTED_EDGE('',*,*,#2521,.F.);
#3266=ORIENTED_EDGE('',*,*,#2522,.F.);
#3267=ORIENTED_EDGE('',*,*,#2523,.F.);
#3268=ORIENTED_EDGE('',*,*,#2524,.F.);
#3269=ORIENTED_EDGE('',*,*,#2525,.F.);
#3270=ORIENTED_EDGE('',*,*,#2520,.F.);
#3271=ORIENTED_EDGE('',*,*,#2526,.F.);
#3272=ORIENTED_EDGE('',*,*,#2527,.F.);
#3273=ORIENTED_EDGE('',*,*,#2387,.T.);
#3274=ORIENTED_EDGE('',*,*,#2528,.T.);
#3275=ORIENTED_EDGE('',*,*,#2529,.F.);
#3276=ORIENTED_EDGE('',*,*,#2526,.T.);
#3277=ORIENTED_EDGE('',*,*,#2519,.T.);
#3278=ORIENTED_EDGE('',*,*,#2396,.T.);
#3279=ORIENTED_EDGE('',*,*,#2390,.T.);
#3280=ORIENTED_EDGE('',*,*,#2395,.T.);
#3281=ORIENTED_EDGE('',*,*,#2530,.F.);
#3282=ORIENTED_EDGE('',*,*,#2531,.F.);
#3283=ORIENTED_EDGE('',*,*,#2532,.F.);
#3284=ORIENTED_EDGE('',*,*,#2528,.F.);
#3285=ORIENTED_EDGE('',*,*,#2524,.T.);
#3286=ORIENTED_EDGE('',*,*,#2533,.F.);
#3287=ORIENTED_EDGE('',*,*,#2508,.F.);
#3288=ORIENTED_EDGE('',*,*,#2534,.F.);
#3289=ORIENTED_EDGE('',*,*,#2523,.T.);
#3290=ORIENTED_EDGE('',*,*,#2535,.T.);
#3291=ORIENTED_EDGE('',*,*,#2497,.F.);
#3292=ORIENTED_EDGE('',*,*,#2331,.T.);
#3293=ORIENTED_EDGE('',*,*,#2536,.F.);
#3294=ORIENTED_EDGE('',*,*,#2333,.T.);
#3295=ORIENTED_EDGE('',*,*,#2509,.F.);
#3296=ORIENTED_EDGE('',*,*,#2533,.T.);
#3297=ORIENTED_EDGE('',*,*,#2522,.T.);
#3298=ORIENTED_EDGE('',*,*,#2537,.F.);
#3299=ORIENTED_EDGE('',*,*,#2498,.F.);
#3300=ORIENTED_EDGE('',*,*,#2535,.F.);
#3301=ORIENTED_EDGE('',*,*,#2521,.T.);
#3302=ORIENTED_EDGE('',*,*,#2525,.T.);
#3303=ORIENTED_EDGE('',*,*,#2538,.T.);
#3304=ORIENTED_EDGE('',*,*,#2539,.T.);
#3305=ORIENTED_EDGE('',*,*,#2499,.F.);
#3306=ORIENTED_EDGE('',*,*,#2537,.T.);
#3307=ORIENTED_EDGE('',*,*,#2527,.T.);
#3308=ORIENTED_EDGE('',*,*,#2529,.T.);
#3309=ORIENTED_EDGE('',*,*,#2532,.T.);
#3310=ORIENTED_EDGE('',*,*,#2540,.F.);
#3311=ORIENTED_EDGE('',*,*,#2541,.F.);
#3312=ORIENTED_EDGE('',*,*,#2542,.T.);
#3313=ORIENTED_EDGE('',*,*,#2543,.T.);
#3314=ORIENTED_EDGE('',*,*,#2538,.F.);
#3315=ORIENTED_EDGE('',*,*,#2544,.F.);
#3316=ORIENTED_EDGE('',*,*,#2545,.F.);
#3317=ORIENTED_EDGE('',*,*,#2546,.F.);
#3318=ORIENTED_EDGE('',*,*,#2547,.F.);
#3319=ORIENTED_EDGE('',*,*,#2548,.F.);
#3320=ORIENTED_EDGE('',*,*,#2549,.F.);
#3321=ORIENTED_EDGE('',*,*,#2550,.T.);
#3322=ORIENTED_EDGE('',*,*,#2551,.F.);
#3323=ORIENTED_EDGE('',*,*,#2552,.F.);
#3324=ORIENTED_EDGE('',*,*,#2553,.T.);
#3325=ORIENTED_EDGE('',*,*,#2501,.F.);
#3326=ORIENTED_EDGE('',*,*,#2554,.T.);
#3327=ORIENTED_EDGE('',*,*,#2555,.T.);
#3328=ORIENTED_EDGE('',*,*,#2556,.T.);
#3329=ORIENTED_EDGE('',*,*,#2557,.T.);
#3330=ORIENTED_EDGE('',*,*,#2545,.T.);
#3331=ORIENTED_EDGE('',*,*,#2558,.F.);
#3332=ORIENTED_EDGE('',*,*,#2546,.T.);
#3333=ORIENTED_EDGE('',*,*,#2557,.F.);
#3334=ORIENTED_EDGE('',*,*,#2559,.F.);
#3335=ORIENTED_EDGE('',*,*,#2560,.F.);
#3336=ORIENTED_EDGE('',*,*,#2559,.T.);
#3337=ORIENTED_EDGE('',*,*,#2556,.F.);
#3338=ORIENTED_EDGE('',*,*,#2561,.F.);
#3339=ORIENTED_EDGE('',*,*,#2562,.F.);
#3340=ORIENTED_EDGE('',*,*,#2551,.T.);
#3341=ORIENTED_EDGE('',*,*,#2563,.T.);
#3342=ORIENTED_EDGE('',*,*,#2564,.T.);
#3343=ORIENTED_EDGE('',*,*,#2494,.T.);
#3344=ORIENTED_EDGE('',*,*,#2565,.T.);
#3345=ORIENTED_EDGE('',*,*,#2566,.T.);
#3346=ORIENTED_EDGE('',*,*,#2548,.T.);
#3347=ORIENTED_EDGE('',*,*,#2562,.T.);
#3348=ORIENTED_EDGE('',*,*,#2567,.T.);
#3349=ORIENTED_EDGE('',*,*,#2568,.F.);
#3350=ORIENTED_EDGE('',*,*,#2569,.T.);
#3351=ORIENTED_EDGE('',*,*,#2552,.T.);
#3352=ORIENTED_EDGE('',*,*,#2544,.T.);
#3353=ORIENTED_EDGE('',*,*,#2570,.T.);
#3354=ORIENTED_EDGE('',*,*,#2565,.F.);
#3355=ORIENTED_EDGE('',*,*,#2567,.F.);
#3356=ORIENTED_EDGE('',*,*,#2564,.F.);
#3357=ORIENTED_EDGE('',*,*,#2571,.F.);
#3358=ORIENTED_EDGE('',*,*,#2572,.T.);
#3359=ORIENTED_EDGE('',*,*,#2573,.F.);
#3360=ORIENTED_EDGE('',*,*,#2574,.F.);
#3361=ORIENTED_EDGE('',*,*,#2569,.F.);
#3362=ORIENTED_EDGE('',*,*,#2575,.F.);
#3363=ORIENTED_EDGE('',*,*,#2502,.F.);
#3364=ORIENTED_EDGE('',*,*,#2553,.F.);
#3365=ORIENTED_EDGE('',*,*,#2543,.F.);
#3366=ORIENTED_EDGE('',*,*,#2576,.T.);
#3367=ORIENTED_EDGE('',*,*,#2577,.T.);
#3368=ORIENTED_EDGE('',*,*,#2554,.F.);
#3369=ORIENTED_EDGE('',*,*,#2500,.F.);
#3370=ORIENTED_EDGE('',*,*,#2539,.F.);
#3371=ORIENTED_EDGE('',*,*,#2578,.T.);
#3372=ORIENTED_EDGE('',*,*,#2571,.T.);
#3373=ORIENTED_EDGE('',*,*,#2563,.F.);
#3374=ORIENTED_EDGE('',*,*,#2550,.F.);
#3375=ORIENTED_EDGE('',*,*,#2579,.F.);
#3376=ORIENTED_EDGE('',*,*,#2561,.T.);
#3377=ORIENTED_EDGE('',*,*,#2555,.F.);
#3378=ORIENTED_EDGE('',*,*,#2577,.F.);
#3379=ORIENTED_EDGE('',*,*,#2549,.T.);
#3380=ORIENTED_EDGE('',*,*,#2566,.F.);
#3381=ORIENTED_EDGE('',*,*,#2570,.F.);
#3382=ORIENTED_EDGE('',*,*,#2547,.T.);
#3383=ORIENTED_EDGE('',*,*,#2558,.T.);
#3384=ORIENTED_EDGE('',*,*,#2560,.T.);
#3385=ORIENTED_EDGE('',*,*,#2579,.T.);
#3386=ORIENTED_EDGE('',*,*,#2476,.T.);
#3387=ORIENTED_EDGE('',*,*,#2580,.F.);
#3388=ORIENTED_EDGE('',*,*,#2511,.T.);
#3389=ORIENTED_EDGE('',*,*,#2514,.F.);
#3390=ORIENTED_EDGE('',*,*,#2516,.T.);
#3391=ORIENTED_EDGE('',*,*,#2517,.F.);
#3392=ORIENTED_EDGE('',*,*,#2471,.T.);
#3393=ORIENTED_EDGE('',*,*,#2581,.F.);
#3394=ORIENTED_EDGE('',*,*,#2572,.F.);
#3395=ORIENTED_EDGE('',*,*,#2578,.F.);
#3396=ORIENTED_EDGE('',*,*,#2576,.F.);
#3397=ORIENTED_EDGE('',*,*,#2542,.F.);
#3398=ORIENTED_EDGE('',*,*,#2582,.F.);
#3399=ORIENTED_EDGE('',*,*,#2583,.T.);
#3400=ORIENTED_EDGE('',*,*,#2409,.T.);
#3401=ORIENTED_EDGE('',*,*,#2406,.T.);
#3402=ORIENTED_EDGE('',*,*,#2403,.T.);
#3403=ORIENTED_EDGE('',*,*,#2400,.T.);
#3404=ORIENTED_EDGE('',*,*,#2362,.T.);
#3405=ORIENTED_EDGE('',*,*,#2359,.T.);
#3406=ORIENTED_EDGE('',*,*,#2356,.T.);
#3407=ORIENTED_EDGE('',*,*,#2573,.T.);
#3408=ORIENTED_EDGE('',*,*,#2583,.F.);
#3409=ORIENTED_EDGE('',*,*,#2584,.T.);
#3410=ORIENTED_EDGE('',*,*,#2585,.F.);
#3411=ORIENTED_EDGE('',*,*,#2518,.T.);
#3412=ORIENTED_EDGE('',*,*,#2534,.T.);
#3413=ORIENTED_EDGE('',*,*,#2507,.F.);
#3414=ORIENTED_EDGE('',*,*,#2586,.T.);
#3415=ORIENTED_EDGE('',*,*,#2587,.F.);
#3416=ORIENTED_EDGE('',*,*,#2398,.T.);
#3417=ORIENTED_EDGE('',*,*,#2531,.T.);
#3418=ORIENTED_EDGE('',*,*,#2588,.F.);
#3419=ORIENTED_EDGE('',*,*,#2589,.T.);
#3420=ORIENTED_EDGE('',*,*,#2540,.T.);
#3421=ORIENTED_EDGE('',*,*,#2590,.F.);
#3422=ORIENTED_EDGE('',*,*,#2591,.F.);
#3423=ORIENTED_EDGE('',*,*,#2584,.F.);
#3424=ORIENTED_EDGE('',*,*,#2582,.T.);
#3425=ORIENTED_EDGE('',*,*,#2541,.T.);
#3426=ORIENTED_EDGE('',*,*,#2589,.F.);
#3427=ORIENTED_EDGE('',*,*,#2506,.F.);
#3428=ORIENTED_EDGE('',*,*,#2592,.F.);
#3429=ORIENTED_EDGE('',*,*,#2593,.F.);
#3430=ORIENTED_EDGE('',*,*,#2586,.F.);
#3431=ORIENTED_EDGE('',*,*,#2493,.T.);
#3432=ORIENTED_EDGE('',*,*,#2594,.T.);
#3433=ORIENTED_EDGE('',*,*,#2595,.F.);
#3434=ORIENTED_EDGE('',*,*,#2590,.T.);
#3435=ORIENTED_EDGE('',*,*,#2588,.T.);
#3436=ORIENTED_EDGE('',*,*,#2530,.T.);
#3437=ORIENTED_EDGE('',*,*,#2394,.T.);
#3438=ORIENTED_EDGE('',*,*,#2399,.T.);
#3439=ORIENTED_EDGE('',*,*,#2587,.T.);
#3440=ORIENTED_EDGE('',*,*,#2593,.T.);
#3441=ORIENTED_EDGE('',*,*,#2596,.F.);
#3442=ORIENTED_EDGE('',*,*,#2594,.F.);
#3443=ORIENTED_EDGE('',*,*,#2575,.T.);
#3444=ORIENTED_EDGE('',*,*,#2568,.T.);
#3445=ORIENTED_EDGE('',*,*,#2574,.T.);
#3446=ORIENTED_EDGE('',*,*,#2585,.T.);
#3447=ORIENTED_EDGE('',*,*,#2591,.T.);
#3448=ORIENTED_EDGE('',*,*,#2595,.T.);
#3449=ORIENTED_EDGE('',*,*,#2596,.T.);
#3450=ORIENTED_EDGE('',*,*,#2592,.T.);
#3451=ORIENTED_EDGE('',*,*,#2505,.T.);
#3452=ORIENTED_EDGE('',*,*,#2597,.T.);
#3453=ORIENTED_EDGE('',*,*,#2598,.T.);
#3454=ORIENTED_EDGE('',*,*,#2599,.T.);
#3455=ORIENTED_EDGE('',*,*,#2457,.T.);
#3456=ORIENTED_EDGE('',*,*,#2600,.T.);
#3457=ORIENTED_EDGE('',*,*,#2453,.T.);
#3458=ORIENTED_EDGE('',*,*,#2601,.T.);
#3459=ORIENTED_EDGE('',*,*,#2449,.T.);
#3460=ORIENTED_EDGE('',*,*,#2495,.T.);
#3461=ORIENTED_EDGE('',*,*,#2460,.T.);
#3462=ORIENTED_EDGE('',*,*,#2464,.T.);
#3463=ORIENTED_EDGE('',*,*,#2496,.T.);
#3464=ORIENTED_EDGE('',*,*,#2466,.T.);
#3465=ORIENTED_EDGE('',*,*,#2503,.T.);
#3466=ORIENTED_EDGE('',*,*,#2492,.T.);
#3467=ORIENTED_EDGE('',*,*,#2450,.F.);
#3468=ORIENTED_EDGE('',*,*,#2601,.F.);
#3469=ORIENTED_EDGE('',*,*,#2452,.F.);
#3470=ORIENTED_EDGE('',*,*,#2491,.T.);
#3471=ORIENTED_EDGE('',*,*,#2454,.F.);
#3472=ORIENTED_EDGE('',*,*,#2600,.F.);
#3473=ORIENTED_EDGE('',*,*,#2456,.F.);
#3474=ORIENTED_EDGE('',*,*,#2489,.T.);
#3475=ORIENTED_EDGE('',*,*,#2602,.F.);
#3476=ORIENTED_EDGE('',*,*,#2598,.F.);
#3477=ORIENTED_EDGE('',*,*,#2603,.F.);
#3478=ORIENTED_EDGE('',*,*,#2458,.F.);
#3479=ORIENTED_EDGE('',*,*,#2599,.F.);
#3480=ORIENTED_EDGE('',*,*,#2602,.T.);
#3481=ORIENTED_EDGE('',*,*,#2488,.F.);
#3482=ORIENTED_EDGE('',*,*,#2603,.T.);
#3483=ORIENTED_EDGE('',*,*,#2597,.F.);
#3484=ORIENTED_EDGE('',*,*,#2504,.T.);
#3485=ORIENTED_EDGE('',*,*,#2438,.T.);
#3486=ORIENTED_EDGE('',*,*,#2324,.T.);
#3487=ORIENTED_EDGE('',*,*,#2321,.T.);
#3488=ORIENTED_EDGE('',*,*,#2318,.T.);
#3489=ORIENTED_EDGE('',*,*,#2327,.T.);
#3490=ORIENTED_EDGE('',*,*,#2482,.T.);
#3491=ORIENTED_EDGE('',*,*,#2512,.T.);
#3492=ORIENTED_EDGE('',*,*,#2580,.T.);
#3493=ORIENTED_EDGE('',*,*,#2475,.F.);
#3494=ORIENTED_EDGE('',*,*,#2315,.T.);
#3495=ORIENTED_EDGE('',*,*,#2480,.T.);
#3496=ORIENTED_EDGE('',*,*,#2477,.T.);
#3497=ORIENTED_EDGE('',*,*,#2581,.T.);
#3498=ORIENTED_EDGE('',*,*,#2470,.F.);
#3499=ORIENTED_EDGE('',*,*,#2334,.T.);
#3500=ORIENTED_EDGE('',*,*,#2536,.T.);
#3501=ORIENTED_EDGE('',*,*,#2330,.T.);
#3502=ORIENTED_EDGE('',*,*,#2337,.T.);
#3503=ORIENTED_EDGE('',*,*,#2604,.F.);
#3504=ORIENTED_EDGE('',*,*,#2605,.F.);
#3505=ORIENTED_EDGE('',*,*,#2606,.F.);
#3506=ORIENTED_EDGE('',*,*,#2607,.F.);
#3507=ORIENTED_EDGE('',*,*,#2608,.F.);
#3508=ORIENTED_EDGE('',*,*,#2609,.T.);
#3509=ORIENTED_EDGE('',*,*,#2610,.F.);
#3510=ORIENTED_EDGE('',*,*,#2611,.F.);
#3511=ORIENTED_EDGE('',*,*,#2612,.F.);
#3512=ORIENTED_EDGE('',*,*,#2613,.T.);
#3513=ORIENTED_EDGE('',*,*,#2614,.F.);
#3514=ORIENTED_EDGE('',*,*,#2615,.F.);
#3515=ORIENTED_EDGE('',*,*,#2616,.F.);
#3516=ORIENTED_EDGE('',*,*,#2607,.T.);
#3517=ORIENTED_EDGE('',*,*,#2617,.F.);
#3518=ORIENTED_EDGE('',*,*,#2613,.F.);
#3519=ORIENTED_EDGE('',*,*,#2618,.F.);
#3520=ORIENTED_EDGE('',*,*,#2615,.T.);
#3521=ORIENTED_EDGE('',*,*,#2619,.F.);
#3522=ORIENTED_EDGE('',*,*,#2609,.F.);
#3523=ORIENTED_EDGE('',*,*,#2620,.F.);
#3524=ORIENTED_EDGE('',*,*,#2621,.F.);
#3525=ORIENTED_EDGE('',*,*,#2622,.F.);
#3526=ORIENTED_EDGE('',*,*,#2623,.F.);
#3527=ORIENTED_EDGE('',*,*,#2624,.F.);
#3528=ORIENTED_EDGE('',*,*,#2625,.T.);
#3529=ORIENTED_EDGE('',*,*,#2626,.F.);
#3530=ORIENTED_EDGE('',*,*,#2627,.F.);
#3531=ORIENTED_EDGE('',*,*,#2628,.F.);
#3532=ORIENTED_EDGE('',*,*,#2629,.T.);
#3533=ORIENTED_EDGE('',*,*,#2630,.F.);
#3534=ORIENTED_EDGE('',*,*,#2631,.F.);
#3535=ORIENTED_EDGE('',*,*,#2632,.F.);
#3536=ORIENTED_EDGE('',*,*,#2623,.T.);
#3537=ORIENTED_EDGE('',*,*,#2633,.F.);
#3538=ORIENTED_EDGE('',*,*,#2629,.F.);
#3539=ORIENTED_EDGE('',*,*,#2634,.F.);
#3540=ORIENTED_EDGE('',*,*,#2631,.T.);
#3541=ORIENTED_EDGE('',*,*,#2635,.F.);
#3542=ORIENTED_EDGE('',*,*,#2625,.F.);
#3543=ORIENTED_EDGE('',*,*,#2611,.T.);
#3544=ORIENTED_EDGE('',*,*,#2636,.F.);
#3545=ORIENTED_EDGE('',*,*,#2605,.T.);
#3546=ORIENTED_EDGE('',*,*,#2637,.F.);
#3547=ORIENTED_EDGE('',*,*,#2627,.T.);
#3548=ORIENTED_EDGE('',*,*,#2638,.F.);
#3549=ORIENTED_EDGE('',*,*,#2621,.T.);
#3550=ORIENTED_EDGE('',*,*,#2639,.F.);
#3551=ORIENTED_EDGE('',*,*,#2640,.F.);
#3552=ORIENTED_EDGE('',*,*,#2641,.T.);
#3553=ORIENTED_EDGE('',*,*,#2642,.T.);
#3554=ORIENTED_EDGE('',*,*,#2643,.F.);
#3555=ORIENTED_EDGE('',*,*,#2644,.F.);
#3556=ORIENTED_EDGE('',*,*,#2645,.T.);
#3557=ORIENTED_EDGE('',*,*,#2646,.T.);
#3558=ORIENTED_EDGE('',*,*,#2647,.F.);
#3559=ORIENTED_EDGE('',*,*,#2648,.F.);
#3560=ORIENTED_EDGE('',*,*,#2643,.T.);
#3561=ORIENTED_EDGE('',*,*,#2649,.T.);
#3562=ORIENTED_EDGE('',*,*,#2650,.F.);
#3563=ORIENTED_EDGE('',*,*,#2651,.F.);
#3564=ORIENTED_EDGE('',*,*,#2652,.T.);
#3565=ORIENTED_EDGE('',*,*,#2653,.T.);
#3566=ORIENTED_EDGE('',*,*,#2641,.F.);
#3567=ORIENTED_EDGE('',*,*,#2654,.F.);
#3568=ORIENTED_EDGE('',*,*,#2647,.T.);
#3569=ORIENTED_EDGE('',*,*,#2655,.T.);
#3570=ORIENTED_EDGE('',*,*,#2652,.F.);
#3571=ORIENTED_EDGE('',*,*,#2655,.F.);
#3572=ORIENTED_EDGE('',*,*,#2646,.F.);
#3573=ORIENTED_EDGE('',*,*,#2656,.F.);
#3574=ORIENTED_EDGE('',*,*,#2649,.F.);
#3575=ORIENTED_EDGE('',*,*,#2642,.F.);
#3576=ORIENTED_EDGE('',*,*,#2653,.F.);
#3577=ORIENTED_EDGE('',*,*,#2657,.F.);
#3578=ORIENTED_EDGE('',*,*,#2658,.T.);
#3579=ORIENTED_EDGE('',*,*,#2659,.T.);
#3580=ORIENTED_EDGE('',*,*,#2660,.F.);
#3581=ORIENTED_EDGE('',*,*,#2661,.F.);
#3582=ORIENTED_EDGE('',*,*,#2660,.T.);
#3583=ORIENTED_EDGE('',*,*,#2662,.T.);
#3584=ORIENTED_EDGE('',*,*,#2663,.F.);
#3585=ORIENTED_EDGE('',*,*,#2664,.F.);
#3586=ORIENTED_EDGE('',*,*,#2663,.T.);
#3587=ORIENTED_EDGE('',*,*,#2665,.T.);
#3588=ORIENTED_EDGE('',*,*,#2666,.F.);
#3589=ORIENTED_EDGE('',*,*,#2667,.F.);
#3590=ORIENTED_EDGE('',*,*,#2668,.T.);
#3591=ORIENTED_EDGE('',*,*,#2669,.T.);
#3592=ORIENTED_EDGE('',*,*,#2658,.F.);
#3593=ORIENTED_EDGE('',*,*,#2670,.F.);
#3594=ORIENTED_EDGE('',*,*,#2671,.T.);
#3595=ORIENTED_EDGE('',*,*,#2672,.T.);
#3596=ORIENTED_EDGE('',*,*,#2668,.F.);
#3597=ORIENTED_EDGE('',*,*,#2662,.F.);
#3598=ORIENTED_EDGE('',*,*,#2659,.F.);
#3599=ORIENTED_EDGE('',*,*,#2669,.F.);
#3600=ORIENTED_EDGE('',*,*,#2672,.F.);
#3601=ORIENTED_EDGE('',*,*,#2673,.F.);
#3602=ORIENTED_EDGE('',*,*,#2665,.F.);
#3603=ORIENTED_EDGE('',*,*,#2656,.T.);
#3604=ORIENTED_EDGE('',*,*,#2674,.T.);
#3605=ORIENTED_EDGE('',*,*,#2675,.F.);
#3606=ORIENTED_EDGE('',*,*,#2676,.F.);
#3607=ORIENTED_EDGE('',*,*,#2677,.F.);
#3608=ORIENTED_EDGE('',*,*,#2678,.F.);
#3609=ORIENTED_EDGE('',*,*,#2679,.F.);
#3610=ORIENTED_EDGE('',*,*,#2680,.T.);
#3611=ORIENTED_EDGE('',*,*,#2681,.F.);
#3612=ORIENTED_EDGE('',*,*,#2682,.F.);
#3613=ORIENTED_EDGE('',*,*,#2683,.F.);
#3614=ORIENTED_EDGE('',*,*,#2684,.T.);
#3615=ORIENTED_EDGE('',*,*,#2685,.F.);
#3616=ORIENTED_EDGE('',*,*,#2686,.T.);
#3617=ORIENTED_EDGE('',*,*,#2687,.F.);
#3618=ORIENTED_EDGE('',*,*,#2686,.F.);
#3619=ORIENTED_EDGE('',*,*,#2688,.F.);
#3620=ORIENTED_EDGE('',*,*,#2689,.T.);
#3621=ORIENTED_EDGE('',*,*,#2690,.F.);
#3622=ORIENTED_EDGE('',*,*,#2689,.F.);
#3623=ORIENTED_EDGE('',*,*,#2691,.F.);
#3624=ORIENTED_EDGE('',*,*,#2692,.T.);
#3625=ORIENTED_EDGE('',*,*,#2693,.F.);
#3626=ORIENTED_EDGE('',*,*,#2692,.F.);
#3627=ORIENTED_EDGE('',*,*,#2694,.F.);
#3628=ORIENTED_EDGE('',*,*,#2695,.T.);
#3629=ORIENTED_EDGE('',*,*,#2696,.F.);
#3630=ORIENTED_EDGE('',*,*,#2695,.F.);
#3631=ORIENTED_EDGE('',*,*,#2697,.F.);
#3632=ORIENTED_EDGE('',*,*,#2698,.T.);
#3633=ORIENTED_EDGE('',*,*,#2699,.F.);
#3634=ORIENTED_EDGE('',*,*,#2700,.F.);
#3635=ORIENTED_EDGE('',*,*,#2701,.F.);
#3636=ORIENTED_EDGE('',*,*,#2700,.T.);
#3637=ORIENTED_EDGE('',*,*,#2702,.F.);
#3638=ORIENTED_EDGE('',*,*,#2703,.F.);
#3639=ORIENTED_EDGE('',*,*,#2704,.F.);
#3640=ORIENTED_EDGE('',*,*,#2703,.T.);
#3641=ORIENTED_EDGE('',*,*,#2705,.F.);
#3642=ORIENTED_EDGE('',*,*,#2706,.F.);
#3643=ORIENTED_EDGE('',*,*,#2707,.F.);
#3644=ORIENTED_EDGE('',*,*,#2706,.T.);
#3645=ORIENTED_EDGE('',*,*,#2708,.F.);
#3646=ORIENTED_EDGE('',*,*,#2698,.F.);
#3647=ORIENTED_EDGE('',*,*,#2709,.F.);
#3648=ORIENTED_EDGE('',*,*,#2710,.T.);
#3649=ORIENTED_EDGE('',*,*,#2711,.F.);
#3650=ORIENTED_EDGE('',*,*,#2712,.F.);
#3651=ORIENTED_EDGE('',*,*,#2713,.F.);
#3652=ORIENTED_EDGE('',*,*,#2712,.T.);
#3653=ORIENTED_EDGE('',*,*,#2714,.F.);
#3654=ORIENTED_EDGE('',*,*,#2715,.F.);
#3655=ORIENTED_EDGE('',*,*,#2716,.F.);
#3656=ORIENTED_EDGE('',*,*,#2715,.T.);
#3657=ORIENTED_EDGE('',*,*,#2717,.F.);
#3658=ORIENTED_EDGE('',*,*,#2718,.F.);
#3659=ORIENTED_EDGE('',*,*,#2719,.F.);
#3660=ORIENTED_EDGE('',*,*,#2718,.T.);
#3661=ORIENTED_EDGE('',*,*,#2720,.F.);
#3662=ORIENTED_EDGE('',*,*,#2710,.F.);
#3663=ORIENTED_EDGE('',*,*,#2721,.F.);
#3664=ORIENTED_EDGE('',*,*,#2722,.T.);
#3665=ORIENTED_EDGE('',*,*,#2723,.F.);
#3666=ORIENTED_EDGE('',*,*,#2724,.F.);
#3667=ORIENTED_EDGE('',*,*,#2725,.F.);
#3668=ORIENTED_EDGE('',*,*,#2724,.T.);
#3669=ORIENTED_EDGE('',*,*,#2726,.F.);
#3670=ORIENTED_EDGE('',*,*,#2727,.F.);
#3671=ORIENTED_EDGE('',*,*,#2728,.F.);
#3672=ORIENTED_EDGE('',*,*,#2727,.T.);
#3673=ORIENTED_EDGE('',*,*,#2729,.F.);
#3674=ORIENTED_EDGE('',*,*,#2730,.F.);
#3675=ORIENTED_EDGE('',*,*,#2731,.F.);
#3676=ORIENTED_EDGE('',*,*,#2730,.T.);
#3677=ORIENTED_EDGE('',*,*,#2732,.F.);
#3678=ORIENTED_EDGE('',*,*,#2722,.F.);
#3679=ORIENTED_EDGE('',*,*,#2733,.F.);
#3680=ORIENTED_EDGE('',*,*,#2734,.T.);
#3681=ORIENTED_EDGE('',*,*,#2735,.F.);
#3682=ORIENTED_EDGE('',*,*,#2736,.F.);
#3683=ORIENTED_EDGE('',*,*,#2737,.F.);
#3684=ORIENTED_EDGE('',*,*,#2736,.T.);
#3685=ORIENTED_EDGE('',*,*,#2738,.F.);
#3686=ORIENTED_EDGE('',*,*,#2739,.F.);
#3687=ORIENTED_EDGE('',*,*,#2740,.F.);
#3688=ORIENTED_EDGE('',*,*,#2739,.T.);
#3689=ORIENTED_EDGE('',*,*,#2741,.F.);
#3690=ORIENTED_EDGE('',*,*,#2742,.F.);
#3691=ORIENTED_EDGE('',*,*,#2743,.F.);
#3692=ORIENTED_EDGE('',*,*,#2742,.T.);
#3693=ORIENTED_EDGE('',*,*,#2744,.F.);
#3694=ORIENTED_EDGE('',*,*,#2734,.F.);
#3695=ORIENTED_EDGE('',*,*,#2745,.F.);
#3696=ORIENTED_EDGE('',*,*,#2746,.T.);
#3697=ORIENTED_EDGE('',*,*,#2747,.F.);
#3698=ORIENTED_EDGE('',*,*,#2748,.F.);
#3699=ORIENTED_EDGE('',*,*,#2749,.F.);
#3700=ORIENTED_EDGE('',*,*,#2748,.T.);
#3701=ORIENTED_EDGE('',*,*,#2750,.F.);
#3702=ORIENTED_EDGE('',*,*,#2751,.F.);
#3703=ORIENTED_EDGE('',*,*,#2752,.F.);
#3704=ORIENTED_EDGE('',*,*,#2751,.T.);
#3705=ORIENTED_EDGE('',*,*,#2753,.F.);
#3706=ORIENTED_EDGE('',*,*,#2754,.F.);
#3707=ORIENTED_EDGE('',*,*,#2755,.F.);
#3708=ORIENTED_EDGE('',*,*,#2754,.T.);
#3709=ORIENTED_EDGE('',*,*,#2756,.F.);
#3710=ORIENTED_EDGE('',*,*,#2746,.F.);
#3711=ORIENTED_EDGE('',*,*,#2757,.F.);
#3712=ORIENTED_EDGE('',*,*,#2758,.T.);
#3713=ORIENTED_EDGE('',*,*,#2759,.F.);
#3714=ORIENTED_EDGE('',*,*,#2760,.F.);
#3715=ORIENTED_EDGE('',*,*,#2761,.F.);
#3716=ORIENTED_EDGE('',*,*,#2760,.T.);
#3717=ORIENTED_EDGE('',*,*,#2762,.F.);
#3718=ORIENTED_EDGE('',*,*,#2763,.F.);
#3719=ORIENTED_EDGE('',*,*,#2764,.F.);
#3720=ORIENTED_EDGE('',*,*,#2763,.T.);
#3721=ORIENTED_EDGE('',*,*,#2765,.F.);
#3722=ORIENTED_EDGE('',*,*,#2766,.F.);
#3723=ORIENTED_EDGE('',*,*,#2767,.F.);
#3724=ORIENTED_EDGE('',*,*,#2766,.T.);
#3725=ORIENTED_EDGE('',*,*,#2768,.F.);
#3726=ORIENTED_EDGE('',*,*,#2758,.F.);
#3727=ORIENTED_EDGE('',*,*,#2769,.F.);
#3728=ORIENTED_EDGE('',*,*,#2770,.T.);
#3729=ORIENTED_EDGE('',*,*,#2771,.F.);
#3730=ORIENTED_EDGE('',*,*,#2772,.F.);
#3731=ORIENTED_EDGE('',*,*,#2773,.F.);
#3732=ORIENTED_EDGE('',*,*,#2772,.T.);
#3733=ORIENTED_EDGE('',*,*,#2774,.F.);
#3734=ORIENTED_EDGE('',*,*,#2775,.F.);
#3735=ORIENTED_EDGE('',*,*,#2776,.F.);
#3736=ORIENTED_EDGE('',*,*,#2775,.T.);
#3737=ORIENTED_EDGE('',*,*,#2777,.F.);
#3738=ORIENTED_EDGE('',*,*,#2778,.F.);
#3739=ORIENTED_EDGE('',*,*,#2779,.F.);
#3740=ORIENTED_EDGE('',*,*,#2778,.T.);
#3741=ORIENTED_EDGE('',*,*,#2780,.F.);
#3742=ORIENTED_EDGE('',*,*,#2770,.F.);
#3743=ORIENTED_EDGE('',*,*,#2781,.F.);
#3744=ORIENTED_EDGE('',*,*,#2782,.T.);
#3745=ORIENTED_EDGE('',*,*,#2783,.F.);
#3746=ORIENTED_EDGE('',*,*,#2784,.F.);
#3747=ORIENTED_EDGE('',*,*,#2785,.F.);
#3748=ORIENTED_EDGE('',*,*,#2784,.T.);
#3749=ORIENTED_EDGE('',*,*,#2786,.F.);
#3750=ORIENTED_EDGE('',*,*,#2787,.F.);
#3751=ORIENTED_EDGE('',*,*,#2788,.F.);
#3752=ORIENTED_EDGE('',*,*,#2787,.T.);
#3753=ORIENTED_EDGE('',*,*,#2789,.F.);
#3754=ORIENTED_EDGE('',*,*,#2790,.F.);
#3755=ORIENTED_EDGE('',*,*,#2791,.F.);
#3756=ORIENTED_EDGE('',*,*,#2790,.T.);
#3757=ORIENTED_EDGE('',*,*,#2792,.F.);
#3758=ORIENTED_EDGE('',*,*,#2782,.F.);
#3759=ORIENTED_EDGE('',*,*,#2793,.F.);
#3760=ORIENTED_EDGE('',*,*,#2794,.T.);
#3761=ORIENTED_EDGE('',*,*,#2795,.F.);
#3762=ORIENTED_EDGE('',*,*,#2796,.F.);
#3763=ORIENTED_EDGE('',*,*,#2797,.F.);
#3764=ORIENTED_EDGE('',*,*,#2796,.T.);
#3765=ORIENTED_EDGE('',*,*,#2798,.F.);
#3766=ORIENTED_EDGE('',*,*,#2799,.F.);
#3767=ORIENTED_EDGE('',*,*,#2800,.F.);
#3768=ORIENTED_EDGE('',*,*,#2799,.T.);
#3769=ORIENTED_EDGE('',*,*,#2801,.F.);
#3770=ORIENTED_EDGE('',*,*,#2802,.F.);
#3771=ORIENTED_EDGE('',*,*,#2803,.F.);
#3772=ORIENTED_EDGE('',*,*,#2802,.T.);
#3773=ORIENTED_EDGE('',*,*,#2804,.F.);
#3774=ORIENTED_EDGE('',*,*,#2794,.F.);
#3775=ORIENTED_EDGE('',*,*,#2805,.F.);
#3776=ORIENTED_EDGE('',*,*,#2806,.T.);
#3777=ORIENTED_EDGE('',*,*,#2807,.F.);
#3778=ORIENTED_EDGE('',*,*,#2808,.F.);
#3779=ORIENTED_EDGE('',*,*,#2809,.F.);
#3780=ORIENTED_EDGE('',*,*,#2808,.T.);
#3781=ORIENTED_EDGE('',*,*,#2810,.F.);
#3782=ORIENTED_EDGE('',*,*,#2811,.F.);
#3783=ORIENTED_EDGE('',*,*,#2812,.F.);
#3784=ORIENTED_EDGE('',*,*,#2811,.T.);
#3785=ORIENTED_EDGE('',*,*,#2813,.F.);
#3786=ORIENTED_EDGE('',*,*,#2814,.F.);
#3787=ORIENTED_EDGE('',*,*,#2815,.F.);
#3788=ORIENTED_EDGE('',*,*,#2814,.T.);
#3789=ORIENTED_EDGE('',*,*,#2816,.F.);
#3790=ORIENTED_EDGE('',*,*,#2806,.F.);
#3791=ORIENTED_EDGE('',*,*,#2817,.F.);
#3792=ORIENTED_EDGE('',*,*,#2818,.T.);
#3793=ORIENTED_EDGE('',*,*,#2819,.F.);
#3794=ORIENTED_EDGE('',*,*,#2820,.F.);
#3795=ORIENTED_EDGE('',*,*,#2821,.F.);
#3796=ORIENTED_EDGE('',*,*,#2820,.T.);
#3797=ORIENTED_EDGE('',*,*,#2822,.F.);
#3798=ORIENTED_EDGE('',*,*,#2823,.F.);
#3799=ORIENTED_EDGE('',*,*,#2824,.F.);
#3800=ORIENTED_EDGE('',*,*,#2823,.T.);
#3801=ORIENTED_EDGE('',*,*,#2825,.F.);
#3802=ORIENTED_EDGE('',*,*,#2826,.F.);
#3803=ORIENTED_EDGE('',*,*,#2827,.F.);
#3804=ORIENTED_EDGE('',*,*,#2826,.T.);
#3805=ORIENTED_EDGE('',*,*,#2828,.F.);
#3806=ORIENTED_EDGE('',*,*,#2818,.F.);
#3807=ORIENTED_EDGE('',*,*,#2829,.F.);
#3808=ORIENTED_EDGE('',*,*,#2830,.T.);
#3809=ORIENTED_EDGE('',*,*,#2831,.F.);
#3810=ORIENTED_EDGE('',*,*,#2832,.F.);
#3811=ORIENTED_EDGE('',*,*,#2833,.F.);
#3812=ORIENTED_EDGE('',*,*,#2832,.T.);
#3813=ORIENTED_EDGE('',*,*,#2834,.F.);
#3814=ORIENTED_EDGE('',*,*,#2835,.F.);
#3815=ORIENTED_EDGE('',*,*,#2836,.F.);
#3816=ORIENTED_EDGE('',*,*,#2835,.T.);
#3817=ORIENTED_EDGE('',*,*,#2837,.F.);
#3818=ORIENTED_EDGE('',*,*,#2838,.F.);
#3819=ORIENTED_EDGE('',*,*,#2839,.F.);
#3820=ORIENTED_EDGE('',*,*,#2838,.T.);
#3821=ORIENTED_EDGE('',*,*,#2840,.F.);
#3822=ORIENTED_EDGE('',*,*,#2830,.F.);
#3823=ORIENTED_EDGE('',*,*,#2841,.F.);
#3824=ORIENTED_EDGE('',*,*,#2842,.T.);
#3825=ORIENTED_EDGE('',*,*,#2843,.F.);
#3826=ORIENTED_EDGE('',*,*,#2844,.F.);
#3827=ORIENTED_EDGE('',*,*,#2845,.F.);
#3828=ORIENTED_EDGE('',*,*,#2844,.T.);
#3829=ORIENTED_EDGE('',*,*,#2846,.F.);
#3830=ORIENTED_EDGE('',*,*,#2847,.F.);
#3831=ORIENTED_EDGE('',*,*,#2848,.F.);
#3832=ORIENTED_EDGE('',*,*,#2847,.T.);
#3833=ORIENTED_EDGE('',*,*,#2849,.F.);
#3834=ORIENTED_EDGE('',*,*,#2850,.F.);
#3835=ORIENTED_EDGE('',*,*,#2851,.F.);
#3836=ORIENTED_EDGE('',*,*,#2850,.T.);
#3837=ORIENTED_EDGE('',*,*,#2852,.F.);
#3838=ORIENTED_EDGE('',*,*,#2842,.F.);
#3839=ORIENTED_EDGE('',*,*,#2853,.F.);
#3840=ORIENTED_EDGE('',*,*,#2854,.T.);
#3841=ORIENTED_EDGE('',*,*,#2855,.F.);
#3842=ORIENTED_EDGE('',*,*,#2856,.F.);
#3843=ORIENTED_EDGE('',*,*,#2857,.F.);
#3844=ORIENTED_EDGE('',*,*,#2856,.T.);
#3845=ORIENTED_EDGE('',*,*,#2858,.F.);
#3846=ORIENTED_EDGE('',*,*,#2859,.F.);
#3847=ORIENTED_EDGE('',*,*,#2860,.F.);
#3848=ORIENTED_EDGE('',*,*,#2859,.T.);
#3849=ORIENTED_EDGE('',*,*,#2861,.F.);
#3850=ORIENTED_EDGE('',*,*,#2862,.F.);
#3851=ORIENTED_EDGE('',*,*,#2863,.F.);
#3852=ORIENTED_EDGE('',*,*,#2862,.T.);
#3853=ORIENTED_EDGE('',*,*,#2864,.F.);
#3854=ORIENTED_EDGE('',*,*,#2854,.F.);
#3855=ORIENTED_EDGE('',*,*,#2865,.F.);
#3856=ORIENTED_EDGE('',*,*,#2866,.T.);
#3857=ORIENTED_EDGE('',*,*,#2867,.F.);
#3858=ORIENTED_EDGE('',*,*,#2868,.F.);
#3859=ORIENTED_EDGE('',*,*,#2869,.F.);
#3860=ORIENTED_EDGE('',*,*,#2868,.T.);
#3861=ORIENTED_EDGE('',*,*,#2870,.F.);
#3862=ORIENTED_EDGE('',*,*,#2871,.F.);
#3863=ORIENTED_EDGE('',*,*,#2872,.F.);
#3864=ORIENTED_EDGE('',*,*,#2871,.T.);
#3865=ORIENTED_EDGE('',*,*,#2873,.F.);
#3866=ORIENTED_EDGE('',*,*,#2874,.F.);
#3867=ORIENTED_EDGE('',*,*,#2875,.F.);
#3868=ORIENTED_EDGE('',*,*,#2874,.T.);
#3869=ORIENTED_EDGE('',*,*,#2876,.F.);
#3870=ORIENTED_EDGE('',*,*,#2866,.F.);
#3871=ORIENTED_EDGE('',*,*,#2877,.F.);
#3872=ORIENTED_EDGE('',*,*,#2878,.T.);
#3873=ORIENTED_EDGE('',*,*,#2879,.F.);
#3874=ORIENTED_EDGE('',*,*,#2880,.F.);
#3875=ORIENTED_EDGE('',*,*,#2881,.F.);
#3876=ORIENTED_EDGE('',*,*,#2880,.T.);
#3877=ORIENTED_EDGE('',*,*,#2882,.F.);
#3878=ORIENTED_EDGE('',*,*,#2883,.F.);
#3879=ORIENTED_EDGE('',*,*,#2884,.F.);
#3880=ORIENTED_EDGE('',*,*,#2883,.T.);
#3881=ORIENTED_EDGE('',*,*,#2885,.F.);
#3882=ORIENTED_EDGE('',*,*,#2886,.F.);
#3883=ORIENTED_EDGE('',*,*,#2887,.F.);
#3884=ORIENTED_EDGE('',*,*,#2886,.T.);
#3885=ORIENTED_EDGE('',*,*,#2888,.F.);
#3886=ORIENTED_EDGE('',*,*,#2878,.F.);
#3887=ORIENTED_EDGE('',*,*,#2889,.F.);
#3888=ORIENTED_EDGE('',*,*,#2890,.T.);
#3889=ORIENTED_EDGE('',*,*,#2891,.F.);
#3890=ORIENTED_EDGE('',*,*,#2890,.F.);
#3891=ORIENTED_EDGE('',*,*,#2892,.F.);
#3892=ORIENTED_EDGE('',*,*,#2893,.T.);
#3893=ORIENTED_EDGE('',*,*,#2894,.F.);
#3894=ORIENTED_EDGE('',*,*,#2893,.F.);
#3895=ORIENTED_EDGE('',*,*,#2895,.F.);
#3896=ORIENTED_EDGE('',*,*,#2896,.T.);
#3897=ORIENTED_EDGE('',*,*,#2897,.F.);
#3898=ORIENTED_EDGE('',*,*,#2896,.F.);
#3899=ORIENTED_EDGE('',*,*,#2898,.F.);
#3900=ORIENTED_EDGE('',*,*,#2650,.T.);
#3901=ORIENTED_EDGE('',*,*,#2676,.T.);
#3902=ORIENTED_EDGE('',*,*,#2899,.F.);
#3903=ORIENTED_EDGE('',*,*,#2900,.F.);
#3904=ORIENTED_EDGE('',*,*,#2671,.F.);
#3905=ORIENTED_EDGE('',*,*,#2673,.T.);
#3906=ORIENTED_EDGE('',*,*,#2900,.T.);
#3907=ORIENTED_EDGE('',*,*,#2901,.F.);
#3908=ORIENTED_EDGE('',*,*,#2902,.F.);
#3909=ORIENTED_EDGE('',*,*,#2903,.F.);
#3910=ORIENTED_EDGE('',*,*,#2666,.T.);
#3911=ORIENTED_EDGE('',*,*,#2902,.T.);
#3912=ORIENTED_EDGE('',*,*,#2904,.F.);
#3913=ORIENTED_EDGE('',*,*,#2674,.F.);
#3914=ORIENTED_EDGE('',*,*,#2645,.F.);
#3915=ORIENTED_EDGE('',*,*,#2905,.F.);
#3916=ORIENTED_EDGE('',*,*,#2906,.F.);
#3917=ORIENTED_EDGE('',*,*,#2907,.F.);
#3918=ORIENTED_EDGE('',*,*,#2908,.T.);
#3919=ORIENTED_EDGE('',*,*,#2909,.F.);
#3920=ORIENTED_EDGE('',*,*,#2910,.F.);
#3921=ORIENTED_EDGE('',*,*,#2911,.F.);
#3922=ORIENTED_EDGE('',*,*,#2912,.T.);
#3923=ORIENTED_EDGE('',*,*,#2679,.T.);
#3924=ORIENTED_EDGE('',*,*,#2913,.T.);
#3925=ORIENTED_EDGE('',*,*,#2683,.T.);
#3926=ORIENTED_EDGE('',*,*,#2914,.T.);
#3927=ORIENTED_EDGE('',*,*,#2907,.T.);
#3928=ORIENTED_EDGE('',*,*,#2915,.T.);
#3929=ORIENTED_EDGE('',*,*,#2911,.T.);
#3930=ORIENTED_EDGE('',*,*,#2916,.T.);
#3931=ORIENTED_EDGE('',*,*,#2626,.T.);
#3932=ORIENTED_EDGE('',*,*,#2635,.T.);
#3933=ORIENTED_EDGE('',*,*,#2630,.T.);
#3934=ORIENTED_EDGE('',*,*,#2633,.T.);
#3935=ORIENTED_EDGE('',*,*,#2622,.T.);
#3936=ORIENTED_EDGE('',*,*,#2638,.T.);
#3937=ORIENTED_EDGE('',*,*,#2687,.T.);
#3938=ORIENTED_EDGE('',*,*,#2690,.T.);
#3939=ORIENTED_EDGE('',*,*,#2693,.T.);
#3940=ORIENTED_EDGE('',*,*,#2696,.T.);
#3941=ORIENTED_EDGE('',*,*,#2705,.T.);
#3942=ORIENTED_EDGE('',*,*,#2702,.T.);
#3943=ORIENTED_EDGE('',*,*,#2699,.T.);
#3944=ORIENTED_EDGE('',*,*,#2708,.T.);
#3945=ORIENTED_EDGE('',*,*,#2717,.T.);
#3946=ORIENTED_EDGE('',*,*,#2714,.T.);
#3947=ORIENTED_EDGE('',*,*,#2711,.T.);
#3948=ORIENTED_EDGE('',*,*,#2720,.T.);
#3949=ORIENTED_EDGE('',*,*,#2729,.T.);
#3950=ORIENTED_EDGE('',*,*,#2726,.T.);
#3951=ORIENTED_EDGE('',*,*,#2723,.T.);
#3952=ORIENTED_EDGE('',*,*,#2732,.T.);
#3953=ORIENTED_EDGE('',*,*,#2741,.T.);
#3954=ORIENTED_EDGE('',*,*,#2738,.T.);
#3955=ORIENTED_EDGE('',*,*,#2735,.T.);
#3956=ORIENTED_EDGE('',*,*,#2744,.T.);
#3957=ORIENTED_EDGE('',*,*,#2753,.T.);
#3958=ORIENTED_EDGE('',*,*,#2750,.T.);
#3959=ORIENTED_EDGE('',*,*,#2747,.T.);
#3960=ORIENTED_EDGE('',*,*,#2756,.T.);
#3961=ORIENTED_EDGE('',*,*,#2765,.T.);
#3962=ORIENTED_EDGE('',*,*,#2762,.T.);
#3963=ORIENTED_EDGE('',*,*,#2759,.T.);
#3964=ORIENTED_EDGE('',*,*,#2768,.T.);
#3965=ORIENTED_EDGE('',*,*,#2777,.T.);
#3966=ORIENTED_EDGE('',*,*,#2774,.T.);
#3967=ORIENTED_EDGE('',*,*,#2771,.T.);
#3968=ORIENTED_EDGE('',*,*,#2780,.T.);
#3969=ORIENTED_EDGE('',*,*,#2789,.T.);
#3970=ORIENTED_EDGE('',*,*,#2786,.T.);
#3971=ORIENTED_EDGE('',*,*,#2783,.T.);
#3972=ORIENTED_EDGE('',*,*,#2792,.T.);
#3973=ORIENTED_EDGE('',*,*,#2801,.T.);
#3974=ORIENTED_EDGE('',*,*,#2798,.T.);
#3975=ORIENTED_EDGE('',*,*,#2795,.T.);
#3976=ORIENTED_EDGE('',*,*,#2804,.T.);
#3977=ORIENTED_EDGE('',*,*,#2813,.T.);
#3978=ORIENTED_EDGE('',*,*,#2810,.T.);
#3979=ORIENTED_EDGE('',*,*,#2807,.T.);
#3980=ORIENTED_EDGE('',*,*,#2816,.T.);
#3981=ORIENTED_EDGE('',*,*,#2825,.T.);
#3982=ORIENTED_EDGE('',*,*,#2822,.T.);
#3983=ORIENTED_EDGE('',*,*,#2819,.T.);
#3984=ORIENTED_EDGE('',*,*,#2828,.T.);
#3985=ORIENTED_EDGE('',*,*,#2837,.T.);
#3986=ORIENTED_EDGE('',*,*,#2834,.T.);
#3987=ORIENTED_EDGE('',*,*,#2831,.T.);
#3988=ORIENTED_EDGE('',*,*,#2840,.T.);
#3989=ORIENTED_EDGE('',*,*,#2849,.T.);
#3990=ORIENTED_EDGE('',*,*,#2846,.T.);
#3991=ORIENTED_EDGE('',*,*,#2843,.T.);
#3992=ORIENTED_EDGE('',*,*,#2852,.T.);
#3993=ORIENTED_EDGE('',*,*,#2861,.T.);
#3994=ORIENTED_EDGE('',*,*,#2858,.T.);
#3995=ORIENTED_EDGE('',*,*,#2855,.T.);
#3996=ORIENTED_EDGE('',*,*,#2864,.T.);
#3997=ORIENTED_EDGE('',*,*,#2873,.T.);
#3998=ORIENTED_EDGE('',*,*,#2870,.T.);
#3999=ORIENTED_EDGE('',*,*,#2867,.T.);
#4000=ORIENTED_EDGE('',*,*,#2876,.T.);
#4001=ORIENTED_EDGE('',*,*,#2885,.T.);
#4002=ORIENTED_EDGE('',*,*,#2882,.T.);
#4003=ORIENTED_EDGE('',*,*,#2879,.T.);
#4004=ORIENTED_EDGE('',*,*,#2888,.T.);
#4005=ORIENTED_EDGE('',*,*,#2891,.T.);
#4006=ORIENTED_EDGE('',*,*,#2894,.T.);
#4007=ORIENTED_EDGE('',*,*,#2897,.T.);
#4008=ORIENTED_EDGE('',*,*,#2610,.T.);
#4009=ORIENTED_EDGE('',*,*,#2619,.T.);
#4010=ORIENTED_EDGE('',*,*,#2614,.T.);
#4011=ORIENTED_EDGE('',*,*,#2617,.T.);
#4012=ORIENTED_EDGE('',*,*,#2606,.T.);
#4013=ORIENTED_EDGE('',*,*,#2636,.T.);
#4014=ORIENTED_EDGE('',*,*,#2901,.T.);
#4015=ORIENTED_EDGE('',*,*,#2899,.T.);
#4016=ORIENTED_EDGE('',*,*,#2675,.T.);
#4017=ORIENTED_EDGE('',*,*,#2904,.T.);
#4018=ORIENTED_EDGE('',*,*,#2677,.T.);
#4019=ORIENTED_EDGE('',*,*,#2917,.F.);
#4020=ORIENTED_EDGE('',*,*,#2909,.T.);
#4021=ORIENTED_EDGE('',*,*,#2918,.F.);
#4022=ORIENTED_EDGE('',*,*,#2905,.T.);
#4023=ORIENTED_EDGE('',*,*,#2919,.F.);
#4024=ORIENTED_EDGE('',*,*,#2681,.T.);
#4025=ORIENTED_EDGE('',*,*,#2920,.F.);
#4026=ORIENTED_EDGE('',*,*,#2648,.T.);
#4027=ORIENTED_EDGE('',*,*,#2898,.T.);
#4028=ORIENTED_EDGE('',*,*,#2670,.T.);
#4029=ORIENTED_EDGE('',*,*,#2667,.T.);
#4030=ORIENTED_EDGE('',*,*,#2657,.T.);
#4031=ORIENTED_EDGE('',*,*,#2661,.T.);
#4032=ORIENTED_EDGE('',*,*,#2664,.T.);
#4033=ORIENTED_EDGE('',*,*,#2903,.T.);
#4034=ORIENTED_EDGE('',*,*,#2644,.T.);
#4035=ORIENTED_EDGE('',*,*,#2654,.T.);
#4036=ORIENTED_EDGE('',*,*,#2651,.T.);
#4037=ORIENTED_EDGE('',*,*,#2640,.T.);
#4038=ORIENTED_EDGE('',*,*,#2895,.T.);
#4039=ORIENTED_EDGE('',*,*,#2892,.T.);
#4040=ORIENTED_EDGE('',*,*,#2889,.T.);
#4041=ORIENTED_EDGE('',*,*,#2884,.T.);
#4042=ORIENTED_EDGE('',*,*,#2887,.T.);
#4043=ORIENTED_EDGE('',*,*,#2877,.T.);
#4044=ORIENTED_EDGE('',*,*,#2881,.T.);
#4045=ORIENTED_EDGE('',*,*,#2872,.T.);
#4046=ORIENTED_EDGE('',*,*,#2875,.T.);
#4047=ORIENTED_EDGE('',*,*,#2865,.T.);
#4048=ORIENTED_EDGE('',*,*,#2869,.T.);
#4049=ORIENTED_EDGE('',*,*,#2860,.T.);
#4050=ORIENTED_EDGE('',*,*,#2863,.T.);
#4051=ORIENTED_EDGE('',*,*,#2853,.T.);
#4052=ORIENTED_EDGE('',*,*,#2857,.T.);
#4053=ORIENTED_EDGE('',*,*,#2848,.T.);
#4054=ORIENTED_EDGE('',*,*,#2851,.T.);
#4055=ORIENTED_EDGE('',*,*,#2841,.T.);
#4056=ORIENTED_EDGE('',*,*,#2845,.T.);
#4057=ORIENTED_EDGE('',*,*,#2836,.T.);
#4058=ORIENTED_EDGE('',*,*,#2839,.T.);
#4059=ORIENTED_EDGE('',*,*,#2829,.T.);
#4060=ORIENTED_EDGE('',*,*,#2833,.T.);
#4061=ORIENTED_EDGE('',*,*,#2824,.T.);
#4062=ORIENTED_EDGE('',*,*,#2827,.T.);
#4063=ORIENTED_EDGE('',*,*,#2817,.T.);
#4064=ORIENTED_EDGE('',*,*,#2821,.T.);
#4065=ORIENTED_EDGE('',*,*,#2812,.T.);
#4066=ORIENTED_EDGE('',*,*,#2815,.T.);
#4067=ORIENTED_EDGE('',*,*,#2805,.T.);
#4068=ORIENTED_EDGE('',*,*,#2809,.T.);
#4069=ORIENTED_EDGE('',*,*,#2800,.T.);
#4070=ORIENTED_EDGE('',*,*,#2803,.T.);
#4071=ORIENTED_EDGE('',*,*,#2793,.T.);
#4072=ORIENTED_EDGE('',*,*,#2797,.T.);
#4073=ORIENTED_EDGE('',*,*,#2788,.T.);
#4074=ORIENTED_EDGE('',*,*,#2791,.T.);
#4075=ORIENTED_EDGE('',*,*,#2781,.T.);
#4076=ORIENTED_EDGE('',*,*,#2785,.T.);
#4077=ORIENTED_EDGE('',*,*,#2776,.T.);
#4078=ORIENTED_EDGE('',*,*,#2779,.T.);
#4079=ORIENTED_EDGE('',*,*,#2769,.T.);
#4080=ORIENTED_EDGE('',*,*,#2773,.T.);
#4081=ORIENTED_EDGE('',*,*,#2764,.T.);
#4082=ORIENTED_EDGE('',*,*,#2767,.T.);
#4083=ORIENTED_EDGE('',*,*,#2757,.T.);
#4084=ORIENTED_EDGE('',*,*,#2761,.T.);
#4085=ORIENTED_EDGE('',*,*,#2752,.T.);
#4086=ORIENTED_EDGE('',*,*,#2755,.T.);
#4087=ORIENTED_EDGE('',*,*,#2745,.T.);
#4088=ORIENTED_EDGE('',*,*,#2749,.T.);
#4089=ORIENTED_EDGE('',*,*,#2740,.T.);
#4090=ORIENTED_EDGE('',*,*,#2743,.T.);
#4091=ORIENTED_EDGE('',*,*,#2733,.T.);
#4092=ORIENTED_EDGE('',*,*,#2737,.T.);
#4093=ORIENTED_EDGE('',*,*,#2728,.T.);
#4094=ORIENTED_EDGE('',*,*,#2731,.T.);
#4095=ORIENTED_EDGE('',*,*,#2721,.T.);
#4096=ORIENTED_EDGE('',*,*,#2725,.T.);
#4097=ORIENTED_EDGE('',*,*,#2716,.T.);
#4098=ORIENTED_EDGE('',*,*,#2719,.T.);
#4099=ORIENTED_EDGE('',*,*,#2709,.T.);
#4100=ORIENTED_EDGE('',*,*,#2713,.T.);
#4101=ORIENTED_EDGE('',*,*,#2704,.T.);
#4102=ORIENTED_EDGE('',*,*,#2707,.T.);
#4103=ORIENTED_EDGE('',*,*,#2697,.T.);
#4104=ORIENTED_EDGE('',*,*,#2701,.T.);
#4105=ORIENTED_EDGE('',*,*,#2694,.T.);
#4106=ORIENTED_EDGE('',*,*,#2691,.T.);
#4107=ORIENTED_EDGE('',*,*,#2688,.T.);
#4108=ORIENTED_EDGE('',*,*,#2685,.T.);
#4109=ORIENTED_EDGE('',*,*,#2624,.T.);
#4110=ORIENTED_EDGE('',*,*,#2639,.T.);
#4111=ORIENTED_EDGE('',*,*,#2620,.T.);
#4112=ORIENTED_EDGE('',*,*,#2632,.T.);
#4113=ORIENTED_EDGE('',*,*,#2628,.T.);
#4114=ORIENTED_EDGE('',*,*,#2634,.T.);
#4115=ORIENTED_EDGE('',*,*,#2608,.T.);
#4116=ORIENTED_EDGE('',*,*,#2637,.T.);
#4117=ORIENTED_EDGE('',*,*,#2604,.T.);
#4118=ORIENTED_EDGE('',*,*,#2616,.T.);
#4119=ORIENTED_EDGE('',*,*,#2612,.T.);
#4120=ORIENTED_EDGE('',*,*,#2618,.T.);
#4121=ORIENTED_EDGE('',*,*,#2680,.F.);
#4122=ORIENTED_EDGE('',*,*,#2916,.F.);
#4123=ORIENTED_EDGE('',*,*,#2910,.T.);
#4124=ORIENTED_EDGE('',*,*,#2917,.T.);
#4125=ORIENTED_EDGE('',*,*,#2906,.T.);
#4126=ORIENTED_EDGE('',*,*,#2918,.T.);
#4127=ORIENTED_EDGE('',*,*,#2912,.F.);
#4128=ORIENTED_EDGE('',*,*,#2915,.F.);
#4129=ORIENTED_EDGE('',*,*,#2682,.T.);
#4130=ORIENTED_EDGE('',*,*,#2919,.T.);
#4131=ORIENTED_EDGE('',*,*,#2908,.F.);
#4132=ORIENTED_EDGE('',*,*,#2914,.F.);
#4133=ORIENTED_EDGE('',*,*,#2678,.T.);
#4134=ORIENTED_EDGE('',*,*,#2920,.T.);
#4135=ORIENTED_EDGE('',*,*,#2684,.F.);
#4136=ORIENTED_EDGE('',*,*,#2913,.F.);
#4137=CYLINDRICAL_SURFACE('',#4418,1.25);
#4138=CYLINDRICAL_SURFACE('',#4428,1.75);
#4139=CYLINDRICAL_SURFACE('',#4433,1.75);
#4140=CYLINDRICAL_SURFACE('',#4438,1.75);
#4141=CYLINDRICAL_SURFACE('',#4443,1.2);
#4142=CYLINDRICAL_SURFACE('',#4445,1.2);
#4143=CYLINDRICAL_SURFACE('',#4447,1.2);
#4144=CYLINDRICAL_SURFACE('',#4449,2.1);
#4145=CYLINDRICAL_SURFACE('',#4453,2.1);
#4146=CYLINDRICAL_SURFACE('',#4457,2.1);
#4147=CYLINDRICAL_SURFACE('',#4461,1.75);
#4148=CYLINDRICAL_SURFACE('',#4466,1.75000000000001);
#4149=CYLINDRICAL_SURFACE('',#4471,1.75);
#4150=CYLINDRICAL_SURFACE('',#4476,1.75);
#4151=CYLINDRICAL_SURFACE('',#4481,1.2);
#4152=CYLINDRICAL_SURFACE('',#4483,1.19999999999999);
#4153=CYLINDRICAL_SURFACE('',#4485,1.2);
#4154=CYLINDRICAL_SURFACE('',#4489,1.2);
#4155=CYLINDRICAL_SURFACE('',#4494,2.1);
#4156=CYLINDRICAL_SURFACE('',#4498,2.10000000000001);
#4157=CYLINDRICAL_SURFACE('',#4502,2.1);
#4158=CYLINDRICAL_SURFACE('',#4506,2.1);
#4159=CYLINDRICAL_SURFACE('',#4525,1.99999999999999);
#4160=CYLINDRICAL_SURFACE('',#4529,1.99999999999999);
#4161=CYLINDRICAL_SURFACE('',#4555,3.25);
#4162=CYLINDRICAL_SURFACE('',#4557,3.5);
#4163=CYLINDRICAL_SURFACE('',#4560,1.99999999999999);
#4164=CYLINDRICAL_SURFACE('',#4563,2.);
#4165=CYLINDRICAL_SURFACE('',#4583,3.5);
#4166=CYLINDRICAL_SURFACE('',#4599,3.5);
#4167=CYLINDRICAL_SURFACE('',#4606,3.25);
#4168=CYLINDRICAL_SURFACE('',#4607,3.25);
#4169=CYLINDRICAL_SURFACE('',#4608,3.5);
#4170=CYLINDRICAL_SURFACE('',#4622,3.6);
#4171=CYLINDRICAL_SURFACE('',#4625,3.6);
#4172=CYLINDRICAL_SURFACE('',#4641,1.99999999999999);
#4173=CYLINDRICAL_SURFACE('',#4644,2.);
#4174=CYLINDRICAL_SURFACE('',#4647,1.2);
#4175=CYLINDRICAL_SURFACE('',#4650,1.2);
#4176=CYLINDRICAL_SURFACE('',#4653,1.2);
#4177=CYLINDRICAL_SURFACE('',#4656,1.2);
#4178=CYLINDRICAL_SURFACE('',#4723,1.2);
#4179=CYLINDRICAL_SURFACE('',#4726,1.19999999999999);
#4180=CYLINDRICAL_SURFACE('',#4729,1.2);
#4181=CYLINDRICAL_SURFACE('',#4735,1.99999999999999);
#4182=CYLINDRICAL_SURFACE('',#4738,1.99999999999999);
#4183=ADVANCED_FACE('',(#305),#4137,.F.);
#4184=ADVANCED_FACE('',(#306),#132,.F.);
#4185=ADVANCED_FACE('',(#307),#133,.F.);
#4186=ADVANCED_FACE('',(#308),#134,.F.);
#4187=ADVANCED_FACE('',(#309),#135,.T.);
#4188=ADVANCED_FACE('',(#310),#136,.F.);
#4189=ADVANCED_FACE('',(#311),#137,.F.);
#4190=ADVANCED_FACE('',(#312),#138,.F.);
#4191=ADVANCED_FACE('',(#313),#4138,.F.);
#4192=ADVANCED_FACE('',(#314,#22),#139,.T.);
#4193=ADVANCED_FACE('',(#315),#4139,.F.);
#4194=ADVANCED_FACE('',(#316,#23),#140,.T.);
#4195=ADVANCED_FACE('',(#317),#4140,.F.);
#4196=ADVANCED_FACE('',(#318,#24),#141,.T.);
#4197=ADVANCED_FACE('',(#319),#4141,.F.);
#4198=ADVANCED_FACE('',(#320),#4142,.F.);
#4199=ADVANCED_FACE('',(#321),#4143,.F.);
#4200=ADVANCED_FACE('',(#322),#4144,.F.);
#4201=ADVANCED_FACE('',(#323,#25),#142,.F.);
#4202=ADVANCED_FACE('',(#324),#4145,.F.);
#4203=ADVANCED_FACE('',(#325,#26),#143,.F.);
#4204=ADVANCED_FACE('',(#326),#4146,.F.);
#4205=ADVANCED_FACE('',(#327,#27),#144,.F.);
#4206=ADVANCED_FACE('',(#328),#4147,.F.);
#4207=ADVANCED_FACE('',(#329,#28),#145,.T.);
#4208=ADVANCED_FACE('',(#330),#4148,.F.);
#4209=ADVANCED_FACE('',(#331,#29),#146,.T.);
#4210=ADVANCED_FACE('',(#332),#4149,.F.);
#4211=ADVANCED_FACE('',(#333,#30),#147,.T.);
#4212=ADVANCED_FACE('',(#334),#4150,.F.);
#4213=ADVANCED_FACE('',(#335,#31),#148,.T.);
#4214=ADVANCED_FACE('',(#336),#4151,.F.);
#4215=ADVANCED_FACE('',(#337),#4152,.F.);
#4216=ADVANCED_FACE('',(#338,#32),#4153,.F.);
#4217=ADVANCED_FACE('',(#339),#4154,.F.);
#4218=ADVANCED_FACE('',(#340),#149,.F.);
#4219=ADVANCED_FACE('',(#341),#150,.F.);
#4220=ADVANCED_FACE('',(#342),#4155,.F.);
#4221=ADVANCED_FACE('',(#343,#33),#151,.F.);
#4222=ADVANCED_FACE('',(#344),#4156,.F.);
#4223=ADVANCED_FACE('',(#345,#34),#152,.F.);
#4224=ADVANCED_FACE('',(#346),#4157,.F.);
#4225=ADVANCED_FACE('',(#347,#35),#153,.F.);
#4226=ADVANCED_FACE('',(#348),#4158,.F.);
#4227=ADVANCED_FACE('',(#349,#36),#154,.F.);
#4228=ADVANCED_FACE('',(#350),#155,.T.);
#4229=ADVANCED_FACE('',(#351),#156,.F.);
#4230=ADVANCED_FACE('',(#352),#157,.F.);
#4231=ADVANCED_FACE('',(#353),#158,.F.);
#4232=ADVANCED_FACE('',(#354),#159,.F.);
#4233=ADVANCED_FACE('',(#355),#160,.T.);
#4234=ADVANCED_FACE('',(#356,#37),#161,.F.);
#4235=ADVANCED_FACE('',(#357),#162,.T.);
#4236=ADVANCED_FACE('',(#358),#163,.T.);
#4237=ADVANCED_FACE('',(#359),#164,.F.);
#4238=ADVANCED_FACE('',(#360,#38),#165,.F.);
#4239=ADVANCED_FACE('',(#361),#4159,.T.);
#4240=ADVANCED_FACE('',(#362),#4160,.T.);
#4241=ADVANCED_FACE('',(#363,#39),#166,.F.);
#4242=ADVANCED_FACE('',(#364),#167,.F.);
#4243=ADVANCED_FACE('',(#365),#168,.F.);
#4244=ADVANCED_FACE('',(#366),#169,.F.);
#4245=ADVANCED_FACE('',(#367),#170,.F.);
#4246=ADVANCED_FACE('',(#368,#40),#171,.F.);
#4247=ADVANCED_FACE('',(#369,#41),#172,.F.);
#4248=ADVANCED_FACE('',(#370,#42),#173,.F.);
#4249=ADVANCED_FACE('',(#371,#43),#174,.F.);
#4250=ADVANCED_FACE('',(#372,#44),#175,.F.);
#4251=ADVANCED_FACE('',(#373,#45),#176,.F.);
#4252=ADVANCED_FACE('',(#374),#4161,.T.);
#4253=ADVANCED_FACE('',(#375),#4162,.T.);
#4254=ADVANCED_FACE('',(#376),#177,.F.);
#4255=ADVANCED_FACE('',(#377),#4163,.T.);
#4256=ADVANCED_FACE('',(#378),#178,.T.);
#4257=ADVANCED_FACE('',(#379),#4164,.T.);
#4258=ADVANCED_FACE('',(#380,#46),#179,.T.);
#4259=ADVANCED_FACE('',(#381),#180,.F.);
#4260=ADVANCED_FACE('',(#382),#181,.F.);
#4261=ADVANCED_FACE('',(#383),#182,.T.);
#4262=ADVANCED_FACE('',(#384),#183,.F.);
#4263=ADVANCED_FACE('',(#385),#184,.T.);
#4264=ADVANCED_FACE('',(#386),#185,.T.);
#4265=ADVANCED_FACE('',(#387),#186,.T.);
#4266=ADVANCED_FACE('',(#388),#187,.T.);
#4267=ADVANCED_FACE('',(#389),#188,.T.);
#4268=ADVANCED_FACE('',(#390),#189,.T.);
#4269=ADVANCED_FACE('',(#391),#190,.T.);
#4270=ADVANCED_FACE('',(#392),#191,.T.);
#4271=ADVANCED_FACE('',(#393),#192,.T.);
#4272=ADVANCED_FACE('',(#394),#193,.T.);
#4273=ADVANCED_FACE('',(#395),#194,.T.);
#4274=ADVANCED_FACE('',(#396),#4165,.T.);
#4275=ADVANCED_FACE('',(#397),#195,.T.);
#4276=ADVANCED_FACE('',(#398),#196,.T.);
#4277=ADVANCED_FACE('',(#399),#197,.T.);
#4278=ADVANCED_FACE('',(#400),#198,.T.);
#4279=ADVANCED_FACE('',(#401),#199,.T.);
#4280=ADVANCED_FACE('',(#402,#47,#48,#49,#50,#51,#52,#53,#54),#200,.F.);
#4281=ADVANCED_FACE('',(#403),#17,.F.);
#4282=ADVANCED_FACE('',(#404),#201,.T.);
#4283=ADVANCED_FACE('',(#405),#202,.T.);
#4284=ADVANCED_FACE('',(#406),#203,.T.);
#4285=ADVANCED_FACE('',(#407),#204,.T.);
#4286=ADVANCED_FACE('',(#408),#4166,.T.);
#4287=ADVANCED_FACE('',(#409),#205,.T.);
#4288=ADVANCED_FACE('',(#410),#4167,.T.);
#4289=ADVANCED_FACE('',(#411),#4168,.T.);
#4290=ADVANCED_FACE('',(#412),#4169,.T.);
#4291=ADVANCED_FACE('',(#413,#55),#206,.F.);
#4292=ADVANCED_FACE('',(#414,#56),#207,.T.);
#4293=ADVANCED_FACE('',(#415,#57),#208,.T.);
#4294=ADVANCED_FACE('',(#416),#209,.F.);
#4295=ADVANCED_FACE('',(#417),#210,.F.);
#4296=ADVANCED_FACE('',(#418),#211,.F.);
#4297=ADVANCED_FACE('',(#419),#212,.F.);
#4298=ADVANCED_FACE('',(#420),#213,.F.);
#4299=ADVANCED_FACE('',(#421),#214,.F.);
#4300=ADVANCED_FACE('',(#422),#215,.F.);
#4301=ADVANCED_FACE('',(#423),#216,.F.);
#4302=ADVANCED_FACE('',(#424),#217,.F.);
#4303=ADVANCED_FACE('',(#425),#218,.F.);
#4304=ADVANCED_FACE('',(#426),#4170,.F.);
#4305=ADVANCED_FACE('',(#427),#4171,.F.);
#4306=ADVANCED_FACE('',(#428),#219,.F.);
#4307=ADVANCED_FACE('',(#429),#220,.F.);
#4308=ADVANCED_FACE('',(#430),#221,.F.);
#4309=ADVANCED_FACE('',(#431),#222,.F.);
#4310=ADVANCED_FACE('',(#432),#223,.F.);
#4311=ADVANCED_FACE('',(#433),#224,.F.);
#4312=ADVANCED_FACE('',(#434),#225,.F.);
#4313=ADVANCED_FACE('',(#435),#226,.F.);
#4314=ADVANCED_FACE('',(#436),#227,.F.);
#4315=ADVANCED_FACE('',(#437),#228,.F.);
#4316=ADVANCED_FACE('',(#438),#229,.F.);
#4317=ADVANCED_FACE('',(#439),#230,.F.);
#4318=ADVANCED_FACE('',(#440),#231,.F.);
#4319=ADVANCED_FACE('',(#441),#4172,.T.);
#4320=ADVANCED_FACE('',(#442),#4173,.T.);
#4321=ADVANCED_FACE('',(#443),#4174,.F.);
#4322=ADVANCED_FACE('',(#444),#4175,.F.);
#4323=ADVANCED_FACE('',(#445),#4176,.F.);
#4324=ADVANCED_FACE('',(#446),#4177,.F.);
#4325=ADVANCED_FACE('',(#447),#232,.F.);
#4326=ADVANCED_FACE('',(#448),#233,.F.);
#4327=ADVANCED_FACE('',(#449),#234,.F.);
#4328=ADVANCED_FACE('',(#450),#235,.F.);
#4329=ADVANCED_FACE('',(#451),#236,.F.);
#4330=ADVANCED_FACE('',(#452),#237,.F.);
#4331=ADVANCED_FACE('',(#453),#238,.F.);
#4332=ADVANCED_FACE('',(#454),#239,.F.);
#4333=ADVANCED_FACE('',(#455),#240,.F.);
#4334=ADVANCED_FACE('',(#456),#241,.F.);
#4335=ADVANCED_FACE('',(#457),#242,.F.);
#4336=ADVANCED_FACE('',(#458),#243,.F.);
#4337=ADVANCED_FACE('',(#459),#244,.F.);
#4338=ADVANCED_FACE('',(#460),#245,.F.);
#4339=ADVANCED_FACE('',(#461),#246,.F.);
#4340=ADVANCED_FACE('',(#462),#247,.F.);
#4341=ADVANCED_FACE('',(#463),#248,.F.);
#4342=ADVANCED_FACE('',(#464),#249,.F.);
#4343=ADVANCED_FACE('',(#465),#250,.F.);
#4344=ADVANCED_FACE('',(#466),#251,.F.);
#4345=ADVANCED_FACE('',(#467),#252,.F.);
#4346=ADVANCED_FACE('',(#468),#253,.F.);
#4347=ADVANCED_FACE('',(#469),#254,.F.);
#4348=ADVANCED_FACE('',(#470),#255,.F.);
#4349=ADVANCED_FACE('',(#471),#256,.F.);
#4350=ADVANCED_FACE('',(#472),#257,.F.);
#4351=ADVANCED_FACE('',(#473),#258,.F.);
#4352=ADVANCED_FACE('',(#474),#259,.F.);
#4353=ADVANCED_FACE('',(#475),#260,.F.);
#4354=ADVANCED_FACE('',(#476),#261,.F.);
#4355=ADVANCED_FACE('',(#477),#262,.F.);
#4356=ADVANCED_FACE('',(#478),#263,.F.);
#4357=ADVANCED_FACE('',(#479),#264,.F.);
#4358=ADVANCED_FACE('',(#480),#265,.F.);
#4359=ADVANCED_FACE('',(#481),#266,.F.);
#4360=ADVANCED_FACE('',(#482),#267,.F.);
#4361=ADVANCED_FACE('',(#483),#268,.F.);
#4362=ADVANCED_FACE('',(#484),#269,.F.);
#4363=ADVANCED_FACE('',(#485),#270,.F.);
#4364=ADVANCED_FACE('',(#486),#271,.F.);
#4365=ADVANCED_FACE('',(#487),#272,.F.);
#4366=ADVANCED_FACE('',(#488),#273,.F.);
#4367=ADVANCED_FACE('',(#489),#274,.F.);
#4368=ADVANCED_FACE('',(#490),#275,.F.);
#4369=ADVANCED_FACE('',(#491),#276,.F.);
#4370=ADVANCED_FACE('',(#492),#277,.F.);
#4371=ADVANCED_FACE('',(#493),#278,.F.);
#4372=ADVANCED_FACE('',(#494),#279,.F.);
#4373=ADVANCED_FACE('',(#495),#280,.F.);
#4374=ADVANCED_FACE('',(#496),#281,.F.);
#4375=ADVANCED_FACE('',(#497),#282,.F.);
#4376=ADVANCED_FACE('',(#498),#283,.F.);
#4377=ADVANCED_FACE('',(#499),#284,.F.);
#4378=ADVANCED_FACE('',(#500),#285,.F.);
#4379=ADVANCED_FACE('',(#501),#286,.F.);
#4380=ADVANCED_FACE('',(#502),#287,.F.);
#4381=ADVANCED_FACE('',(#503),#288,.F.);
#4382=ADVANCED_FACE('',(#504),#289,.F.);
#4383=ADVANCED_FACE('',(#505),#290,.F.);
#4384=ADVANCED_FACE('',(#506),#291,.F.);
#4385=ADVANCED_FACE('',(#507),#292,.F.);
#4386=ADVANCED_FACE('',(#508),#293,.F.);
#4387=ADVANCED_FACE('',(#509),#294,.F.);
#4388=ADVANCED_FACE('',(#510),#295,.F.);
#4389=ADVANCED_FACE('',(#511),#4178,.F.);
#4390=ADVANCED_FACE('',(#512),#4179,.F.);
#4391=ADVANCED_FACE('',(#513),#4180,.F.);
#4392=ADVANCED_FACE('',(#514),#296,.F.);
#4393=ADVANCED_FACE('',(#515),#297,.F.);
#4394=ADVANCED_FACE('',(#516),#298,.F.);
#4395=ADVANCED_FACE('',(#517),#4181,.T.);
#4396=ADVANCED_FACE('',(#518),#4182,.T.);
#4397=ADVANCED_FACE('',(#519,#58,#59,#60,#61,#62,#63,#64,#65,#66,#67,#68,
#69,#70,#71,#72,#73,#74,#75,#76,#77,#78,#79,#80,#81,#82,#83),#299,.T.);
#4398=ADVANCED_FACE('',(#520,#84,#85,#86,#87,#88,#89,#90,#91,#92,#93,#94,
#95,#96,#97,#98,#99,#100,#101,#102,#103,#104,#105,#106,#107,#108,#109),
#300,.F.);
#4399=ADVANCED_FACE('',(#521),#301,.T.);
#4400=ADVANCED_FACE('',(#522),#302,.T.);
#4401=ADVANCED_FACE('',(#523),#303,.T.);
#4402=ADVANCED_FACE('',(#524),#304,.T.);
#4403=CLOSED_SHELL('',(#4183,#4184,#4185,#4186,#4187,#4188,#4189,#4190,
#4191,#4192,#4193,#4194,#4195,#4196,#4197,#4198,#4199,#4200,#4201,#4202,
#4203,#4204,#4205,#4206,#4207,#4208,#4209,#4210,#4211,#4212,#4213,#4214,
#4215,#4216,#4217,#4218,#4219,#4220,#4221,#4222,#4223,#4224,#4225,#4226,
#4227,#4228,#4229,#4230,#4231,#4232,#4233,#4234,#4235,#4236,#4237,#4238,
#4239,#4240,#4241,#4242,#4243,#4244,#4245,#4246,#4247,#4248,#4249,#4250,
#4251,#4252,#4253,#4254,#4255,#4256,#4257,#4258,#4259,#4260,#4261,#4262,
#4263,#4264,#4265,#4266,#4267,#4268,#4269,#4270,#4271,#4272,#4273,#4274,
#4275,#4276,#4277,#4278,#4279,#4280,#4281,#4282,#4283,#4284,#4285,#4286,
#4287,#4288,#4289,#4290,#4291,#4292,#4293));
#4404=CLOSED_SHELL('',(#4294,#4295,#4296,#4297,#4298,#4299,#4300,#4301,
#4302,#4303,#4304,#4305,#4306,#4307,#4308,#4309,#4310,#4311,#4312,#4313,
#4314,#4315,#4316,#4317,#4318,#4319,#4320,#4321,#4322,#4323,#4324,#4325,
#4326,#4327,#4328,#4329,#4330,#4331,#4332,#4333,#4334,#4335,#4336,#4337,
#4338,#4339,#4340,#4341,#4342,#4343,#4344,#4345,#4346,#4347,#4348,#4349,
#4350,#4351,#4352,#4353,#4354,#4355,#4356,#4357,#4358,#4359,#4360,#4361,
#4362,#4363,#4364,#4365,#4366,#4367,#4368,#4369,#4370,#4371,#4372,#4373,
#4374,#4375,#4376,#4377,#4378,#4379,#4380,#4381,#4382,#4383,#4384,#4385,
#4386,#4387,#4388,#4389,#4390,#4391,#4392,#4393,#4394,#4395,#4396,#4397,
#4398,#4399,#4400,#4401,#4402));
#4405=DERIVED_UNIT_ELEMENT(#4407,1.);
#4406=DERIVED_UNIT_ELEMENT(#8437,-3.);
#4407=(
MASS_UNIT()
NAMED_UNIT(*)
SI_UNIT(.KILO.,.GRAM.)
);
#4408=DERIVED_UNIT((#4405,#4406));
#4409=MEASURE_REPRESENTATION_ITEM('density measure',
POSITIVE_RATIO_MEASURE(7850.),#4408);
#4410=PROPERTY_DEFINITION_REPRESENTATION(#4415,#4412);
#4411=PROPERTY_DEFINITION_REPRESENTATION(#4416,#4413);
#4412=REPRESENTATION('material name',(#4414),#8434);
#4413=REPRESENTATION('density',(#4409),#8434);
#4414=DESCRIPTIVE_REPRESENTATION_ITEM('Steel','Steel');
#4415=PROPERTY_DEFINITION('material property','material name',#8444);
#4416=PROPERTY_DEFINITION('material property','density of part',#8444);
#4417=AXIS2_PLACEMENT_3D('',#5901,#4747,#4748);
#4418=AXIS2_PLACEMENT_3D('',#5902,#4749,#4750);
#4419=AXIS2_PLACEMENT_3D('',#5904,#4751,#4752);
#4420=AXIS2_PLACEMENT_3D('',#5907,#4754,#4755);
#4421=AXIS2_PLACEMENT_3D('',#5908,#4756,#4757);
#4422=AXIS2_PLACEMENT_3D('',#5917,#4762,#4763);
#4423=AXIS2_PLACEMENT_3D('',#5923,#4767,#4768);
#4424=AXIS2_PLACEMENT_3D('',#5929,#4772,#4773);
#4425=AXIS2_PLACEMENT_3D('',#5932,#4776,#4777);
#4426=AXIS2_PLACEMENT_3D('',#5941,#4782,#4783);
#4427=AXIS2_PLACEMENT_3D('',#5950,#4788,#4789);
#4428=AXIS2_PLACEMENT_3D('',#5953,#4792,#4793);
#4429=AXIS2_PLACEMENT_3D('',#5955,#4794,#4795);
#4430=AXIS2_PLACEMENT_3D('',#5958,#4797,#4798);
#4431=AXIS2_PLACEMENT_3D('',#5959,#4799,#4800);
#4432=AXIS2_PLACEMENT_3D('',#5961,#4801,#4802);
#4433=AXIS2_PLACEMENT_3D('',#5962,#4803,#4804);
#4434=AXIS2_PLACEMENT_3D('',#5964,#4805,#4806);
#4435=AXIS2_PLACEMENT_3D('',#5967,#4808,#4809);
#4436=AXIS2_PLACEMENT_3D('',#5968,#4810,#4811);
#4437=AXIS2_PLACEMENT_3D('',#5970,#4812,#4813);
#4438=AXIS2_PLACEMENT_3D('',#5971,#4814,#4815);
#4439=AXIS2_PLACEMENT_3D('',#5973,#4816,#4817);
#4440=AXIS2_PLACEMENT_3D('',#5976,#4819,#4820);
#4441=AXIS2_PLACEMENT_3D('',#5977,#4821,#4822);
#4442=AXIS2_PLACEMENT_3D('',#5979,#4823,#4824);
#4443=AXIS2_PLACEMENT_3D('',#5980,#4825,#4826);
#4444=AXIS2_PLACEMENT_3D('',#5982,#4827,#4828);
#4445=AXIS2_PLACEMENT_3D('',#5984,#4830,#4831);
#4446=AXIS2_PLACEMENT_3D('',#5986,#4832,#4833);
#4447=AXIS2_PLACEMENT_3D('',#5988,#4835,#4836);
#4448=AXIS2_PLACEMENT_3D('',#5990,#4837,#4838);
#4449=AXIS2_PLACEMENT_3D('',#5992,#4840,#4841);
#4450=AXIS2_PLACEMENT_3D('',#5994,#4842,#4843);
#4451=AXIS2_PLACEMENT_3D('',#5997,#4845,#4846);
#4452=AXIS2_PLACEMENT_3D('',#5998,#4847,#4848);
#4453=AXIS2_PLACEMENT_3D('',#5999,#4849,#4850);
#4454=AXIS2_PLACEMENT_3D('',#6001,#4851,#4852);
#4455=AXIS2_PLACEMENT_3D('',#6004,#4854,#4855);
#4456=AXIS2_PLACEMENT_3D('',#6005,#4856,#4857);
#4457=AXIS2_PLACEMENT_3D('',#6006,#4858,#4859);
#4458=AXIS2_PLACEMENT_3D('',#6008,#4860,#4861);
#4459=AXIS2_PLACEMENT_3D('',#6011,#4863,#4864);
#4460=AXIS2_PLACEMENT_3D('',#6012,#4865,#4866);
#4461=AXIS2_PLACEMENT_3D('',#6013,#4867,#4868);
#4462=AXIS2_PLACEMENT_3D('',#6015,#4869,#4870);
#4463=AXIS2_PLACEMENT_3D('',#6018,#4872,#4873);
#4464=AXIS2_PLACEMENT_3D('',#6019,#4874,#4875);
#4465=AXIS2_PLACEMENT_3D('',#6021,#4876,#4877);
#4466=AXIS2_PLACEMENT_3D('',#6022,#4878,#4879);
#4467=AXIS2_PLACEMENT_3D('',#6024,#4880,#4881);
#4468=AXIS2_PLACEMENT_3D('',#6027,#4883,#4884);
#4469=AXIS2_PLACEMENT_3D('',#6028,#4885,#4886);
#4470=AXIS2_PLACEMENT_3D('',#6030,#4887,#4888);
#4471=AXIS2_PLACEMENT_3D('',#6031,#4889,#4890);
#4472=AXIS2_PLACEMENT_3D('',#6033,#4891,#4892);
#4473=AXIS2_PLACEMENT_3D('',#6036,#4894,#4895);
#4474=AXIS2_PLACEMENT_3D('',#6037,#4896,#4897);
#4475=AXIS2_PLACEMENT_3D('',#6039,#4898,#4899);
#4476=AXIS2_PLACEMENT_3D('',#6040,#4900,#4901);
#4477=AXIS2_PLACEMENT_3D('',#6042,#4902,#4903);
#4478=AXIS2_PLACEMENT_3D('',#6045,#4905,#4906);
#4479=AXIS2_PLACEMENT_3D('',#6046,#4907,#4908);
#4480=AXIS2_PLACEMENT_3D('',#6048,#4909,#4910);
#4481=AXIS2_PLACEMENT_3D('',#6049,#4911,#4912);
#4482=AXIS2_PLACEMENT_3D('',#6051,#4913,#4914);
#4483=AXIS2_PLACEMENT_3D('',#6053,#4916,#4917);
#4484=AXIS2_PLACEMENT_3D('',#6055,#4918,#4919);
#4485=AXIS2_PLACEMENT_3D('',#6057,#4921,#4922);
#4486=AXIS2_PLACEMENT_3D('',#6059,#4923,#4924);
#4487=AXIS2_PLACEMENT_3D('',#6063,#4926,#4927);
#4488=AXIS2_PLACEMENT_3D('',#6067,#4929,#4930);
#4489=AXIS2_PLACEMENT_3D('',#6069,#4932,#4933);
#4490=AXIS2_PLACEMENT_3D('',#6071,#4934,#4935);
#4491=AXIS2_PLACEMENT_3D('',#6073,#4937,#4938);
#4492=AXIS2_PLACEMENT_3D('',#6077,#4940,#4941);
#4493=AXIS2_PLACEMENT_3D('',#6079,#4943,#4944);
#4494=AXIS2_PLACEMENT_3D('',#6087,#4949,#4950);
#4495=AXIS2_PLACEMENT_3D('',#6089,#4951,#4952);
#4496=AXIS2_PLACEMENT_3D('',#6092,#4954,#4955);
#4497=AXIS2_PLACEMENT_3D('',#6093,#4956,#4957);
#4498=AXIS2_PLACEMENT_3D('',#6094,#4958,#4959);
#4499=AXIS2_PLACEMENT_3D('',#6096,#4960,#4961);
#4500=AXIS2_PLACEMENT_3D('',#6099,#4963,#4964);
#4501=AXIS2_PLACEMENT_3D('',#6100,#4965,#4966);
#4502=AXIS2_PLACEMENT_3D('',#6101,#4967,#4968);
#4503=AXIS2_PLACEMENT_3D('',#6103,#4969,#4970);
#4504=AXIS2_PLACEMENT_3D('',#6106,#4972,#4973);
#4505=AXIS2_PLACEMENT_3D('',#6107,#4974,#4975);
#4506=AXIS2_PLACEMENT_3D('',#6108,#4976,#4977);
#4507=AXIS2_PLACEMENT_3D('',#6110,#4978,#4979);
#4508=AXIS2_PLACEMENT_3D('',#6113,#4981,#4982);
#4509=AXIS2_PLACEMENT_3D('',#6114,#4983,#4984);
#4510=AXIS2_PLACEMENT_3D('',#6115,#4985,#4986);
#4511=AXIS2_PLACEMENT_3D('',#6132,#4995,#4996);
#4512=AXIS2_PLACEMENT_3D('',#6134,#4997,#4998);
#4513=AXIS2_PLACEMENT_3D('',#6136,#5000,#5001);
#4514=AXIS2_PLACEMENT_3D('',#6139,#5002,#5003);
#4515=AXIS2_PLACEMENT_3D('',#6143,#5006,#5007);
#4516=AXIS2_PLACEMENT_3D('',#6146,#5008,#5009);
#4517=AXIS2_PLACEMENT_3D('',#6150,#5012,#5013);
#4518=AXIS2_PLACEMENT_3D('',#6152,#5014,#5015);
#4519=AXIS2_PLACEMENT_3D('',#6154,#5017,#5018);
#4520=AXIS2_PLACEMENT_3D('',#6163,#5024,#5025);
#4521=AXIS2_PLACEMENT_3D('',#6175,#5032,#5033);
#4522=AXIS2_PLACEMENT_3D('',#6182,#5038,#5039);
#4523=AXIS2_PLACEMENT_3D('',#6188,#5043,#5044);
#4524=AXIS2_PLACEMENT_3D('',#6218,#5060,#5061);
#4525=AXIS2_PLACEMENT_3D('',#6230,#5068,#5069);
#4526=AXIS2_PLACEMENT_3D('',#6232,#5070,#5071);
#4527=AXIS2_PLACEMENT_3D('',#6236,#5073,#5074);
#4528=AXIS2_PLACEMENT_3D('',#6239,#5076,#5077);
#4529=AXIS2_PLACEMENT_3D('',#6240,#5078,#5079);
#4530=AXIS2_PLACEMENT_3D('',#6242,#5080,#5081);
#4531=AXIS2_PLACEMENT_3D('',#6246,#5083,#5084);
#4532=AXIS2_PLACEMENT_3D('',#6249,#5086,#5087);
#4533=AXIS2_PLACEMENT_3D('',#6250,#5088,#5089);
#4534=AXIS2_PLACEMENT_3D('',#6251,#5090,#5091);
#4535=AXIS2_PLACEMENT_3D('',#6252,#5092,#5093);
#4536=AXIS2_PLACEMENT_3D('',#6254,#5095,#5096);
#4537=AXIS2_PLACEMENT_3D('',#6256,#5097,#5098);
#4538=AXIS2_PLACEMENT_3D('',#6258,#5100,#5101);
#4539=AXIS2_PLACEMENT_3D('',#6260,#5102,#5103);
#4540=AXIS2_PLACEMENT_3D('',#6263,#5105,#5106);
#4541=AXIS2_PLACEMENT_3D('',#6264,#5107,#5108);
#4542=AXIS2_PLACEMENT_3D('',#6267,#5110,#5111);
#4543=AXIS2_PLACEMENT_3D('',#6268,#5112,#5113);
#4544=AXIS2_PLACEMENT_3D('',#6272,#5115,#5116);
#4545=AXIS2_PLACEMENT_3D('',#6273,#5117,#5118);
#4546=AXIS2_PLACEMENT_3D('',#6274,#5119,#5120);
#4547=AXIS2_PLACEMENT_3D('',#6275,#5121,#5122);
#4548=AXIS2_PLACEMENT_3D('',#6276,#5123,#5124);
#4549=AXIS2_PLACEMENT_3D('',#6277,#5125,#5126);
#4550=AXIS2_PLACEMENT_3D('',#6278,#5127,#5128);
#4551=AXIS2_PLACEMENT_3D('',#6279,#5129,#5130);
#4552=AXIS2_PLACEMENT_3D('',#6281,#5131,#5132);
#4553=AXIS2_PLACEMENT_3D('',#6282,#5133,#5134);
#4554=AXIS2_PLACEMENT_3D('',#6284,#5135,#5136);
#4555=AXIS2_PLACEMENT_3D('',#6285,#5137,#5138);
#4556=AXIS2_PLACEMENT_3D('',#6286,#5139,#5140);
#4557=AXIS2_PLACEMENT_3D('',#6287,#5141,#5142);
#4558=AXIS2_PLACEMENT_3D('',#6288,#5143,#5144);
#4559=AXIS2_PLACEMENT_3D('',#6289,#5145,#5146);
#4560=AXIS2_PLACEMENT_3D('',#6314,#5160,#5161);
#4561=AXIS2_PLACEMENT_3D('',#6318,#5163,#5164);
#4562=AXIS2_PLACEMENT_3D('',#6320,#5166,#5167);
#4563=AXIS2_PLACEMENT_3D('',#6324,#5170,#5171);
#4564=AXIS2_PLACEMENT_3D('',#6327,#5173,#5174);
#4565=AXIS2_PLACEMENT_3D('',#6328,#5175,#5176);
#4566=AXIS2_PLACEMENT_3D('',#6330,#5178,#5179);
#4567=AXIS2_PLACEMENT_3D('',#6344,#5187,#5188);
#4568=AXIS2_PLACEMENT_3D('',#6350,#5192,#5193);
#4569=AXIS2_PLACEMENT_3D('',#6354,#5196,#5197);
#4570=AXIS2_PLACEMENT_3D('',#6360,#5201,#5202);
#4571=AXIS2_PLACEMENT_3D('',#6363,#5205,#5206);
#4572=AXIS2_PLACEMENT_3D('',#6366,#5209,#5210);
#4573=AXIS2_PLACEMENT_3D('',#6368,#5212,#5213);
#4574=AXIS2_PLACEMENT_3D('',#6372,#5216,#5217);
#4575=AXIS2_PLACEMENT_3D('',#6380,#5222,#5223);
#4576=AXIS2_PLACEMENT_3D('',#6389,#5228,#5229);
#4577=AXIS2_PLACEMENT_3D('',#6398,#5234,#5235);
#4578=AXIS2_PLACEMENT_3D('',#6400,#5236,#5237);
#4579=AXIS2_PLACEMENT_3D('',#6409,#5243,#5244);
#4580=AXIS2_PLACEMENT_3D('',#6413,#5247,#5248);
#4581=AXIS2_PLACEMENT_3D('',#6417,#5251,#5252);
#4582=AXIS2_PLACEMENT_3D('',#6419,#5253,#5254);
#4583=AXIS2_PLACEMENT_3D('',#6423,#5257,#5258);
#4584=AXIS2_PLACEMENT_3D('',#6426,#5260,#5261);
#4585=AXIS2_PLACEMENT_3D('',#6430,#5263,#5264);
#4586=AXIS2_PLACEMENT_3D('',#6432,#5266,#5267);
#4587=AXIS2_PLACEMENT_3D('',#6433,#5268,#5269);
#4588=AXIS2_PLACEMENT_3D('',#6446,#5273,#5274);
#4589=AXIS2_PLACEMENT_3D('',#6448,#5276,#5277);
#4590=AXIS2_PLACEMENT_3D('',#6452,#5280,#5281);
#4591=AXIS2_PLACEMENT_3D('',#6455,#5284,#5285);
#4592=AXIS2_PLACEMENT_3D('',#6456,#5286,#5287);
#4593=AXIS2_PLACEMENT_3D('',#7759,#5291,#5292);
#4594=AXIS2_PLACEMENT_3D('',#7762,#5294,#5295);
#4595=AXIS2_PLACEMENT_3D('',#7763,#5296,#5297);
#4596=AXIS2_PLACEMENT_3D('',#7765,#5298,#5299);
#4597=AXIS2_PLACEMENT_3D('',#7767,#5301,#5302);
#4598=AXIS2_PLACEMENT_3D('',#7771,#5305,#5306);
#4599=AXIS2_PLACEMENT_3D('',#7775,#5309,#5310);
#4600=AXIS2_PLACEMENT_3D('',#7778,#5312,#5313);
#4601=AXIS2_PLACEMENT_3D('',#7779,#5314,#5315);
#4602=AXIS2_PLACEMENT_3D('',#7780,#5316,#5317);
#4603=AXIS2_PLACEMENT_3D('',#7784,#5319,#5320);
#4604=AXIS2_PLACEMENT_3D('',#7786,#5322,#5323);
#4605=AXIS2_PLACEMENT_3D('',#7787,#5324,#5325);
#4606=AXIS2_PLACEMENT_3D('',#7788,#5326,#5327);
#4607=AXIS2_PLACEMENT_3D('',#7789,#5328,#5329);
#4608=AXIS2_PLACEMENT_3D('',#7790,#5330,#5331);
#4609=AXIS2_PLACEMENT_3D('',#7793,#5334,#5335);
#4610=AXIS2_PLACEMENT_3D('',#7794,#5336,#5337);
#4611=AXIS2_PLACEMENT_3D('',#7795,#5338,#5339);
#4612=AXIS2_PLACEMENT_3D('',#7796,#5340,#5341);
#4613=AXIS2_PLACEMENT_3D('',#7805,#5346,#5347);
#4614=AXIS2_PLACEMENT_3D('',#7814,#5352,#5353);
#4615=AXIS2_PLACEMENT_3D('',#7823,#5358,#5359);
#4616=AXIS2_PLACEMENT_3D('',#7826,#5362,#5363);
#4617=AXIS2_PLACEMENT_3D('',#7829,#5366,#5367);
#4618=AXIS2_PLACEMENT_3D('',#7838,#5372,#5373);
#4619=AXIS2_PLACEMENT_3D('',#7847,#5378,#5379);
#4620=AXIS2_PLACEMENT_3D('',#7856,#5384,#5385);
#4621=AXIS2_PLACEMENT_3D('',#7859,#5388,#5389);
#4622=AXIS2_PLACEMENT_3D('',#7862,#5392,#5393);
#4623=AXIS2_PLACEMENT_3D('',#7863,#5394,#5395);
#4624=AXIS2_PLACEMENT_3D('',#7864,#5396,#5397);
#4625=AXIS2_PLACEMENT_3D('',#7865,#5398,#5399);
#4626=AXIS2_PLACEMENT_3D('',#7866,#5400,#5401);
#4627=AXIS2_PLACEMENT_3D('',#7867,#5402,#5403);
#4628=AXIS2_PLACEMENT_3D('',#7868,#5404,#5405);
#4629=AXIS2_PLACEMENT_3D('',#7877,#5410,#5411);
#4630=AXIS2_PLACEMENT_3D('',#7886,#5416,#5417);
#4631=AXIS2_PLACEMENT_3D('',#7892,#5421,#5422);
#4632=AXIS2_PLACEMENT_3D('',#7898,#5426,#5427);
#4633=AXIS2_PLACEMENT_3D('',#7901,#5430,#5431);
#4634=AXIS2_PLACEMENT_3D('',#7903,#5433,#5434);
#4635=AXIS2_PLACEMENT_3D('',#7912,#5439,#5440);
#4636=AXIS2_PLACEMENT_3D('',#7918,#5444,#5445);
#4637=AXIS2_PLACEMENT_3D('',#7924,#5449,#5450);
#4638=AXIS2_PLACEMENT_3D('',#7930,#5454,#5455);
#4639=AXIS2_PLACEMENT_3D('',#7936,#5459,#5460);
#4640=AXIS2_PLACEMENT_3D('',#7938,#5462,#5463);
#4641=AXIS2_PLACEMENT_3D('',#7944,#5467,#5468);
#4642=AXIS2_PLACEMENT_3D('',#7947,#5469,#5470);
#4643=AXIS2_PLACEMENT_3D('',#7951,#5472,#5473);
#4644=AXIS2_PLACEMENT_3D('',#7953,#5475,#5476);
#4645=AXIS2_PLACEMENT_3D('',#7956,#5477,#5478);
#4646=AXIS2_PLACEMENT_3D('',#7960,#5480,#5481);
#4647=AXIS2_PLACEMENT_3D('',#7962,#5483,#5484);
#4648=AXIS2_PLACEMENT_3D('',#7964,#5485,#5486);
#4649=AXIS2_PLACEMENT_3D('',#7967,#5488,#5489);
#4650=AXIS2_PLACEMENT_3D('',#7968,#5490,#5491);
#4651=AXIS2_PLACEMENT_3D('',#7970,#5492,#5493);
#4652=AXIS2_PLACEMENT_3D('',#7973,#5495,#5496);
#4653=AXIS2_PLACEMENT_3D('',#7974,#5497,#5498);
#4654=AXIS2_PLACEMENT_3D('',#7976,#5499,#5500);
#4655=AXIS2_PLACEMENT_3D('',#7979,#5502,#5503);
#4656=AXIS2_PLACEMENT_3D('',#7980,#5504,#5505);
#4657=AXIS2_PLACEMENT_3D('',#7982,#5506,#5507);
#4658=AXIS2_PLACEMENT_3D('',#7985,#5509,#5510);
#4659=AXIS2_PLACEMENT_3D('',#7986,#5511,#5512);
#4660=AXIS2_PLACEMENT_3D('',#7995,#5517,#5518);
#4661=AXIS2_PLACEMENT_3D('',#8001,#5522,#5523);
#4662=AXIS2_PLACEMENT_3D('',#8007,#5527,#5528);
#4663=AXIS2_PLACEMENT_3D('',#8010,#5531,#5532);
#4664=AXIS2_PLACEMENT_3D('',#8019,#5537,#5538);
#4665=AXIS2_PLACEMENT_3D('',#8025,#5542,#5543);
#4666=AXIS2_PLACEMENT_3D('',#8031,#5547,#5548);
#4667=AXIS2_PLACEMENT_3D('',#8034,#5551,#5552);
#4668=AXIS2_PLACEMENT_3D('',#8043,#5557,#5558);
#4669=AXIS2_PLACEMENT_3D('',#8049,#5562,#5563);
#4670=AXIS2_PLACEMENT_3D('',#8055,#5567,#5568);
#4671=AXIS2_PLACEMENT_3D('',#8058,#5571,#5572);
#4672=AXIS2_PLACEMENT_3D('',#8067,#5577,#5578);
#4673=AXIS2_PLACEMENT_3D('',#8073,#5582,#5583);
#4674=AXIS2_PLACEMENT_3D('',#8079,#5587,#5588);
#4675=AXIS2_PLACEMENT_3D('',#8082,#5591,#5592);
#4676=AXIS2_PLACEMENT_3D('',#8091,#5597,#5598);
#4677=AXIS2_PLACEMENT_3D('',#8097,#5602,#5603);
#4678=AXIS2_PLACEMENT_3D('',#8103,#5607,#5608);
#4679=AXIS2_PLACEMENT_3D('',#8106,#5611,#5612);
#4680=AXIS2_PLACEMENT_3D('',#8115,#5617,#5618);
#4681=AXIS2_PLACEMENT_3D('',#8121,#5622,#5623);
#4682=AXIS2_PLACEMENT_3D('',#8127,#5627,#5628);
#4683=AXIS2_PLACEMENT_3D('',#8130,#5631,#5632);
#4684=AXIS2_PLACEMENT_3D('',#8139,#5637,#5638);
#4685=AXIS2_PLACEMENT_3D('',#8145,#5642,#5643);
#4686=AXIS2_PLACEMENT_3D('',#8151,#5647,#5648);
#4687=AXIS2_PLACEMENT_3D('',#8154,#5651,#5652);
#4688=AXIS2_PLACEMENT_3D('',#8163,#5657,#5658);
#4689=AXIS2_PLACEMENT_3D('',#8169,#5662,#5663);
#4690=AXIS2_PLACEMENT_3D('',#8175,#5667,#5668);
#4691=AXIS2_PLACEMENT_3D('',#8178,#5671,#5672);
#4692=AXIS2_PLACEMENT_3D('',#8187,#5677,#5678);
#4693=AXIS2_PLACEMENT_3D('',#8193,#5682,#5683);
#4694=AXIS2_PLACEMENT_3D('',#8199,#5687,#5688);
#4695=AXIS2_PLACEMENT_3D('',#8202,#5691,#5692);
#4696=AXIS2_PLACEMENT_3D('',#8211,#5697,#5698);
#4697=AXIS2_PLACEMENT_3D('',#8217,#5702,#5703);
#4698=AXIS2_PLACEMENT_3D('',#8223,#5707,#5708);
#4699=AXIS2_PLACEMENT_3D('',#8226,#5711,#5712);
#4700=AXIS2_PLACEMENT_3D('',#8235,#5717,#5718);
#4701=AXIS2_PLACEMENT_3D('',#8241,#5722,#5723);
#4702=AXIS2_PLACEMENT_3D('',#8247,#5727,#5728);
#4703=AXIS2_PLACEMENT_3D('',#8250,#5731,#5732);
#4704=AXIS2_PLACEMENT_3D('',#8259,#5737,#5738);
#4705=AXIS2_PLACEMENT_3D('',#8265,#5742,#5743);
#4706=AXIS2_PLACEMENT_3D('',#8271,#5747,#5748);
#4707=AXIS2_PLACEMENT_3D('',#8274,#5751,#5752);
#4708=AXIS2_PLACEMENT_3D('',#8283,#5757,#5758);
#4709=AXIS2_PLACEMENT_3D('',#8289,#5762,#5763);
#4710=AXIS2_PLACEMENT_3D('',#8295,#5767,#5768);
#4711=AXIS2_PLACEMENT_3D('',#8298,#5771,#5772);
#4712=AXIS2_PLACEMENT_3D('',#8307,#5777,#5778);
#4713=AXIS2_PLACEMENT_3D('',#8313,#5782,#5783);
#4714=AXIS2_PLACEMENT_3D('',#8319,#5787,#5788);
#4715=AXIS2_PLACEMENT_3D('',#8322,#5791,#5792);
#4716=AXIS2_PLACEMENT_3D('',#8331,#5797,#5798);
#4717=AXIS2_PLACEMENT_3D('',#8337,#5802,#5803);
#4718=AXIS2_PLACEMENT_3D('',#8343,#5807,#5808);
#4719=AXIS2_PLACEMENT_3D('',#8346,#5811,#5812);
#4720=AXIS2_PLACEMENT_3D('',#8355,#5817,#5818);
#4721=AXIS2_PLACEMENT_3D('',#8361,#5822,#5823);
#4722=AXIS2_PLACEMENT_3D('',#8367,#5827,#5828);
#4723=AXIS2_PLACEMENT_3D('',#8370,#5831,#5832);
#4724=AXIS2_PLACEMENT_3D('',#8372,#5833,#5834);
#4725=AXIS2_PLACEMENT_3D('',#8375,#5836,#5837);
#4726=AXIS2_PLACEMENT_3D('',#8376,#5838,#5839);
#4727=AXIS2_PLACEMENT_3D('',#8378,#5840,#5841);
#4728=AXIS2_PLACEMENT_3D('',#8381,#5843,#5844);
#4729=AXIS2_PLACEMENT_3D('',#8382,#5845,#5846);
#4730=AXIS2_PLACEMENT_3D('',#8384,#5847,#5848);
#4731=AXIS2_PLACEMENT_3D('',#8387,#5850,#5851);
#4732=AXIS2_PLACEMENT_3D('',#8388,#5852,#5853);
#4733=AXIS2_PLACEMENT_3D('',#8393,#5857,#5858);
#4734=AXIS2_PLACEMENT_3D('',#8397,#5861,#5862);
#4735=AXIS2_PLACEMENT_3D('',#8400,#5865,#5866);
#4736=AXIS2_PLACEMENT_3D('',#8403,#5867,#5868);
#4737=AXIS2_PLACEMENT_3D('',#8407,#5870,#5871);
#4738=AXIS2_PLACEMENT_3D('',#8409,#5873,#5874);
#4739=AXIS2_PLACEMENT_3D('',#8412,#5875,#5876);
#4740=AXIS2_PLACEMENT_3D('',#8416,#5878,#5879);
#4741=AXIS2_PLACEMENT_3D('',#8418,#5881,#5882);
#4742=AXIS2_PLACEMENT_3D('',#8423,#5887,#5888);
#4743=AXIS2_PLACEMENT_3D('',#8428,#5893,#5894);
#4744=AXIS2_PLACEMENT_3D('',#8429,#5895,#5896);
#4745=AXIS2_PLACEMENT_3D('',#8430,#5897,#5898);
#4746=AXIS2_PLACEMENT_3D('',#8431,#5899,#5900);
#4747=DIRECTION('axis',(0.,0.,1.));
#4748=DIRECTION('refdir',(1.,0.,0.));
#4749=DIRECTION('center_axis',(1.,0.,0.));
#4750=DIRECTION('ref_axis',(0.,0.,-1.));
#4751=DIRECTION('center_axis',(1.,0.,0.));
#4752=DIRECTION('ref_axis',(0.,0.,-1.));
#4753=DIRECTION('',(1.,0.,0.));
#4754=DIRECTION('center_axis',(-1.,0.,0.));
#4755=DIRECTION('ref_axis',(0.,0.,-1.));
#4756=DIRECTION('center_axis',(0.,1.,0.));
#4757=DIRECTION('ref_axis',(-1.,0.,0.));
#4758=DIRECTION('',(0.,0.,1.));
#4759=DIRECTION('',(-1.,0.,0.));
#4760=DIRECTION('',(0.,0.,-1.));
#4761=DIRECTION('',(-1.,0.,0.));
#4762=DIRECTION('center_axis',(0.,0.,1.));
#4763=DIRECTION('ref_axis',(1.,0.,0.));
#4764=DIRECTION('',(0.,-1.,0.));
#4765=DIRECTION('',(0.,1.,0.));
#4766=DIRECTION('',(1.,0.,0.));
#4767=DIRECTION('center_axis',(0.,-1.,0.));
#4768=DIRECTION('ref_axis',(1.,0.,0.));
#4769=DIRECTION('',(0.,0.,-1.));
#4770=DIRECTION('',(0.,0.,1.));
#4771=DIRECTION('',(1.,0.,0.));
#4772=DIRECTION('center_axis',(0.,0.,1.));
#4773=DIRECTION('ref_axis',(1.,0.,0.));
#4774=DIRECTION('',(0.,1.,0.));
#4775=DIRECTION('',(0.,-1.,0.));
#4776=DIRECTION('center_axis',(1.,0.,0.));
#4777=DIRECTION('ref_axis',(0.,1.,0.));
#4778=DIRECTION('',(0.,0.,-1.));
#4779=DIRECTION('',(0.,1.,0.));
#4780=DIRECTION('',(0.,0.,1.));
#4781=DIRECTION('',(0.,1.,0.));
#4782=DIRECTION('center_axis',(-1.,0.,0.));
#4783=DIRECTION('ref_axis',(0.,-1.,0.));
#4784=DIRECTION('',(0.,0.,1.));
#4785=DIRECTION('',(0.,-1.,0.));
#4786=DIRECTION('',(0.,0.,-1.));
#4787=DIRECTION('',(0.,-1.,0.));
#4788=DIRECTION('center_axis',(0.,0.,1.));
#4789=DIRECTION('ref_axis',(1.,0.,0.));
#4790=DIRECTION('',(1.,0.,0.));
#4791=DIRECTION('',(-1.,0.,0.));
#4792=DIRECTION('center_axis',(0.,0.,1.));
#4793=DIRECTION('ref_axis',(1.,0.,0.));
#4794=DIRECTION('center_axis',(0.,0.,1.));
#4795=DIRECTION('ref_axis',(1.,0.,0.));
#4796=DIRECTION('',(0.,0.,1.));
#4797=DIRECTION('center_axis',(0.,0.104528463267653,-0.994521895368273));
#4798=DIRECTION('ref_axis',(0.,0.994521895368273,0.104528463267653));
#4799=DIRECTION('center_axis',(0.,0.,1.));
#4800=DIRECTION('ref_axis',(1.,0.,0.));
#4801=DIRECTION('center_axis',(0.,0.,1.));
#4802=DIRECTION('ref_axis',(1.,0.,0.));
#4803=DIRECTION('center_axis',(0.,0.,1.));
#4804=DIRECTION('ref_axis',(1.,0.,0.));
#4805=DIRECTION('center_axis',(0.,0.,1.));
#4806=DIRECTION('ref_axis',(1.,0.,0.));
#4807=DIRECTION('',(0.,0.,1.));
#4808=DIRECTION('center_axis',(0.,0.104528463267653,-0.994521895368273));
#4809=DIRECTION('ref_axis',(0.,0.994521895368273,0.104528463267653));
#4810=DIRECTION('center_axis',(0.,0.,1.));
#4811=DIRECTION('ref_axis',(1.,0.,0.));
#4812=DIRECTION('center_axis',(0.,0.,1.));
#4813=DIRECTION('ref_axis',(1.,0.,0.));
#4814=DIRECTION('center_axis',(0.,0.,1.));
#4815=DIRECTION('ref_axis',(1.,0.,0.));
#4816=DIRECTION('center_axis',(0.,0.,1.));
#4817=DIRECTION('ref_axis',(1.,0.,0.));
#4818=DIRECTION('',(0.,0.,1.));
#4819=DIRECTION('center_axis',(0.,0.104528463267653,-0.994521895368273));
#4820=DIRECTION('ref_axis',(0.,0.994521895368273,0.104528463267653));
#4821=DIRECTION('center_axis',(0.,0.,1.));
#4822=DIRECTION('ref_axis',(1.,0.,0.));
#4823=DIRECTION('center_axis',(0.,0.,1.));
#4824=DIRECTION('ref_axis',(1.,0.,0.));
#4825=DIRECTION('center_axis',(0.,0.,1.));
#4826=DIRECTION('ref_axis',(1.,0.,0.));
#4827=DIRECTION('center_axis',(0.,0.,1.));
#4828=DIRECTION('ref_axis',(1.,0.,0.));
#4829=DIRECTION('',(0.,0.,1.));
#4830=DIRECTION('center_axis',(0.,0.,1.));
#4831=DIRECTION('ref_axis',(1.,0.,0.));
#4832=DIRECTION('center_axis',(0.,0.,1.));
#4833=DIRECTION('ref_axis',(1.,0.,0.));
#4834=DIRECTION('',(0.,0.,1.));
#4835=DIRECTION('center_axis',(0.,0.,1.));
#4836=DIRECTION('ref_axis',(1.,0.,0.));
#4837=DIRECTION('center_axis',(0.,0.,1.));
#4838=DIRECTION('ref_axis',(1.,0.,0.));
#4839=DIRECTION('',(0.,0.,1.));
#4840=DIRECTION('center_axis',(0.,0.,1.));
#4841=DIRECTION('ref_axis',(1.,0.,0.));
#4842=DIRECTION('center_axis',(0.,0.,1.));
#4843=DIRECTION('ref_axis',(1.,0.,0.));
#4844=DIRECTION('',(0.,0.,1.));
#4845=DIRECTION('center_axis',(0.,0.,1.));
#4846=DIRECTION('ref_axis',(1.,0.,0.));
#4847=DIRECTION('center_axis',(0.,0.,1.));
#4848=DIRECTION('ref_axis',(1.,0.,0.));
#4849=DIRECTION('center_axis',(0.,0.,1.));
#4850=DIRECTION('ref_axis',(1.,0.,0.));
#4851=DIRECTION('center_axis',(0.,0.,1.));
#4852=DIRECTION('ref_axis',(1.,0.,0.));
#4853=DIRECTION('',(0.,0.,1.));
#4854=DIRECTION('center_axis',(0.,0.,1.));
#4855=DIRECTION('ref_axis',(1.,0.,0.));
#4856=DIRECTION('center_axis',(0.,0.,1.));
#4857=DIRECTION('ref_axis',(1.,0.,0.));
#4858=DIRECTION('center_axis',(0.,0.,1.));
#4859=DIRECTION('ref_axis',(1.,0.,0.));
#4860=DIRECTION('center_axis',(0.,0.,1.));
#4861=DIRECTION('ref_axis',(1.,0.,0.));
#4862=DIRECTION('',(0.,0.,1.));
#4863=DIRECTION('center_axis',(0.,0.,1.));
#4864=DIRECTION('ref_axis',(1.,0.,0.));
#4865=DIRECTION('center_axis',(0.,0.,1.));
#4866=DIRECTION('ref_axis',(1.,0.,0.));
#4867=DIRECTION('center_axis',(0.,0.,1.));
#4868=DIRECTION('ref_axis',(1.,0.,0.));
#4869=DIRECTION('center_axis',(0.,0.,1.));
#4870=DIRECTION('ref_axis',(1.,0.,0.));
#4871=DIRECTION('',(0.,0.,1.));
#4872=DIRECTION('center_axis',(0.,0.104528463267653,-0.994521895368273));
#4873=DIRECTION('ref_axis',(0.,0.994521895368273,0.104528463267653));
#4874=DIRECTION('center_axis',(0.,0.,1.));
#4875=DIRECTION('ref_axis',(1.,0.,0.));
#4876=DIRECTION('center_axis',(0.,0.,1.));
#4877=DIRECTION('ref_axis',(1.,0.,0.));
#4878=DIRECTION('center_axis',(0.,0.,1.));
#4879=DIRECTION('ref_axis',(1.,0.,0.));
#4880=DIRECTION('center_axis',(0.,0.,1.));
#4881=DIRECTION('ref_axis',(1.,0.,0.));
#4882=DIRECTION('',(0.,0.,1.));
#4883=DIRECTION('center_axis',(0.,0.104528463267653,-0.994521895368273));
#4884=DIRECTION('ref_axis',(0.,0.994521895368273,0.104528463267653));
#4885=DIRECTION('center_axis',(0.,0.,1.));
#4886=DIRECTION('ref_axis',(1.,0.,0.));
#4887=DIRECTION('center_axis',(0.,0.,1.));
#4888=DIRECTION('ref_axis',(1.,0.,0.));
#4889=DIRECTION('center_axis',(0.,0.,1.));
#4890=DIRECTION('ref_axis',(1.,0.,0.));
#4891=DIRECTION('center_axis',(0.,0.,1.));
#4892=DIRECTION('ref_axis',(1.,0.,0.));
#4893=DIRECTION('',(0.,0.,1.));
#4894=DIRECTION('center_axis',(0.,0.104528463267653,-0.994521895368273));
#4895=DIRECTION('ref_axis',(0.,0.994521895368273,0.104528463267653));
#4896=DIRECTION('center_axis',(0.,0.,1.));
#4897=DIRECTION('ref_axis',(1.,0.,0.));
#4898=DIRECTION('center_axis',(0.,0.,1.));
#4899=DIRECTION('ref_axis',(1.,0.,0.));
#4900=DIRECTION('center_axis',(0.,0.,1.));
#4901=DIRECTION('ref_axis',(1.,0.,0.));
#4902=DIRECTION('center_axis',(0.,0.,1.));
#4903=DIRECTION('ref_axis',(1.,0.,0.));
#4904=DIRECTION('',(0.,0.,1.));
#4905=DIRECTION('center_axis',(0.,0.104528463267653,-0.994521895368273));
#4906=DIRECTION('ref_axis',(0.,0.994521895368273,0.104528463267653));
#4907=DIRECTION('center_axis',(0.,0.,1.));
#4908=DIRECTION('ref_axis',(1.,0.,0.));
#4909=DIRECTION('center_axis',(0.,0.,1.));
#4910=DIRECTION('ref_axis',(1.,0.,0.));
#4911=DIRECTION('center_axis',(0.,0.,1.));
#4912=DIRECTION('ref_axis',(1.,0.,0.));
#4913=DIRECTION('center_axis',(0.,0.,1.));
#4914=DIRECTION('ref_axis',(1.,0.,0.));
#4915=DIRECTION('',(0.,0.,1.));
#4916=DIRECTION('center_axis',(0.,0.,1.));
#4917=DIRECTION('ref_axis',(1.,0.,0.));
#4918=DIRECTION('center_axis',(0.,0.,1.));
#4919=DIRECTION('ref_axis',(1.,0.,0.));
#4920=DIRECTION('',(0.,0.,1.));
#4921=DIRECTION('center_axis',(0.,0.,1.));
#4922=DIRECTION('ref_axis',(1.,0.,0.));
#4923=DIRECTION('center_axis',(0.,0.,1.));
#4924=DIRECTION('ref_axis',(1.,0.,0.));
#4925=DIRECTION('',(0.,0.,1.));
#4926=DIRECTION('center_axis',(0.,0.,-1.));
#4927=DIRECTION('ref_axis',(1.,0.,0.));
#4928=DIRECTION('',(0.,0.,-1.));
#4929=DIRECTION('center_axis',(0.,0.,1.));
#4930=DIRECTION('ref_axis',(1.,0.,0.));
#4931=DIRECTION('',(0.,0.,1.));
#4932=DIRECTION('center_axis',(0.,0.,1.));
#4933=DIRECTION('ref_axis',(1.,0.,0.));
#4934=DIRECTION('center_axis',(0.,0.,1.));
#4935=DIRECTION('ref_axis',(1.,0.,0.));
#4936=DIRECTION('',(0.,0.,1.));
#4937=DIRECTION('center_axis',(0.,0.,1.));
#4938=DIRECTION('ref_axis',(1.,0.,0.));
#4939=DIRECTION('',(0.,-1.,0.));
#4940=DIRECTION('center_axis',(0.,0.,1.));
#4941=DIRECTION('ref_axis',(1.,0.,0.));
#4942=DIRECTION('',(0.,-1.,0.));
#4943=DIRECTION('center_axis',(-1.,0.,0.));
#4944=DIRECTION('ref_axis',(0.,-1.,0.));
#4945=DIRECTION('',(0.,-1.,0.));
#4946=DIRECTION('',(0.,0.,1.));
#4947=DIRECTION('',(0.,1.,0.));
#4948=DIRECTION('',(0.,0.,-1.));
#4949=DIRECTION('center_axis',(0.,0.,1.));
#4950=DIRECTION('ref_axis',(1.,0.,0.));
#4951=DIRECTION('center_axis',(0.,0.,1.));
#4952=DIRECTION('ref_axis',(1.,0.,0.));
#4953=DIRECTION('',(0.,0.,1.));
#4954=DIRECTION('center_axis',(0.,0.,1.));
#4955=DIRECTION('ref_axis',(1.,0.,0.));
#4956=DIRECTION('center_axis',(0.,0.,1.));
#4957=DIRECTION('ref_axis',(1.,0.,0.));
#4958=DIRECTION('center_axis',(0.,0.,1.));
#4959=DIRECTION('ref_axis',(1.,0.,0.));
#4960=DIRECTION('center_axis',(0.,0.,1.));
#4961=DIRECTION('ref_axis',(1.,0.,0.));
#4962=DIRECTION('',(0.,0.,1.));
#4963=DIRECTION('center_axis',(0.,0.,1.));
#4964=DIRECTION('ref_axis',(1.,0.,0.));
#4965=DIRECTION('center_axis',(0.,0.,1.));
#4966=DIRECTION('ref_axis',(1.,0.,0.));
#4967=DIRECTION('center_axis',(0.,0.,1.));
#4968=DIRECTION('ref_axis',(1.,0.,0.));
#4969=DIRECTION('center_axis',(0.,0.,1.));
#4970=DIRECTION('ref_axis',(1.,0.,0.));
#4971=DIRECTION('',(0.,0.,1.));
#4972=DIRECTION('center_axis',(0.,0.,1.));
#4973=DIRECTION('ref_axis',(1.,0.,0.));
#4974=DIRECTION('center_axis',(0.,0.,1.));
#4975=DIRECTION('ref_axis',(1.,0.,0.));
#4976=DIRECTION('center_axis',(0.,0.,1.));
#4977=DIRECTION('ref_axis',(1.,0.,0.));
#4978=DIRECTION('center_axis',(0.,0.,1.));
#4979=DIRECTION('ref_axis',(1.,0.,0.));
#4980=DIRECTION('',(0.,0.,1.));
#4981=DIRECTION('center_axis',(0.,0.,1.));
#4982=DIRECTION('ref_axis',(1.,0.,0.));
#4983=DIRECTION('center_axis',(0.,0.,1.));
#4984=DIRECTION('ref_axis',(1.,0.,0.));
#4985=DIRECTION('center_axis',(0.,-1.,0.));
#4986=DIRECTION('ref_axis',(1.,0.,0.));
#4987=DIRECTION('',(0.,0.,-1.));
#4988=DIRECTION('',(-1.,0.,0.));
#4989=DIRECTION('',(0.,0.,1.));
#4990=DIRECTION('',(1.,0.,0.));
#4991=DIRECTION('',(0.,0.,1.));
#4992=DIRECTION('',(-1.,0.,0.));
#4993=DIRECTION('',(0.,0.,1.));
#4994=DIRECTION('',(1.,0.,0.));
#4995=DIRECTION('center_axis',(0.,0.,1.));
#4996=DIRECTION('ref_axis',(1.,0.,0.));
#4997=DIRECTION('center_axis',(0.,0.,-1.));
#4998=DIRECTION('ref_axis',(0.,-1.,0.));
#4999=DIRECTION('',(0.,1.,0.));
#5000=DIRECTION('center_axis',(0.,0.,1.));
#5001=DIRECTION('ref_axis',(1.,0.,0.));
#5002=DIRECTION('center_axis',(0.,0.,-1.));
#5003=DIRECTION('ref_axis',(1.,0.,0.));
#5004=DIRECTION('',(-1.,0.,0.));
#5005=DIRECTION('',(0.,1.,0.));
#5006=DIRECTION('center_axis',(0.,0.,1.));
#5007=DIRECTION('ref_axis',(1.,0.,0.));
#5008=DIRECTION('center_axis',(0.,0.,-1.));
#5009=DIRECTION('ref_axis',(0.,1.,0.));
#5010=DIRECTION('',(0.,-1.,0.));
#5011=DIRECTION('',(-1.,0.,0.));
#5012=DIRECTION('center_axis',(0.,0.,1.));
#5013=DIRECTION('ref_axis',(1.,0.,0.));
#5014=DIRECTION('center_axis',(0.,0.,-1.));
#5015=DIRECTION('ref_axis',(-1.,0.,0.));
#5016=DIRECTION('',(0.,-1.,0.));
#5017=DIRECTION('center_axis',(1.,0.,0.));
#5018=DIRECTION('ref_axis',(0.,1.,0.));
#5019=DIRECTION('',(0.,0.,-1.));
#5020=DIRECTION('',(0.,-0.994521895368273,-0.104528463267653));
#5021=DIRECTION('',(0.,0.,1.));
#5022=DIRECTION('',(0.,0.,1.));
#5023=DIRECTION('',(0.,-0.994521895368273,-0.104528463267653));
#5024=DIRECTION('center_axis',(0.,0.104528463267653,-0.994521895368273));
#5025=DIRECTION('ref_axis',(0.,0.994521895368273,0.104528463267653));
#5026=DIRECTION('',(1.,0.,0.));
#5027=DIRECTION('',(0.,0.994521895368273,0.104528463267653));
#5028=DIRECTION('',(1.,0.,0.));
#5029=DIRECTION('',(0.,-0.994521895368273,-0.104528463267653));
#5030=DIRECTION('',(-1.,0.,0.));
#5031=DIRECTION('',(0.,0.994521895368273,0.104528463267653));
#5032=DIRECTION('center_axis',(-1.,0.,0.));
#5033=DIRECTION('ref_axis',(0.,-1.,0.));
#5034=DIRECTION('',(0.,0.,1.));
#5035=DIRECTION('',(0.,0.,1.));
#5036=DIRECTION('',(0.,0.,-1.));
#5037=DIRECTION('',(0.,0.994521895368273,0.104528463267653));
#5038=DIRECTION('center_axis',(0.,1.,0.));
#5039=DIRECTION('ref_axis',(-1.,0.,0.));
#5040=DIRECTION('',(0.,0.,1.));
#5041=DIRECTION('',(0.,0.,-1.));
#5042=DIRECTION('',(1.,0.,0.));
#5043=DIRECTION('center_axis',(0.,-1.,0.));
#5044=DIRECTION('ref_axis',(1.,0.,0.));
#5045=DIRECTION('',(0.,0.,-1.));
#5046=DIRECTION('',(1.,0.,0.));
#5047=DIRECTION('',(0.,0.,1.));
#5048=DIRECTION('',(1.,0.,0.));
#5049=DIRECTION('',(0.,0.,-1.));
#5050=DIRECTION('',(1.,0.,0.));
#5051=DIRECTION('',(0.,0.,1.));
#5052=DIRECTION('',(1.,0.,0.));
#5053=DIRECTION('',(0.,0.,-1.));
#5054=DIRECTION('',(1.,0.,0.));
#5055=DIRECTION('',(0.,0.,1.));
#5056=DIRECTION('',(0.,0.,1.));
#5057=DIRECTION('',(1.,0.,0.));
#5058=DIRECTION('',(0.,0.,1.));
#5059=DIRECTION('',(1.,0.,0.));
#5060=DIRECTION('center_axis',(1.,0.,0.));
#5061=DIRECTION('ref_axis',(0.,1.,0.));
#5062=DIRECTION('',(0.,0.,-1.));
#5063=DIRECTION('',(0.,1.,0.));
#5064=DIRECTION('',(0.,0.,1.));
#5065=DIRECTION('',(0.,1.,0.));
#5066=DIRECTION('',(0.,0.,1.));
#5067=DIRECTION('',(0.,0.994521895368273,0.104528463267653));
#5068=DIRECTION('center_axis',(0.,0.,1.));
#5069=DIRECTION('ref_axis',(0.,1.,0.));
#5070=DIRECTION('center_axis',(0.,0.104528463267653,-0.994521895368273));
#5071=DIRECTION('ref_axis',(0.,0.994521895368273,0.104528463267653));
#5072=DIRECTION('',(0.,0.,-1.));
#5073=DIRECTION('center_axis',(0.,0.,-1.));
#5074=DIRECTION('ref_axis',(0.,1.,0.));
#5075=DIRECTION('',(0.,0.,-1.));
#5076=DIRECTION('center_axis',(0.,0.104528463267653,-0.994521895368273));
#5077=DIRECTION('ref_axis',(0.,0.994521895368273,0.104528463267653));
#5078=DIRECTION('center_axis',(0.,0.,1.));
#5079=DIRECTION('ref_axis',(1.,0.,0.));
#5080=DIRECTION('center_axis',(0.,0.104528463267653,-0.994521895368273));
#5081=DIRECTION('ref_axis',(0.,0.994521895368273,0.104528463267653));
#5082=DIRECTION('',(0.,0.,-1.));
#5083=DIRECTION('center_axis',(0.,0.,-1.));
#5084=DIRECTION('ref_axis',(1.,0.,0.));
#5085=DIRECTION('',(0.,0.,-1.));
#5086=DIRECTION('center_axis',(0.,0.104528463267653,-0.994521895368273));
#5087=DIRECTION('ref_axis',(0.,0.994521895368273,0.104528463267653));
#5088=DIRECTION('center_axis',(0.,0.104528463267653,-0.994521895368273));
#5089=DIRECTION('ref_axis',(0.,0.994521895368273,0.104528463267653));
#5090=DIRECTION('center_axis',(0.,0.104528463267653,-0.994521895368273));
#5091=DIRECTION('ref_axis',(0.,0.994521895368273,0.104528463267653));
#5092=DIRECTION('center_axis',(0.,0.104528463267653,-0.994521895368273));
#5093=DIRECTION('ref_axis',(0.,0.994521895368273,0.104528463267653));
#5094=DIRECTION('',(1.,0.,0.));
#5095=DIRECTION('center_axis',(0.,0.104528463267653,-0.994521895368273));
#5096=DIRECTION('ref_axis',(0.,0.994521895368273,0.104528463267653));
#5097=DIRECTION('center_axis',(0.,0.104528463267653,-0.994521895368273));
#5098=DIRECTION('ref_axis',(0.,-0.994521895368273,-0.104528463267653));
#5099=DIRECTION('',(0.,-0.994521895368273,-0.104528463267653));
#5100=DIRECTION('center_axis',(0.,0.104528463267653,-0.994521895368273));
#5101=DIRECTION('ref_axis',(0.,0.994521895368273,0.104528463267653));
#5102=DIRECTION('center_axis',(0.,0.104528463267653,-0.994521895368273));
#5103=DIRECTION('ref_axis',(0.,-0.994521895368273,-0.104528463267653));
#5104=DIRECTION('',(-1.,0.,0.));
#5105=DIRECTION('center_axis',(0.,0.104528463267653,-0.994521895368273));
#5106=DIRECTION('ref_axis',(0.,-0.994521895368273,-0.104528463267653));
#5107=DIRECTION('center_axis',(0.,0.104528463267653,-0.994521895368273));
#5108=DIRECTION('ref_axis',(0.,0.994521895368273,0.104528463267653));
#5109=DIRECTION('',(0.,0.994521895368273,0.104528463267653));
#5110=DIRECTION('center_axis',(0.,0.104528463267653,-0.994521895368273));
#5111=DIRECTION('ref_axis',(0.,-0.994521895368273,-0.104528463267653));
#5112=DIRECTION('center_axis',(0.,0.104528463267653,-0.994521895368273));
#5113=DIRECTION('ref_axis',(0.,0.994521895368273,0.104528463267653));
#5114=DIRECTION('',(0.,-0.994521895368273,-0.104528463267653));
#5115=DIRECTION('center_axis',(0.,0.104528463267653,-0.994521895368273));
#5116=DIRECTION('ref_axis',(0.,0.994521895368273,0.104528463267653));
#5117=DIRECTION('center_axis',(0.,0.104528463267653,-0.994521895368273));
#5118=DIRECTION('ref_axis',(0.,0.994521895368273,0.104528463267653));
#5119=DIRECTION('center_axis',(0.,0.104528463267653,-0.994521895368273));
#5120=DIRECTION('ref_axis',(0.,0.994521895368273,0.104528463267653));
#5121=DIRECTION('center_axis',(0.,0.104528463267653,-0.994521895368273));
#5122=DIRECTION('ref_axis',(0.,0.994521895368273,0.104528463267653));
#5123=DIRECTION('center_axis',(0.,0.104528463267653,-0.994521895368273));
#5124=DIRECTION('ref_axis',(0.,0.994521895368273,0.104528463267653));
#5125=DIRECTION('center_axis',(0.,0.104528463267653,-0.994521895368273));
#5126=DIRECTION('ref_axis',(0.,0.994521895368273,0.104528463267653));
#5127=DIRECTION('center_axis',(0.,0.104528463267653,-0.994521895368273));
#5128=DIRECTION('ref_axis',(0.,0.994521895368273,0.104528463267653));
#5129=DIRECTION('center_axis',(0.,0.104528463267653,-0.994521895368273));
#5130=DIRECTION('ref_axis',(0.,0.994521895368273,0.104528463267653));
#5131=DIRECTION('center_axis',(0.,0.104528463267653,-0.994521895368273));
#5132=DIRECTION('ref_axis',(0.,0.994521895368273,0.104528463267653));
#5133=DIRECTION('center_axis',(0.,0.104528463267653,-0.994521895368273));
#5134=DIRECTION('ref_axis',(0.,0.994521895368273,0.104528463267653));
#5135=DIRECTION('center_axis',(0.,0.104528463267653,-0.994521895368273));
#5136=DIRECTION('ref_axis',(0.,0.994521895368273,0.104528463267653));
#5137=DIRECTION('center_axis',(0.,0.,1.));
#5138=DIRECTION('ref_axis',(-1.83697019872103E-16,1.,0.));
#5139=DIRECTION('center_axis',(0.,0.,-1.));
#5140=DIRECTION('ref_axis',(1.,0.,0.));
#5141=DIRECTION('center_axis',(0.,0.,1.));
#5142=DIRECTION('ref_axis',(-1.,-1.22464679914735E-16,0.));
#5143=DIRECTION('center_axis',(0.,0.,-1.));
#5144=DIRECTION('ref_axis',(1.,0.,0.));
#5145=DIRECTION('center_axis',(0.,1.,0.));
#5146=DIRECTION('ref_axis',(-1.,0.,0.));
#5147=DIRECTION('',(1.,0.,0.));
#5148=DIRECTION('',(0.,0.,1.));
#5149=DIRECTION('',(1.,0.,0.));
#5150=DIRECTION('',(0.,0.,1.));
#5151=DIRECTION('',(1.,0.,0.));
#5152=DIRECTION('',(0.,0.,-1.));
#5153=DIRECTION('',(-1.,0.,0.));
#5154=DIRECTION('',(0.,0.,1.));
#5155=DIRECTION('',(-1.,0.,0.));
#5156=DIRECTION('',(0.,0.,1.));
#5157=DIRECTION('',(1.,0.,0.));
#5158=DIRECTION('',(0.,0.,-1.));
#5159=DIRECTION('',(1.,0.,0.));
#5160=DIRECTION('center_axis',(0.,0.,1.));
#5161=DIRECTION('ref_axis',(0.,-1.,0.));
#5162=DIRECTION('',(0.,0.,-1.));
#5163=DIRECTION('center_axis',(0.,0.,-1.));
#5164=DIRECTION('ref_axis',(0.,-1.,0.));
#5165=DIRECTION('',(0.,0.,-1.));
#5166=DIRECTION('center_axis',(0.,-1.,0.));
#5167=DIRECTION('ref_axis',(1.,0.,0.));
#5168=DIRECTION('',(0.,0.,-1.));
#5169=DIRECTION('',(1.,0.,0.));
#5170=DIRECTION('center_axis',(0.,0.,1.));
#5171=DIRECTION('ref_axis',(-1.,0.,0.));
#5172=DIRECTION('',(0.,0.,-1.));
#5173=DIRECTION('center_axis',(0.,0.,-1.));
#5174=DIRECTION('ref_axis',(-1.,0.,0.));
#5175=DIRECTION('center_axis',(-1.,0.,0.));
#5176=DIRECTION('ref_axis',(0.,-1.,0.));
#5177=DIRECTION('',(0.,-1.,0.));
#5178=DIRECTION('center_axis',(0.,1.,0.));
#5179=DIRECTION('ref_axis',(-1.,0.,0.));
#5180=DIRECTION('',(1.,0.,0.));
#5181=DIRECTION('',(-1.,0.,0.));
#5182=DIRECTION('',(0.,0.,1.));
#5183=DIRECTION('',(1.,0.,0.));
#5184=DIRECTION('',(0.,0.,1.));
#5185=DIRECTION('',(1.,0.,0.));
#5186=DIRECTION('',(0.,0.,-1.));
#5187=DIRECTION('center_axis',(1.,0.,0.));
#5188=DIRECTION('ref_axis',(0.,1.,0.));
#5189=DIRECTION('',(0.,-1.,0.));
#5190=DIRECTION('',(0.,1.,0.));
#5191=DIRECTION('',(0.,0.,-1.));
#5192=DIRECTION('center_axis',(0.,0.,1.));
#5193=DIRECTION('ref_axis',(1.,0.,0.));
#5194=DIRECTION('',(0.,-1.,0.));
#5195=DIRECTION('',(-1.,0.,0.));
#5196=DIRECTION('center_axis',(-1.,0.,0.));
#5197=DIRECTION('ref_axis',(0.,-1.,0.));
#5198=DIRECTION('',(0.,0.,1.));
#5199=DIRECTION('',(0.,1.,0.));
#5200=DIRECTION('',(0.,0.,1.));
#5201=DIRECTION('center_axis',(1.,0.,0.));
#5202=DIRECTION('ref_axis',(0.,1.,0.));
#5203=DIRECTION('',(0.,-1.,0.));
#5204=DIRECTION('',(0.,1.,0.));
#5205=DIRECTION('center_axis',(0.,0.,1.));
#5206=DIRECTION('ref_axis',(1.,0.,0.));
#5207=DIRECTION('',(0.,1.,0.));
#5208=DIRECTION('',(1.,0.,0.));
#5209=DIRECTION('center_axis',(-1.,0.,0.));
#5210=DIRECTION('ref_axis',(0.,-1.,0.));
#5211=DIRECTION('',(0.,-1.,0.));
#5212=DIRECTION('center_axis',(0.,0.,1.));
#5213=DIRECTION('ref_axis',(1.,0.,0.));
#5214=DIRECTION('',(1.,0.,0.));
#5215=DIRECTION('',(0.,1.,0.));
#5216=DIRECTION('center_axis',(0.,-1.,0.));
#5217=DIRECTION('ref_axis',(1.,0.,0.));
#5218=DIRECTION('',(1.,0.,0.));
#5219=DIRECTION('',(0.,0.,1.));
#5220=DIRECTION('',(1.,0.,0.));
#5221=DIRECTION('',(0.,0.,1.));
#5222=DIRECTION('center_axis',(-1.,0.,0.));
#5223=DIRECTION('ref_axis',(0.,-1.,0.));
#5224=DIRECTION('',(0.,0.,-1.));
#5225=DIRECTION('',(0.,-1.,0.));
#5226=DIRECTION('',(0.,0.,1.));
#5227=DIRECTION('',(0.,1.,0.));
#5228=DIRECTION('center_axis',(-1.,0.,0.));
#5229=DIRECTION('ref_axis',(0.,-1.,0.));
#5230=DIRECTION('',(0.,0.,1.));
#5231=DIRECTION('',(0.,1.,0.));
#5232=DIRECTION('',(0.,0.,1.));
#5233=DIRECTION('',(0.,-1.,0.));
#5234=DIRECTION('center_axis',(0.,0.,1.));
#5235=DIRECTION('ref_axis',(1.,0.,0.));
#5236=DIRECTION('center_axis',(0.,0.,1.));
#5237=DIRECTION('ref_axis',(1.,0.,0.));
#5238=DIRECTION('',(0.,1.,0.));
#5239=DIRECTION('',(0.,-1.,0.));
#5240=DIRECTION('',(1.,0.,0.));
#5241=DIRECTION('',(0.,1.,0.));
#5242=DIRECTION('',(1.,0.,0.));
#5243=DIRECTION('center_axis',(0.,-1.,0.));
#5244=DIRECTION('ref_axis',(1.,0.,0.));
#5245=DIRECTION('',(-1.,0.,0.));
#5246=DIRECTION('',(0.,0.,1.));
#5247=DIRECTION('center_axis',(1.,0.,0.));
#5248=DIRECTION('ref_axis',(0.,1.,0.));
#5249=DIRECTION('',(0.,-1.,0.));
#5250=DIRECTION('',(0.,0.,1.));
#5251=DIRECTION('center_axis',(0.,0.,1.));
#5252=DIRECTION('ref_axis',(1.,0.,0.));
#5253=DIRECTION('center_axis',(0.,0.,1.));
#5254=DIRECTION('ref_axis',(1.,0.,0.));
#5255=DIRECTION('',(1.,0.,0.));
#5256=DIRECTION('',(0.,1.,0.));
#5257=DIRECTION('center_axis',(0.,0.,1.));
#5258=DIRECTION('ref_axis',(1.,0.,0.));
#5259=DIRECTION('',(0.,0.,-1.));
#5260=DIRECTION('center_axis',(0.,0.,1.));
#5261=DIRECTION('ref_axis',(1.,0.,0.));
#5262=DIRECTION('',(0.,0.,-1.));
#5263=DIRECTION('center_axis',(0.,0.,-1.));
#5264=DIRECTION('ref_axis',(1.,0.,0.));
#5265=DIRECTION('',(0.,0.,1.));
#5266=DIRECTION('center_axis',(0.,0.,1.));
#5267=DIRECTION('ref_axis',(1.,0.,0.));
#5268=DIRECTION('center_axis',(1.,0.,0.));
#5269=DIRECTION('ref_axis',(0.,1.,0.));
#5270=DIRECTION('',(0.,0.,1.));
#5271=DIRECTION('',(0.,1.,0.));
#5272=DIRECTION('',(0.,-1.,0.));
#5273=DIRECTION('center_axis',(1.,0.,0.));
#5274=DIRECTION('ref_axis',(0.,1.,0.));
#5275=DIRECTION('',(0.,-1.,0.));
#5276=DIRECTION('center_axis',(-1.,0.,0.));
#5277=DIRECTION('ref_axis',(0.,-1.,0.));
#5278=DIRECTION('',(0.,-1.,0.));
#5279=DIRECTION('',(0.,0.,1.));
#5280=DIRECTION('center_axis',(0.,-1.,0.));
#5281=DIRECTION('ref_axis',(1.,0.,0.));
#5282=DIRECTION('',(1.,0.,0.));
#5283=DIRECTION('',(1.,0.,0.));
#5284=DIRECTION('center_axis',(0.,0.,1.));
#5285=DIRECTION('ref_axis',(1.,0.,0.));
#5286=DIRECTION('center_axis',(0.,0.,1.));
#5287=DIRECTION('ref_axis',(1.,0.,0.));
#5288=DIRECTION('',(0.,1.,0.));
#5289=DIRECTION('',(-1.,0.,0.));
#5290=DIRECTION('',(0.,-1.,0.));
#5291=DIRECTION('center_axis',(0.,0.,1.));
#5292=DIRECTION('ref_axis',(1.,0.,0.));
#5293=DIRECTION('',(0.,-1.,0.));
#5294=DIRECTION('center_axis',(0.,0.,1.));
#5295=DIRECTION('ref_axis',(1.,0.,0.));
#5296=DIRECTION('center_axis',(0.,0.,1.));
#5297=DIRECTION('ref_axis',(1.,0.,0.));
#5298=DIRECTION('center_axis',(0.,0.,1.));
#5299=DIRECTION('ref_axis',(1.,0.,0.));
#5300=DIRECTION('',(0.,-1.,0.));
#5301=DIRECTION('center_axis',(-1.,0.,0.));
#5302=DIRECTION('ref_axis',(0.,-1.,0.));
#5303=DIRECTION('',(0.,0.,1.));
#5304=DIRECTION('',(0.,1.,0.));
#5305=DIRECTION('center_axis',(-1.,0.,0.));
#5306=DIRECTION('ref_axis',(0.,-1.,0.));
#5307=DIRECTION('',(0.,1.,0.));
#5308=DIRECTION('',(0.,0.,-1.));
#5309=DIRECTION('center_axis',(0.,0.,1.));
#5310=DIRECTION('ref_axis',(1.,0.,0.));
#5311=DIRECTION('',(0.,0.,-1.));
#5312=DIRECTION('center_axis',(0.,0.,-1.));
#5313=DIRECTION('ref_axis',(1.,0.,0.));
#5314=DIRECTION('center_axis',(0.,0.,-1.));
#5315=DIRECTION('ref_axis',(1.,0.,0.));
#5316=DIRECTION('center_axis',(0.,0.,1.));
#5317=DIRECTION('ref_axis',(1.,0.,0.));
#5318=DIRECTION('',(0.,-1.,0.));
#5319=DIRECTION('center_axis',(0.,0.,-1.));
#5320=DIRECTION('ref_axis',(1.,0.,0.));
#5321=DIRECTION('',(0.,-1.,0.));
#5322=DIRECTION('center_axis',(0.,0.,-1.));
#5323=DIRECTION('ref_axis',(1.,0.,0.));
#5324=DIRECTION('center_axis',(0.,0.,-1.));
#5325=DIRECTION('ref_axis',(1.,0.,0.));
#5326=DIRECTION('center_axis',(0.,0.,1.));
#5327=DIRECTION('ref_axis',(-1.83697019872103E-16,1.,0.));
#5328=DIRECTION('center_axis',(0.,0.,1.));
#5329=DIRECTION('ref_axis',(-1.83697019872103E-16,1.,0.));
#5330=DIRECTION('center_axis',(0.,0.,1.));
#5331=DIRECTION('ref_axis',(1.,0.,0.));
#5332=DIRECTION('',(0.,0.,1.));
#5333=DIRECTION('',(0.,0.,-1.));
#5334=DIRECTION('center_axis',(-1.,0.,0.));
#5335=DIRECTION('ref_axis',(0.,-1.,0.));
#5336=DIRECTION('center_axis',(1.,0.,0.));
#5337=DIRECTION('ref_axis',(0.,1.,0.));
#5338=DIRECTION('center_axis',(0.,1.,0.));
#5339=DIRECTION('ref_axis',(-1.,0.,0.));
#5340=DIRECTION('center_axis',(0.,-0.994521895368273,-0.104528463267653));
#5341=DIRECTION('ref_axis',(1.,0.,0.));
#5342=DIRECTION('',(1.,0.,0.));
#5343=DIRECTION('',(0.,0.104528463267653,-0.994521895368273));
#5344=DIRECTION('',(-1.,0.,0.));
#5345=DIRECTION('',(0.,-0.104528463267653,0.994521895368273));
#5346=DIRECTION('center_axis',(0.,-0.994521895368273,-0.104528463267653));
#5347=DIRECTION('ref_axis',(1.,0.,0.));
#5348=DIRECTION('',(1.,0.,0.));
#5349=DIRECTION('',(0.,-0.104528463267653,0.994521895368273));
#5350=DIRECTION('',(-1.,0.,0.));
#5351=DIRECTION('',(0.,-0.104528463267653,0.994521895368273));
#5352=DIRECTION('center_axis',(0.,0.994521895368273,0.104528463267653));
#5353=DIRECTION('ref_axis',(-1.,0.,0.));
#5354=DIRECTION('',(-1.,0.,0.));
#5355=DIRECTION('',(0.,-0.104528463267653,0.994521895368273));
#5356=DIRECTION('',(1.,0.,0.));
#5357=DIRECTION('',(0.,-0.104528463267653,0.994521895368273));
#5358=DIRECTION('center_axis',(1.,0.,0.));
#5359=DIRECTION('ref_axis',(0.,0.994521895368273,0.104528463267653));
#5360=DIRECTION('',(0.,0.994521895368273,0.104528463267653));
#5361=DIRECTION('',(0.,-0.994521895368273,-0.104528463267653));
#5362=DIRECTION('center_axis',(-1.,0.,0.));
#5363=DIRECTION('ref_axis',(0.,-0.994521895368273,-0.104528463267653));
#5364=DIRECTION('',(0.,-0.994521895368273,-0.104528463267653));
#5365=DIRECTION('',(0.,0.994521895368273,0.104528463267653));
#5366=DIRECTION('center_axis',(0.,-0.994521895368273,-0.104528463267653));
#5367=DIRECTION('ref_axis',(1.,0.,0.));
#5368=DIRECTION('',(1.,0.,0.));
#5369=DIRECTION('',(0.,0.104528463267653,-0.994521895368273));
#5370=DIRECTION('',(-1.,0.,0.));
#5371=DIRECTION('',(0.,-0.104528463267653,0.994521895368273));
#5372=DIRECTION('center_axis',(0.,-0.994521895368273,-0.104528463267653));
#5373=DIRECTION('ref_axis',(1.,0.,0.));
#5374=DIRECTION('',(1.,0.,0.));
#5375=DIRECTION('',(0.,-0.104528463267653,0.994521895368273));
#5376=DIRECTION('',(-1.,0.,0.));
#5377=DIRECTION('',(0.,-0.104528463267653,0.994521895368273));
#5378=DIRECTION('center_axis',(0.,0.994521895368273,0.104528463267653));
#5379=DIRECTION('ref_axis',(-1.,0.,0.));
#5380=DIRECTION('',(-1.,0.,0.));
#5381=DIRECTION('',(0.,-0.104528463267653,0.994521895368273));
#5382=DIRECTION('',(1.,0.,0.));
#5383=DIRECTION('',(0.,-0.104528463267653,0.994521895368273));
#5384=DIRECTION('center_axis',(1.,0.,0.));
#5385=DIRECTION('ref_axis',(0.,0.994521895368273,0.104528463267653));
#5386=DIRECTION('',(0.,0.994521895368273,0.104528463267653));
#5387=DIRECTION('',(0.,-0.994521895368273,-0.104528463267653));
#5388=DIRECTION('center_axis',(-1.,0.,0.));
#5389=DIRECTION('ref_axis',(0.,-0.994521895368273,-0.104528463267653));
#5390=DIRECTION('',(0.,-0.994521895368273,-0.104528463267653));
#5391=DIRECTION('',(0.,0.994521895368273,0.104528463267653));
#5392=DIRECTION('center_axis',(0.,-0.104528463267653,0.994521895368273));
#5393=DIRECTION('ref_axis',(-1.83697019872103E-16,-0.994521895368273,-0.104528463267653));
#5394=DIRECTION('center_axis',(0.,0.104528463267653,-0.994521895368273));
#5395=DIRECTION('ref_axis',(1.,0.,0.));
#5396=DIRECTION('center_axis',(0.,-0.104528463267653,0.994521895368273));
#5397=DIRECTION('ref_axis',(1.,0.,0.));
#5398=DIRECTION('center_axis',(0.,-0.104528463267653,0.994521895368273));
#5399=DIRECTION('ref_axis',(-1.83697019872103E-16,-0.994521895368273,-0.104528463267653));
#5400=DIRECTION('center_axis',(0.,0.104528463267653,-0.994521895368273));
#5401=DIRECTION('ref_axis',(1.,0.,0.));
#5402=DIRECTION('center_axis',(0.,-0.104528463267653,0.994521895368273));
#5403=DIRECTION('ref_axis',(1.,0.,0.));
#5404=DIRECTION('center_axis',(1.,0.,0.));
#5405=DIRECTION('ref_axis',(0.,0.994521895368273,0.104528463267653));
#5406=DIRECTION('',(0.,0.994521895368273,0.104528463267653));
#5407=DIRECTION('',(0.,-0.104528463267653,0.994521895368273));
#5408=DIRECTION('',(0.,0.994521895368273,0.104528463267653));
#5409=DIRECTION('',(0.,-0.104528463267653,0.994521895368273));
#5410=DIRECTION('center_axis',(0.,0.994521895368273,0.104528463267653));
#5411=DIRECTION('ref_axis',(-1.,0.,0.));
#5412=DIRECTION('',(-1.,0.,0.));
#5413=DIRECTION('',(0.,-0.104528463267653,0.994521895368273));
#5414=DIRECTION('',(-1.,0.,0.));
#5415=DIRECTION('',(0.,-0.104528463267653,0.994521895368273));
#5416=DIRECTION('center_axis',(0.,0.994521895368273,0.104528463267653));
#5417=DIRECTION('ref_axis',(-1.,0.,0.));
#5418=DIRECTION('',(-1.,0.,0.));
#5419=DIRECTION('',(-1.,0.,0.));
#5420=DIRECTION('',(0.,-0.104528463267653,0.994521895368273));
#5421=DIRECTION('center_axis',(0.,-0.994521895368273,-0.104528463267653));
#5422=DIRECTION('ref_axis',(1.,0.,0.));
#5423=DIRECTION('',(1.,0.,0.));
#5424=DIRECTION('',(0.,-0.104528463267653,0.994521895368273));
#5425=DIRECTION('',(1.,0.,0.));
#5426=DIRECTION('center_axis',(-1.,0.,0.));
#5427=DIRECTION('ref_axis',(0.,-0.994521895368273,-0.104528463267653));
#5428=DIRECTION('',(0.,-0.994521895368273,-0.104528463267653));
#5429=DIRECTION('',(0.,-0.994521895368273,-0.104528463267653));
#5430=DIRECTION('center_axis',(0.,-0.104528463267653,0.994521895368273));
#5431=DIRECTION('ref_axis',(1.,0.,0.));
#5432=DIRECTION('',(-1.,0.,0.));
#5433=DIRECTION('center_axis',(0.,0.994521895368273,0.104528463267653));
#5434=DIRECTION('ref_axis',(-1.,0.,0.));
#5435=DIRECTION('',(-1.,0.,0.));
#5436=DIRECTION('',(0.,-0.104528463267653,0.994521895368273));
#5437=DIRECTION('',(-1.,0.,0.));
#5438=DIRECTION('',(0.,-0.104528463267653,0.994521895368273));
#5439=DIRECTION('center_axis',(-1.,0.,0.));
#5440=DIRECTION('ref_axis',(0.,-0.994521895368273,-0.104528463267653));
#5441=DIRECTION('',(0.,-0.994521895368273,-0.104528463267653));
#5442=DIRECTION('',(0.,-0.994521895368273,-0.104528463267653));
#5443=DIRECTION('',(0.,-0.104528463267653,0.994521895368273));
#5444=DIRECTION('center_axis',(0.,-0.994521895368273,-0.104528463267653));
#5445=DIRECTION('ref_axis',(1.,0.,0.));
#5446=DIRECTION('',(1.,0.,0.));
#5447=DIRECTION('',(1.,0.,0.));
#5448=DIRECTION('',(0.,-0.104528463267653,0.994521895368273));
#5449=DIRECTION('center_axis',(1.,0.,0.));
#5450=DIRECTION('ref_axis',(0.,0.994521895368273,0.104528463267653));
#5451=DIRECTION('',(0.,0.994521895368273,0.104528463267653));
#5452=DIRECTION('',(0.,-0.104528463267653,0.994521895368273));
#5453=DIRECTION('',(0.,0.994521895368273,0.104528463267653));
#5454=DIRECTION('center_axis',(0.,-0.994521895368273,-0.104528463267653));
#5455=DIRECTION('ref_axis',(1.,0.,0.));
#5456=DIRECTION('',(1.,0.,0.));
#5457=DIRECTION('',(0.,-0.104528463267653,0.994521895368273));
#5458=DIRECTION('',(1.,0.,0.));
#5459=DIRECTION('center_axis',(0.,-0.104528463267653,0.994521895368273));
#5460=DIRECTION('ref_axis',(1.,0.,0.));
#5461=DIRECTION('',(1.,0.,0.));
#5462=DIRECTION('center_axis',(0.,-0.994521895368273,-0.104528463267653));
#5463=DIRECTION('ref_axis',(1.,0.,0.));
#5464=DIRECTION('',(0.,-0.104528463267653,0.994521895368273));
#5465=DIRECTION('',(-1.,0.,0.));
#5466=DIRECTION('',(0.,-0.104528463267653,0.994521895368273));
#5467=DIRECTION('center_axis',(0.,-0.104528463267653,0.994521895368273));
#5468=DIRECTION('ref_axis',(0.,0.994521895368273,0.104528463267653));
#5469=DIRECTION('center_axis',(0.,0.104528463267653,-0.994521895368273));
#5470=DIRECTION('ref_axis',(0.,0.994521895368273,0.104528463267653));
#5471=DIRECTION('',(0.,0.104528463267653,-0.994521895368273));
#5472=DIRECTION('center_axis',(0.,-0.104528463267653,0.994521895368273));
#5473=DIRECTION('ref_axis',(0.,0.994521895368273,0.104528463267653));
#5474=DIRECTION('',(0.,0.104528463267653,-0.994521895368273));
#5475=DIRECTION('center_axis',(0.,-0.104528463267653,0.994521895368273));
#5476=DIRECTION('ref_axis',(-1.,-6.90088191707317E-17,-7.25311916552711E-18));
#5477=DIRECTION('center_axis',(0.,0.104528463267653,-0.994521895368273));
#5478=DIRECTION('ref_axis',(-1.,-6.90088191707317E-17,-7.25311916552711E-18));
#5479=DIRECTION('',(0.,0.104528463267653,-0.994521895368273));
#5480=DIRECTION('center_axis',(0.,-0.104528463267653,0.994521895368273));
#5481=DIRECTION('ref_axis',(-1.,-6.90088191707317E-17,-7.25311916552711E-18));
#5482=DIRECTION('',(0.,0.104528463267653,-0.994521895368273));
#5483=DIRECTION('center_axis',(0.,-0.104528463267653,0.994521895368273));
#5484=DIRECTION('ref_axis',(1.,0.,0.));
#5485=DIRECTION('center_axis',(0.,-0.104528463267653,0.994521895368273));
#5486=DIRECTION('ref_axis',(1.,0.,0.));
#5487=DIRECTION('',(0.,-0.104528463267653,0.994521895368273));
#5488=DIRECTION('center_axis',(0.,0.104528463267653,-0.994521895368273));
#5489=DIRECTION('ref_axis',(1.,0.,0.));
#5490=DIRECTION('center_axis',(0.,-0.104528463267653,0.994521895368273));
#5491=DIRECTION('ref_axis',(1.,0.,0.));
#5492=DIRECTION('center_axis',(0.,-0.104528463267653,0.994521895368273));
#5493=DIRECTION('ref_axis',(1.,0.,0.));
#5494=DIRECTION('',(0.,-0.104528463267653,0.994521895368273));
#5495=DIRECTION('center_axis',(0.,0.104528463267653,-0.994521895368273));
#5496=DIRECTION('ref_axis',(1.,0.,0.));
#5497=DIRECTION('center_axis',(0.,-0.104528463267653,0.994521895368273));
#5498=DIRECTION('ref_axis',(1.,0.,0.));
#5499=DIRECTION('center_axis',(0.,-0.104528463267653,0.994521895368273));
#5500=DIRECTION('ref_axis',(1.,0.,0.));
#5501=DIRECTION('',(0.,-0.104528463267653,0.994521895368273));
#5502=DIRECTION('center_axis',(0.,0.104528463267653,-0.994521895368273));
#5503=DIRECTION('ref_axis',(1.,0.,0.));
#5504=DIRECTION('center_axis',(0.,-0.104528463267653,0.994521895368273));
#5505=DIRECTION('ref_axis',(1.,0.,0.));
#5506=DIRECTION('center_axis',(0.,-0.104528463267653,0.994521895368273));
#5507=DIRECTION('ref_axis',(1.,0.,0.));
#5508=DIRECTION('',(0.,-0.104528463267653,0.994521895368273));
#5509=DIRECTION('center_axis',(0.,0.104528463267653,-0.994521895368273));
#5510=DIRECTION('ref_axis',(1.,0.,0.));
#5511=DIRECTION('center_axis',(0.,-0.994521895368273,-0.104528463267653));
#5512=DIRECTION('ref_axis',(1.,0.,0.));
#5513=DIRECTION('',(1.,0.,0.));
#5514=DIRECTION('',(0.,-0.104528463267653,0.994521895368273));
#5515=DIRECTION('',(-1.,0.,0.));
#5516=DIRECTION('',(0.,-0.104528463267653,0.994521895368273));
#5517=DIRECTION('center_axis',(1.,0.,0.));
#5518=DIRECTION('ref_axis',(0.,0.994521895368273,0.104528463267653));
#5519=DIRECTION('',(0.,0.994521895368273,0.104528463267653));
#5520=DIRECTION('',(0.,-0.994521895368273,-0.104528463267653));
#5521=DIRECTION('',(0.,-0.104528463267653,0.994521895368273));
#5522=DIRECTION('center_axis',(0.,0.994521895368273,0.104528463267653));
#5523=DIRECTION('ref_axis',(-1.,0.,0.));
#5524=DIRECTION('',(-1.,0.,0.));
#5525=DIRECTION('',(1.,0.,0.));
#5526=DIRECTION('',(0.,-0.104528463267653,0.994521895368273));
#5527=DIRECTION('center_axis',(-1.,0.,0.));
#5528=DIRECTION('ref_axis',(0.,-0.994521895368273,-0.104528463267653));
#5529=DIRECTION('',(0.,-0.994521895368273,-0.104528463267653));
#5530=DIRECTION('',(0.,0.994521895368273,0.104528463267653));
#5531=DIRECTION('center_axis',(0.,-0.994521895368273,-0.104528463267653));
#5532=DIRECTION('ref_axis',(1.,0.,0.));
#5533=DIRECTION('',(1.,0.,0.));
#5534=DIRECTION('',(0.,-0.104528463267653,0.994521895368273));
#5535=DIRECTION('',(-1.,0.,0.));
#5536=DIRECTION('',(0.,-0.104528463267653,0.994521895368273));
#5537=DIRECTION('center_axis',(1.,0.,0.));
#5538=DIRECTION('ref_axis',(0.,0.994521895368273,0.104528463267653));
#5539=DIRECTION('',(0.,0.994521895368273,0.104528463267653));
#5540=DIRECTION('',(0.,-0.994521895368273,-0.104528463267653));
#5541=DIRECTION('',(0.,-0.104528463267653,0.994521895368273));
#5542=DIRECTION('center_axis',(0.,0.994521895368273,0.104528463267653));
#5543=DIRECTION('ref_axis',(-1.,0.,0.));
#5544=DIRECTION('',(-1.,0.,0.));
#5545=DIRECTION('',(1.,0.,0.));
#5546=DIRECTION('',(0.,-0.104528463267653,0.994521895368273));
#5547=DIRECTION('center_axis',(-1.,0.,0.));
#5548=DIRECTION('ref_axis',(0.,-0.994521895368273,-0.104528463267653));
#5549=DIRECTION('',(0.,-0.994521895368273,-0.104528463267653));
#5550=DIRECTION('',(0.,0.994521895368273,0.104528463267653));
#5551=DIRECTION('center_axis',(0.,-0.994521895368273,-0.104528463267653));
#5552=DIRECTION('ref_axis',(1.,0.,0.));
#5553=DIRECTION('',(1.,0.,0.));
#5554=DIRECTION('',(0.,-0.104528463267653,0.994521895368273));
#5555=DIRECTION('',(-1.,0.,0.));
#5556=DIRECTION('',(0.,-0.104528463267653,0.994521895368273));
#5557=DIRECTION('center_axis',(1.,0.,0.));
#5558=DIRECTION('ref_axis',(0.,0.994521895368273,0.104528463267653));
#5559=DIRECTION('',(0.,0.994521895368273,0.104528463267653));
#5560=DIRECTION('',(0.,-0.994521895368273,-0.104528463267653));
#5561=DIRECTION('',(0.,-0.104528463267653,0.994521895368273));
#5562=DIRECTION('center_axis',(0.,0.994521895368273,0.104528463267653));
#5563=DIRECTION('ref_axis',(-1.,0.,0.));
#5564=DIRECTION('',(-1.,0.,0.));
#5565=DIRECTION('',(1.,0.,0.));
#5566=DIRECTION('',(0.,-0.104528463267653,0.994521895368273));
#5567=DIRECTION('center_axis',(-1.,0.,0.));
#5568=DIRECTION('ref_axis',(0.,-0.994521895368273,-0.104528463267653));
#5569=DIRECTION('',(0.,-0.994521895368273,-0.104528463267653));
#5570=DIRECTION('',(0.,0.994521895368273,0.104528463267653));
#5571=DIRECTION('center_axis',(0.,-0.994521895368273,-0.104528463267653));
#5572=DIRECTION('ref_axis',(1.,0.,0.));
#5573=DIRECTION('',(1.,0.,0.));
#5574=DIRECTION('',(0.,-0.104528463267653,0.994521895368273));
#5575=DIRECTION('',(-1.,0.,0.));
#5576=DIRECTION('',(0.,-0.104528463267653,0.994521895368273));
#5577=DIRECTION('center_axis',(1.,0.,0.));
#5578=DIRECTION('ref_axis',(0.,0.994521895368273,0.104528463267653));
#5579=DIRECTION('',(0.,0.994521895368273,0.104528463267653));
#5580=DIRECTION('',(0.,-0.994521895368273,-0.104528463267653));
#5581=DIRECTION('',(0.,-0.104528463267653,0.994521895368273));
#5582=DIRECTION('center_axis',(0.,0.994521895368273,0.104528463267653));
#5583=DIRECTION('ref_axis',(-1.,0.,0.));
#5584=DIRECTION('',(-1.,0.,0.));
#5585=DIRECTION('',(1.,0.,0.));
#5586=DIRECTION('',(0.,-0.104528463267653,0.994521895368273));
#5587=DIRECTION('center_axis',(-1.,0.,0.));
#5588=DIRECTION('ref_axis',(0.,-0.994521895368273,-0.104528463267653));
#5589=DIRECTION('',(0.,-0.994521895368273,-0.104528463267653));
#5590=DIRECTION('',(0.,0.994521895368273,0.104528463267653));
#5591=DIRECTION('center_axis',(0.,-0.994521895368273,-0.104528463267653));
#5592=DIRECTION('ref_axis',(1.,0.,0.));
#5593=DIRECTION('',(1.,0.,0.));
#5594=DIRECTION('',(0.,-0.104528463267653,0.994521895368273));
#5595=DIRECTION('',(-1.,0.,0.));
#5596=DIRECTION('',(0.,-0.104528463267653,0.994521895368273));
#5597=DIRECTION('center_axis',(1.,0.,0.));
#5598=DIRECTION('ref_axis',(0.,0.994521895368273,0.104528463267653));
#5599=DIRECTION('',(0.,0.994521895368273,0.104528463267653));
#5600=DIRECTION('',(0.,-0.994521895368273,-0.104528463267653));
#5601=DIRECTION('',(0.,-0.104528463267653,0.994521895368273));
#5602=DIRECTION('center_axis',(0.,0.994521895368273,0.104528463267653));
#5603=DIRECTION('ref_axis',(-1.,0.,0.));
#5604=DIRECTION('',(-1.,0.,0.));
#5605=DIRECTION('',(1.,0.,0.));
#5606=DIRECTION('',(0.,-0.104528463267653,0.994521895368273));
#5607=DIRECTION('center_axis',(-1.,0.,0.));
#5608=DIRECTION('ref_axis',(0.,-0.994521895368273,-0.104528463267653));
#5609=DIRECTION('',(0.,-0.994521895368273,-0.104528463267653));
#5610=DIRECTION('',(0.,0.994521895368273,0.104528463267653));
#5611=DIRECTION('center_axis',(0.,-0.994521895368273,-0.104528463267653));
#5612=DIRECTION('ref_axis',(1.,0.,0.));
#5613=DIRECTION('',(1.,0.,0.));
#5614=DIRECTION('',(0.,-0.104528463267653,0.994521895368273));
#5615=DIRECTION('',(-1.,0.,0.));
#5616=DIRECTION('',(0.,-0.104528463267653,0.994521895368273));
#5617=DIRECTION('center_axis',(1.,0.,0.));
#5618=DIRECTION('ref_axis',(0.,0.994521895368273,0.104528463267653));
#5619=DIRECTION('',(0.,0.994521895368273,0.104528463267653));
#5620=DIRECTION('',(0.,-0.994521895368273,-0.104528463267653));
#5621=DIRECTION('',(0.,-0.104528463267653,0.994521895368273));
#5622=DIRECTION('center_axis',(0.,0.994521895368273,0.104528463267653));
#5623=DIRECTION('ref_axis',(-1.,0.,0.));
#5624=DIRECTION('',(-1.,0.,0.));
#5625=DIRECTION('',(1.,0.,0.));
#5626=DIRECTION('',(0.,-0.104528463267653,0.994521895368273));
#5627=DIRECTION('center_axis',(-1.,0.,0.));
#5628=DIRECTION('ref_axis',(0.,-0.994521895368273,-0.104528463267653));
#5629=DIRECTION('',(0.,-0.994521895368273,-0.104528463267653));
#5630=DIRECTION('',(0.,0.994521895368273,0.104528463267653));
#5631=DIRECTION('center_axis',(0.,-0.994521895368273,-0.104528463267653));
#5632=DIRECTION('ref_axis',(1.,0.,0.));
#5633=DIRECTION('',(1.,0.,0.));
#5634=DIRECTION('',(0.,-0.104528463267653,0.994521895368273));
#5635=DIRECTION('',(-1.,0.,0.));
#5636=DIRECTION('',(0.,-0.104528463267653,0.994521895368273));
#5637=DIRECTION('center_axis',(1.,0.,0.));
#5638=DIRECTION('ref_axis',(0.,0.994521895368273,0.104528463267653));
#5639=DIRECTION('',(0.,0.994521895368273,0.104528463267653));
#5640=DIRECTION('',(0.,-0.994521895368273,-0.104528463267653));
#5641=DIRECTION('',(0.,-0.104528463267653,0.994521895368273));
#5642=DIRECTION('center_axis',(0.,0.994521895368273,0.104528463267653));
#5643=DIRECTION('ref_axis',(-1.,0.,0.));
#5644=DIRECTION('',(-1.,0.,0.));
#5645=DIRECTION('',(1.,0.,0.));
#5646=DIRECTION('',(0.,-0.104528463267653,0.994521895368273));
#5647=DIRECTION('center_axis',(-1.,0.,0.));
#5648=DIRECTION('ref_axis',(0.,-0.994521895368273,-0.104528463267653));
#5649=DIRECTION('',(0.,-0.994521895368273,-0.104528463267653));
#5650=DIRECTION('',(0.,0.994521895368273,0.104528463267653));
#5651=DIRECTION('center_axis',(0.,-0.994521895368273,-0.104528463267653));
#5652=DIRECTION('ref_axis',(1.,0.,0.));
#5653=DIRECTION('',(1.,0.,0.));
#5654=DIRECTION('',(0.,-0.104528463267653,0.994521895368273));
#5655=DIRECTION('',(-1.,0.,0.));
#5656=DIRECTION('',(0.,-0.104528463267653,0.994521895368273));
#5657=DIRECTION('center_axis',(1.,0.,0.));
#5658=DIRECTION('ref_axis',(0.,0.994521895368273,0.104528463267653));
#5659=DIRECTION('',(0.,0.994521895368273,0.104528463267653));
#5660=DIRECTION('',(0.,-0.994521895368273,-0.104528463267653));
#5661=DIRECTION('',(0.,-0.104528463267653,0.994521895368273));
#5662=DIRECTION('center_axis',(0.,0.994521895368273,0.104528463267653));
#5663=DIRECTION('ref_axis',(-1.,0.,0.));
#5664=DIRECTION('',(-1.,0.,0.));
#5665=DIRECTION('',(1.,0.,0.));
#5666=DIRECTION('',(0.,-0.104528463267653,0.994521895368273));
#5667=DIRECTION('center_axis',(-1.,0.,0.));
#5668=DIRECTION('ref_axis',(0.,-0.994521895368273,-0.104528463267653));
#5669=DIRECTION('',(0.,-0.994521895368273,-0.104528463267653));
#5670=DIRECTION('',(0.,0.994521895368273,0.104528463267653));
#5671=DIRECTION('center_axis',(0.,-0.994521895368273,-0.104528463267653));
#5672=DIRECTION('ref_axis',(1.,0.,0.));
#5673=DIRECTION('',(1.,0.,0.));
#5674=DIRECTION('',(0.,-0.104528463267653,0.994521895368273));
#5675=DIRECTION('',(-1.,0.,0.));
#5676=DIRECTION('',(0.,-0.104528463267653,0.994521895368273));
#5677=DIRECTION('center_axis',(1.,0.,0.));
#5678=DIRECTION('ref_axis',(0.,0.994521895368273,0.104528463267653));
#5679=DIRECTION('',(0.,0.994521895368273,0.104528463267653));
#5680=DIRECTION('',(0.,-0.994521895368273,-0.104528463267653));
#5681=DIRECTION('',(0.,-0.104528463267653,0.994521895368273));
#5682=DIRECTION('center_axis',(0.,0.994521895368273,0.104528463267653));
#5683=DIRECTION('ref_axis',(-1.,0.,0.));
#5684=DIRECTION('',(-1.,0.,0.));
#5685=DIRECTION('',(1.,0.,0.));
#5686=DIRECTION('',(0.,-0.104528463267653,0.994521895368273));
#5687=DIRECTION('center_axis',(-1.,0.,0.));
#5688=DIRECTION('ref_axis',(0.,-0.994521895368273,-0.104528463267653));
#5689=DIRECTION('',(0.,-0.994521895368273,-0.104528463267653));
#5690=DIRECTION('',(0.,0.994521895368273,0.104528463267653));
#5691=DIRECTION('center_axis',(0.,-0.994521895368273,-0.104528463267653));
#5692=DIRECTION('ref_axis',(1.,0.,0.));
#5693=DIRECTION('',(1.,0.,0.));
#5694=DIRECTION('',(0.,-0.104528463267653,0.994521895368273));
#5695=DIRECTION('',(-1.,0.,0.));
#5696=DIRECTION('',(0.,-0.104528463267653,0.994521895368273));
#5697=DIRECTION('center_axis',(1.,0.,0.));
#5698=DIRECTION('ref_axis',(0.,0.994521895368273,0.104528463267653));
#5699=DIRECTION('',(0.,0.994521895368273,0.104528463267653));
#5700=DIRECTION('',(0.,-0.994521895368273,-0.104528463267653));
#5701=DIRECTION('',(0.,-0.104528463267653,0.994521895368273));
#5702=DIRECTION('center_axis',(0.,0.994521895368273,0.104528463267653));
#5703=DIRECTION('ref_axis',(-1.,0.,0.));
#5704=DIRECTION('',(-1.,0.,0.));
#5705=DIRECTION('',(1.,0.,0.));
#5706=DIRECTION('',(0.,-0.104528463267653,0.994521895368273));
#5707=DIRECTION('center_axis',(-1.,0.,0.));
#5708=DIRECTION('ref_axis',(0.,-0.994521895368273,-0.104528463267653));
#5709=DIRECTION('',(0.,-0.994521895368273,-0.104528463267653));
#5710=DIRECTION('',(0.,0.994521895368273,0.104528463267653));
#5711=DIRECTION('center_axis',(0.,-0.994521895368273,-0.104528463267653));
#5712=DIRECTION('ref_axis',(1.,0.,0.));
#5713=DIRECTION('',(1.,0.,0.));
#5714=DIRECTION('',(0.,-0.104528463267653,0.994521895368273));
#5715=DIRECTION('',(-1.,0.,0.));
#5716=DIRECTION('',(0.,-0.104528463267653,0.994521895368273));
#5717=DIRECTION('center_axis',(1.,0.,0.));
#5718=DIRECTION('ref_axis',(0.,0.994521895368273,0.104528463267653));
#5719=DIRECTION('',(0.,0.994521895368273,0.104528463267653));
#5720=DIRECTION('',(0.,-0.994521895368273,-0.104528463267653));
#5721=DIRECTION('',(0.,-0.104528463267653,0.994521895368273));
#5722=DIRECTION('center_axis',(0.,0.994521895368273,0.104528463267653));
#5723=DIRECTION('ref_axis',(-1.,0.,0.));
#5724=DIRECTION('',(-1.,0.,0.));
#5725=DIRECTION('',(1.,0.,0.));
#5726=DIRECTION('',(0.,-0.104528463267653,0.994521895368273));
#5727=DIRECTION('center_axis',(-1.,0.,0.));
#5728=DIRECTION('ref_axis',(0.,-0.994521895368273,-0.104528463267653));
#5729=DIRECTION('',(0.,-0.994521895368273,-0.104528463267653));
#5730=DIRECTION('',(0.,0.994521895368273,0.104528463267653));
#5731=DIRECTION('center_axis',(0.,-0.994521895368273,-0.104528463267653));
#5732=DIRECTION('ref_axis',(1.,0.,0.));
#5733=DIRECTION('',(1.,0.,0.));
#5734=DIRECTION('',(0.,-0.104528463267653,0.994521895368273));
#5735=DIRECTION('',(-1.,0.,0.));
#5736=DIRECTION('',(0.,-0.104528463267653,0.994521895368273));
#5737=DIRECTION('center_axis',(1.,0.,0.));
#5738=DIRECTION('ref_axis',(0.,0.994521895368273,0.104528463267653));
#5739=DIRECTION('',(0.,0.994521895368273,0.104528463267653));
#5740=DIRECTION('',(0.,-0.994521895368273,-0.104528463267653));
#5741=DIRECTION('',(0.,-0.104528463267653,0.994521895368273));
#5742=DIRECTION('center_axis',(0.,0.994521895368273,0.104528463267653));
#5743=DIRECTION('ref_axis',(-1.,0.,0.));
#5744=DIRECTION('',(-1.,0.,0.));
#5745=DIRECTION('',(1.,0.,0.));
#5746=DIRECTION('',(0.,-0.104528463267653,0.994521895368273));
#5747=DIRECTION('center_axis',(-1.,0.,0.));
#5748=DIRECTION('ref_axis',(0.,-0.994521895368273,-0.104528463267653));
#5749=DIRECTION('',(0.,-0.994521895368273,-0.104528463267653));
#5750=DIRECTION('',(0.,0.994521895368273,0.104528463267653));
#5751=DIRECTION('center_axis',(0.,-0.994521895368273,-0.104528463267653));
#5752=DIRECTION('ref_axis',(1.,0.,0.));
#5753=DIRECTION('',(1.,0.,0.));
#5754=DIRECTION('',(0.,-0.104528463267653,0.994521895368273));
#5755=DIRECTION('',(-1.,0.,0.));
#5756=DIRECTION('',(0.,-0.104528463267653,0.994521895368273));
#5757=DIRECTION('center_axis',(1.,0.,0.));
#5758=DIRECTION('ref_axis',(0.,0.994521895368273,0.104528463267653));
#5759=DIRECTION('',(0.,0.994521895368273,0.104528463267653));
#5760=DIRECTION('',(0.,-0.994521895368273,-0.104528463267653));
#5761=DIRECTION('',(0.,-0.104528463267653,0.994521895368273));
#5762=DIRECTION('center_axis',(0.,0.994521895368273,0.104528463267653));
#5763=DIRECTION('ref_axis',(-1.,0.,0.));
#5764=DIRECTION('',(-1.,0.,0.));
#5765=DIRECTION('',(1.,0.,0.));
#5766=DIRECTION('',(0.,-0.104528463267653,0.994521895368273));
#5767=DIRECTION('center_axis',(-1.,0.,0.));
#5768=DIRECTION('ref_axis',(0.,-0.994521895368273,-0.104528463267653));
#5769=DIRECTION('',(0.,-0.994521895368273,-0.104528463267653));
#5770=DIRECTION('',(0.,0.994521895368273,0.104528463267653));
#5771=DIRECTION('center_axis',(0.,-0.994521895368273,-0.104528463267653));
#5772=DIRECTION('ref_axis',(1.,0.,0.));
#5773=DIRECTION('',(1.,0.,0.));
#5774=DIRECTION('',(0.,-0.104528463267653,0.994521895368273));
#5775=DIRECTION('',(-1.,0.,0.));
#5776=DIRECTION('',(0.,-0.104528463267653,0.994521895368273));
#5777=DIRECTION('center_axis',(1.,0.,0.));
#5778=DIRECTION('ref_axis',(0.,0.994521895368273,0.104528463267653));
#5779=DIRECTION('',(0.,0.994521895368273,0.104528463267653));
#5780=DIRECTION('',(0.,-0.994521895368273,-0.104528463267653));
#5781=DIRECTION('',(0.,-0.104528463267653,0.994521895368273));
#5782=DIRECTION('center_axis',(0.,0.994521895368273,0.104528463267653));
#5783=DIRECTION('ref_axis',(-1.,0.,0.));
#5784=DIRECTION('',(-1.,0.,0.));
#5785=DIRECTION('',(1.,0.,0.));
#5786=DIRECTION('',(0.,-0.104528463267653,0.994521895368273));
#5787=DIRECTION('center_axis',(-1.,0.,0.));
#5788=DIRECTION('ref_axis',(0.,-0.994521895368273,-0.104528463267653));
#5789=DIRECTION('',(0.,-0.994521895368273,-0.104528463267653));
#5790=DIRECTION('',(0.,0.994521895368273,0.104528463267653));
#5791=DIRECTION('center_axis',(0.,-0.994521895368273,-0.104528463267653));
#5792=DIRECTION('ref_axis',(1.,0.,0.));
#5793=DIRECTION('',(1.,0.,0.));
#5794=DIRECTION('',(0.,-0.104528463267653,0.994521895368273));
#5795=DIRECTION('',(-1.,0.,0.));
#5796=DIRECTION('',(0.,-0.104528463267653,0.994521895368273));
#5797=DIRECTION('center_axis',(1.,0.,0.));
#5798=DIRECTION('ref_axis',(0.,0.994521895368273,0.104528463267653));
#5799=DIRECTION('',(0.,0.994521895368273,0.104528463267653));
#5800=DIRECTION('',(0.,-0.994521895368273,-0.104528463267653));
#5801=DIRECTION('',(0.,-0.104528463267653,0.994521895368273));
#5802=DIRECTION('center_axis',(0.,0.994521895368273,0.104528463267653));
#5803=DIRECTION('ref_axis',(-1.,0.,0.));
#5804=DIRECTION('',(-1.,0.,0.));
#5805=DIRECTION('',(1.,0.,0.));
#5806=DIRECTION('',(0.,-0.104528463267653,0.994521895368273));
#5807=DIRECTION('center_axis',(-1.,0.,0.));
#5808=DIRECTION('ref_axis',(0.,-0.994521895368273,-0.104528463267653));
#5809=DIRECTION('',(0.,-0.994521895368273,-0.104528463267653));
#5810=DIRECTION('',(0.,0.994521895368273,0.104528463267653));
#5811=DIRECTION('center_axis',(0.,-0.994521895368273,-0.104528463267653));
#5812=DIRECTION('ref_axis',(1.,0.,0.));
#5813=DIRECTION('',(1.,0.,0.));
#5814=DIRECTION('',(0.,-0.104528463267653,0.994521895368273));
#5815=DIRECTION('',(-1.,0.,0.));
#5816=DIRECTION('',(0.,-0.104528463267653,0.994521895368273));
#5817=DIRECTION('center_axis',(1.,0.,0.));
#5818=DIRECTION('ref_axis',(0.,0.994521895368273,0.104528463267653));
#5819=DIRECTION('',(0.,0.994521895368273,0.104528463267653));
#5820=DIRECTION('',(0.,-0.994521895368273,-0.104528463267653));
#5821=DIRECTION('',(0.,-0.104528463267653,0.994521895368273));
#5822=DIRECTION('center_axis',(0.,0.994521895368273,0.104528463267653));
#5823=DIRECTION('ref_axis',(-1.,0.,0.));
#5824=DIRECTION('',(-1.,0.,0.));
#5825=DIRECTION('',(1.,0.,0.));
#5826=DIRECTION('',(0.,-0.104528463267653,0.994521895368273));
#5827=DIRECTION('center_axis',(-1.,0.,0.));
#5828=DIRECTION('ref_axis',(0.,-0.994521895368273,-0.104528463267653));
#5829=DIRECTION('',(0.,-0.994521895368273,-0.104528463267653));
#5830=DIRECTION('',(0.,0.994521895368273,0.104528463267653));
#5831=DIRECTION('center_axis',(0.,-0.104528463267653,0.994521895368273));
#5832=DIRECTION('ref_axis',(1.,0.,0.));
#5833=DIRECTION('center_axis',(0.,-0.104528463267653,0.994521895368273));
#5834=DIRECTION('ref_axis',(1.,0.,0.));
#5835=DIRECTION('',(0.,-0.104528463267653,0.994521895368273));
#5836=DIRECTION('center_axis',(0.,0.104528463267653,-0.994521895368273));
#5837=DIRECTION('ref_axis',(1.,0.,0.));
#5838=DIRECTION('center_axis',(0.,-0.104528463267653,0.994521895368273));
#5839=DIRECTION('ref_axis',(1.,0.,0.));
#5840=DIRECTION('center_axis',(0.,-0.104528463267653,0.994521895368273));
#5841=DIRECTION('ref_axis',(1.,0.,0.));
#5842=DIRECTION('',(0.,-0.104528463267653,0.994521895368273));
#5843=DIRECTION('center_axis',(0.,0.104528463267653,-0.994521895368273));
#5844=DIRECTION('ref_axis',(1.,0.,0.));
#5845=DIRECTION('center_axis',(0.,-0.104528463267653,0.994521895368273));
#5846=DIRECTION('ref_axis',(1.,0.,0.));
#5847=DIRECTION('center_axis',(0.,-0.104528463267653,0.994521895368273));
#5848=DIRECTION('ref_axis',(1.,0.,0.));
#5849=DIRECTION('',(0.,-0.104528463267653,0.994521895368273));
#5850=DIRECTION('center_axis',(0.,0.104528463267653,-0.994521895368273));
#5851=DIRECTION('ref_axis',(1.,0.,0.));
#5852=DIRECTION('center_axis',(1.,0.,0.));
#5853=DIRECTION('ref_axis',(0.,0.994521895368273,0.104528463267653));
#5854=DIRECTION('',(0.,0.994521895368273,0.104528463267653));
#5855=DIRECTION('',(0.,-0.994521895368273,-0.104528463267653));
#5856=DIRECTION('',(0.,-0.104528463267653,0.994521895368273));
#5857=DIRECTION('center_axis',(0.,0.994521895368273,0.104528463267653));
#5858=DIRECTION('ref_axis',(-1.,0.,0.));
#5859=DIRECTION('',(1.,0.,0.));
#5860=DIRECTION('',(0.,-0.104528463267653,0.994521895368273));
#5861=DIRECTION('center_axis',(-1.,0.,0.));
#5862=DIRECTION('ref_axis',(0.,-0.994521895368273,-0.104528463267653));
#5863=DIRECTION('',(0.,-0.994521895368273,-0.104528463267653));
#5864=DIRECTION('',(0.,0.994521895368273,0.104528463267653));
#5865=DIRECTION('center_axis',(0.,-0.104528463267653,0.994521895368273));
#5866=DIRECTION('ref_axis',(0.,-0.994521895368273,-0.104528463267653));
#5867=DIRECTION('center_axis',(0.,0.104528463267653,-0.994521895368273));
#5868=DIRECTION('ref_axis',(0.,-0.994521895368273,-0.104528463267653));
#5869=DIRECTION('',(0.,0.104528463267653,-0.994521895368273));
#5870=DIRECTION('center_axis',(0.,-0.104528463267653,0.994521895368273));
#5871=DIRECTION('ref_axis',(0.,-0.994521895368273,-0.104528463267653));
#5872=DIRECTION('',(0.,0.104528463267653,-0.994521895368273));
#5873=DIRECTION('center_axis',(0.,-0.104528463267653,0.994521895368273));
#5874=DIRECTION('ref_axis',(1.,0.,0.));
#5875=DIRECTION('center_axis',(0.,0.104528463267653,-0.994521895368273));
#5876=DIRECTION('ref_axis',(1.,0.,0.));
#5877=DIRECTION('',(0.,0.104528463267653,-0.994521895368273));
#5878=DIRECTION('center_axis',(0.,-0.104528463267653,0.994521895368273));
#5879=DIRECTION('ref_axis',(1.,0.,0.));
#5880=DIRECTION('',(0.,0.104528463267653,-0.994521895368273));
#5881=DIRECTION('center_axis',(0.,-0.104528463267653,0.994521895368273));
#5882=DIRECTION('ref_axis',(1.,0.,0.));
#5883=DIRECTION('',(0.,-0.994521895368273,-0.104528463267653));
#5884=DIRECTION('',(1.,0.,0.));
#5885=DIRECTION('',(0.,0.994521895368273,0.104528463267653));
#5886=DIRECTION('',(-1.,0.,0.));
#5887=DIRECTION('center_axis',(0.,-0.104528463267653,0.994521895368273));
#5888=DIRECTION('ref_axis',(1.,0.,0.));
#5889=DIRECTION('',(-1.,0.,0.));
#5890=DIRECTION('',(0.,0.994521895368273,0.104528463267653));
#5891=DIRECTION('',(1.,0.,0.));
#5892=DIRECTION('',(0.,-0.994521895368273,-0.104528463267653));
#5893=DIRECTION('center_axis',(0.,0.994521895368273,0.104528463267653));
#5894=DIRECTION('ref_axis',(-1.,0.,0.));
#5895=DIRECTION('center_axis',(1.,0.,0.));
#5896=DIRECTION('ref_axis',(0.,0.994521895368273,0.104528463267653));
#5897=DIRECTION('center_axis',(0.,-0.994521895368273,-0.104528463267653));
#5898=DIRECTION('ref_axis',(1.,0.,0.));
#5899=DIRECTION('center_axis',(-1.,0.,0.));
#5900=DIRECTION('ref_axis',(0.,-0.994521895368273,-0.104528463267653));
#5901=CARTESIAN_POINT('',(0.,0.,0.));
#5902=CARTESIAN_POINT('Origin',(81.,75.,7.5));
#5903=CARTESIAN_POINT('',(81.95,75.,8.75));
#5904=CARTESIAN_POINT('Origin',(81.95,75.,7.5));
#5905=CARTESIAN_POINT('',(84.45,75.,8.75));
#5906=CARTESIAN_POINT('',(81.,75.,8.75));
#5907=CARTESIAN_POINT('Origin',(84.45,75.,7.5));
#5908=CARTESIAN_POINT('Origin',(3.5,44.95,6.));
#5909=CARTESIAN_POINT('',(0.,44.95,6.));
#5910=CARTESIAN_POINT('',(0.,44.95,10.2));
#5911=CARTESIAN_POINT('',(0.,44.95,3.));
#5912=CARTESIAN_POINT('',(2.5,44.95,6.));
#5913=CARTESIAN_POINT('',(3.5,44.95,6.));
#5914=CARTESIAN_POINT('',(2.5,44.95,10.2));
#5915=CARTESIAN_POINT('',(2.5,44.95,4.5));
#5916=CARTESIAN_POINT('',(3.5,44.95,10.2));
#5917=CARTESIAN_POINT('Origin',(1.25,40.5,10.2));
#5918=CARTESIAN_POINT('',(0.,36.05,10.2));
#5919=CARTESIAN_POINT('',(0.,75.5,10.2));
#5920=CARTESIAN_POINT('',(2.5,36.05,10.2));
#5921=CARTESIAN_POINT('',(2.5,74.25,10.2));
#5922=CARTESIAN_POINT('',(-1.,36.05,10.2));
#5923=CARTESIAN_POINT('Origin',(-1.,36.05,6.));
#5924=CARTESIAN_POINT('',(0.,36.05,6.));
#5925=CARTESIAN_POINT('',(0.,36.05,3.));
#5926=CARTESIAN_POINT('',(2.5,36.05,6.));
#5927=CARTESIAN_POINT('',(2.5,36.05,4.5));
#5928=CARTESIAN_POINT('',(-1.,36.05,6.));
#5929=CARTESIAN_POINT('Origin',(1.25,40.5,6.));
#5930=CARTESIAN_POINT('',(0.,75.5,6.));
#5931=CARTESIAN_POINT('',(2.5,74.25,6.));
#5932=CARTESIAN_POINT('Origin',(34.5,107.,4.5));
#5933=CARTESIAN_POINT('',(34.5,108.,8.5));
#5934=CARTESIAN_POINT('',(34.5,108.,4.5));
#5935=CARTESIAN_POINT('',(34.5,108.,3.75));
#5936=CARTESIAN_POINT('',(34.5,110.5,8.5));
#5937=CARTESIAN_POINT('',(34.5,107.,8.5));
#5938=CARTESIAN_POINT('',(34.5,110.5,4.5));
#5939=CARTESIAN_POINT('',(34.5,110.5,2.25));
#5940=CARTESIAN_POINT('',(34.5,107.,4.5));
#5941=CARTESIAN_POINT('Origin',(25.5,113.5,4.5));
#5942=CARTESIAN_POINT('',(25.5,108.,4.5));
#5943=CARTESIAN_POINT('',(25.5,108.,8.5));
#5944=CARTESIAN_POINT('',(25.5,108.,3.75));
#5945=CARTESIAN_POINT('',(25.5,110.5,4.5));
#5946=CARTESIAN_POINT('',(25.5,113.5,4.5));
#5947=CARTESIAN_POINT('',(25.5,110.5,8.5));
#5948=CARTESIAN_POINT('',(25.5,110.5,2.25));
#5949=CARTESIAN_POINT('',(25.5,113.5,8.5));
#5950=CARTESIAN_POINT('Origin',(30.,110.25,8.5));
#5951=CARTESIAN_POINT('',(55.975,108.,8.5));
#5952=CARTESIAN_POINT('',(57.225,110.5,8.5));
#5953=CARTESIAN_POINT('Origin',(23.175,0.9,10.0945938));
#5954=CARTESIAN_POINT('',(21.425,0.9,10.0945938));
#5955=CARTESIAN_POINT('Origin',(23.175,0.9,10.0945938));
#5956=CARTESIAN_POINT('',(21.425,0.9,14.5945938117391));
#5957=CARTESIAN_POINT('',(21.425,0.9,10.0945938));
#5958=CARTESIAN_POINT('Origin',(23.175,0.9,14.5945938117391));
#5959=CARTESIAN_POINT('Origin',(23.175,0.9,10.0945938));
#5960=CARTESIAN_POINT('',(21.975,0.9,10.0945938));
#5961=CARTESIAN_POINT('Origin',(23.175,0.9,10.0945938));
#5962=CARTESIAN_POINT('Origin',(42.225,0.9,10.0945938));
#5963=CARTESIAN_POINT('',(40.475,0.9,10.0945938));
#5964=CARTESIAN_POINT('Origin',(42.225,0.9,10.0945938));
#5965=CARTESIAN_POINT('',(40.475,0.9,14.5945938117391));
#5966=CARTESIAN_POINT('',(40.475,0.9,10.0945938));
#5967=CARTESIAN_POINT('Origin',(42.225,0.9,14.5945938117391));
#5968=CARTESIAN_POINT('Origin',(42.225,0.9,10.0945938));
#5969=CARTESIAN_POINT('',(41.025,0.9,10.0945938));
#5970=CARTESIAN_POINT('Origin',(42.225,0.9,10.0945938));
#5971=CARTESIAN_POINT('Origin',(61.275,0.9,10.0945938));
#5972=CARTESIAN_POINT('',(59.525,0.9,10.0945938));
#5973=CARTESIAN_POINT('Origin',(61.275,0.9,10.0945938));
#5974=CARTESIAN_POINT('',(59.525,0.9,14.5945938117391));
#5975=CARTESIAN_POINT('',(59.525,0.9,10.0945938));
#5976=CARTESIAN_POINT('Origin',(61.275,0.9,14.5945938117391));
#5977=CARTESIAN_POINT('Origin',(61.275,0.9,10.0945938));
#5978=CARTESIAN_POINT('',(60.075,0.9,10.0945938));
#5979=CARTESIAN_POINT('Origin',(61.275,0.9,10.0945938));
#5980=CARTESIAN_POINT('Origin',(23.175,0.9,2.3));
#5981=CARTESIAN_POINT('',(21.975,0.9,2.5));
#5982=CARTESIAN_POINT('Origin',(23.175,0.9,2.5));
#5983=CARTESIAN_POINT('',(21.975,0.9,2.3));
#5984=CARTESIAN_POINT('Origin',(42.225,0.9,2.3));
#5985=CARTESIAN_POINT('',(41.025,0.9,2.5));
#5986=CARTESIAN_POINT('Origin',(42.225,0.9,2.5));
#5987=CARTESIAN_POINT('',(41.025,0.9,2.3));
#5988=CARTESIAN_POINT('Origin',(61.275,0.9,2.3));
#5989=CARTESIAN_POINT('',(60.075,0.9,2.5));
#5990=CARTESIAN_POINT('Origin',(61.275,0.9,2.5));
#5991=CARTESIAN_POINT('',(60.075,0.9,2.3));
#5992=CARTESIAN_POINT('Origin',(23.175,0.9,0.));
#5993=CARTESIAN_POINT('',(21.075,0.9,0.));
#5994=CARTESIAN_POINT('Origin',(23.175,0.9,0.));
#5995=CARTESIAN_POINT('',(21.075,0.9,2.5));
#5996=CARTESIAN_POINT('',(21.075,0.9,0.));
#5997=CARTESIAN_POINT('Origin',(23.175,0.9,2.5));
#5998=CARTESIAN_POINT('Origin',(23.175,0.9,2.5));
#5999=CARTESIAN_POINT('Origin',(42.225,0.9,0.));
#6000=CARTESIAN_POINT('',(40.125,0.9,0.));
#6001=CARTESIAN_POINT('Origin',(42.225,0.9,0.));
#6002=CARTESIAN_POINT('',(40.125,0.9,2.5));
#6003=CARTESIAN_POINT('',(40.125,0.9,0.));
#6004=CARTESIAN_POINT('Origin',(42.225,0.9,2.5));
#6005=CARTESIAN_POINT('Origin',(42.225,0.9,2.5));
#6006=CARTESIAN_POINT('Origin',(61.275,0.9,0.));
#6007=CARTESIAN_POINT('',(59.175,0.9,0.));
#6008=CARTESIAN_POINT('Origin',(61.275,0.9,0.));
#6009=CARTESIAN_POINT('',(59.175,0.9,2.5));
#6010=CARTESIAN_POINT('',(59.175,0.9,0.));
#6011=CARTESIAN_POINT('Origin',(61.275,0.9,2.5));
#6012=CARTESIAN_POINT('Origin',(61.275,0.9,2.5));
#6013=CARTESIAN_POINT('Origin',(4.5,89.,19.3542769));
#6014=CARTESIAN_POINT('',(2.75,89.,19.3542769));
#6015=CARTESIAN_POINT('Origin',(4.5,89.,19.3542769));
#6016=CARTESIAN_POINT('',(2.75,89.,23.8542769386452));
#6017=CARTESIAN_POINT('',(2.75,89.,19.3542769));
#6018=CARTESIAN_POINT('Origin',(4.5,89.,23.8542769386452));
#6019=CARTESIAN_POINT('Origin',(4.5,89.,19.3542769));
#6020=CARTESIAN_POINT('',(3.3,89.,19.3542769));
#6021=CARTESIAN_POINT('Origin',(4.5,89.,19.3542769));
#6022=CARTESIAN_POINT('Origin',(79.95,89.,19.3542769));
#6023=CARTESIAN_POINT('',(78.2,89.,19.3542769));
#6024=CARTESIAN_POINT('Origin',(79.95,89.,19.3542769));
#6025=CARTESIAN_POINT('',(78.2,89.,23.8542769386452));
#6026=CARTESIAN_POINT('',(78.2,89.,19.3542769));
#6027=CARTESIAN_POINT('Origin',(79.95,89.,23.8542769386452));
#6028=CARTESIAN_POINT('Origin',(79.95,89.,19.3542769));
#6029=CARTESIAN_POINT('',(78.75,89.,19.3542769));
#6030=CARTESIAN_POINT('Origin',(79.95,89.,19.3542769));
#6031=CARTESIAN_POINT('Origin',(20.,102.4,20.7626737));
#6032=CARTESIAN_POINT('',(18.25,102.4,20.7626737));
#6033=CARTESIAN_POINT('Origin',(20.,102.4,20.7626737));
#6034=CARTESIAN_POINT('',(18.25,102.4,25.2626736912053));
#6035=CARTESIAN_POINT('',(18.25,102.4,20.7626737));
#6036=CARTESIAN_POINT('Origin',(20.,102.4,25.2626736912053));
#6037=CARTESIAN_POINT('Origin',(20.,102.4,20.7626737));
#6038=CARTESIAN_POINT('',(18.8,102.4,20.7626737));
#6039=CARTESIAN_POINT('Origin',(20.,102.4,20.7626737));
#6040=CARTESIAN_POINT('Origin',(64.,102.4,20.7626737));
#6041=CARTESIAN_POINT('',(62.25,102.4,20.7626737));
#6042=CARTESIAN_POINT('Origin',(64.,102.4,20.7626737));
#6043=CARTESIAN_POINT('',(62.25,102.4,25.2626736912053));
#6044=CARTESIAN_POINT('',(62.25,102.4,20.7626737));
#6045=CARTESIAN_POINT('Origin',(64.,102.4,25.2626736912053));
#6046=CARTESIAN_POINT('Origin',(64.,102.4,20.7626737));
#6047=CARTESIAN_POINT('',(62.8,102.4,20.7626737));
#6048=CARTESIAN_POINT('Origin',(64.,102.4,20.7626737));
#6049=CARTESIAN_POINT('Origin',(4.5,89.,2.3));
#6050=CARTESIAN_POINT('',(3.3,89.,2.5));
#6051=CARTESIAN_POINT('Origin',(4.5,89.,2.5));
#6052=CARTESIAN_POINT('',(3.3,89.,2.3));
#6053=CARTESIAN_POINT('Origin',(79.95,89.,2.3));
#6054=CARTESIAN_POINT('',(78.75,89.,2.5));
#6055=CARTESIAN_POINT('Origin',(79.95,89.,2.5));
#6056=CARTESIAN_POINT('',(78.75,89.,2.3));
#6057=CARTESIAN_POINT('Origin',(20.,102.4,2.3));
#6058=CARTESIAN_POINT('',(18.8,102.4,2.5));
#6059=CARTESIAN_POINT('Origin',(20.,102.4,2.5));
#6060=CARTESIAN_POINT('',(18.8,102.4,2.3));
#6061=CARTESIAN_POINT('',(20.7,103.374679434481,4.45));
#6062=CARTESIAN_POINT('',(20.7,101.425320565519,4.45));
#6063=CARTESIAN_POINT('Origin',(20.,102.4,4.45));
#6064=CARTESIAN_POINT('',(20.7,103.374679434481,9.5));
#6065=CARTESIAN_POINT('',(20.7,103.374679434481,2.3));
#6066=CARTESIAN_POINT('',(20.7,101.425320565519,9.5));
#6067=CARTESIAN_POINT('Origin',(20.,102.4,9.5));
#6068=CARTESIAN_POINT('',(20.7,101.425320565519,2.3));
#6069=CARTESIAN_POINT('Origin',(64.,102.4,2.3));
#6070=CARTESIAN_POINT('',(62.8,102.4,2.5));
#6071=CARTESIAN_POINT('Origin',(64.,102.4,2.5));
#6072=CARTESIAN_POINT('',(62.8,102.4,2.3));
#6073=CARTESIAN_POINT('Origin',(30.,87.75,9.5));
#6074=CARTESIAN_POINT('',(20.7,105.829285639896,9.5));
#6075=CARTESIAN_POINT('',(20.7,107.9,9.5));
#6076=CARTESIAN_POINT('',(20.7,98.9707143601036,9.5));
#6077=CARTESIAN_POINT('Origin',(20.,102.4,9.5));
#6078=CARTESIAN_POINT('',(20.7,107.9,9.5));
#6079=CARTESIAN_POINT('Origin',(20.7,107.9,4.45));
#6080=CARTESIAN_POINT('',(20.7,107.9,4.45));
#6081=CARTESIAN_POINT('',(20.7,107.9,4.45));
#6082=CARTESIAN_POINT('',(20.7,107.9,6.));
#6083=CARTESIAN_POINT('',(20.7,107.9,4.45));
#6084=CARTESIAN_POINT('',(20.7,105.829285639896,6.));
#6085=CARTESIAN_POINT('',(20.7,98.,6.));
#6086=CARTESIAN_POINT('',(20.7,105.829285639896,0.));
#6087=CARTESIAN_POINT('Origin',(4.5,89.,0.));
#6088=CARTESIAN_POINT('',(2.4,89.,0.));
#6089=CARTESIAN_POINT('Origin',(4.5,89.,0.));
#6090=CARTESIAN_POINT('',(2.4,89.,2.5));
#6091=CARTESIAN_POINT('',(2.4,89.,0.));
#6092=CARTESIAN_POINT('Origin',(4.5,89.,2.5));
#6093=CARTESIAN_POINT('Origin',(4.5,89.,2.5));
#6094=CARTESIAN_POINT('Origin',(79.95,89.,0.));
#6095=CARTESIAN_POINT('',(77.85,89.,0.));
#6096=CARTESIAN_POINT('Origin',(79.95,89.,0.));
#6097=CARTESIAN_POINT('',(77.85,89.,2.5));
#6098=CARTESIAN_POINT('',(77.85,89.,0.));
#6099=CARTESIAN_POINT('Origin',(79.95,89.,2.5));
#6100=CARTESIAN_POINT('Origin',(79.95,89.,2.5));
#6101=CARTESIAN_POINT('Origin',(20.,102.4,0.));
#6102=CARTESIAN_POINT('',(17.9,102.4,0.));
#6103=CARTESIAN_POINT('Origin',(20.,102.4,0.));
#6104=CARTESIAN_POINT('',(17.9,102.4,2.5));
#6105=CARTESIAN_POINT('',(17.9,102.4,0.));
#6106=CARTESIAN_POINT('Origin',(20.,102.4,2.5));
#6107=CARTESIAN_POINT('Origin',(20.,102.4,2.5));
#6108=CARTESIAN_POINT('Origin',(64.,102.4,0.));
#6109=CARTESIAN_POINT('',(61.9,102.4,0.));
#6110=CARTESIAN_POINT('Origin',(64.,102.4,0.));
#6111=CARTESIAN_POINT('',(61.9,102.4,2.5));
#6112=CARTESIAN_POINT('',(61.9,102.4,0.));
#6113=CARTESIAN_POINT('Origin',(64.,102.4,2.5));
#6114=CARTESIAN_POINT('Origin',(64.,102.4,2.5));
#6115=CARTESIAN_POINT('Origin',(0.1,-3.4,13.4));
#6116=CARTESIAN_POINT('',(1.37550020016016,-3.4,14.1426456000967));
#6117=CARTESIAN_POINT('',(1.37550020016016,-3.4,13.4));
#6118=CARTESIAN_POINT('',(1.37550020016016,-3.4,-0.5));
#6119=CARTESIAN_POINT('',(83.0744997998398,-3.4,14.1426456000967));
#6120=CARTESIAN_POINT('',(0.05,-3.4,14.1426456000967));
#6121=CARTESIAN_POINT('',(83.0744997998398,-3.4,13.4));
#6122=CARTESIAN_POINT('',(83.0744997998398,-3.4,-0.5));
#6123=CARTESIAN_POINT('',(84.35,-3.4,13.4));
#6124=CARTESIAN_POINT('',(0.1,-3.4,13.4));
#6125=CARTESIAN_POINT('',(84.35,-3.4,17.1426456000967));
#6126=CARTESIAN_POINT('',(84.35,-3.4,13.4));
#6127=CARTESIAN_POINT('',(0.1,-3.4,17.1426456000967));
#6128=CARTESIAN_POINT('',(0.05,-3.4,17.1426456000967));
#6129=CARTESIAN_POINT('',(0.1,-3.4,13.4));
#6130=CARTESIAN_POINT('',(0.1,-3.4,13.4));
#6131=CARTESIAN_POINT('',(0.1,-3.4,13.4));
#6132=CARTESIAN_POINT('Origin',(42.225,53.5,13.4));
#6133=CARTESIAN_POINT('',(84.35,-2.12449979983983,13.4));
#6134=CARTESIAN_POINT('Origin',(82.45,-1.5,13.4));
#6135=CARTESIAN_POINT('',(84.35,-3.4,13.4));
#6136=CARTESIAN_POINT('Origin',(42.225,53.5,13.4));
#6137=CARTESIAN_POINT('',(83.0744997998398,110.4,13.4));
#6138=CARTESIAN_POINT('',(84.35,109.12449979984,13.4));
#6139=CARTESIAN_POINT('Origin',(82.45,108.5,13.4));
#6140=CARTESIAN_POINT('',(84.35,110.4,13.4));
#6141=CARTESIAN_POINT('',(84.35,110.4,13.4));
#6142=CARTESIAN_POINT('',(84.35,-3.4,13.4));
#6143=CARTESIAN_POINT('Origin',(42.225,53.5,13.4));
#6144=CARTESIAN_POINT('',(0.1,109.12449979984,13.4));
#6145=CARTESIAN_POINT('',(1.37550020016017,110.4,13.4));
#6146=CARTESIAN_POINT('Origin',(2.,108.5,13.4));
#6147=CARTESIAN_POINT('',(0.1,110.4,13.4));
#6148=CARTESIAN_POINT('',(0.1,110.4,13.4));
#6149=CARTESIAN_POINT('',(84.35,110.4,13.4));
#6150=CARTESIAN_POINT('Origin',(42.225,53.5,13.4));
#6151=CARTESIAN_POINT('',(0.1,-2.12449979983984,13.4));
#6152=CARTESIAN_POINT('Origin',(2.,-1.5,13.4));
#6153=CARTESIAN_POINT('',(0.1,110.4,13.4));
#6154=CARTESIAN_POINT('Origin',(84.35,-3.4,13.4));
#6155=CARTESIAN_POINT('',(84.35,-2.12449979983983,14.2767060732158));
#6156=CARTESIAN_POINT('',(84.35,-2.12449979983983,-0.5));
#6157=CARTESIAN_POINT('',(84.35,109.12449979984,25.9694471002116));
#6158=CARTESIAN_POINT('',(84.35,-4.48860117559862,14.0282290060261));
#6159=CARTESIAN_POINT('',(84.35,109.12449979984,-0.5));
#6160=CARTESIAN_POINT('',(84.35,110.4,29.1035075733307));
#6161=CARTESIAN_POINT('',(84.35,110.4,13.4));
#6162=CARTESIAN_POINT('',(84.35,-4.64453494371194,17.0118397065764));
#6163=CARTESIAN_POINT('Origin',(0.,-5.5,16.9219267060388));
#6164=CARTESIAN_POINT('',(0.1,110.4,29.1035075733307));
#6165=CARTESIAN_POINT('',(42.175,110.4,29.1035075733307));
#6166=CARTESIAN_POINT('',(0.1,51.6337642971648,22.9269273103417));
#6167=CARTESIAN_POINT('',(2.5,-0.999999999999996,17.3948957647343));
#6168=CARTESIAN_POINT('',(81.95,-1.,17.3948957647343));
#6169=CARTESIAN_POINT('',(40.975,-1.,17.3948957647343));
#6170=CARTESIAN_POINT('',(2.5,108.,28.8512574086931));
#6171=CARTESIAN_POINT('',(2.5,-3.45764638327165,17.1365867210671));
#6172=CARTESIAN_POINT('',(81.95,108.,28.8512574086931));
#6173=CARTESIAN_POINT('',(1.25,108.,28.8512574086931));
#6174=CARTESIAN_POINT('',(81.95,50.4468757367246,22.802180295851));
#6175=CARTESIAN_POINT('Origin',(0.1,110.4,13.4));
#6176=CARTESIAN_POINT('',(0.100000000000001,-2.12449979983984,14.2767060732158));
#6177=CARTESIAN_POINT('',(0.1,-2.12449979983984,-0.5));
#6178=CARTESIAN_POINT('',(0.1,110.4,13.4));
#6179=CARTESIAN_POINT('',(0.1,109.12449979984,25.9694471002116));
#6180=CARTESIAN_POINT('',(0.1,109.12449979984,-0.5));
#6181=CARTESIAN_POINT('',(0.1,51.7896980652782,19.9433166097913));
#6182=CARTESIAN_POINT('Origin',(84.35,110.4,13.4));
#6183=CARTESIAN_POINT('',(1.37550020016017,110.4,26.1035075733307));
#6184=CARTESIAN_POINT('',(1.37550020016017,110.4,-0.5));
#6185=CARTESIAN_POINT('',(83.0744997998398,110.4,26.1035075733307));
#6186=CARTESIAN_POINT('',(83.0744997998398,110.4,-0.5));
#6187=CARTESIAN_POINT('',(42.175,110.4,26.1035075733307));
#6188=CARTESIAN_POINT('Origin',(2.5,-1.,3.));
#6189=CARTESIAN_POINT('',(58.638240625313,-1.,14.3948957647343));
#6190=CARTESIAN_POINT('',(58.638240625313,-1.,3.));
#6191=CARTESIAN_POINT('',(58.638240625313,-1.,0.));
#6192=CARTESIAN_POINT('',(44.861759374687,-1.,3.));
#6193=CARTESIAN_POINT('',(2.5,-1.,3.));
#6194=CARTESIAN_POINT('',(44.861759374687,-1.,14.3948957647343));
#6195=CARTESIAN_POINT('',(44.861759374687,-1.,0.));
#6196=CARTESIAN_POINT('',(39.588240625313,-1.,14.3948957647343));
#6197=CARTESIAN_POINT('',(40.975,-1.,14.3948957647343));
#6198=CARTESIAN_POINT('',(39.588240625313,-1.,3.));
#6199=CARTESIAN_POINT('',(39.588240625313,-1.,0.));
#6200=CARTESIAN_POINT('',(25.811759374687,-1.,3.));
#6201=CARTESIAN_POINT('',(2.5,-1.,3.));
#6202=CARTESIAN_POINT('',(25.811759374687,-1.,14.3948957647343));
#6203=CARTESIAN_POINT('',(25.811759374687,-1.,0.));
#6204=CARTESIAN_POINT('',(20.538240625313,-1.,14.3948957647343));
#6205=CARTESIAN_POINT('',(40.975,-1.,14.3948957647343));
#6206=CARTESIAN_POINT('',(20.538240625313,-1.,3.));
#6207=CARTESIAN_POINT('',(20.538240625313,-1.,0.));
#6208=CARTESIAN_POINT('',(2.5,-0.999999999999996,3.));
#6209=CARTESIAN_POINT('',(2.5,-1.,3.));
#6210=CARTESIAN_POINT('',(2.5,-0.999999999999996,3.));
#6211=CARTESIAN_POINT('',(81.95,-1.,3.));
#6212=CARTESIAN_POINT('',(81.95,-1.,13.4));
#6213=CARTESIAN_POINT('',(63.9117593746871,-1.,3.));
#6214=CARTESIAN_POINT('',(2.5,-1.,3.));
#6215=CARTESIAN_POINT('',(63.9117593746871,-1.,14.3948957647343));
#6216=CARTESIAN_POINT('',(63.9117593746871,-1.,0.));
#6217=CARTESIAN_POINT('',(40.975,-1.,14.3948957647343));
#6218=CARTESIAN_POINT('Origin',(81.95,-1.,3.));
#6219=CARTESIAN_POINT('',(81.95,86.127718676731,23.5523880066951));
#6220=CARTESIAN_POINT('',(81.95,86.127718676731,3.));
#6221=CARTESIAN_POINT('',(81.95,86.127718676731,0.));
#6222=CARTESIAN_POINT('',(81.95,-1.,3.));
#6223=CARTESIAN_POINT('',(81.95,108.,3.));
#6224=CARTESIAN_POINT('',(81.95,108.,13.4));
#6225=CARTESIAN_POINT('',(81.95,91.872281323269,3.));
#6226=CARTESIAN_POINT('',(81.95,-1.,3.));
#6227=CARTESIAN_POINT('',(81.95,91.872281323269,24.1561658705953));
#6228=CARTESIAN_POINT('',(81.95,91.872281323269,0.));
#6229=CARTESIAN_POINT('',(81.95,50.6028095048379,19.8185695953007));
#6230=CARTESIAN_POINT('Origin',(2.,108.5,-0.5));
#6231=CARTESIAN_POINT('',(2.,110.5,26.1140179968573));
#6232=CARTESIAN_POINT('Origin',(2.,108.5,25.9038095263259));
#6233=CARTESIAN_POINT('',(2.,110.5,0.));
#6234=CARTESIAN_POINT('',(2.,110.5,-0.5));
#6235=CARTESIAN_POINT('',(0.,108.5,0.));
#6236=CARTESIAN_POINT('Origin',(2.,108.5,0.));
#6237=CARTESIAN_POINT('',(0.,108.5,25.9038095263259));
#6238=CARTESIAN_POINT('',(0.,108.5,-0.5));
#6239=CARTESIAN_POINT('Origin',(2.,108.5,25.9038095263259));
#6240=CARTESIAN_POINT('Origin',(82.45,108.5,-0.5));
#6241=CARTESIAN_POINT('',(84.45,108.5,25.9038095263259));
#6242=CARTESIAN_POINT('Origin',(82.45,108.5,25.9038095263259));
#6243=CARTESIAN_POINT('',(84.45,108.5,0.));
#6244=CARTESIAN_POINT('',(84.45,108.5,-0.5));
#6245=CARTESIAN_POINT('',(82.45,110.5,0.));
#6246=CARTESIAN_POINT('Origin',(82.45,108.5,0.));
#6247=CARTESIAN_POINT('',(82.45,110.5,26.1140179968573));
#6248=CARTESIAN_POINT('',(82.45,110.5,-0.5));
#6249=CARTESIAN_POINT('Origin',(82.45,108.5,25.9038095263259));
#6250=CARTESIAN_POINT('Origin',(0.,-5.5,13.9219267060388));
#6251=CARTESIAN_POINT('Origin',(79.95,89.,23.8542769386452));
#6252=CARTESIAN_POINT('Origin',(0.,-5.5,13.9219267060388));
#6253=CARTESIAN_POINT('',(42.225,110.5,26.1140179968572));
#6254=CARTESIAN_POINT('Origin',(0.,-5.5,13.9219267060388));
#6255=CARTESIAN_POINT('',(84.45,-1.5,14.3423436471015));
#6256=CARTESIAN_POINT('Origin',(82.45,-1.5,14.3423436471015));
#6257=CARTESIAN_POINT('',(84.45,-5.23455902985646,13.9498256762139));
#6258=CARTESIAN_POINT('Origin',(0.,-5.5,13.9219267060388));
#6259=CARTESIAN_POINT('',(2.,-3.5,14.1321351765701));
#6260=CARTESIAN_POINT('Origin',(2.,-1.5,14.3423436471015));
#6261=CARTESIAN_POINT('',(82.45,-3.5,14.1321351765701));
#6262=CARTESIAN_POINT('',(0.,-3.5,14.1321351765701));
#6263=CARTESIAN_POINT('Origin',(82.45,-1.5,14.3423436471015));
#6264=CARTESIAN_POINT('Origin',(0.,-5.5,13.9219267060388));
#6265=CARTESIAN_POINT('',(0.,-1.5,14.3423436471015));
#6266=CARTESIAN_POINT('',(0.,51.142647591057,19.87530886452));
#6267=CARTESIAN_POINT('Origin',(2.,-1.5,14.3423436471015));
#6268=CARTESIAN_POINT('Origin',(0.,-5.5,13.9219267060388));
#6269=CARTESIAN_POINT('',(2.5,91.872281323269,24.1561658705953));
#6270=CARTESIAN_POINT('',(2.5,86.127718676731,23.5523880066951));
#6271=CARTESIAN_POINT('',(2.5,-3.30171261515833,14.1529760205167));
#6272=CARTESIAN_POINT('Origin',(4.5,89.,23.8542769386452));
#6273=CARTESIAN_POINT('Origin',(0.,-5.5,13.9219267060388));
#6274=CARTESIAN_POINT('Origin',(61.275,0.9,14.5945938117391));
#6275=CARTESIAN_POINT('Origin',(0.,-5.5,13.9219267060388));
#6276=CARTESIAN_POINT('Origin',(23.175,0.9,14.5945938117391));
#6277=CARTESIAN_POINT('Origin',(0.,-5.5,13.9219267060388));
#6278=CARTESIAN_POINT('Origin',(42.225,0.9,14.5945938117391));
#6279=CARTESIAN_POINT('Origin',(0.,-5.5,13.9219267060388));
#6280=CARTESIAN_POINT('',(16.5,102.4,25.2626736912053));
#6281=CARTESIAN_POINT('Origin',(20.,102.4,25.2626736912053));
#6282=CARTESIAN_POINT('Origin',(0.,-5.5,13.9219267060388));
#6283=CARTESIAN_POINT('',(60.5,102.4,25.2626736912053));
#6284=CARTESIAN_POINT('Origin',(64.,102.4,25.2626736912053));
#6285=CARTESIAN_POINT('Origin',(61.275,0.9,0.));
#6286=CARTESIAN_POINT('Origin',(61.275,0.9,3.));
#6287=CARTESIAN_POINT('Origin',(79.95,89.,0.));
#6288=CARTESIAN_POINT('Origin',(79.95,89.,3.));
#6289=CARTESIAN_POINT('Origin',(81.95,108.,3.));
#6290=CARTESIAN_POINT('',(39.,108.,4.5));
#6291=CARTESIAN_POINT('',(55.975,108.,4.5));
#6292=CARTESIAN_POINT('',(39.,108.,6.));
#6293=CARTESIAN_POINT('',(39.,108.,3.7));
#6294=CARTESIAN_POINT('',(39.8,108.,6.));
#6295=CARTESIAN_POINT('',(60.975,108.,6.));
#6296=CARTESIAN_POINT('',(39.8,108.,8.));
#6297=CARTESIAN_POINT('',(39.8,108.,3.75));
#6298=CARTESIAN_POINT('',(65.6,108.,8.));
#6299=CARTESIAN_POINT('',(67.325,108.,8.));
#6300=CARTESIAN_POINT('',(65.6,108.,3.));
#6301=CARTESIAN_POINT('',(65.6,108.,1.5));
#6302=CARTESIAN_POINT('',(81.95,108.,3.));
#6303=CARTESIAN_POINT('',(2.5,108.,3.));
#6304=CARTESIAN_POINT('',(2.5,108.,13.4));
#6305=CARTESIAN_POINT('',(19.,108.,3.));
#6306=CARTESIAN_POINT('',(81.95,108.,3.));
#6307=CARTESIAN_POINT('',(19.,108.,6.));
#6308=CARTESIAN_POINT('',(19.,108.,1.5));
#6309=CARTESIAN_POINT('',(21.,108.,6.));
#6310=CARTESIAN_POINT('',(50.975,108.,6.));
#6311=CARTESIAN_POINT('',(21.,108.,4.5));
#6312=CARTESIAN_POINT('',(21.,108.,3.7));
#6313=CARTESIAN_POINT('',(55.975,108.,4.5));
#6314=CARTESIAN_POINT('Origin',(82.45,-1.5,-0.5));
#6315=CARTESIAN_POINT('',(82.45,-3.49999999999999,0.));
#6316=CARTESIAN_POINT('',(82.45,-3.5,-0.5));
#6317=CARTESIAN_POINT('',(84.45,-1.5,0.));
#6318=CARTESIAN_POINT('Origin',(82.45,-1.5,0.));
#6319=CARTESIAN_POINT('',(84.45,-1.5,-0.5));
#6320=CARTESIAN_POINT('Origin',(0.,-3.5,0.));
#6321=CARTESIAN_POINT('',(2.,-3.5,0.));
#6322=CARTESIAN_POINT('',(2.,-3.5,-0.5));
#6323=CARTESIAN_POINT('',(0.,-3.5,0.));
#6324=CARTESIAN_POINT('Origin',(2.,-1.5,-0.5));
#6325=CARTESIAN_POINT('',(0.,-1.5,0.));
#6326=CARTESIAN_POINT('',(0.,-1.5,-0.5));
#6327=CARTESIAN_POINT('Origin',(2.,-1.5,0.));
#6328=CARTESIAN_POINT('Origin',(0.,110.5,0.));
#6329=CARTESIAN_POINT('',(0.,110.5,0.));
#6330=CARTESIAN_POINT('Origin',(39.3,107.9,4.45));
#6331=CARTESIAN_POINT('',(21.,107.9,6.));
#6332=CARTESIAN_POINT('',(29.65,107.9,6.));
#6333=CARTESIAN_POINT('',(39.3,107.9,4.45));
#6334=CARTESIAN_POINT('',(39.3,107.9,4.45));
#6335=CARTESIAN_POINT('',(39.3,107.9,6.));
#6336=CARTESIAN_POINT('',(39.3,107.9,4.45));
#6337=CARTESIAN_POINT('',(39.,107.9,6.));
#6338=CARTESIAN_POINT('',(39.65,107.9,6.));
#6339=CARTESIAN_POINT('',(39.,107.9,4.5));
#6340=CARTESIAN_POINT('',(39.,107.9,4.425));
#6341=CARTESIAN_POINT('',(21.,107.9,4.5));
#6342=CARTESIAN_POINT('',(29.65,107.9,4.5));
#6343=CARTESIAN_POINT('',(21.,107.9,4.425));
#6344=CARTESIAN_POINT('Origin',(39.3,67.6,4.45));
#6345=CARTESIAN_POINT('',(39.3,67.7,6.));
#6346=CARTESIAN_POINT('',(39.3,77.85,6.));
#6347=CARTESIAN_POINT('',(39.3,67.7,4.45));
#6348=CARTESIAN_POINT('',(39.3,67.6,4.45));
#6349=CARTESIAN_POINT('',(39.3,67.7,2.225));
#6350=CARTESIAN_POINT('Origin',(30.,87.75,4.45));
#6351=CARTESIAN_POINT('',(20.7,67.7,4.45));
#6352=CARTESIAN_POINT('',(20.7,107.9,4.45));
#6353=CARTESIAN_POINT('',(24.5,67.7,4.45));
#6354=CARTESIAN_POINT('Origin',(20.7,107.9,4.45));
#6355=CARTESIAN_POINT('',(20.7,98.9707143601036,6.));
#6356=CARTESIAN_POINT('',(20.7,98.9707143601036,0.));
#6357=CARTESIAN_POINT('',(20.7,67.7,6.));
#6358=CARTESIAN_POINT('',(20.7,98.,6.));
#6359=CARTESIAN_POINT('',(20.7,67.7,2.225));
#6360=CARTESIAN_POINT('Origin',(21.,67.7,4.4));
#6361=CARTESIAN_POINT('',(21.,77.9,4.5));
#6362=CARTESIAN_POINT('',(21.,67.7,6.));
#6363=CARTESIAN_POINT('Origin',(20.,88.1,4.5));
#6364=CARTESIAN_POINT('',(39.,98.3,4.5));
#6365=CARTESIAN_POINT('',(57.225,110.5,4.5));
#6366=CARTESIAN_POINT('Origin',(39.,108.5,4.4));
#6367=CARTESIAN_POINT('',(39.,108.5,6.));
#6368=CARTESIAN_POINT('Origin',(40.,88.1,6.));
#6369=CARTESIAN_POINT('',(39.8,67.7,6.));
#6370=CARTESIAN_POINT('',(39.,67.7,6.));
#6371=CARTESIAN_POINT('',(39.8,98.3,6.));
#6372=CARTESIAN_POINT('Origin',(19.,67.7,0.));
#6373=CARTESIAN_POINT('',(19.,67.7,6.));
#6374=CARTESIAN_POINT('',(19.,67.7,6.));
#6375=CARTESIAN_POINT('',(19.,67.7,0.));
#6376=CARTESIAN_POINT('',(19.,67.7,0.));
#6377=CARTESIAN_POINT('',(39.8,67.7,0.));
#6378=CARTESIAN_POINT('',(19.,67.7,0.));
#6379=CARTESIAN_POINT('',(39.8,67.7,0.));
#6380=CARTESIAN_POINT('Origin',(63.4,106.5,4.5));
#6381=CARTESIAN_POINT('',(63.4,105.848187929913,8.));
#6382=CARTESIAN_POINT('',(63.4,105.848187929913,4.5));
#6383=CARTESIAN_POINT('',(63.4,105.848187929913,0.));
#6384=CARTESIAN_POINT('',(63.4,106.5,8.));
#6385=CARTESIAN_POINT('',(63.4,108.5,8.));
#6386=CARTESIAN_POINT('',(63.4,106.5,4.5));
#6387=CARTESIAN_POINT('',(63.4,106.5,4.5));
#6388=CARTESIAN_POINT('',(63.4,97.225,4.5));
#6389=CARTESIAN_POINT('Origin',(63.4,106.5,4.5));
#6390=CARTESIAN_POINT('',(63.4,98.9518120700867,4.5));
#6391=CARTESIAN_POINT('',(63.4,98.9518120700867,8.));
#6392=CARTESIAN_POINT('',(63.4,98.9518120700867,0.));
#6393=CARTESIAN_POINT('',(63.4,67.4,4.5));
#6394=CARTESIAN_POINT('',(63.4,97.225,4.5));
#6395=CARTESIAN_POINT('',(63.4,67.4,8.));
#6396=CARTESIAN_POINT('',(63.4,67.4,4.5));
#6397=CARTESIAN_POINT('',(63.4,108.5,8.));
#6398=CARTESIAN_POINT('Origin',(52.7,87.95,8.));
#6399=CARTESIAN_POINT('',(65.6,105.512876483255,8.));
#6400=CARTESIAN_POINT('Origin',(64.,102.4,8.));
#6401=CARTESIAN_POINT('',(65.6,67.4,8.));
#6402=CARTESIAN_POINT('',(39.8,67.4,8.));
#6403=CARTESIAN_POINT('',(39.8,108.5,8.));
#6404=CARTESIAN_POINT('',(42.4,67.4,8.));
#6405=CARTESIAN_POINT('',(39.8,67.4,8.));
#6406=CARTESIAN_POINT('',(42.4,106.5,8.));
#6407=CARTESIAN_POINT('',(42.4,67.4,8.));
#6408=CARTESIAN_POINT('',(42.4,106.5,8.));
#6409=CARTESIAN_POINT('Origin',(42.4,106.5,4.5));
#6410=CARTESIAN_POINT('',(42.4,106.5,4.5));
#6411=CARTESIAN_POINT('',(47.55,106.5,4.5));
#6412=CARTESIAN_POINT('',(42.4,106.5,4.5));
#6413=CARTESIAN_POINT('Origin',(42.4,67.4,4.5));
#6414=CARTESIAN_POINT('',(42.4,67.4,4.5));
#6415=CARTESIAN_POINT('',(42.4,77.675,4.5));
#6416=CARTESIAN_POINT('',(42.4,67.4,4.5));
#6417=CARTESIAN_POINT('Origin',(52.7,87.95,8.));
#6418=CARTESIAN_POINT('',(65.6,99.2871235167453,8.));
#6419=CARTESIAN_POINT('Origin',(64.,102.4,8.));
#6420=CARTESIAN_POINT('',(65.6,67.4,8.));
#6421=CARTESIAN_POINT('',(63.4,67.4,8.));
#6422=CARTESIAN_POINT('',(65.6,67.4,8.));
#6423=CARTESIAN_POINT('Origin',(64.,102.4,0.));
#6424=CARTESIAN_POINT('',(60.5,102.4,4.5));
#6425=CARTESIAN_POINT('',(60.5,102.4,0.));
#6426=CARTESIAN_POINT('Origin',(64.,102.4,4.5));
#6427=CARTESIAN_POINT('',(65.6,99.2871235167453,3.));
#6428=CARTESIAN_POINT('',(65.6,99.2871235167453,0.));
#6429=CARTESIAN_POINT('',(65.6,105.512876483255,3.));
#6430=CARTESIAN_POINT('Origin',(64.,102.4,3.));
#6431=CARTESIAN_POINT('',(65.6,105.512876483255,0.));
#6432=CARTESIAN_POINT('Origin',(64.,102.4,4.5));
#6433=CARTESIAN_POINT('Origin',(65.6,67.4,0.));
#6434=CARTESIAN_POINT('',(65.6,67.4,0.));
#6435=CARTESIAN_POINT('',(65.6,67.4,0.));
#6436=CARTESIAN_POINT('',(65.6000000000001,86.5920528905522,0.));
#6437=CARTESIAN_POINT('',(65.6,67.4,0.));
#6438=CARTESIAN_POINT('',(65.6000000088486,86.8884791046484,3.));
#6439=CARTESIAN_POINT('Ctrl Pts',(65.5999999999999,86.8884791223494,3.00000000000011));
#6440=CARTESIAN_POINT('Ctrl Pts',(65.5999999999999,86.8390109662492,2.49982406949709));
#6441=CARTESIAN_POINT('Ctrl Pts',(65.6,86.7896167606772,2.0001682892447));
#6442=CARTESIAN_POINT('Ctrl Pts',(65.6,86.6907741593317,0.999831455746769));
#6443=CARTESIAN_POINT('Ctrl Pts',(65.6,86.6414260348015,0.500165193835351));
#6444=CARTESIAN_POINT('Ctrl Pts',(65.6,86.5920528905524,-1.81382686648135E-13));
#6445=CARTESIAN_POINT('',(65.6,60.45,3.));
#6446=CARTESIAN_POINT('Origin',(65.6,67.4,0.));
#6447=CARTESIAN_POINT('',(65.6,60.45,3.));
#6448=CARTESIAN_POINT('Origin',(39.8,108.5,0.));
#6449=CARTESIAN_POINT('',(39.8,67.4,0.));
#6450=CARTESIAN_POINT('',(39.8,108.5,0.));
#6451=CARTESIAN_POINT('',(39.8,67.4,0.));
#6452=CARTESIAN_POINT('Origin',(39.8,67.4,0.));
#6453=CARTESIAN_POINT('',(39.8,67.4,0.));
#6454=CARTESIAN_POINT('',(39.8,67.4,4.5));
#6455=CARTESIAN_POINT('Origin',(52.7,87.95,4.5));
#6456=CARTESIAN_POINT('Origin',(42.225,53.5,0.));
#6457=CARTESIAN_POINT('',(84.45,-3.5,0.));
#6458=CARTESIAN_POINT('',(84.45,110.5,0.));
#6459=CARTESIAN_POINT('',(19.,89.789322842909,0.));
#6460=CARTESIAN_POINT('',(19.,108.5,0.));
#6461=CARTESIAN_POINT('Ctrl Pts',(18.9998187063009,89.7893836007889,1.24900090270338E-15));
#6462=CARTESIAN_POINT('Ctrl Pts',(18.6859005898341,89.4306072626431,1.24900090270347E-15));
#6463=CARTESIAN_POINT('Ctrl Pts',(18.3425370226923,89.0946005490527,1.10986801034806E-15));
#6464=CARTESIAN_POINT('Ctrl Pts',(18.0014418315717,88.7568091405912,1.11022302462504E-15));
#6465=CARTESIAN_POINT('Ctrl Pts',(17.6005830206134,88.3598329712614,1.11064024129843E-15));
#6466=CARTESIAN_POINT('Ctrl Pts',(17.2028571110231,87.9603919226741,1.10980201079089E-15));
#6467=CARTESIAN_POINT('Ctrl Pts',(16.8033223753558,87.5631693116353,1.11022302462551E-15));
#6468=CARTESIAN_POINT('Ctrl Pts',(16.4037876396885,87.1659467005965,1.1106440384601E-15));
#6469=CARTESIAN_POINT('Ctrl Pts',(16.002444077944,86.7709425271063,1.24900090270335E-15));
#6470=CARTESIAN_POINT('Ctrl Pts',(15.6032159674085,86.372828948471,1.24900090270338E-15));
#6471=CARTESIAN_POINT('Ctrl Pts',(15.203987856873,85.9747153698356,1.24900090270334E-15));
#6472=CARTESIAN_POINT('Ctrl Pts',(14.8068751975463,85.5734923860552,1.10979420527256E-15));
#6473=CARTESIAN_POINT('Ctrl Pts',(14.4087732337233,85.1749839336715,1.11022302462552E-15));
#6474=CARTESIAN_POINT('Ctrl Pts',(14.0106712699002,84.7764754812877,1.11065184397853E-15));
#6475=CARTESIAN_POINT('Ctrl Pts',(13.6115800015808,84.3806815603007,1.24900090270336E-15));
#6476=CARTESIAN_POINT('Ctrl Pts',(13.1776707195095,84.024950742737,1.24900090270339E-15));
#6477=CARTESIAN_POINT('Ctrl Pts',(12.7437614374381,83.6692199251733,1.24900090270336E-15));
#6478=CARTESIAN_POINT('Ctrl Pts',(12.2750341416147,83.3535522110331,1.2490009027037E-15));
#6479=CARTESIAN_POINT('Ctrl Pts',(11.7763653474289,83.0715056736871,1.24900090270371E-15));
#6480=CARTESIAN_POINT('Ctrl Pts',(11.2776965532431,82.7894591363411,1.24900090270365E-15));
#6481=CARTESIAN_POINT('Ctrl Pts',(10.7490862606947,82.5410337757895,1.10978193879809E-15));
#6482=CARTESIAN_POINT('Ctrl Pts',(10.2565605093935,82.2428519434448,1.11022302462526E-15));
#6483=CARTESIAN_POINT('Ctrl Pts',(10.0102976337429,82.0937610272725,1.11044356753886E-15));
#6484=CARTESIAN_POINT('Ctrl Pts',(9.77305589340404,81.9322309931519,1.38800038017871E-15));
#6485=CARTESIAN_POINT('Ctrl Pts',(9.54793602376548,81.7565569121968,1.38777878078175E-15));
#6486=CARTESIAN_POINT('Ctrl Pts',(9.32281615412692,81.5808828312417,1.3875571813848E-15));
#6487=CARTESIAN_POINT('Ctrl Pts',(9.10981815518865,81.391064703452,1.38800144683278E-15));
#6488=CARTESIAN_POINT('Ctrl Pts',(8.90297255167398,81.1968407797957,1.3877787807817E-15));
#6489=CARTESIAN_POINT('Ctrl Pts',(8.48928134464467,80.8083929324828,1.38733344867957E-15));
#6490=CARTESIAN_POINT('Ctrl Pts',(8.10019971930976,80.4023219017029,1.24900090270358E-15));
#6491=CARTESIAN_POINT('Ctrl Pts',(7.70061410912614,80.00531943098,1.24900090270358E-15));
#6492=CARTESIAN_POINT('Ctrl Pts',(7.30102849894253,79.6083169602572,1.24900090270359E-15));
#6493=CARTESIAN_POINT('Ctrl Pts',(6.8909389039102,79.2203830495914,1.24900090270353E-15));
#6494=CARTESIAN_POINT('Ctrl Pts',(6.52115029951845,78.7831048399117,1.24900090270353E-15));
#6495=CARTESIAN_POINT('Ctrl Pts',(6.15136169512669,78.3458266302319,1.24900090270355E-15));
#6496=CARTESIAN_POINT('Ctrl Pts',(5.8218740813755,77.8592041215381,1.24900090270365E-15));
#6497=CARTESIAN_POINT('Ctrl Pts',(5.60893995346491,77.3004146827442,1.24900090270362E-15));
#6498=CARTESIAN_POINT('Ctrl Pts',(5.39600582555432,76.7416252439503,1.24900090270365E-15));
#6499=CARTESIAN_POINT('Ctrl Pts',(5.29962518348432,76.1106688750562,1.24900090270355E-15));
#6500=CARTESIAN_POINT('Ctrl Pts',(5.25431387660932,75.4569958821463,1.24900090270355E-15));
#6501=CARTESIAN_POINT('Ctrl Pts',(5.20900256973432,74.8033228892364,1.24900090270359E-15));
#6502=CARTESIAN_POINT('Ctrl Pts',(5.2147605980543,74.1269332723106,1.24900090270366E-15));
#6503=CARTESIAN_POINT('Ctrl Pts',(5.21489421096426,73.4559233662932,1.24900090270369E-15));
#6504=CARTESIAN_POINT('Ctrl Pts',(5.21502782387422,72.7849134602758,1.24900090270368E-15));
#6505=CARTESIAN_POINT('Ctrl Pts',(5.20953702137417,72.1192832651668,1.24900090270365E-15));
#6506=CARTESIAN_POINT('Ctrl Pts',(5.20678476198977,71.4513356764157,1.24900090270365E-15));
#6507=CARTESIAN_POINT('Ctrl Pts',(5.20128024322099,70.1154404989135,1.2490009027036E-15));
#6508=CARTESIAN_POINT('Ctrl Pts',(5.20672989691487,68.7702757468432,1.24900090270355E-15));
#6509=CARTESIAN_POINT('Ctrl Pts',(5.20868802060969,67.4280370508863,1.2490009027036E-15));
#6510=CARTESIAN_POINT('Ctrl Pts',(5.21129885220278,65.6383854562772,1.24900090270367E-15));
#6511=CARTESIAN_POINT('Ctrl Pts',(5.20770251935308,63.8539357392033,1.24900090270383E-15));
#6512=CARTESIAN_POINT('Ctrl Pts',(5.20744449373028,62.0668674416293,1.24900090270381E-15));
#6513=CARTESIAN_POINT('Ctrl Pts',(5.20731548091888,61.1733332928423,1.24900090270381E-15));
#6514=CARTESIAN_POINT('Ctrl Pts',(5.2080210449142,60.2791444989303,1.24900090270379E-15));
#6515=CARTESIAN_POINT('Ctrl Pts',(5.207940739902,59.3852763348534,1.24900090270381E-15));
#6516=CARTESIAN_POINT('Ctrl Pts',(5.20786043488981,58.4914081707766,1.24900090270381E-15));
#6517=CARTESIAN_POINT('Ctrl Pts',(5.2069942608701,57.5978606365348,1.10954180882943E-15));
#6518=CARTESIAN_POINT('Ctrl Pts',(5.2075366362944,56.7042058591621,1.11022302462574E-15));
#6519=CARTESIAN_POINT('Ctrl Pts',(5.20780782400655,56.2573784704757,1.1105636325239E-15));
#6520=CARTESIAN_POINT('Ctrl Pts',(5.2084311490797,55.8105242710065,1.10987989022353E-15));
#6521=CARTESIAN_POINT('Ctrl Pts',(5.20882261537123,55.363742840569,1.11022302462569E-15));
#6522=CARTESIAN_POINT('Ctrl Pts',(5.20921408166275,54.9169614101315,1.11056615902785E-15));
#6523=CARTESIAN_POINT('Ctrl Pts',(5.20937368917265,54.4702527487257,1.10987732595814E-15));
#6524=CARTESIAN_POINT('Ctrl Pts',(5.20878507216091,54.0233487610047,1.11022302462574E-15));
#6525=CARTESIAN_POINT('Ctrl Pts',(5.20760783813744,53.1295407855627,1.11091442196098E-15));
#6526=CARTESIAN_POINT('Ctrl Pts',(5.20343770602741,52.2349515048603,1.24900090270389E-15));
#6527=CARTESIAN_POINT('Ctrl Pts',(5.20534839165277,51.341425488606,1.24900090270384E-15));
#6528=CARTESIAN_POINT('Ctrl Pts',(5.20725907727814,50.4478994723518,1.24900090270379E-15));
#6529=CARTESIAN_POINT('Ctrl Pts',(5.21525058063889,49.5554367205456,1.24900090270365E-15));
#6530=CARTESIAN_POINT('Ctrl Pts',(5.21376956602827,48.6618395107098,1.24900090270379E-15));
#6531=CARTESIAN_POINT('Ctrl Pts',(5.21302905872296,48.215040905792,1.24900090270383E-15));
#6532=CARTESIAN_POINT('Ctrl Pts',(5.20992042192481,47.7679586863667,1.249000902704E-15));
#6533=CARTESIAN_POINT('Ctrl Pts',(5.20687565118576,47.3208087839853,1.24900090270395E-15));
#6534=CARTESIAN_POINT('Ctrl Pts',(5.20535326581624,47.0972338327946,1.24900090270391E-15));
#6535=CARTESIAN_POINT('Ctrl Pts',(5.20384684696149,46.8736419608649,1.24900090270386E-15));
#6536=CARTESIAN_POINT('Ctrl Pts',(5.20383331110763,46.6506737853699,1.24900090270383E-15));
#6537=CARTESIAN_POINT('Ctrl Pts',(5.20381977525377,46.4277056098748,1.24900090270384E-15));
#6538=CARTESIAN_POINT('Ctrl Pts',(5.2052991224008,46.2053611308145,1.24900090270389E-15));
#6539=CARTESIAN_POINT('Ctrl Pts',(5.21006743952706,45.9836087767066,1.24900090270395E-15));
#6540=CARTESIAN_POINT('Ctrl Pts',(5.22914070803211,45.0965993602751,1.24900090270398E-15));
#6541=CARTESIAN_POINT('Ctrl Pts',(5.30083749620491,44.2190639430825,1.10948766411977E-15));
#6542=CARTESIAN_POINT('Ctrl Pts',(5.54234784458115,43.4436552371406,1.11022302462559E-15));
#6543=CARTESIAN_POINT('Ctrl Pts',(5.66310301876927,43.0559508841697,1.1105907048785E-15));
#6544=CARTESIAN_POINT('Ctrl Pts',(5.82631158300825,42.6937782090114,1.24900090270384E-15));
#6545=CARTESIAN_POINT('Ctrl Pts',(6.02933990080855,42.3654817715004,1.24900090270384E-15));
#6546=CARTESIAN_POINT('Ctrl Pts',(6.23236821860885,42.0371853339894,1.24900090270386E-15));
#6547=CARTESIAN_POINT('Ctrl Pts',(6.47521628997049,41.7427651341256,1.24900090270376E-15));
#6548=CARTESIAN_POINT('Ctrl Pts',(6.7330449494516,41.4647105894205,1.24900090270372E-15));
#6549=CARTESIAN_POINT('Ctrl Pts',(6.9908736089327,41.1866560447154,1.24900090270368E-15));
#6550=CARTESIAN_POINT('Ctrl Pts',(7.26368285653328,40.9249671551689,1.10984636297389E-15));
#6551=CARTESIAN_POINT('Ctrl Pts',(7.53199419720959,40.6607398477018,1.11022302462555E-15));
#6552=CARTESIAN_POINT('Ctrl Pts',(7.8003055378859,40.3965125402346,1.11059968627716E-15));
#6553=CARTESIAN_POINT('Ctrl Pts',(8.06411897163793,40.1297468148467,1.24900090270363E-15));
#6554=CARTESIAN_POINT('Ctrl Pts',(8.33087626001263,39.8647898139722,1.24900090270364E-15));
#6555=CARTESIAN_POINT('Ctrl Pts',(8.59763354838735,39.5998328130976,1.24900090270359E-15));
#6556=CARTESIAN_POINT('Ctrl Pts',(8.86733469138472,39.3366845367364,1.24900090270356E-15));
#6557=CARTESIAN_POINT('Ctrl Pts',(9.15238732171106,39.0877706044152,1.24900090270358E-15));
#6558=CARTESIAN_POINT('Ctrl Pts',(9.43743995203739,38.838856672094,1.24900090270364E-15));
#6559=CARTESIAN_POINT('Ctrl Pts',(9.7378440696927,38.6041770838128,1.24900090270374E-15));
#6560=CARTESIAN_POINT('Ctrl Pts',(10.0561134379957,38.3912254323396,1.24900090270374E-15));
#6561=CARTESIAN_POINT('Ctrl Pts',(10.6926521746019,37.9653221293931,1.24900090270366E-15));
#6562=CARTESIAN_POINT('Ctrl Pts',(11.400651913799,37.6263305736783,1.38856407498103E-15));
#6563=CARTESIAN_POINT('Ctrl Pts',(12.0623731135374,37.250761500216,1.38777878078155E-15));
#6564=CARTESIAN_POINT('Ctrl Pts',(12.227803413472,37.1568692318504,1.38758245723165E-15));
#6565=CARTESIAN_POINT('Ctrl Pts',(12.3903413046905,37.0606908686256,1.2490009027035E-15));
#6566=CARTESIAN_POINT('Ctrl Pts',(12.5475113146799,36.9583306726798,1.24900090270355E-15));
#6567=CARTESIAN_POINT('Ctrl Pts',(13.0190213446482,36.6512500848425,1.24900090270367E-15));
#6568=CARTESIAN_POINT('Ctrl Pts',(13.4422204435555,36.2885330025164,1.1096238829933E-15));
#6569=CARTESIAN_POINT('Ctrl Pts',(13.8430834565658,35.8931397688987,1.11022302462529E-15));
#6570=CARTESIAN_POINT('Ctrl Pts',(14.1103254652394,35.6295442798202,1.11062245237991E-15));
#6571=CARTESIAN_POINT('Ctrl Pts',(14.3676403246254,35.3514260568344,1.38818168745031E-15));
#6572=CARTESIAN_POINT('Ctrl Pts',(14.6347446261766,35.082525451881,1.38777878078154E-15));
#6573=CARTESIAN_POINT('Ctrl Pts',(14.9018489277277,34.8136248469276,1.38737587411277E-15));
#6574=CARTESIAN_POINT('Ctrl Pts',(15.178742671444,34.5539418600067,1.24900090270347E-15));
#6575=CARTESIAN_POINT('Ctrl Pts',(15.4767734729309,34.3187413956624,1.24900090270338E-15));
#6576=CARTESIAN_POINT('Ctrl Pts',(15.7748042744177,34.0835409313182,1.24900090270337E-15));
#6577=CARTESIAN_POINT('Ctrl Pts',(16.0939721336751,33.8728229895507,1.24900090270322E-15));
#6578=CARTESIAN_POINT('Ctrl Pts',(16.4262797612166,33.6798852292167,1.24900090270324E-15));
#6579=CARTESIAN_POINT('Ctrl Pts',(16.758587388758,33.4869474688826,1.24900090270321E-15));
#6580=CARTESIAN_POINT('Ctrl Pts',(17.1040347845835,33.3117898899821,1.24900090270341E-15));
#6581=CARTESIAN_POINT('Ctrl Pts',(17.442290911959,33.1295682301006,1.24900090270343E-15));
#6582=CARTESIAN_POINT('Ctrl Pts',(17.7805470393344,32.9473465702191,1.24900090270343E-15));
#6583=CARTESIAN_POINT('Ctrl Pts',(18.1116118982598,32.7580608293566,1.38819623099066E-15));
#6584=CARTESIAN_POINT('Ctrl Pts',(18.4267281247131,32.5503127159496,1.38777878078139E-15));
#6585=CARTESIAN_POINT('Ctrl Pts',(18.7418443511665,32.3425646025427,1.38736133057212E-15));
#6586=CARTESIAN_POINT('Ctrl Pts',(19.0410119451478,32.1163541165911,1.10980177298325E-15));
#6587=CARTESIAN_POINT('Ctrl Pts',(19.3270325536596,31.8751176077316,1.11022302462518E-15));
#6588=CARTESIAN_POINT('Ctrl Pts',(19.8990737706833,31.3926445900126,1.1110655279091E-15));
#6589=CARTESIAN_POINT('Ctrl Pts',(20.418527045829,30.8500674806618,1.38863691290633E-15));
#6590=CARTESIAN_POINT('Ctrl Pts',(20.9466257257714,30.3151800330809,1.38777878078145E-15));
#6591=CARTESIAN_POINT('Ctrl Pts',(21.4747244057138,29.7802925855,1.38692064865654E-15));
#6592=CARTESIAN_POINT('Ctrl Pts',(22.0114684904529,29.253094799689,1.38865313255216E-15));
#6593=CARTESIAN_POINT('Ctrl Pts',(22.5453929260786,28.7243063610756,1.38777878078155E-15));
#6594=CARTESIAN_POINT('Ctrl Pts',(23.0793173617043,28.1955179224622,1.3869044290109E-15));
#6595=CARTESIAN_POINT('Ctrl Pts',(23.6104221482166,27.6651388310466,1.24900090270343E-15));
#6596=CARTESIAN_POINT('Ctrl Pts',(24.14441013853,27.1358232428626,1.24900090270343E-15));
#6597=CARTESIAN_POINT('Ctrl Pts',(24.4114041336868,26.8711654487706,1.24900090270341E-15));
#6598=CARTESIAN_POINT('Ctrl Pts',(24.6791189297938,26.6067735304866,1.24900090270341E-15));
#6599=CARTESIAN_POINT('Ctrl Pts',(24.9455000062264,26.3419225231133,1.24900090270341E-15));
#6600=CARTESIAN_POINT('Ctrl Pts',(25.2118810826591,26.07707151574,1.24900090270336E-15));
#6601=CARTESIAN_POINT('Ctrl Pts',(25.4769284394174,25.8117614192774,1.24900090270336E-15));
#6602=CARTESIAN_POINT('Ctrl Pts',(25.7413291958661,25.5455724111541,1.24900090270336E-15));
#6603=CARTESIAN_POINT('Ctrl Pts',(26.0057299523148,25.2793834030308,1.24900090270336E-15));
#6604=CARTESIAN_POINT('Ctrl Pts',(26.269484108454,25.0123154832467,1.10976416642165E-15));
#6605=CARTESIAN_POINT('Ctrl Pts',(26.5370575349877,24.7477313189904,1.11022302462528E-15));
#6606=CARTESIAN_POINT('Ctrl Pts',(26.8046309615214,24.483147154734,1.11068188282891E-15));
#6607=CARTESIAN_POINT('Ctrl Pts',(27.0760236584497,24.2210467460055,1.38824223612178E-15));
#6608=CARTESIAN_POINT('Ctrl Pts',(27.3437632295038,23.9566332091662,1.38777878078164E-15));
#6609=CARTESIAN_POINT('Ctrl Pts',(27.6115028005579,23.692219672327,1.38731532544147E-15));
#6610=CARTESIAN_POINT('Ctrl Pts',(27.8755892457378,23.4254930073771,1.10975487910222E-15));
#6611=CARTESIAN_POINT('Ctrl Pts',(28.1162422528726,23.1410200995889,1.11022302462524E-15));
#6612=CARTESIAN_POINT('Ctrl Pts',(28.3568952600073,22.8565471918006,1.11069117014822E-15));
#6613=CARTESIAN_POINT('Ctrl Pts',(28.5741148290968,22.554328041174,1.1097500930192E-15));
#6614=CARTESIAN_POINT('Ctrl Pts',(28.7724417427255,22.2335477118243,1.11022302462527E-15));
#6615=CARTESIAN_POINT('Ctrl Pts',(29.1690955699831,21.5919870531248,1.11116888783733E-15));
#6616=CARTESIAN_POINT('Ctrl Pts',(29.4901787753979,20.8761816795326,1.2490009027034E-15));
#6617=CARTESIAN_POINT('Ctrl Pts',(29.900410215801,20.2276858653179,1.2490009027034E-15));
#6618=CARTESIAN_POINT('Ctrl Pts',(30.1055259360025,19.9034379582105,1.2490009027034E-15));
#6619=CARTESIAN_POINT('Ctrl Pts',(30.3329287149511,19.5960174409475,1.24900090270338E-15));
#6620=CARTESIAN_POINT('Ctrl Pts',(30.5768977583712,19.3053102914216,1.2490009027034E-15));
#6621=CARTESIAN_POINT('Ctrl Pts',(30.8208668017913,19.0146031418957,1.24900090270342E-15));
#6622=CARTESIAN_POINT('Ctrl Pts',(31.0814021096828,18.7406093601069,1.24900090270348E-15));
#6623=CARTESIAN_POINT('Ctrl Pts',(31.346738800619,18.4732142556167,1.24900090270345E-15));
#6624=CARTESIAN_POINT('Ctrl Pts',(31.6120754915552,18.2058191511266,1.24900090270346E-15));
#6625=CARTESIAN_POINT('Ctrl Pts',(31.8822135655362,17.945022723935,1.24900090270341E-15));
#6626=CARTESIAN_POINT('Ctrl Pts',(32.1410178566673,17.6750269125042,1.24900090270341E-15));
#6627=CARTESIAN_POINT('Ctrl Pts',(32.3998221477984,17.4050311010733,1.24900090270337E-15));
#6628=CARTESIAN_POINT('Ctrl Pts',(32.6472926560798,17.1258359054033,1.24900090270343E-15));
#6629=CARTESIAN_POINT('Ctrl Pts',(32.8753774514127,16.8291582565346,1.24900090270345E-15));
#6630=CARTESIAN_POINT('Ctrl Pts',(33.1034622467457,16.5324806076658,1.24900090270348E-15));
#6631=CARTESIAN_POINT('Ctrl Pts',(33.3121613291303,16.2183205055983,1.24900090270345E-15));
#6632=CARTESIAN_POINT('Ctrl Pts',(33.5056297193176,15.8902201529604,1.24900090270348E-15));
#6633=CARTESIAN_POINT('Ctrl Pts',(33.6990981095049,15.5621198003225,1.24900090270343E-15));
#6634=CARTESIAN_POINT('Ctrl Pts',(33.8773358074948,15.2200791971143,1.10970796755599E-15));
#6635=CARTESIAN_POINT('Ctrl Pts',(34.0603579429666,14.8809638013099,1.11022302462523E-15));
#6636=CARTESIAN_POINT('Ctrl Pts',(34.2433800784383,14.5418484055054,1.11073808169456E-15));
#6637=CARTESIAN_POINT('Ctrl Pts',(34.4311866513918,14.2056582171047,1.24900090270332E-15));
#6638=CARTESIAN_POINT('Ctrl Pts',(34.6432010766958,13.8897198492437,1.24900090270329E-15));
#6639=CARTESIAN_POINT('Ctrl Pts',(34.8552155019998,13.5737814813827,1.2490009027033E-15));
#6640=CARTESIAN_POINT('Ctrl Pts',(35.0914377796543,13.2780949340614,1.24900090270338E-15));
#6641=CARTESIAN_POINT('Ctrl Pts',(35.3472350769254,12.9985465709736,1.24900090270338E-15));
#6642=CARTESIAN_POINT('Ctrl Pts',(35.6030323741965,12.7189982078858,1.2490009027034E-15));
#6643=CARTESIAN_POINT('Ctrl Pts',(35.8784046910841,12.4555880290315,1.38831163650874E-15));
#6644=CARTESIAN_POINT('Ctrl Pts',(36.1666906568918,12.2032243943847,1.38777878078149E-15));
#6645=CARTESIAN_POINT('Ctrl Pts',(36.4549766226995,11.950860759738,1.38724592505423E-15));
#6646=CARTESIAN_POINT('Ctrl Pts',(36.7561762374273,11.7095436692988,1.24900090270336E-15));
#6647=CARTESIAN_POINT('Ctrl Pts',(37.0824348935666,11.5021385033437,1.24900090270338E-15));
#6648=CARTESIAN_POINT('Ctrl Pts',(37.408693549706,11.2947333373885,1.2490009027034E-15));
#6649=CARTESIAN_POINT('Ctrl Pts',(37.7600112472569,11.1212400959173,1.24900090270334E-15));
#6650=CARTESIAN_POINT('Ctrl Pts',(38.1419414529736,10.9982429059721,1.24900090270334E-15));
#6651=CARTESIAN_POINT('Ctrl Pts',(38.5238716586903,10.8752457160269,1.24900090270336E-15));
#6652=CARTESIAN_POINT('Ctrl Pts',(38.9364143725726,10.8027445776077,1.10967109608483E-15));
#6653=CARTESIAN_POINT('Ctrl Pts',(39.3667482278604,10.7596741126399,1.11022302462533E-15));
#6654=CARTESIAN_POINT('Ctrl Pts',(39.7970820831483,10.7166036476721,1.11077495316584E-15));
#6655=CARTESIAN_POINT('Ctrl Pts',(40.2452070798415,10.7029638561556,1.1107686872262E-15));
#6656=CARTESIAN_POINT('Ctrl Pts',(40.6943670026623,10.6934537628939,1.11022302462514E-15));
#6657=CARTESIAN_POINT('Ctrl Pts',(41.143526925483,10.6839436696322,1.10967736202406E-15));
#6658=CARTESIAN_POINT('Ctrl Pts',(41.5937217744312,10.6785632746252,1.24900090270346E-15));
#6659=CARTESIAN_POINT('Ctrl Pts',(42.0394378796856,10.6832622045249,1.24900090270351E-15));
#6660=CARTESIAN_POINT('Ctrl Pts',(42.9308700901943,10.6926600643241,1.24900090270362E-15));
#6661=CARTESIAN_POINT('Ctrl Pts',(43.804387325928,10.7423752237496,1.24900090270331E-15));
#6662=CARTESIAN_POINT('Ctrl Pts',(44.5958737009779,10.9578007588438,1.24900090270342E-15));
#6663=CARTESIAN_POINT('Ctrl Pts',(44.9916168885028,11.0655135263908,1.24900090270348E-15));
#6664=CARTESIAN_POINT('Ctrl Pts',(45.3668523608568,11.2146538878551,1.24900090270364E-15));
#6665=CARTESIAN_POINT('Ctrl Pts',(45.7099737683855,11.4019685472528,1.24900090270367E-15));
#6666=CARTESIAN_POINT('Ctrl Pts',(46.0530951759141,11.5892832066505,1.24900090270368E-15));
#6667=CARTESIAN_POINT('Ctrl Pts',(46.3641025186174,11.8147721639816,1.24900090270353E-15));
#6668=CARTESIAN_POINT('Ctrl Pts',(46.6518034766248,12.0639096508892,1.2490009027035E-15));
#6669=CARTESIAN_POINT('Ctrl Pts',(46.9395044346322,12.3130471377967,1.24900090270346E-15));
#6670=CARTESIAN_POINT('Ctrl Pts',(47.2038990079437,12.5858331542807,1.24900090270357E-15));
#6671=CARTESIAN_POINT('Ctrl Pts',(47.4572030187785,12.868228589891,1.24900090270357E-15));
#6672=CARTESIAN_POINT('Ctrl Pts',(47.7105070296134,13.1506240255014,1.24900090270359E-15));
#6673=CARTESIAN_POINT('Ctrl Pts',(47.9527204779715,13.4426288802381,1.11072706825245E-15));
#6674=CARTESIAN_POINT('Ctrl Pts',(48.1787019117935,13.748870415411,1.11022302462534E-15));
#6675=CARTESIAN_POINT('Ctrl Pts',(48.4046833456156,14.055111950584,1.10971898099826E-15));
#6676=CARTESIAN_POINT('Ctrl Pts',(48.6144327649016,14.3755901661931,1.24900090270374E-15));
#6677=CARTESIAN_POINT('Ctrl Pts',(48.8057278736208,14.7095288378975,1.24900090270369E-15));
#6678=CARTESIAN_POINT('Ctrl Pts',(48.99702298234,15.0434675096019,1.24900090270357E-15));
#6679=CARTESIAN_POINT('Ctrl Pts',(49.1698637804924,15.3908666374017,1.38728548706167E-15));
#6680=CARTESIAN_POINT('Ctrl Pts',(49.3526942133989,15.7266278344328,1.38777878078146E-15));
#6681=CARTESIAN_POINT('Ctrl Pts',(49.5355246463054,16.0623890314638,1.3882720745013E-15));
#6682=CARTESIAN_POINT('Ctrl Pts',(49.728344713966,16.3865122977261,1.38729069187982E-15));
#6683=CARTESIAN_POINT('Ctrl Pts',(49.9482832914574,16.689177803063,1.38777878078172E-15));
#6684=CARTESIAN_POINT('Ctrl Pts',(50.1682218689488,16.9918433083999,1.38826686968361E-15));
#6685=CARTESIAN_POINT('Ctrl Pts',(50.415278956271,17.2730510528114,1.11070601739606E-15));
#6686=CARTESIAN_POINT('Ctrl Pts',(50.6607440891571,17.5596117925055,1.11022302462502E-15));
#6687=CARTESIAN_POINT('Ctrl Pts',(50.8448429388217,17.7745323472761,1.10986078004678E-15));
#6688=CARTESIAN_POINT('Ctrl Pts',(51.028046314116,17.9924639618932,1.24900090270349E-15));
#6689=CARTESIAN_POINT('Ctrl Pts',(51.1974646975182,18.2222832154507,1.24900090270349E-15));
#6690=CARTESIAN_POINT('Ctrl Pts',(51.3668830809204,18.4521024690082,1.24900090270345E-15));
#6691=CARTESIAN_POINT('Ctrl Pts',(51.5225164724304,18.6938093615061,1.38742212200859E-15));
#6692=CARTESIAN_POINT('Ctrl Pts',(51.666869030992,18.9436066182525,1.38777878078132E-15));
#6693=CARTESIAN_POINT('Ctrl Pts',(51.8112215895535,19.1934038749989,1.38813543955402E-15));
#6694=CARTESIAN_POINT('Ctrl Pts',(51.9442933151665,19.4512914959937,1.24900090270333E-15));
#6695=CARTESIAN_POINT('Ctrl Pts',(52.0784640580377,19.7070791231861,1.2490009027034E-15));
#6696=CARTESIAN_POINT('Ctrl Pts',(52.2126348009089,19.9628667503785,1.24900090270347E-15));
#6697=CARTESIAN_POINT('Ctrl Pts',(52.3479045610383,20.2165543837686,1.24900090270339E-15));
#6698=CARTESIAN_POINT('Ctrl Pts',(52.4935325869986,20.4611625350509,1.24900090270331E-15));
#6699=CARTESIAN_POINT('Ctrl Pts',(52.6391606129589,20.7057706863333,1.24900090270329E-15));
#6700=CARTESIAN_POINT('Ctrl Pts',(52.7951469047502,20.9412993555079,1.11057162038629E-15));
#6701=CARTESIAN_POINT('Ctrl Pts',(52.962026048856,21.1677611082793,1.11022302462504E-15));
#6702=CARTESIAN_POINT('Ctrl Pts',(53.1289051929619,21.3942228610507,1.10987442886382E-15));
#6703=CARTESIAN_POINT('Ctrl Pts',(53.3066771893823,21.6116176974188,1.11056901312383E-15));
#6704=CARTESIAN_POINT('Ctrl Pts',(53.4922684609107,21.8221037637954,1.11022302462525E-15));
#6705=CARTESIAN_POINT('Ctrl Pts',(53.8634510039675,22.2430758965485,1.10953104762807E-15));
#6706=CARTESIAN_POINT('Ctrl Pts',(54.2659106474559,22.6364129493355,1.24900090270338E-15));
#6707=CARTESIAN_POINT('Ctrl Pts',(54.6671037141082,23.0317305151412,1.2490009027033E-15));
#6708=CARTESIAN_POINT('Ctrl Pts',(55.4694898474127,23.8223656467527,1.24900090270319E-15));
#6709=CARTESIAN_POINT('Ctrl Pts',(56.2668096733726,24.6209228304389,1.38645426569635E-15));
#6710=CARTESIAN_POINT('Ctrl Pts',(57.0655431674155,25.4164026815099,1.3877787807813E-15));
#6711=CARTESIAN_POINT('Ctrl Pts',(57.464909914437,25.8141426070454,1.38844103832385E-15));
#6712=CARTESIAN_POINT('Ctrl Pts',(57.8646300784791,26.2111131994271,1.24900090270314E-15));
#6713=CARTESIAN_POINT('Ctrl Pts',(58.2641223736681,26.6087342361292,1.24900090270314E-15));
#6714=CARTESIAN_POINT('Ctrl Pts',(58.663614668857,27.0063552728312,1.24900090270311E-15));
#6715=CARTESIAN_POINT('Ctrl Pts',(59.0628790951927,27.4046267538538,1.38713495745292E-15));
#6716=CARTESIAN_POINT('Ctrl Pts',(59.4628598068676,27.8016259650391,1.38777878078121E-15));
#6717=CARTESIAN_POINT('Ctrl Pts',(59.8628405185425,28.1986251762245,1.38842260410949E-15));
#6718=CARTESIAN_POINT('Ctrl Pts',(60.2635375155566,28.5943521175727,1.11085801040651E-15));
#6719=CARTESIAN_POINT('Ctrl Pts',(60.6627003341054,28.992663796598,1.11022302462488E-15));
#6720=CARTESIAN_POINT('Ctrl Pts',(61.0618631526541,29.3909754756233,1.10958803884319E-15));
#6721=CARTESIAN_POINT('Ctrl Pts',(61.4594917927375,29.7918718923256,1.24900090270288E-15));
#6722=CARTESIAN_POINT('Ctrl Pts',(61.8595007421925,30.1885589493677,1.24900090270288E-15));
#6723=CARTESIAN_POINT('Ctrl Pts',(62.2595096916476,30.5852460064098,1.24900090270289E-15));
#6724=CARTESIAN_POINT('Ctrl Pts',(62.6618989504744,30.9777237037917,1.38716076168097E-15));
#6725=CARTESIAN_POINT('Ctrl Pts',(63.0627438166027,31.3737328042476,1.38777878078109E-15));
#6726=CARTESIAN_POINT('Ctrl Pts',(63.4635886827311,31.7697419047035,1.38839679988121E-15));
#6727=CARTESIAN_POINT('Ctrl Pts',(63.8628891561611,32.1692824082335,1.11083289591097E-15));
#6728=CARTESIAN_POINT('Ctrl Pts',(64.2611744345353,32.569454301815,1.11022302462468E-15));
#6729=CARTESIAN_POINT('Ctrl Pts',(64.4603170737225,32.7695402486057,1.10991808898153E-15));
#6730=CARTESIAN_POINT('Ctrl Pts',(64.6592059141457,32.9697840429093,1.24900090270295E-15));
#6731=CARTESIAN_POINT('Ctrl Pts',(64.8648169032216,33.1608339797685,1.24900090270295E-15));
#6732=CARTESIAN_POINT('Ctrl Pts',(65.0704278922976,33.3518839166277,1.24900090270301E-15));
#6733=CARTESIAN_POINT('Ctrl Pts',(65.2827610300262,33.5337399960425,1.24900090270296E-15));
#6734=CARTESIAN_POINT('Ctrl Pts',(65.506185334348,33.7020792622654,1.24900090270296E-15));
#6735=CARTESIAN_POINT('Ctrl Pts',(65.7296096386698,33.8704185284883,1.2490009027029E-15));
#6736=CARTESIAN_POINT('Ctrl Pts',(65.9641251095846,34.0252409815192,1.24900090270292E-15));
#6737=CARTESIAN_POINT('Ctrl Pts',(66.2082655078556,34.170009999295,1.24900090270288E-15));
#6738=CARTESIAN_POINT('Ctrl Pts',(66.4524059061266,34.3147790170709,1.24900090270289E-15));
#6739=CARTESIAN_POINT('Ctrl Pts',(66.7061712317537,34.4494945995916,1.38748167897402E-15));
#6740=CARTESIAN_POINT('Ctrl Pts',(66.9619796395022,34.5839175722898,1.38777878078098E-15));
#6741=CARTESIAN_POINT('Ctrl Pts',(67.0898838433765,34.6511290586389,1.38792733168446E-15));
#6742=CARTESIAN_POINT('Ctrl Pts',(67.218298817781,34.7182673925324,1.11037110001864E-15));
#6743=CARTESIAN_POINT('Ctrl Pts',(67.3461282978095,34.7865669600915,1.11022302462469E-15));
#6744=CARTESIAN_POINT('Ctrl Pts',(67.4739577778379,34.8548665276506,1.1100749492308E-15));
#6745=CARTESIAN_POINT('Ctrl Pts',(67.6012017634902,34.9243273288753,1.1103706275438E-15));
#6746=CARTESIAN_POINT('Ctrl Pts',(67.7271012128953,34.9958092242898,1.11022302462487E-15));
#6747=CARTESIAN_POINT('Ctrl Pts',(67.9789001117055,35.1387730151188,1.10992781878699E-15));
#6748=CARTESIAN_POINT('Ctrl Pts',(68.2253208655268,35.2898211827072,1.24900090270283E-15));
#6749=CARTESIAN_POINT('Ctrl Pts',(68.4609905989462,35.4532278873928,1.24900090270278E-15));
#6750=CARTESIAN_POINT('Ctrl Pts',(68.932330065785,35.780041296764,1.2490009027027E-15));
#6751=CARTESIAN_POINT('Ctrl Pts',(69.360665451016,36.156288854524,1.24900090270309E-15));
#6752=CARTESIAN_POINT('Ctrl Pts',(69.7678745460638,36.5491496856896,1.24900090270314E-15));
#6753=CARTESIAN_POINT('Ctrl Pts',(70.1750836411114,36.9420105168553,1.24900090270316E-15));
#6754=CARTESIAN_POINT('Ctrl Pts',(70.5611664459757,37.3514846214265,1.38720662529022E-15));
#6755=CARTESIAN_POINT('Ctrl Pts',(70.9791512193468,37.7246788029196,1.38777878078102E-15));
#6756=CARTESIAN_POINT('Ctrl Pts',(71.3971359927178,38.0978729844127,1.38835093627184E-15));
#6757=CARTESIAN_POINT('Ctrl Pts',(71.8470227345957,38.4347872428277,1.24900090270316E-15));
#6758=CARTESIAN_POINT('Ctrl Pts',(72.3340813750444,38.7305614953922,1.24900090270319E-15));
#6759=CARTESIAN_POINT('Ctrl Pts',(72.8211400154931,39.0263357479568,1.24900090270315E-15));
#6760=CARTESIAN_POINT('Ctrl Pts',(73.3453705545127,39.280969994671,1.24900090270283E-15));
#6761=CARTESIAN_POINT('Ctrl Pts',(73.8496894540333,39.562189784933,1.24900090270294E-15));
#6762=CARTESIAN_POINT('Ctrl Pts',(74.1018489037937,39.7027996800639,1.249000902703E-15));
#6763=CARTESIAN_POINT('Ctrl Pts',(74.3490304436792,39.8500559610818,1.11050052184799E-15));
#6764=CARTESIAN_POINT('Ctrl Pts',(74.585017596189,40.0107878621028,1.11022302462502E-15));
#6765=CARTESIAN_POINT('Ctrl Pts',(74.8210047486988,40.1715197631237,1.10994552740199E-15));
#6766=CARTESIAN_POINT('Ctrl Pts',(75.0457975138328,40.3457272841477,1.38750293826414E-15));
#6767=CARTESIAN_POINT('Ctrl Pts',(75.2606553575776,40.531764469793,1.387778780781E-15));
#6768=CARTESIAN_POINT('Ctrl Pts',(75.4755132013224,40.7178016554383,1.38805462329786E-15));
#6769=CARTESIAN_POINT('Ctrl Pts',(75.6804361236781,40.9156685057049,1.11049723205256E-15));
#6770=CARTESIAN_POINT('Ctrl Pts',(75.8785466627256,41.1213866769518,1.11022302462487E-15));
#6771=CARTESIAN_POINT('Ctrl Pts',(76.0766572017731,41.3271048481988,1.10994881719718E-15));
#6772=CARTESIAN_POINT('Ctrl Pts',(76.2679553575125,41.5406743404262,1.24900090270303E-15));
#6773=CARTESIAN_POINT('Ctrl Pts',(76.4496552195803,41.7637362201989,1.249000902703E-15));
#6774=CARTESIAN_POINT('Ctrl Pts',(76.8130549437157,42.2098599797444,1.24900090270296E-15));
#6775=CARTESIAN_POINT('Ctrl Pts',(77.1380614931644,42.693953289471,1.24900090270281E-15));
#6776=CARTESIAN_POINT('Ctrl Pts',(77.3485976912346,43.251451163523,1.24900090270287E-15));
#6777=CARTESIAN_POINT('Ctrl Pts',(77.5591338893048,43.808949037575,1.24900090270292E-15));
#6778=CARTESIAN_POINT('Ctrl Pts',(77.6551997359967,44.4398514759525,1.24900090270314E-15));
#6779=CARTESIAN_POINT('Ctrl Pts',(77.694652184398,45.097813162391,1.24900090270301E-15));
#6780=CARTESIAN_POINT('Ctrl Pts',(77.7143784085987,45.4267940056103,1.24900090270293E-15));
#6781=CARTESIAN_POINT('Ctrl Pts',(77.7199512832268,45.7625396608448,1.11048781460872E-15));
#6782=CARTESIAN_POINT('Ctrl Pts',(77.7227338843804,46.0986249123447,1.11022302462464E-15));
#6783=CARTESIAN_POINT('Ctrl Pts',(77.725516485534,46.4347101638445,1.10995823464059E-15));
#6784=CARTESIAN_POINT('Ctrl Pts',(77.7255088132131,46.7711350116097,1.24900090270294E-15));
#6785=CARTESIAN_POINT('Ctrl Pts',(77.7263719125757,47.1060833461311,1.24900090270299E-15));
#6786=CARTESIAN_POINT('Ctrl Pts',(77.7280981113007,47.7759800151738,1.24900090270311E-15));
#6787=CARTESIAN_POINT('Ctrl Pts',(77.7333073967593,48.4399706312413,1.24900090270295E-15));
#6788=CARTESIAN_POINT('Ctrl Pts',(77.7354821552088,49.1077909968403,1.24900090270285E-15));
#6789=CARTESIAN_POINT('Ctrl Pts',(77.7376569136583,49.7756113624394,1.24900090270285E-15));
#6790=CARTESIAN_POINT('Ctrl Pts',(77.7367971450986,50.44726147757,1.2490009027029E-15));
#6791=CARTESIAN_POINT('Ctrl Pts',(77.7360646769519,51.1184884550869,1.24900090270295E-15));
#6792=CARTESIAN_POINT('Ctrl Pts',(77.7345997406584,52.4609424101206,1.24900090270303E-15));
#6793=CARTESIAN_POINT('Ctrl Pts',(77.7336440060166,53.801703814699,1.24900090270301E-15));
#6794=CARTESIAN_POINT('Ctrl Pts',(77.733331420111,55.1423388779324,1.24900090270304E-15));
#6795=CARTESIAN_POINT('Ctrl Pts',(77.7327062482997,57.8236090043992,1.24900090270309E-15));
#6796=CARTESIAN_POINT('Ctrl Pts',(77.7346536714333,60.5043737654861,1.11215349319076E-15));
#6797=CARTESIAN_POINT('Ctrl Pts',(77.7341005215769,63.1845978120942,1.11022302462518E-15));
#6798=CARTESIAN_POINT('Ctrl Pts',(77.7335473717206,65.8648218587022,1.10829255605955E-15));
#6799=CARTESIAN_POINT('Ctrl Pts',(77.7304936488744,68.5445051908316,1.24900090270328E-15));
#6800=CARTESIAN_POINT('Ctrl Pts',(77.7338222610402,71.2271641303844,1.24900090270341E-15));
#6801=CARTESIAN_POINT('Ctrl Pts',(77.7346544140817,71.8978288652726,1.24900090270348E-15));
#6802=CARTESIAN_POINT('Ctrl Pts',(77.7358854630614,72.5686795756247,1.24900090270353E-15));
#6803=CARTESIAN_POINT('Ctrl Pts',(77.7122895014899,73.2314215606396,1.24900090270353E-15));
#6804=CARTESIAN_POINT('Ctrl Pts',(77.6886935399185,73.8941635456545,1.24900090270355E-15));
#6805=CARTESIAN_POINT('Ctrl Pts',(77.6402705677959,74.5487968053321,1.11067721096711E-15));
#6806=CARTESIAN_POINT('Ctrl Pts',(77.5155406965277,75.1570607212814,1.11022302462531E-15));
#6807=CARTESIAN_POINT('Ctrl Pts',(77.3908108252595,75.7653246372308,1.10976883828358E-15));
#6808=CARTESIAN_POINT('Ctrl Pts',(77.1897740548456,76.3272192094519,1.24900090270342E-15));
#6809=CARTESIAN_POINT('Ctrl Pts',(76.9383968431021,76.8563119561017,1.24900090270341E-15));
#6810=CARTESIAN_POINT('Ctrl Pts',(76.8127082372303,77.1208583294267,1.24900090270343E-15));
#6811=CARTESIAN_POINT('Ctrl Pts',(76.6744345210262,77.3772042463588,1.24900090270348E-15));
#6812=CARTESIAN_POINT('Ctrl Pts',(76.5300287721639,77.6297156508175,1.24900090270345E-15));
#6813=CARTESIAN_POINT('Ctrl Pts',(76.3856230233016,77.8822270552762,1.24900090270346E-15));
#6814=CARTESIAN_POINT('Ctrl Pts',(76.2350852417812,78.1309039472613,1.3875560610566E-15));
#6815=CARTESIAN_POINT('Ctrl Pts',(76.0714025220026,78.3684717421474,1.38777878078156E-15));
#6816=CARTESIAN_POINT('Ctrl Pts',(75.7440370824452,78.8436073319194,1.38822422023146E-15));
#6817=CARTESIAN_POINT('Ctrl Pts',(75.3640918898546,79.2743065332947,1.38733758964435E-15));
#6818=CARTESIAN_POINT('Ctrl Pts',(74.9072875731512,79.6187534334125,1.3877787807817E-15));
#6819=CARTESIAN_POINT('Ctrl Pts',(74.6788854147995,79.7909768834714,1.38799937635035E-15));
#6820=CARTESIAN_POINT('Ctrl Pts',(74.4312684754196,79.9416372582159,1.11044257323788E-15));
#6821=CARTESIAN_POINT('Ctrl Pts',(74.1739348538238,80.0791571944283,1.11022302462536E-15));
#6822=CARTESIAN_POINT('Ctrl Pts',(73.916601232228,80.2166771306406,1.11000347601288E-15));
#6823=CARTESIAN_POINT('Ctrl Pts',(73.6495509284163,80.3410566283208,1.2490009027035E-15));
#6824=CARTESIAN_POINT('Ctrl Pts',(73.3832428013144,80.463809807264,1.24900090270346E-15));
#6825=CARTESIAN_POINT('Ctrl Pts',(72.8506265471107,80.7093161651503,1.2490009027034E-15));
#6826=CARTESIAN_POINT('Ctrl Pts',(72.3209789997465,80.9483172480889,1.24900090270347E-15));
#6827=CARTESIAN_POINT('Ctrl Pts',(71.8113909083704,81.2135436048661,1.24900090270345E-15));
#6828=CARTESIAN_POINT('Ctrl Pts',(71.3018028169944,81.4787699616433,1.24900090270343E-15));
#6829=CARTESIAN_POINT('Ctrl Pts',(70.8122741816067,81.7702215922592,1.38734986189483E-15));
#6830=CARTESIAN_POINT('Ctrl Pts',(70.3505843923223,82.0951186865529,1.38777878078147E-15));
#6831=CARTESIAN_POINT('Ctrl Pts',(69.888894603038,82.4200157808465,1.38820769966812E-15));
#6832=CARTESIAN_POINT('Ctrl Pts',(69.4550436598572,82.7783583388179,1.24900090270336E-15));
#6833=CARTESIAN_POINT('Ctrl Pts',(69.045309235723,83.1625000216033,1.24900090270338E-15));
#6834=CARTESIAN_POINT('Ctrl Pts',(68.6355748115889,83.5466417043887,1.24900090270345E-15));
#6835=CARTESIAN_POINT('Ctrl Pts',(68.2499569065015,83.9565825119882,1.24900090270345E-15));
#6836=CARTESIAN_POINT('Ctrl Pts',(67.8558484405837,84.3598346317215,1.2490009027034E-15));
#6837=CARTESIAN_POINT('Ctrl Pts',(67.6587942076248,84.5614606915882,1.2490009027034E-15));
#6838=CARTESIAN_POINT('Ctrl Pts',(67.4596173344583,84.7614145794884,1.24900090270335E-15));
#6839=CARTESIAN_POINT('Ctrl Pts',(67.2594149950904,84.9602196938825,1.24900090270335E-15));
#6840=CARTESIAN_POINT('Ctrl Pts',(66.7084804058945,85.5073092752261,1.24900090270333E-15));
#6841=CARTESIAN_POINT('Ctrl Pts',(66.1497800715512,86.0456993184789,1.24900090270347E-15));
#6842=CARTESIAN_POINT('Ctrl Pts',(65.6000949223542,86.5921451539785,1.24900090270334E-15));
#6843=CARTESIAN_POINT('Ctrl Pts',(19.1619419916356,89.9801973316929,-1.81382686648135E-13));
#6844=CARTESIAN_POINT('Ctrl Pts',(19.1079613277571,90.0246478317555,0.999999999999915));
#6845=CARTESIAN_POINT('Ctrl Pts',(19.0539806638786,90.0690983318182,2.00000000000001));
#6846=CARTESIAN_POINT('Ctrl Pts',(19.0000000000001,90.1135488318808,3.00000000000011));
#6847=CARTESIAN_POINT('Ctrl Pts',(18.8062923548566,89.5482965999931,-1.81382686648135E-13));
#6848=CARTESIAN_POINT('Ctrl Pts',(18.7560290509552,89.59695399627,0.999999999999917));
#6849=CARTESIAN_POINT('Ctrl Pts',(18.7037312342682,89.6440630726468,2.00000000000001));
#6850=CARTESIAN_POINT('Ctrl Pts',(18.6534679303668,89.6927204689236,3.00000000000011));
#6851=CARTESIAN_POINT('Ctrl Pts',(17.9983089302036,88.7592740198487,-1.81382686648135E-13));
#6852=CARTESIAN_POINT('Ctrl Pts',(17.949687411365,88.8096041342727,0.999999999999912));
#6853=CARTESIAN_POINT('Ctrl Pts',(17.9016763537002,88.8602835756846,2.00000000000001));
#6854=CARTESIAN_POINT('Ctrl Pts',(17.8530548348615,88.9106136901085,3.00000000000011));
#6855=CARTESIAN_POINT('Ctrl Pts',(16.8051312014329,87.5609508740867,-1.81382686648135E-13));
#6856=CARTESIAN_POINT('Ctrl Pts',(16.7553790880931,87.6099857190106,0.999999999999918));
#6857=CARTESIAN_POINT('Ctrl Pts',(16.7048087752505,87.6585390838848,2.00000000000001));
#6858=CARTESIAN_POINT('Ctrl Pts',(16.6550566619107,87.7075739288087,3.00000000000011));
#6859=CARTESIAN_POINT('Ctrl Pts',(15.6011005161996,86.375938353616,-1.81382686648135E-13));
#6860=CARTESIAN_POINT('Ctrl Pts',(15.5522602366515,86.4261473271455,0.999999999999913));
#6861=CARTESIAN_POINT('Ctrl Pts',(15.5030354145371,86.4759456691747,2.00000000000001));
#6862=CARTESIAN_POINT('Ctrl Pts',(15.454195134989,86.5261546427041,3.00000000000011));
#6863=CARTESIAN_POINT('Ctrl Pts',(14.4097625382197,85.1722694022748,-1.81382686648135E-13));
#6864=CARTESIAN_POINT('Ctrl Pts',(14.3593059080309,85.2203708680984,0.999999999999918));
#6865=CARTESIAN_POINT('Ctrl Pts',(14.308052438332,85.2681415236091,2.00000000000001));
#6866=CARTESIAN_POINT('Ctrl Pts',(14.2575958081433,85.3162429894327,3.00000000000011));
#6867=CARTESIAN_POINT('Ctrl Pts',(13.2124887332614,83.9848876393136,-1.81382686648135E-13));
#6868=CARTESIAN_POINT('Ctrl Pts',(13.1661336034051,84.0381551025476,0.999999999999913));
#6869=CARTESIAN_POINT('Ctrl Pts',(13.1190180574103,84.0910597081854,2.00000000000001));
#6870=CARTESIAN_POINT('Ctrl Pts',(13.072662927554,84.1443271714195,3.00000000000011));
#6871=CARTESIAN_POINT('Ctrl Pts',(11.8063068457914,83.0378844968928,-1.81382686648135E-13));
#6872=CARTESIAN_POINT('Ctrl Pts',(11.7747962947541,83.1005328368671,0.999999999999918));
#6873=CARTESIAN_POINT('Ctrl Pts',(11.7430867370199,83.1630498607541,2.));
#6874=CARTESIAN_POINT('Ctrl Pts',(11.7115761859826,83.2256982007284,3.0000000000001));
#6875=CARTESIAN_POINT('Ctrl Pts',(10.4847811144206,82.4168210955136,-1.81382686648135E-13));
#6876=CARTESIAN_POINT('Ctrl Pts',(10.452425751466,82.4789682974502,0.999999999999913));
#6877=CARTESIAN_POINT('Ctrl Pts',(10.4193474072973,82.5409260095988,2.00000000000001));
#6878=CARTESIAN_POINT('Ctrl Pts',(10.3869920443427,82.6030732115354,3.0000000000001));
#6879=CARTESIAN_POINT('Ctrl Pts',(9.53581415306517,81.7707009590313,-1.81382686648135E-13));
#6880=CARTESIAN_POINT('Ctrl Pts',(9.49226601162204,81.8257920072113,0.999999999999916));
#6881=CARTESIAN_POINT('Ctrl Pts',(9.44883334159254,81.880813245362,2.00000000000001));
#6882=CARTESIAN_POINT('Ctrl Pts',(9.40528520014941,81.935904293542,3.0000000000001));
#6883=CARTESIAN_POINT('Ctrl Pts',(8.68382215731213,81.0114284478728,-1.81382686648135E-13));
#6884=CARTESIAN_POINT('Ctrl Pts',(8.63332770390118,81.060039235289,0.999999999999915));
#6885=CARTESIAN_POINT('Ctrl Pts',(8.58282754011942,81.1083145193865,2.00000000000001));
#6886=CARTESIAN_POINT('Ctrl Pts',(8.53233308670848,81.1569253068027,3.0000000000001));
#6887=CARTESIAN_POINT('Ctrl Pts',(7.71111809397486,79.9962508709229,-1.81382686648135E-13));
#6888=CARTESIAN_POINT('Ctrl Pts',(7.66260419909535,80.0461121213359,0.999999999999915));
#6889=CARTESIAN_POINT('Ctrl Pts',(7.61424858180279,80.0961756483483,2.00000000000001));
#6890=CARTESIAN_POINT('Ctrl Pts',(7.56573468692327,80.1460368987613,3.0000000000001));
#6891=CARTESIAN_POINT('Ctrl Pts',(6.48084930887789,78.8324491389257,-1.81382686648135E-13));
#6892=CARTESIAN_POINT('Ctrl Pts',(6.43015328638505,78.8819265308399,0.999999999999915));
#6893=CARTESIAN_POINT('Ctrl Pts',(6.37955342744705,78.9314656484084,2.00000000000001));
#6894=CARTESIAN_POINT('Ctrl Pts',(6.32885740495421,78.9809430403226,3.0000000000001));
#6895=CARTESIAN_POINT('Ctrl Pts',(5.49238646762432,77.3725816128443,-1.81382686648135E-13));
#6896=CARTESIAN_POINT('Ctrl Pts',(5.42456350002941,77.3976342619059,0.999999999999916));
#6897=CARTESIAN_POINT('Ctrl Pts',(5.35678449251339,77.4229015586845,2.00000000000001));
#6898=CARTESIAN_POINT('Ctrl Pts',(5.28896152491849,77.4479542077461,3.0000000000001));
#6899=CARTESIAN_POINT('Ctrl Pts',(5.20324454141435,75.4797125061622,-1.81382686648135E-13));
#6900=CARTESIAN_POINT('Ctrl Pts',(5.13301316958903,75.4800184076158,0.999999999999914));
#6901=CARTESIAN_POINT('Ctrl Pts',(5.06286807256546,75.4805020202384,2.00000000000001));
#6902=CARTESIAN_POINT('Ctrl Pts',(4.99263670074015,75.4808079216921,3.0000000000001));
#6903=CARTESIAN_POINT('Ctrl Pts',(5.22051862637429,73.4505436553848,-1.81382686648135E-13));
#6904=CARTESIAN_POINT('Ctrl Pts',(5.15071858661785,73.4508832318861,0.999999999999916));
#6905=CARTESIAN_POINT('Ctrl Pts',(5.08099611046878,73.4506396677227,2.00000000000001));
#6906=CARTESIAN_POINT('Ctrl Pts',(5.01119607071233,73.4509792442239,3.0000000000001));
#6907=CARTESIAN_POINT('Ctrl Pts',(5.19855541637406,70.7880228749487,-1.81382686648135E-13));
#6908=CARTESIAN_POINT('Ctrl Pts',(5.12854219112743,70.7880461593835,0.999999999999915));
#6909=CARTESIAN_POINT('Ctrl Pts',(5.05853895661058,70.7879744890617,2.00000000000001));
#6910=CARTESIAN_POINT('Ctrl Pts',(4.98852573136394,70.7879977734965,3.0000000000001));
#6911=CARTESIAN_POINT('Ctrl Pts',(5.21399610184006,66.9767227440827,-1.81382686648135E-13));
#6912=CARTESIAN_POINT('Ctrl Pts',(5.14413367004242,66.9766321860862,0.999999999999914));
#6913=CARTESIAN_POINT('Ctrl Pts',(5.07432706817301,66.976523331529,2.00000000000001));
#6914=CARTESIAN_POINT('Ctrl Pts',(5.00446463637536,66.9764327735326,3.0000000000001));
#6915=CARTESIAN_POINT('Ctrl Pts',(5.20590435292825,62.9617108806663,-1.81382686648134E-13));
#6916=CARTESIAN_POINT('Ctrl Pts',(5.13594519280551,62.9617464633246,0.999999999999916));
#6917=CARTESIAN_POINT('Ctrl Pts',(5.06601385850962,62.9615546053573,2.));
#6918=CARTESIAN_POINT('Ctrl Pts',(4.99605469838688,62.9615901880156,3.0000000000001));
#6919=CARTESIAN_POINT('Ctrl Pts',(5.20872660890953,59.3849557050183,-1.81382686648134E-13));
#6920=CARTESIAN_POINT('Ctrl Pts',(5.13881672094302,59.3849567723217,0.999999999999914));
#6921=CARTESIAN_POINT('Ctrl Pts',(5.06887649859123,59.3850965538019,2.));
#6922=CARTESIAN_POINT('Ctrl Pts',(4.99896661062472,59.3850976211053,3.0000000000001));
#6923=CARTESIAN_POINT('Ctrl Pts',(5.20656117386026,57.1510868694139,-1.81382686648134E-13));
#6924=CARTESIAN_POINT('Ctrl Pts',(5.13662359652127,57.1511117471684,0.999999999999916));
#6925=CARTESIAN_POINT('Ctrl Pts',(5.06670609134854,57.1509825300413,2.));
#6926=CARTESIAN_POINT('Ctrl Pts',(4.99676851400955,57.1510074077958,3.0000000000001));
#6927=CARTESIAN_POINT('Ctrl Pts',(5.20905447415287,55.3636700715375,-1.81382686648134E-13));
#6928=CARTESIAN_POINT('Ctrl Pts',(5.13913500289065,55.3635207420294,0.999999999999915));
#6929=CARTESIAN_POINT('Ctrl Pts',(5.06919090991896,55.3634770196991,2.));
#6930=CARTESIAN_POINT('Ctrl Pts',(4.99927143865674,55.3633276901911,3.0000000000001));
#6931=CARTESIAN_POINT('Ctrl Pts',(5.20969290419246,53.5768354259139,-1.81382686648134E-13));
#6932=CARTESIAN_POINT('Ctrl Pts',(5.13975368186234,53.5771269600704,0.999999999999915));
#6933=CARTESIAN_POINT('Ctrl Pts',(5.06983823102883,53.5772794783163,2.));
#6934=CARTESIAN_POINT('Ctrl Pts',(4.99989900869871,53.5775710124728,3.0000000000001));
#6935=CARTESIAN_POINT('Ctrl Pts',(5.1992675739174,51.3403622241579,-1.81382686648134E-13));
#6936=CARTESIAN_POINT('Ctrl Pts',(5.12936898796146,51.3402585007987,0.999999999999915));
#6937=CARTESIAN_POINT('Ctrl Pts',(5.05939749162872,51.3403758994096,2.));
#6938=CARTESIAN_POINT('Ctrl Pts',(4.98949890567278,51.3402721760503,3.0000000000001));
#6939=CARTESIAN_POINT('Ctrl Pts',(5.21924633231928,49.1092053446425,-1.81382686648134E-13));
#6940=CARTESIAN_POINT('Ctrl Pts',(5.14927672861532,49.1086682332918,0.999999999999914));
#6941=CARTESIAN_POINT('Ctrl Pts',(5.07938568132207,49.1083592507744,2.));
#6942=CARTESIAN_POINT('Ctrl Pts',(5.00941607761812,49.1078221394237,3.0000000000001));
#6943=CARTESIAN_POINT('Ctrl Pts',(5.20836610352574,47.5444175766541,-1.81382686648134E-13));
#6944=CARTESIAN_POINT('Ctrl Pts',(5.13849314880634,47.5452892691826,0.999999999999916));
#6945=CARTESIAN_POINT('Ctrl Pts',(5.06848941325717,47.5458889559547,2.));
#6946=CARTESIAN_POINT('Ctrl Pts',(4.99861645853777,47.5467606484832,3.0000000000001));
#6947=CARTESIAN_POINT('Ctrl Pts',(5.20234042810676,46.6500500889351,-1.81382686648134E-13));
#6948=CARTESIAN_POINT('Ctrl Pts',(5.13233461005413,46.6501118100169,0.999999999999914));
#6949=CARTESIAN_POINT('Ctrl Pts',(5.06248906149869,46.6503625798111,2.));
#6950=CARTESIAN_POINT('Ctrl Pts',(4.99248324344606,46.6504243008929,3.0000000000001));
#6951=CARTESIAN_POINT('Ctrl Pts',(5.21121651098893,45.3159832145733,-1.81382686648134E-13));
#6952=CARTESIAN_POINT('Ctrl Pts',(5.1415831949257,45.3135184329414,0.999999999999916));
#6953=CARTESIAN_POINT('Ctrl Pts',(5.07142349114595,45.3105255787503,2.));
#6954=CARTESIAN_POINT('Ctrl Pts',(5.00179017508273,45.3080607971183,3.0000000000001));
#6955=CARTESIAN_POINT('Ctrl Pts',(5.33668589029132,43.7802962344862,-1.81382686648134E-13));
#6956=CARTESIAN_POINT('Ctrl Pts',(5.26643355927144,43.7665373875881,0.999999999999914));
#6957=CARTESIAN_POINT('Ctrl Pts',(5.19589309536109,43.7529679177145,2.00000000000001));
#6958=CARTESIAN_POINT('Ctrl Pts',(5.12564076434121,43.7392090708165,3.0000000000001));
#6959=CARTESIAN_POINT('Ctrl Pts',(5.98952014724725,42.3316055338531,-1.81382686648134E-13));
#6960=CARTESIAN_POINT('Ctrl Pts',(5.92955085065686,42.2937107635331,0.999999999999916));
#6961=CARTESIAN_POINT('Ctrl Pts',(5.8693353337309,42.2559207593265,2.));
#6962=CARTESIAN_POINT('Ctrl Pts',(5.80936603714051,42.2180259890064,3.0000000000001));
#6963=CARTESIAN_POINT('Ctrl Pts',(6.7180643613321,41.4483449342619,-1.81382686648134E-13));
#6964=CARTESIAN_POINT('Ctrl Pts',(6.6685303547991,41.3988879355714,0.999999999999915));
#6965=CARTESIAN_POINT('Ctrl Pts',(6.61853550143143,41.3495692234558,2.00000000000001));
#6966=CARTESIAN_POINT('Ctrl Pts',(6.56900149489843,41.3001122247654,3.0000000000001));
#6967=CARTESIAN_POINT('Ctrl Pts',(7.53649210413386,40.6632782656225,-1.81382686648135E-13));
#6968=CARTESIAN_POINT('Ctrl Pts',(7.4877250767708,40.6131305801296,0.999999999999915));
#6969=CARTESIAN_POINT('Ctrl Pts',(7.43882428735834,40.5630521247093,2.00000000000001));
#6970=CARTESIAN_POINT('Ctrl Pts',(7.39005725999528,40.5129044392164,3.0000000000001));
#6971=CARTESIAN_POINT('Ctrl Pts',(8.32793240539,39.8629810894588,-1.81382686648135E-13));
#6972=CARTESIAN_POINT('Ctrl Pts',(8.27781298669532,39.8143061157403,0.999999999999914));
#6973=CARTESIAN_POINT('Ctrl Pts',(8.22690725509863,39.7659230389484,2.00000000000001));
#6974=CARTESIAN_POINT('Ctrl Pts',(8.17678783640395,39.71724806523,3.0000000000001));
#6975=CARTESIAN_POINT('Ctrl Pts',(9.13703583438211,39.0735362603752,-1.81382686648135E-13));
#6976=CARTESIAN_POINT('Ctrl Pts',(9.09019151281123,39.0213059666143,0.999999999999915));
#6977=CARTESIAN_POINT('Ctrl Pts',(9.04312464526943,38.9691528949155,2.00000000000001));
#6978=CARTESIAN_POINT('Ctrl Pts',(8.99628032369856,38.9169226011546,3.0000000000001));
#6979=CARTESIAN_POINT('Ctrl Pts',(10.3386523050033,38.1348179072505,-1.81382686648135E-13));
#6980=CARTESIAN_POINT('Ctrl Pts',(10.3028337917681,38.074225796744,0.999999999999917));
#6981=CARTESIAN_POINT('Ctrl Pts',(10.2656900909718,38.0139538391905,2.));
#6982=CARTESIAN_POINT('Ctrl Pts',(10.2298715777367,37.953361728684,3.0000000000001));
#6983=CARTESIAN_POINT('Ctrl Pts',(11.5776518485983,37.5415826847496,-1.81382686648135E-13));
#6984=CARTESIAN_POINT('Ctrl Pts',(11.5479881681752,37.4782361990288,0.999999999999913));
#6985=CARTESIAN_POINT('Ctrl Pts',(11.5181087387511,37.4149620143873,2.00000000000001));
#6986=CARTESIAN_POINT('Ctrl Pts',(11.488445058328,37.3516155286665,3.0000000000001));
#6987=CARTESIAN_POINT('Ctrl Pts',(12.8779549783458,36.7721557789512,-1.81382686648135E-13));
#6988=CARTESIAN_POINT('Ctrl Pts',(12.8369046121878,36.7149277912918,0.999999999999916));
#6989=CARTESIAN_POINT('Ctrl Pts',(12.7968741404676,36.6575787697241,2.00000000000001));
#6990=CARTESIAN_POINT('Ctrl Pts',(12.7558237743096,36.6003507820646,3.0000000000001));
#6991=CARTESIAN_POINT('Ctrl Pts',(13.7243531761604,36.0467216142989,-1.81382686648135E-13));
#6992=CARTESIAN_POINT('Ctrl Pts',(13.6739284963667,35.9980785664297,0.999999999999915));
#6993=CARTESIAN_POINT('Ctrl Pts',(13.6235708735384,35.9494581931208,2.00000000000001));
#6994=CARTESIAN_POINT('Ctrl Pts',(13.5731461937447,35.9008151452516,3.0000000000001));
#6995=CARTESIAN_POINT('Ctrl Pts',(14.6249551840114,35.0733078338486,-1.81382686648135E-13));
#6996=CARTESIAN_POINT('Ctrl Pts',(14.5742186930069,35.0252463733285,0.999999999999915));
#6997=CARTESIAN_POINT('Ctrl Pts',(14.5238140380327,34.9771884433401,2.00000000000001));
#6998=CARTESIAN_POINT('Ctrl Pts',(14.4730775470282,34.92912698282,3.00000000000011));
#6999=CARTESIAN_POINT('Ctrl Pts',(15.4556364151604,34.2942588730857,-1.81382686648135E-13));
#7000=CARTESIAN_POINT('Ctrl Pts',(15.4115562968478,34.2394125733352,0.999999999999916));
#7001=CARTESIAN_POINT('Ctrl Pts',(15.3676721694753,34.184439922936,2.00000000000001));
#7002=CARTESIAN_POINT('Ctrl Pts',(15.3235920511628,34.1295936231854,3.00000000000011));
#7003=CARTESIAN_POINT('Ctrl Pts',(16.4131399929325,33.6621050477832,-1.81382686648135E-13));
#7004=CARTESIAN_POINT('Ctrl Pts',(16.3796254750614,33.6005377279775,0.999999999999913));
#7005=CARTESIAN_POINT('Ctrl Pts',(16.346221507788,33.5391213001792,2.00000000000001));
#7006=CARTESIAN_POINT('Ctrl Pts',(16.3127069899169,33.4775539803735,3.00000000000011));
#7007=CARTESIAN_POINT('Ctrl Pts',(17.4494821804091,33.1366323110815,-1.81382686648135E-13));
#7008=CARTESIAN_POINT('Ctrl Pts',(17.417754233981,33.0744330128949,0.999999999999917));
#7009=CARTESIAN_POINT('Ctrl Pts',(17.3864649721306,33.0118885376063,2.00000000000001));
#7010=CARTESIAN_POINT('Ctrl Pts',(17.3547370257025,32.9496892394196,3.00000000000011));
#7011=CARTESIAN_POINT('Ctrl Pts',(18.4426767571851,32.5687750884942,-1.81382686648135E-13));
#7012=CARTESIAN_POINT('Ctrl Pts',(18.40439416985,32.5098478243614,0.999999999999914));
#7013=CARTESIAN_POINT('Ctrl Pts',(18.3661011763363,32.4512364673643,2.00000000000001));
#7014=CARTESIAN_POINT('Ctrl Pts',(18.3278185890012,32.3923092032315,3.00000000000011));
#7015=CARTESIAN_POINT('Ctrl Pts',(19.6393471331105,31.6639331446881,-1.81382686648135E-13));
#7016=CARTESIAN_POINT('Ctrl Pts',(19.5907874712627,31.6133091201337,0.999999999999916));
#7017=CARTESIAN_POINT('Ctrl Pts',(19.5431193771266,31.5617419027791,2.00000000000001));
#7018=CARTESIAN_POINT('Ctrl Pts',(19.4945597152788,31.5111178782247,3.00000000000011));
#7019=CARTESIAN_POINT('Ctrl Pts',(20.9379803209748,30.307490371311,-1.81382686648135E-13));
#7020=CARTESIAN_POINT('Ctrl Pts',(20.8876885696716,30.2590055619466,0.999999999999914));
#7021=CARTESIAN_POINT('Ctrl Pts',(20.8383318808858,30.2097066854943,2.00000000000001));
#7022=CARTESIAN_POINT('Ctrl Pts',(20.7880401295826,30.1612218761298,3.00000000000011));
#7023=CARTESIAN_POINT('Ctrl Pts',(22.5482125751919,28.7258970138779,-1.81382686648135E-13));
#7024=CARTESIAN_POINT('Ctrl Pts',(22.4996325013494,28.6755195286762,0.999999999999915));
#7025=CARTESIAN_POINT('Ctrl Pts',(22.4517927589323,28.6245275902718,2.00000000000001));
#7026=CARTESIAN_POINT('Ctrl Pts',(22.4032126850897,28.57415010507,3.00000000000011));
#7027=CARTESIAN_POINT('Ctrl Pts',(23.8759745414728,27.3999492853387,-1.81382686648135E-13));
#7028=CARTESIAN_POINT('Ctrl Pts',(23.8262353344146,27.350856706589,0.999999999999915));
#7029=CARTESIAN_POINT('Ctrl Pts',(23.7770982470652,27.3012519974445,2.00000000000001));
#7030=CARTESIAN_POINT('Ctrl Pts',(23.727359040007,27.2521594186947,3.00000000000011));
#7031=CARTESIAN_POINT('Ctrl Pts',(24.9468337259008,26.3423816122025,-1.81382686648135E-13));
#7032=CARTESIAN_POINT('Ctrl Pts',(24.8978699829684,26.2924048645326,0.999999999999915));
#7033=CARTESIAN_POINT('Ctrl Pts',(24.848498663405,26.2431167108181,2.00000000000001));
#7034=CARTESIAN_POINT('Ctrl Pts',(24.7995349204725,26.1931399631481,3.00000000000011));
#7035=CARTESIAN_POINT('Ctrl Pts',(25.7419757961756,25.5464513228149,-1.81382686648135E-13));
#7036=CARTESIAN_POINT('Ctrl Pts',(25.6920372196161,25.4975970064445,0.999999999999915));
#7037=CARTESIAN_POINT('Ctrl Pts',(25.6422078089729,25.4486478384861,2.00000000000001));
#7038=CARTESIAN_POINT('Ctrl Pts',(25.5922692324134,25.3997935221157,3.00000000000011));
#7039=CARTESIAN_POINT('Ctrl Pts',(26.5332382645932,24.7452475634626,-1.81382686648135E-13));
#7040=CARTESIAN_POINT('Ctrl Pts',(26.4839724209266,24.6954614818612,0.999999999999915));
#7041=CARTESIAN_POINT('Ctrl Pts',(26.4345025622124,24.6463423444194,2.00000000000001));
#7042=CARTESIAN_POINT('Ctrl Pts',(26.3852367185458,24.5965562628179,3.0000000000001));
#7043=CARTESIAN_POINT('Ctrl Pts',(27.347416355378,23.9589463372769,-1.81382686648135E-13));
#7044=CARTESIAN_POINT('Ctrl Pts',(27.2992376311248,23.9085377809832,0.999999999999916));
#7045=CARTESIAN_POINT('Ctrl Pts',(27.2511192385383,23.8579769027253,2.00000000000001));
#7046=CARTESIAN_POINT('Ctrl Pts',(27.2029405142852,23.8075683464315,3.00000000000011));
#7047=CARTESIAN_POINT('Ctrl Pts',(28.1396756909178,23.1587663424272,-1.81382686648135E-13));
#7048=CARTESIAN_POINT('Ctrl Pts',(28.0869400004012,23.1119912735574,0.999999999999914));
#7049=CARTESIAN_POINT('Ctrl Pts',(28.0339388671542,23.0658139693878,2.00000000000001));
#7050=CARTESIAN_POINT('Ctrl Pts',(27.9812031766376,23.019038900518,3.00000000000011));
#7051=CARTESIAN_POINT('Ctrl Pts',(29.0085539672757,21.9498897399209,-1.81382686648135E-13));
#7052=CARTESIAN_POINT('Ctrl Pts',(28.9452767155425,21.9191186183031,0.999999999999915));
#7053=CARTESIAN_POINT('Ctrl Pts',(28.8818410965045,21.8875304900237,2.00000000000001));
#7054=CARTESIAN_POINT('Ctrl Pts',(28.8185638447712,21.8567593684059,3.00000000000011));
#7055=CARTESIAN_POINT('Ctrl Pts',(29.6507203781053,20.5182789927366,-1.81382686648135E-13));
#7056=CARTESIAN_POINT('Ctrl Pts',(29.5889948053403,20.4851316002726,0.999999999999915));
#7057=CARTESIAN_POINT('Ctrl Pts',(29.5271605737528,20.4511920981884,2.00000000000001));
#7058=CARTESIAN_POINT('Ctrl Pts',(29.4654350009878,20.4180447057244,3.0000000000001));
#7059=CARTESIAN_POINT('Ctrl Pts',(30.5603314938998,19.2885969236845,-1.81382686648135E-13));
#7060=CARTESIAN_POINT('Ctrl Pts',(30.5070144192808,19.2426360711153,0.999999999999915));
#7061=CARTESIAN_POINT('Ctrl Pts',(30.4535261098814,19.1971311120835,2.00000000000001));
#7062=CARTESIAN_POINT('Ctrl Pts',(30.4002090352624,19.1511702595143,3.00000000000011));
#7063=CARTESIAN_POINT('Ctrl Pts',(31.3419374175743,18.4666155783182,-1.81382686648135E-13));
#7064=CARTESIAN_POINT('Ctrl Pts',(31.2933110279086,18.4166363434398,0.999999999999915));
#7065=CARTESIAN_POINT('Ctrl Pts',(31.2446012367945,18.3663756410531,2.00000000000001));
#7066=CARTESIAN_POINT('Ctrl Pts',(31.1959748471288,18.3163964061748,3.0000000000001));
#7067=CARTESIAN_POINT('Ctrl Pts',(32.1523516395171,17.6842262967434,-1.81382686648135E-13));
#7068=CARTESIAN_POINT('Ctrl Pts',(32.1026753821545,17.6348063449991,0.999999999999915));
#7069=CARTESIAN_POINT('Ctrl Pts',(32.0528825976035,17.5857485568351,2.00000000000001));
#7070=CARTESIAN_POINT('Ctrl Pts',(32.0032063402409,17.5363286050908,3.00000000000011));
#7071=CARTESIAN_POINT('Ctrl Pts',(32.8947631643611,16.8466407097333,-1.81382686648135E-13));
#7072=CARTESIAN_POINT('Ctrl Pts',(32.8392469750457,16.8037363506201,0.999999999999915));
#7073=CARTESIAN_POINT('Ctrl Pts',(32.7836689774712,16.760754599471,2.00000000000001));
#7074=CARTESIAN_POINT('Ctrl Pts',(32.7281527881558,16.7178502403578,3.0000000000001));
#7075=CARTESIAN_POINT('Ctrl Pts',(33.520860411515,15.9041604035307,-1.81382686648135E-13));
#7076=CARTESIAN_POINT('Ctrl Pts',(33.4600070604058,15.8694269345152,0.999999999999915));
#7077=CARTESIAN_POINT('Ctrl Pts',(33.3990944913538,15.8348779579199,2.00000000000001));
#7078=CARTESIAN_POINT('Ctrl Pts',(33.3382411402446,15.8001444889044,3.00000000000011));
#7079=CARTESIAN_POINT('Ctrl Pts',(34.0555735054848,14.8780385939061,-1.81382686648135E-13));
#7080=CARTESIAN_POINT('Ctrl Pts',(33.9931066396616,14.8467005623964,0.999999999999915));
#7081=CARTESIAN_POINT('Ctrl Pts',(33.9306277707173,14.8154464007914,2.00000000000001));
#7082=CARTESIAN_POINT('Ctrl Pts',(33.8681609048941,14.7841083692816,3.00000000000011));
#7083=CARTESIAN_POINT('Ctrl Pts',(34.6189932243454,13.8694680287039,-1.81382686648135E-13));
#7084=CARTESIAN_POINT('Ctrl Pts',(34.5602291996127,13.830953493821,0.999999999999915));
#7085=CARTESIAN_POINT('Ctrl Pts',(34.5014218443157,13.7925632397632,2.00000000000001));
#7086=CARTESIAN_POINT('Ctrl Pts',(34.442657819583,13.7540487048802,3.00000000000011));
#7087=CARTESIAN_POINT('Ctrl Pts',(35.3276600573088,12.9824083867402,-1.81382686648135E-13));
#7088=CARTESIAN_POINT('Ctrl Pts',(35.2766789032076,12.9340991628522,0.999999999999915));
#7089=CARTESIAN_POINT('Ctrl Pts',(35.2257663452089,12.8858900373659,2.00000000000001));
#7090=CARTESIAN_POINT('Ctrl Pts',(35.1747851911076,12.8375808134779,3.00000000000011));
#7091=CARTESIAN_POINT('Ctrl Pts',(36.1537770079718,12.1921778501772,-1.81382686648135E-13));
#7092=CARTESIAN_POINT('Ctrl Pts',(36.1074280917832,12.1399632079317,0.999999999999915));
#7093=CARTESIAN_POINT('Ctrl Pts',(36.0610296079957,12.0878448171726,2.00000000000001));
#7094=CARTESIAN_POINT('Ctrl Pts',(36.0146806918071,12.0356301749271,3.00000000000011));
#7095=CARTESIAN_POINT('Ctrl Pts',(37.057375852155,11.4682265788597,-1.81382686648135E-13));
#7096=CARTESIAN_POINT('Ctrl Pts',(37.0176266070078,11.4098678450721,0.999999999999915));
#7097=CARTESIAN_POINT('Ctrl Pts',(36.9779932694064,11.3516018128913,2.00000000000001));
#7098=CARTESIAN_POINT('Ctrl Pts',(36.9382440242591,11.2932430791036,3.00000000000011));
#7099=CARTESIAN_POINT('Ctrl Pts',(38.1113289448079,10.9477468544461,-1.81382686648135E-13));
#7100=CARTESIAN_POINT('Ctrl Pts',(38.0904442951763,10.8798863073851,0.999999999999914));
#7101=CARTESIAN_POINT('Ctrl Pts',(38.0695133866311,10.8121317685998,2.00000000000001));
#7102=CARTESIAN_POINT('Ctrl Pts',(38.0486287369995,10.7442712215388,3.00000000000011));
#7103=CARTESIAN_POINT('Ctrl Pts',(39.348957086455,10.7302434391885,-1.81382686648135E-13));
#7104=CARTESIAN_POINT('Ctrl Pts',(39.3440129375099,10.6603585339188,0.999999999999916));
#7105=CARTESIAN_POINT('Ctrl Pts',(39.3393149898561,10.5905009958509,2.00000000000001));
#7106=CARTESIAN_POINT('Ctrl Pts',(39.334370840911,10.5206160905811,3.00000000000011));
#7107=CARTESIAN_POINT('Ctrl Pts',(40.6933320765348,10.6893240646392,-1.81382686648135E-13));
#7108=CARTESIAN_POINT('Ctrl Pts',(40.6926048049933,10.6193621490006,0.999999999999914));
#7109=CARTESIAN_POINT('Ctrl Pts',(40.6917501257445,10.5495747104818,2.00000000000001));
#7110=CARTESIAN_POINT('Ctrl Pts',(40.691022854203,10.4796127948432,3.00000000000011));
#7111=CARTESIAN_POINT('Ctrl Pts',(42.4941114723275,10.6678024846114,-1.81382686648135E-13));
#7112=CARTESIAN_POINT('Ctrl Pts',(42.4937335006639,10.5979958665355,0.999999999999917));
#7113=CARTESIAN_POINT('Ctrl Pts',(42.4937579596399,10.5281855498759,2.00000000000001));
#7114=CARTESIAN_POINT('Ctrl Pts',(42.4933799879763,10.4583789318,3.00000000000011));
#7115=CARTESIAN_POINT('Ctrl Pts',(44.2411459437948,10.7672328034623,-1.81382686648135E-13));
#7116=CARTESIAN_POINT('Ctrl Pts',(44.2530613274849,10.6970954092167,0.999999999999914));
#7117=CARTESIAN_POINT('Ctrl Pts',(44.2649205495819,10.6270999999371,2.00000000000001));
#7118=CARTESIAN_POINT('Ctrl Pts',(44.2768359332719,10.5569626056915,3.00000000000011));
#7119=CARTESIAN_POINT('Ctrl Pts',(45.7420878332108,11.3637942493193,-1.81382686648135E-13));
#7120=CARTESIAN_POINT('Ctrl Pts',(45.7762074959419,11.3016837839692,0.999999999999916));
#7121=CARTESIAN_POINT('Ctrl Pts',(45.8101841271483,11.2397445077883,2.00000000000001));
#7122=CARTESIAN_POINT('Ctrl Pts',(45.8443037898794,11.1776340424381,3.0000000000001));
#7123=CARTESIAN_POINT('Ctrl Pts',(46.6751098613206,12.0402611213127,-1.81382686648135E-13));
#7124=CARTESIAN_POINT('Ctrl Pts',(46.7222687980523,11.9882161402463,0.999999999999914));
#7125=CARTESIAN_POINT('Ctrl Pts',(46.7695607480183,11.9363701620069,2.00000000000001));
#7126=CARTESIAN_POINT('Ctrl Pts',(46.81671968475,11.8843251809404,3.0000000000001));
#7127=CARTESIAN_POINT('Ctrl Pts',(47.4682935812553,12.8586191707646,-1.81382686648135E-13));
#7128=CARTESIAN_POINT('Ctrl Pts',(47.5206647323119,12.8122756323588,0.999999999999916));
#7129=CARTESIAN_POINT('Ctrl Pts',(47.5729095917179,12.7659457136217,2.00000000000001));
#7130=CARTESIAN_POINT('Ctrl Pts',(47.6252807427745,12.7196021752159,3.0000000000001));
#7131=CARTESIAN_POINT('Ctrl Pts',(48.1949339263296,13.7346337349749,-1.81382686648135E-13));
#7132=CARTESIAN_POINT('Ctrl Pts',(48.2507889337764,13.6921893742448,0.999999999999914));
#7133=CARTESIAN_POINT('Ctrl Pts',(48.3066968860257,13.6498194898366,2.00000000000001));
#7134=CARTESIAN_POINT('Ctrl Pts',(48.3625518934725,13.6073751291065,3.0000000000001));
#7135=CARTESIAN_POINT('Ctrl Pts',(48.8241821841877,14.6960683818022,-1.81382686648135E-13));
#7136=CARTESIAN_POINT('Ctrl Pts',(48.8855169949426,14.6622829583926,0.999999999999917));
#7137=CARTESIAN_POINT('Ctrl Pts',(48.9468891924571,14.6285867267579,2.00000000000001));
#7138=CARTESIAN_POINT('Ctrl Pts',(49.0082240032121,14.5948013033483,3.0000000000001));
#7139=CARTESIAN_POINT('Ctrl Pts',(49.3427045786447,15.7382657652015,-1.81382686648135E-13));
#7140=CARTESIAN_POINT('Ctrl Pts',(49.4055407774136,15.7073453217683,0.999999999999913));
#7141=CARTESIAN_POINT('Ctrl Pts',(49.4684750973264,15.6765457754268,2.00000000000001));
#7142=CARTESIAN_POINT('Ctrl Pts',(49.5313112960953,15.6456253319935,3.0000000000001));
#7143=CARTESIAN_POINT('Ctrl Pts',(49.9211647816266,16.7106355639885,-1.81382686648135E-13));
#7144=CARTESIAN_POINT('Ctrl Pts',(49.9776121991917,16.6686419139215,0.999999999999918));
#7145=CARTESIAN_POINT('Ctrl Pts',(50.0341073219457,16.6267361582951,2.00000000000001));
#7146=CARTESIAN_POINT('Ctrl Pts',(50.0905547395108,16.5847425082282,3.00000000000011));
#7147=CARTESIAN_POINT('Ctrl Pts',(50.6005717717626,17.4839568611199,-1.81382686648135E-13));
#7148=CARTESIAN_POINT('Ctrl Pts',(50.6517620032594,17.4364047597937,0.999999999999912));
#7149=CARTESIAN_POINT('Ctrl Pts',(50.7031721399653,17.3890381884253,2.00000000000001));
#7150=CARTESIAN_POINT('Ctrl Pts',(50.7543623714621,17.3414860870991,3.00000000000011));
#7151=CARTESIAN_POINT('Ctrl Pts',(51.2112496894103,18.2103955765103,-1.81382686648135E-13));
#7152=CARTESIAN_POINT('Ctrl Pts',(51.2675028385865,18.1684376820841,0.999999999999917));
#7153=CARTESIAN_POINT('Ctrl Pts',(51.3236342471441,18.1264628612226,2.00000000000001));
#7154=CARTESIAN_POINT('Ctrl Pts',(51.3798873963202,18.0845049667963,3.00000000000011));
#7155=CARTESIAN_POINT('Ctrl Pts',(51.6781498639405,18.9355162540041,-1.81382686648135E-13));
#7156=CARTESIAN_POINT('Ctrl Pts',(51.7392970217731,18.9014197082086,0.999999999999913));
#7157=CARTESIAN_POINT('Ctrl Pts',(51.8007334893166,18.8675865549794,2.00000000000001));
#7158=CARTESIAN_POINT('Ctrl Pts',(51.8618806471492,18.833490009184,3.00000000000011));
#7159=CARTESIAN_POINT('Ctrl Pts',(52.0773650407795,19.7091791169885,-1.81382686648135E-13));
#7160=CARTESIAN_POINT('Ctrl Pts',(52.1399171323751,19.677920902904,0.999999999999916));
#7161=CARTESIAN_POINT('Ctrl Pts',(52.2024517975081,19.6466977154021,2.00000000000001));
#7162=CARTESIAN_POINT('Ctrl Pts',(52.2650038891037,19.6154395013176,3.00000000000011));
#7163=CARTESIAN_POINT('Ctrl Pts',(52.4831743211677,20.4702420171586,-1.81382686648135E-13));
#7164=CARTESIAN_POINT('Ctrl Pts',(52.5435007508073,20.4347521631325,0.999999999999915));
#7165=CARTESIAN_POINT('Ctrl Pts',(52.6042815580662,20.3996361327271,2.00000000000001));
#7166=CARTESIAN_POINT('Ctrl Pts',(52.6646079877058,20.364146278701,3.00000000000011));
#7167=CARTESIAN_POINT('Ctrl Pts',(52.9511331965414,21.1768280246826,-1.81382686648135E-13));
#7168=CARTESIAN_POINT('Ctrl Pts',(53.0076051498564,21.1352440412713,0.999999999999914));
#7169=CARTESIAN_POINT('Ctrl Pts',(53.0638286240707,21.0934473637423,2.00000000000001));
#7170=CARTESIAN_POINT('Ctrl Pts',(53.1203005773856,21.051863380331,3.00000000000011));
#7171=CARTESIAN_POINT('Ctrl Pts',(53.6622211822232,22.046407370155,-1.81382686648135E-13));
#7172=CARTESIAN_POINT('Ctrl Pts',(53.7126090286704,21.9978007255437,0.999999999999916));
#7173=CARTESIAN_POINT('Ctrl Pts',(53.7638277184086,21.9499283955327,2.00000000000001));
#7174=CARTESIAN_POINT('Ctrl Pts',(53.8142155648558,21.9013217509214,3.00000000000011));
#7175=CARTESIAN_POINT('Ctrl Pts',(55.0708299344328,23.4230870549095,-1.81382686648135E-13));
#7176=CARTESIAN_POINT('Ctrl Pts',(55.1189082384601,23.3723528311242,0.999999999999915));
#7177=CARTESIAN_POINT('Ctrl Pts',(55.1666481805986,23.3212911529175,2.00000000000001));
#7178=CARTESIAN_POINT('Ctrl Pts',(55.214726484626,23.2705569291322,3.00000000000011));
#7179=CARTESIAN_POINT('Ctrl Pts',(56.6654695863526,25.0202014222821,-1.81382686648135E-13));
#7180=CARTESIAN_POINT('Ctrl Pts',(56.7156619157087,24.9714591585973,0.999999999999915));
#7181=CARTESIAN_POINT('Ctrl Pts',(56.7649893220532,24.9218401040617,2.00000000000001));
#7182=CARTESIAN_POINT('Ctrl Pts',(56.8151816514093,24.8730978403769,3.00000000000011));
#7183=CARTESIAN_POINT('Ctrl Pts',(58.2643502425213,26.6080837918087,-1.81382686648135E-13));
#7184=CARTESIAN_POINT('Ctrl Pts',(58.3132379734642,26.5580994069822,0.999999999999915));
#7185=CARTESIAN_POINT('Ctrl Pts',(58.3623138217502,26.5082453961957,2.00000000000001));
#7186=CARTESIAN_POINT('Ctrl Pts',(58.4112015526932,26.4582610113692,3.00000000000011));
#7187=CARTESIAN_POINT('Ctrl Pts',(59.4621435215284,27.8028982348763,-1.81382686648135E-13));
#7188=CARTESIAN_POINT('Ctrl Pts',(59.511686272043,27.75354159899,0.999999999999915));
#7189=CARTESIAN_POINT('Ctrl Pts',(59.5606432767751,27.7035391887851,2.00000000000002));
#7190=CARTESIAN_POINT('Ctrl Pts',(59.6101860272897,27.6541825528989,3.00000000000011));
#7191=CARTESIAN_POINT('Ctrl Pts',(60.6642345125707,28.9900790589209,-1.81382686648135E-13));
#7192=CARTESIAN_POINT('Ctrl Pts',(60.7133523182557,28.9403072610065,0.999999999999915));
#7193=CARTESIAN_POINT('Ctrl Pts',(60.7626743147795,28.890648429498,2.00000000000002));
#7194=CARTESIAN_POINT('Ctrl Pts',(60.8117921204645,28.8408766315835,3.00000000000011));
#7195=CARTESIAN_POINT('Ctrl Pts',(61.8571204328208,30.192768309028,-1.81382686648135E-13));
#7196=CARTESIAN_POINT('Ctrl Pts',(61.9069261961782,30.1436865697816,0.999999999999914));
#7197=CARTESIAN_POINT('Ctrl Pts',(61.9565697460108,30.0943236502759,2.00000000000002));
#7198=CARTESIAN_POINT('Ctrl Pts',(62.0063755093682,30.0452419110295,3.00000000000011));
#7199=CARTESIAN_POINT('Ctrl Pts',(63.0642882093011,31.3702014011735,-1.81382686648135E-13));
#7200=CARTESIAN_POINT('Ctrl Pts',(63.1125261365337,31.3195422961174,0.999999999999916));
#7201=CARTESIAN_POINT('Ctrl Pts',(63.1609649758072,31.2689382301352,2.00000000000002));
#7202=CARTESIAN_POINT('Ctrl Pts',(63.2092029030398,31.218279125079,3.00000000000011));
#7203=CARTESIAN_POINT('Ctrl Pts',(64.0625393928761,32.3690526599986,-1.81382686648135E-13));
#7204=CARTESIAN_POINT('Ctrl Pts',(64.1131256367716,32.3207703448553,0.999999999999914));
#7205=CARTESIAN_POINT('Ctrl Pts',(64.1636660326444,32.2722551979726,2.00000000000002));
#7206=CARTESIAN_POINT('Ctrl Pts',(64.2142522765399,32.2239728828293,3.00000000000011));
#7207=CARTESIAN_POINT('Ctrl Pts',(64.8580947545689,33.1700278372129,-1.81382686648135E-13));
#7208=CARTESIAN_POINT('Ctrl Pts',(64.9063744444663,33.1193703591482,0.999999999999916));
#7209=CARTESIAN_POINT('Ctrl Pts',(64.9543580671778,33.0681751638213,2.00000000000002));
#7210=CARTESIAN_POINT('Ctrl Pts',(65.0026377570753,33.0175176857566,3.00000000000011));
#7211=CARTESIAN_POINT('Ctrl Pts',(65.4950941677549,33.7155960754574,-1.81382686648135E-13));
#7212=CARTESIAN_POINT('Ctrl Pts',(65.5374622368474,33.6596892588267,0.999999999999915));
#7213=CARTESIAN_POINT('Ctrl Pts',(65.5797378216548,33.6034104572313,2.00000000000002));
#7214=CARTESIAN_POINT('Ctrl Pts',(65.6221058907472,33.5475036406006,3.00000000000011));
#7215=CARTESIAN_POINT('Ctrl Pts',(66.1986405804995,34.1800634345502,-1.81382686648135E-13));
#7216=CARTESIAN_POINT('Ctrl Pts',(66.2336169634394,34.1193738788522,0.999999999999915));
#7217=CARTESIAN_POINT('Ctrl Pts',(66.2683892545208,34.0582760398255,2.00000000000002));
#7218=CARTESIAN_POINT('Ctrl Pts',(66.3033656374607,33.9975864841275,3.00000000000011));
#7219=CARTESIAN_POINT('Ctrl Pts',(66.8330538945673,34.5168523908519,-1.81382686648135E-13));
#7220=CARTESIAN_POINT('Ctrl Pts',(66.86515884094,34.454780973089,0.999999999999915));
#7221=CARTESIAN_POINT('Ctrl Pts',(66.8971679425027,34.3922465988609,2.00000000000002));
#7222=CARTESIAN_POINT('Ctrl Pts',(66.9292728888754,34.330175181098,3.00000000000011));
#7223=CARTESIAN_POINT('Ctrl Pts',(67.3467137921856,34.7854057264259,-1.81382686648135E-13));
#7224=CARTESIAN_POINT('Ctrl Pts',(67.3794890777165,34.7235811428272,0.999999999999915));
#7225=CARTESIAN_POINT('Ctrl Pts',(67.4119880737462,34.6614117145547,2.00000000000002));
#7226=CARTESIAN_POINT('Ctrl Pts',(67.444763359277,34.5995871309561,3.00000000000011));
#7227=CARTESIAN_POINT('Ctrl Pts',(67.8556897347948,35.0632489313247,-1.81382686648135E-13));
#7228=CARTESIAN_POINT('Ctrl Pts',(67.8905591539492,35.002715566403,0.999999999999916));
#7229=CARTESIAN_POINT('Ctrl Pts',(67.9254305232495,34.9415881889354,2.00000000000002));
#7230=CARTESIAN_POINT('Ctrl Pts',(67.9602999424039,34.8810548240138,3.00000000000011));
#7231=CARTESIAN_POINT('Ctrl Pts',(68.7181623731694,35.591917517884,-1.81382686648135E-13));
#7232=CARTESIAN_POINT('Ctrl Pts',(68.7600692163072,35.5352377716874,0.999999999999913));
#7233=CARTESIAN_POINT('Ctrl Pts',(68.8015655556191,35.4783517992212,2.00000000000002));
#7234=CARTESIAN_POINT('Ctrl Pts',(68.8434723987569,35.4216720530246,3.00000000000011));
#7235=CARTESIAN_POINT('Ctrl Pts',(69.7890008362471,36.532536412284,-1.81382686648135E-13));
#7236=CARTESIAN_POINT('Ctrl Pts',(69.8397880693893,36.4846537315312,0.999999999999917));
#7237=CARTESIAN_POINT('Ctrl Pts',(69.8903982672202,36.4361219053901,2.00000000000002));
#7238=CARTESIAN_POINT('Ctrl Pts',(69.9411855003624,36.3882392246373,3.00000000000011));
#7239=CARTESIAN_POINT('Ctrl Pts',(70.94724925084,37.7609587259978,-1.81382686648135E-13));
#7240=CARTESIAN_POINT('Ctrl Pts',(70.9958802792941,37.7100466992264,0.999999999999913));
#7241=CARTESIAN_POINT('Ctrl Pts',(71.0443261155527,37.658583187836,2.00000000000002));
#7242=CARTESIAN_POINT('Ctrl Pts',(71.0929571440068,37.6076711610646,3.00000000000011));
#7243=CARTESIAN_POINT('Ctrl Pts',(72.2969094764735,38.7717015012426,-1.81382686648135E-13));
#7244=CARTESIAN_POINT('Ctrl Pts',(72.3316076133834,38.7104996671045,0.999999999999917));
#7245=CARTESIAN_POINT('Ctrl Pts',(72.3657604689114,38.6483094152044,2.00000000000001));
#7246=CARTESIAN_POINT('Ctrl Pts',(72.4004586058213,38.5871075810663,3.00000000000011));
#7247=CARTESIAN_POINT('Ctrl Pts',(73.6074858240225,39.4082871180281,-1.81382686648135E-13));
#7248=CARTESIAN_POINT('Ctrl Pts',(73.638176028496,39.3454790922174,0.999999999999913));
#7249=CARTESIAN_POINT('Ctrl Pts',(73.6687066544658,39.2816887968516,2.00000000000002));
#7250=CARTESIAN_POINT('Ctrl Pts',(73.6993968589393,39.2188807710409,3.00000000000011));
#7251=CARTESIAN_POINT('Ctrl Pts',(74.5962119835648,39.9973122420997,-1.81382686648135E-13));
#7252=CARTESIAN_POINT('Ctrl Pts',(74.635634976311,39.9393011067216,0.999999999999917));
#7253=CARTESIAN_POINT('Ctrl Pts',(74.674269588786,39.8800682125482,2.00000000000001));
#7254=CARTESIAN_POINT('Ctrl Pts',(74.7136925815323,39.82205707717,3.00000000000011));
#7255=CARTESIAN_POINT('Ctrl Pts',(75.2705902789668,40.5199348051718,-1.81382686648135E-13));
#7256=CARTESIAN_POINT('Ctrl Pts',(75.316625913616,40.4669918458501,0.999999999999913));
#7257=CARTESIAN_POINT('Ctrl Pts',(75.362510435955,40.41356805827,2.00000000000002));
#7258=CARTESIAN_POINT('Ctrl Pts',(75.4085460706042,40.3606250989484,3.00000000000011));
#7259=CARTESIAN_POINT('Ctrl Pts',(75.8853590460337,41.1135353559714,-1.81382686648135E-13));
#7260=CARTESIAN_POINT('Ctrl Pts',(75.9361720563696,41.0656727541946,0.999999999999915));
#7261=CARTESIAN_POINT('Ctrl Pts',(75.9861402379456,41.0160599528727,2.00000000000002));
#7262=CARTESIAN_POINT('Ctrl Pts',(76.0369532482815,40.9681973510959,3.00000000000011));
#7263=CARTESIAN_POINT('Ctrl Pts',(76.6505516689914,41.9678133248811,-1.81382686648135E-13));
#7264=CARTESIAN_POINT('Ctrl Pts',(76.7048494616956,41.9228772787524,0.999999999999916));
#7265=CARTESIAN_POINT('Ctrl Pts',(76.7592586615701,41.8785061258265,2.00000000000002));
#7266=CARTESIAN_POINT('Ctrl Pts',(76.8135564542743,41.8335700796978,3.00000000000011));
#7267=CARTESIAN_POINT('Ctrl Pts',(77.463068042613,43.1780465991976,-1.81382686648135E-13));
#7268=CARTESIAN_POINT('Ctrl Pts',(77.5304914900982,43.1526978586891,0.999999999999913));
#7269=CARTESIAN_POINT('Ctrl Pts',(77.5985417952684,43.1287922307655,2.00000000000002));
#7270=CARTESIAN_POINT('Ctrl Pts',(77.6659652427536,43.1034434902571,3.00000000000011));
#7271=CARTESIAN_POINT('Ctrl Pts',(77.7032326593426,44.7553026951412,-1.81382686648135E-13));
#7272=CARTESIAN_POINT('Ctrl Pts',(77.7734718646546,44.7521480518412,0.999999999999917));
#7273=CARTESIAN_POINT('Ctrl Pts',(77.8436382710453,44.7488399542577,2.00000000000002));
#7274=CARTESIAN_POINT('Ctrl Pts',(77.9138774763573,44.7456853109577,3.00000000000011));
#7275=CARTESIAN_POINT('Ctrl Pts',(77.7255241578548,46.0982853160793,-1.81382686648135E-13));
#7276=CARTESIAN_POINT('Ctrl Pts',(77.7953386287702,46.0978468555686,0.999999999999914));
#7277=CARTESIAN_POINT('Ctrl Pts',(77.8656412317728,46.0985433646616,2.00000000000002));
#7278=CARTESIAN_POINT('Ctrl Pts',(77.9354557026882,46.0981049041509,3.00000000000011));
#7279=CARTESIAN_POINT('Ctrl Pts',(77.7254934685714,47.4439847071401,-1.81382686648135E-13));
#7280=CARTESIAN_POINT('Ctrl Pts',(77.7955041512937,47.4440056273088,0.999999999999917));
#7281=CARTESIAN_POINT('Ctrl Pts',(77.865733937914,47.4450659793052,2.00000000000002));
#7282=CARTESIAN_POINT('Ctrl Pts',(77.9357446206363,47.4450868994739,3.00000000000011));
#7283=CARTESIAN_POINT('Ctrl Pts',(77.738516682218,49.1039612473087,-1.81382686648135E-13));
#7284=CARTESIAN_POINT('Ctrl Pts',(77.8084086861376,49.1034972212736,0.999999999999914));
#7285=CARTESIAN_POINT('Ctrl Pts',(77.8786591158711,49.1040368189878,2.00000000000002));
#7286=CARTESIAN_POINT('Ctrl Pts',(77.9485511197907,49.1035727929528,3.00000000000011));
#7287=CARTESIAN_POINT('Ctrl Pts',(77.7350776079792,51.7905617078314,-1.81382686648135E-13));
#7288=CARTESIAN_POINT('Ctrl Pts',(77.8050191713156,51.7909057438935,0.999999999999915));
#7289=CARTESIAN_POINT('Ctrl Pts',(77.8752305389811,51.7927287936043,2.00000000000002));
#7290=CARTESIAN_POINT('Ctrl Pts',(77.9451721023174,51.7930728296664,3.00000000000011));
#7291=CARTESIAN_POINT('Ctrl Pts',(77.731732536733,56.4832266238558,-1.81382686648135E-13));
#7292=CARTESIAN_POINT('Ctrl Pts',(77.8016452274805,56.4828884467236,0.999999999999914));
#7293=CARTESIAN_POINT('Ctrl Pts',(77.8717819901989,56.4825207850032,2.00000000000002));
#7294=CARTESIAN_POINT('Ctrl Pts',(77.9416946809464,56.482182607871,3.00000000000011));
#7295=CARTESIAN_POINT('Ctrl Pts',(77.7366010945668,63.1851385265729,-1.81382686648135E-13));
#7296=CARTESIAN_POINT('Ctrl Pts',(77.80654125316,63.1854485532434,0.999999999999916));
#7297=CARTESIAN_POINT('Ctrl Pts',(77.8765097556125,63.1863774064253,2.00000000000001));
#7298=CARTESIAN_POINT('Ctrl Pts',(77.9464499142058,63.1866874330959,3.00000000000011));
#7299=CARTESIAN_POINT('Ctrl Pts',(77.7297302181628,69.2144260238639,-1.81382686648135E-13));
#7300=CARTESIAN_POINT('Ctrl Pts',(77.7996459902301,69.2141845207748,0.999999999999914));
#7301=CARTESIAN_POINT('Ctrl Pts',(77.8695890140205,69.2136928308508,2.00000000000001));
#7302=CARTESIAN_POINT('Ctrl Pts',(77.9395047860877,69.2134513277617,3.00000000000011));
#7303=CARTESIAN_POINT('Ctrl Pts',(77.7371165120411,73.2395302859769,-1.81382686648135E-13));
#7304=CARTESIAN_POINT('Ctrl Pts',(77.8070573083802,73.2398150660558,0.999999999999916));
#7305=CARTESIAN_POINT('Ctrl Pts',(77.8768977672263,73.2404682157675,2.00000000000001));
#7306=CARTESIAN_POINT('Ctrl Pts',(77.9468385635654,73.2407529958463,3.00000000000011));
#7307=CARTESIAN_POINT('Ctrl Pts',(77.5918475956733,75.2034300650096,-1.81382686648135E-13));
#7308=CARTESIAN_POINT('Ctrl Pts',(77.6614166651578,75.2161613925483,0.999999999999915));
#7309=CARTESIAN_POINT('Ctrl Pts',(77.7310229132509,75.2291650891616,2.00000000000001));
#7310=CARTESIAN_POINT('Ctrl Pts',(77.8005919827354,75.2418964167002,3.00000000000011));
#7311=CARTESIAN_POINT('Ctrl Pts',(77.0892556696386,76.6081664955625,-1.81382686648135E-13));
#7312=CARTESIAN_POINT('Ctrl Pts',(77.1532194432938,76.6377378385874,0.999999999999914));
#7313=CARTESIAN_POINT('Ctrl Pts',(77.2170023018948,76.6674524718489,2.00000000000001));
#7314=CARTESIAN_POINT('Ctrl Pts',(77.2809660755499,76.6970238148738,3.00000000000011));
#7315=CARTESIAN_POINT('Ctrl Pts',(76.536160804822,77.6335501632909,-1.81382686648135E-13));
#7316=CARTESIAN_POINT('Ctrl Pts',(76.5966257693015,77.6682494766076,0.999999999999915));
#7317=CARTESIAN_POINT('Ctrl Pts',(76.6571888757824,77.703358523882,2.00000000000001));
#7318=CARTESIAN_POINT('Ctrl Pts',(76.7176538402619,77.7380578371986,3.00000000000011));
#7319=CARTESIAN_POINT('Ctrl Pts',(75.9340096787405,78.6282577312317,-1.81382686648135E-13));
#7320=CARTESIAN_POINT('Ctrl Pts',(75.9920407925999,78.6683367957285,0.999999999999914));
#7321=CARTESIAN_POINT('Ctrl Pts',(76.0499661230085,78.7085951831954,2.00000000000001));
#7322=CARTESIAN_POINT('Ctrl Pts',(76.1079972368678,78.7486742476922,3.0000000000001));
#7323=CARTESIAN_POINT('Ctrl Pts',(75.1741192935593,79.4896561339824,-1.81382686648135E-13));
#7324=CARTESIAN_POINT('Ctrl Pts',(75.2197930287285,79.5440641188458,0.999999999999915));
#7325=CARTESIAN_POINT('Ctrl Pts',(75.2650444528,79.5990258453461,2.00000000000001));
#7326=CARTESIAN_POINT('Ctrl Pts',(75.3107181879692,79.6534338302096,3.0000000000001));
#7327=CARTESIAN_POINT('Ctrl Pts',(74.1836515360397,80.0922976329605,-1.81382686648135E-13));
#7328=CARTESIAN_POINT('Ctrl Pts',(74.2154954673791,80.1546813795537,0.999999999999915));
#7329=CARTESIAN_POINT('Ctrl Pts',(74.2477827798595,80.2171261132277,2.00000000000001));
#7330=CARTESIAN_POINT('Ctrl Pts',(74.2796267111989,80.2795098598209,3.0000000000001));
#7331=CARTESIAN_POINT('Ctrl Pts',(73.1154503207929,80.589815623681,-1.81382686648135E-13));
#7332=CARTESIAN_POINT('Ctrl Pts',(73.1426915244762,80.6542513160809,0.999999999999915));
#7333=CARTESIAN_POINT('Ctrl Pts',(73.1698273055876,80.718886743758,2.00000000000001));
#7334=CARTESIAN_POINT('Ctrl Pts',(73.197068509271,80.7833224361578,3.00000000000011));
#7335=CARTESIAN_POINT('Ctrl Pts',(71.7913314523822,81.1873183310274,-1.81382686648135E-13));
#7336=CARTESIAN_POINT('Ctrl Pts',(71.8236211033773,81.2494217404994,0.999999999999916));
#7337=CARTESIAN_POINT('Ctrl Pts',(71.8559438406856,81.3118014422513,2.00000000000001));
#7338=CARTESIAN_POINT('Ctrl Pts',(71.8882334916808,81.3739048517233,3.00000000000011));
#7339=CARTESIAN_POINT('Ctrl Pts',(70.3227455462189,82.0616732228751,-1.81382686648135E-13));
#7340=CARTESIAN_POINT('Ctrl Pts',(70.3623357691392,82.11975674079,0.999999999999914));
#7341=CARTESIAN_POINT('Ctrl Pts',(70.401888930631,82.178004693819,2.00000000000001));
#7342=CARTESIAN_POINT('Ctrl Pts',(70.4414791535513,82.2360882117339,3.00000000000011));
#7343=CARTESIAN_POINT('Ctrl Pts',(69.0211927166763,83.1367008967893,-1.81382686648135E-13));
#7344=CARTESIAN_POINT('Ctrl Pts',(69.0705567093404,83.1865372225319,0.999999999999915));
#7345=CARTESIAN_POINT('Ctrl Pts',(69.1199159044148,83.2364301220625,2.00000000000001));
#7346=CARTESIAN_POINT('Ctrl Pts',(69.1692798970789,83.2862664478051,3.00000000000011));
#7347=CARTESIAN_POINT('Ctrl Pts',(68.0571479539578,84.1615529157879,-1.81382686648135E-13));
#7348=CARTESIAN_POINT('Ctrl Pts',(68.1077232391802,84.2097516633572,0.999999999999915));
#7349=CARTESIAN_POINT('Ctrl Pts',(68.1584210853349,84.2579213829373,2.00000000000001));
#7350=CARTESIAN_POINT('Ctrl Pts',(68.2089963705574,84.3061201305067,3.00000000000011));
#7351=CARTESIAN_POINT('Ctrl Pts',(66.8620867149589,85.3612762431888,-1.81382686648135E-13));
#7352=CARTESIAN_POINT('Ctrl Pts',(66.9105466069495,85.411801691235,0.999999999999914));
#7353=CARTESIAN_POINT('Ctrl Pts',(66.959280394545,85.4619097884621,2.00000000000001));
#7354=CARTESIAN_POINT('Ctrl Pts',(67.0077402865356,85.5124352365082,3.00000000000011));
#7355=CARTESIAN_POINT('Ctrl Pts',(66.0489717630707,86.1427114186928,-1.81382686648135E-13));
#7356=CARTESIAN_POINT('Ctrl Pts',(66.0979864360445,86.1925159978196,0.999999999999916));
#7357=CARTESIAN_POINT('Ctrl Pts',(66.1472250772514,86.2423134090871,2.00000000000001));
#7358=CARTESIAN_POINT('Ctrl Pts',(66.1962397502252,86.2921179882138,3.00000000000011));
#7359=CARTESIAN_POINT('Ctrl Pts',(65.4516477341518,86.740157052262,-1.81382686648135E-13));
#7360=CARTESIAN_POINT('Ctrl Pts',(65.5010984894345,86.7895977422911,0.999999999999915));
#7361=CARTESIAN_POINT('Ctrl Pts',(65.5505492447172,86.8390384323203,2.00000000000001));
#7362=CARTESIAN_POINT('Ctrl Pts',(65.5999999999999,86.8884791223494,3.00000000000011));
#7363=CARTESIAN_POINT('',(19.,90.1135488318808,3.));
#7364=CARTESIAN_POINT('Ctrl Pts',(18.9998187063022,89.7893836007904,-1.81382686648135E-13));
#7365=CARTESIAN_POINT('Ctrl Pts',(18.9999089090928,89.8242712568793,0.327777143847459));
#7366=CARTESIAN_POINT('Ctrl Pts',(18.9999173194581,89.85930060272,0.655872836076889));
#7367=CARTESIAN_POINT('Ctrl Pts',(18.9999189066255,89.8945031596827,0.983853921210505));
#7368=CARTESIAN_POINT('Ctrl Pts',(18.9999197394606,89.9129750129464,1.15595558087825));
#7369=CARTESIAN_POINT('Ctrl Pts',(18.9999182034128,89.9314941855736,1.32802568439484));
#7370=CARTESIAN_POINT('Ctrl Pts',(18.9999202490806,89.9500615389972,1.50000164930597));
#7371=CARTESIAN_POINT('Ctrl Pts',(18.9999234097311,89.9787489500841,1.7657123884677));
#7372=CARTESIAN_POINT('Ctrl Pts',(18.9999370958387,90.0075990058668,2.03162576479913));
#7373=CARTESIAN_POINT('Ctrl Pts',(18.9999578665377,90.0365973391509,2.29751637727155));
#7374=CARTESIAN_POINT('Ctrl Pts',(18.9999761640086,90.0621427557481,2.53174661382863));
#7375=CARTESIAN_POINT('Ctrl Pts',(19.,90.0878032680036,2.76595918489149));
#7376=CARTESIAN_POINT('Ctrl Pts',(19.,90.1135488318807,3.00000000000011));
#7377=CARTESIAN_POINT('Ctrl Pts',(65.6000000176644,86.8884791046889,3.00000000007692));
#7378=CARTESIAN_POINT('Ctrl Pts',(66.1962397622474,86.2921179766705,3.00000000007692));
#7379=CARTESIAN_POINT('Ctrl Pts',(66.8048651584117,85.7073559185287,3.00000000007692));
#7380=CARTESIAN_POINT('Ctrl Pts',(67.4074925345281,85.1087972437431,3.00000000007692));
#7381=CARTESIAN_POINT('Ctrl Pts',(67.6083683285503,84.9092776835113,3.00000000007692));
#7382=CARTESIAN_POINT('Ctrl Pts',(67.8085776758873,84.7082251658443,3.00000000007692));
#7383=CARTESIAN_POINT('Ctrl Pts',(68.00606947588,84.5061999085529,3.00000000007692));
#7384=CARTESIAN_POINT('Ctrl Pts',(68.4010530758655,84.1021493939701,3.00000000007692));
#7385=CARTESIAN_POINT('Ctrl Pts',(68.7851664864741,83.6942079208895,3.00000000007692));
#7386=CARTESIAN_POINT('Ctrl Pts',(69.1892564011903,83.3152074783374,3.00000000007692));
#7387=CARTESIAN_POINT('Ctrl Pts',(69.5933463159065,82.9362070357854,3.00000000007691));
#7388=CARTESIAN_POINT('Ctrl Pts',(70.0174127347304,82.5861476237618,3.00000000007691));
#7389=CARTESIAN_POINT('Ctrl Pts',(70.4705716671639,82.2674206910817,3.00000000007691));
#7390=CARTESIAN_POINT('Ctrl Pts',(70.9237305995973,81.9486937584016,3.00000000007692));
#7391=CARTESIAN_POINT('Ctrl Pts',(71.4059820456403,81.6612993050648,3.00000000007692));
#7392=CARTESIAN_POINT('Ctrl Pts',(71.9088747721797,81.3994855952834,3.00000000007692));
#7393=CARTESIAN_POINT('Ctrl Pts',(72.4117674987192,81.137671885502,3.00000000007692));
#7394=CARTESIAN_POINT('Ctrl Pts',(72.9353015057551,80.9014389192758,3.00000000007691));
#7395=CARTESIAN_POINT('Ctrl Pts',(73.4706655754098,80.6547570717548,3.00000000007691));
#7396=CARTESIAN_POINT('Ctrl Pts',(73.7383476102372,80.5314161479942,3.00000000007691));
#7397=CARTESIAN_POINT('Ctrl Pts',(74.0089871607193,80.40546300391,3.00000000007691));
#7398=CARTESIAN_POINT('Ctrl Pts',(74.2731933705567,80.2642269281663,3.00000000007691));
#7399=CARTESIAN_POINT('Ctrl Pts',(74.5373995803942,80.1229908524227,3.00000000007691));
#7400=CARTESIAN_POINT('Ctrl Pts',(74.795172449587,79.9664718450197,3.00000000007692));
#7401=CARTESIAN_POINT('Ctrl Pts',(75.0334609497905,79.7867292082079,3.00000000007692));
#7402=CARTESIAN_POINT('Ctrl Pts',(75.5100379501976,79.4272439345841,3.00000000007692));
#7403=CARTESIAN_POINT('Ctrl Pts',(75.9086774746474,78.9748641433249,3.00000000007691));
#7404=CARTESIAN_POINT('Ctrl Pts',(76.2447761839287,78.4871987427405,3.00000000007691));
#7405=CARTESIAN_POINT('Ctrl Pts',(76.4128255385694,78.2433660424483,3.00000000007691));
#7406=CARTESIAN_POINT('Ctrl Pts',(76.565239689418,77.9907119398248,3.00000000007692));
#7407=CARTESIAN_POINT('Ctrl Pts',(76.7118607942533,77.7342556357224,3.00000000007692));
#7408=CARTESIAN_POINT('Ctrl Pts',(76.8584818990886,77.47779933162,3.00000000007692));
#7409=CARTESIAN_POINT('Ctrl Pts',(76.9993099579107,77.2175408260387,3.00000000007692));
#7410=CARTESIAN_POINT('Ctrl Pts',(77.1278370576045,76.9470266624395,3.00000000007692));
#7411=CARTESIAN_POINT('Ctrl Pts',(77.384891256992,76.4059983352411,3.00000000007691));
#7412=CARTESIAN_POINT('Ctrl Pts',(77.5927416198664,75.8239473759712,3.00000000007691));
#7413=CARTESIAN_POINT('Ctrl Pts',(77.7210412314419,75.1993979928604,3.00000000007692));
#7414=CARTESIAN_POINT('Ctrl Pts',(77.8493408430174,74.5748486097496,3.00000000007691));
#7415=CARTESIAN_POINT('Ctrl Pts',(77.8980897032941,73.907800802798,3.00000000007692));
#7416=CARTESIAN_POINT('Ctrl Pts',(77.9218529853093,73.2386684269818,3.00000000007692));
#7417=CARTESIAN_POINT('Ctrl Pts',(77.9456162673245,72.5695360511656,3.00000000007692));
#7418=CARTESIAN_POINT('Ctrl Pts',(77.9443939710782,71.8983191064848,3.00000000007692));
#7419=CARTESIAN_POINT('Ctrl Pts',(77.9435704702616,71.227417464192,3.00000000007692));
#7420=CARTESIAN_POINT('Ctrl Pts',(77.9402764669951,68.5438108950211,3.00000000007692));
#7421=CARTESIAN_POINT('Ctrl Pts',(77.9433631906031,65.8652491640585,3.00000000007692));
#7422=CARTESIAN_POINT('Ctrl Pts',(77.9439555057553,63.1850673335322,3.00000000007692));
#7423=CARTESIAN_POINT('Ctrl Pts',(77.9445478209074,60.5048855030059,3.00000000007692));
#7424=CARTESIAN_POINT('Ctrl Pts',(77.9426457276037,57.823083572916,3.00000000007692));
#7425=CARTESIAN_POINT('Ctrl Pts',(77.9433364284533,55.1428220616652,3.00000000007692));
#7426=CARTESIAN_POINT('Ctrl Pts',(77.9436817788781,53.8026913060398,3.00000000007692));
#7427=CARTESIAN_POINT('Ctrl Pts',(77.9446753278412,52.4629456551242,3.00000000007692));
#7428=CARTESIAN_POINT('Ctrl Pts',(77.9461328499867,51.1198637592478,3.00000000007692));
#7429=CARTESIAN_POINT('Ctrl Pts',(77.9468616110594,50.4483228113096,3.00000000007692));
#7430=CARTESIAN_POINT('Ctrl Pts',(77.9477063654278,49.7759478021312,3.00000000007692));
#7431=CARTESIAN_POINT('Ctrl Pts',(77.9455674427811,49.1080631188462,3.00000000007692));
#7432=CARTESIAN_POINT('Ctrl Pts',(77.9434285201343,48.4401784355612,3.00000000007692));
#7433=CARTESIAN_POINT('Ctrl Pts',(77.9383059204726,47.7767840781697,3.00000000007692));
#7434=CARTESIAN_POINT('Ctrl Pts',(77.9365020812693,47.1066586272648,3.00000000007692));
#7435=CARTESIAN_POINT('Ctrl Pts',(77.9356001616677,46.7715959018124,3.00000000007692));
#7436=CARTESIAN_POINT('Ctrl Pts',(77.9355279321806,46.4348504029816,3.00000000007692));
#7437=CARTESIAN_POINT('Ctrl Pts',(77.9327945391457,46.097425204417,3.00000000007692));
#7438=CARTESIAN_POINT('Ctrl Pts',(77.9300611461109,45.7600000058525,3.00000000007692));
#7439=CARTESIAN_POINT('Ctrl Pts',(77.9246665895281,45.4218951075541,3.00000000007692));
#7440=CARTESIAN_POINT('Ctrl Pts',(77.9045427362327,45.0870090539751,3.00000000007692));
#7441=CARTESIAN_POINT('Ctrl Pts',(77.8642950296419,44.417236946817,3.00000000007692));
#7442=CARTESIAN_POINT('Ctrl Pts',(77.7651301362003,43.760340218536,3.00000000007692));
#7443=CARTESIAN_POINT('Ctrl Pts',(77.5450659317835,43.1779171722834,3.00000000007692));
#7444=CARTESIAN_POINT('Ctrl Pts',(77.3250017273667,42.5954941260308,3.00000000007692));
#7445=CARTESIAN_POINT('Ctrl Pts',(76.9840382119745,42.0875447618065,3.00000000007692));
#7446=CARTESIAN_POINT('Ctrl Pts',(76.6115159715128,41.6297707308644,3.00000000007692));
#7447=CARTESIAN_POINT('Ctrl Pts',(76.4252548512819,41.4008837153933,3.00000000007692));
#7448=CARTESIAN_POINT('Ctrl Pts',(76.2311040497837,41.1845405332428,3.00000000007692));
#7449=CARTESIAN_POINT('Ctrl Pts',(76.0292941194216,40.9751069001429,3.00000000007692));
#7450=CARTESIAN_POINT('Ctrl Pts',(75.8274841890595,40.7656732670429,3.00000000007692));
#7451=CARTESIAN_POINT('Ctrl Pts',(75.6180151298337,40.5631491829936,3.00000000007692));
#7452=CARTESIAN_POINT('Ctrl Pts',(75.3974716853753,40.3721258040058,3.00000000007692));
#7453=CARTESIAN_POINT('Ctrl Pts',(75.1769282409169,40.1811024250181,3.00000000007692));
#7454=CARTESIAN_POINT('Ctrl Pts',(74.9453104112261,40.0015797510918,3.00000000007692));
#7455=CARTESIAN_POINT('Ctrl Pts',(74.7027145310565,39.8364213758625,3.00000000007692));
#7456=CARTESIAN_POINT('Ctrl Pts',(74.4601186508869,39.6712630006332,3.00000000007692));
#7457=CARTESIAN_POINT('Ctrl Pts',(74.2065447202385,39.5204689241008,3.00000000007692));
#7458=CARTESIAN_POINT('Ctrl Pts',(73.9508995495983,39.3778213270809,3.00000000007692));
#7459=CARTESIAN_POINT('Ctrl Pts',(73.4396092083181,39.0925261330411,3.00000000007692));
#7460=CARTESIAN_POINT('Ctrl Pts',(72.920033907071,38.8398168570514,3.00000000007692));
#7461=CARTESIAN_POINT('Ctrl Pts',(72.4423293461453,38.550222815723,3.00000000007692));
#7462=CARTESIAN_POINT('Ctrl Pts',(71.9646247852195,38.2606287743946,3.00000000007692));
#7463=CARTESIAN_POINT('Ctrl Pts',(71.528790964615,37.9341499677277,3.00000000007692));
#7464=CARTESIAN_POINT('Ctrl Pts',(71.1189121137054,37.567671908323,3.00000000007692));
#7465=CARTESIAN_POINT('Ctrl Pts',(70.7090332627958,37.2011938489183,3.00000000007692));
#7466=CARTESIAN_POINT('Ctrl Pts',(70.3251093815811,36.794716536776,3.00000000007692));
#7467=CARTESIAN_POINT('Ctrl Pts',(69.9136048206525,36.3981644463821,3.00000000007692));
#7468=CARTESIAN_POINT('Ctrl Pts',(69.5021002597238,36.0016123559882,3.00000000007692));
#7469=CARTESIAN_POINT('Ctrl Pts',(69.0630150190813,35.6149854873429,3.00000000007692));
#7470=CARTESIAN_POINT('Ctrl Pts',(68.5802066221611,35.2801604438855,3.00000000007692));
#7471=CARTESIAN_POINT('Ctrl Pts',(68.3388024237009,35.1127479221568,3.00000000007692));
#7472=CARTESIAN_POINT('Ctrl Pts',(68.0864674361713,34.958285856725,3.00000000007692));
#7473=CARTESIAN_POINT('Ctrl Pts',(67.8305102459525,34.8129759372285,3.00000000007692));
#7474=CARTESIAN_POINT('Ctrl Pts',(67.702531650843,34.7403209774802,3.00000000007692));
#7475=CARTESIAN_POINT('Ctrl Pts',(67.5736475050613,34.6699540542158,3.00000000007692));
#7476=CARTESIAN_POINT('Ctrl Pts',(67.4447691233702,34.6010940988513,3.00000000007692));
#7477=CARTESIAN_POINT('Ctrl Pts',(67.3158907416791,34.5322341434868,3.00000000007692));
#7478=CARTESIAN_POINT('Ctrl Pts',(67.1870181240787,34.4648811560223,3.00000000007693));
#7479=CARTESIAN_POINT('Ctrl Pts',(67.0593758955841,34.3978065845812,3.00000000007693));
#7480=CARTESIAN_POINT('Ctrl Pts',(66.8040914385949,34.2636574416991,3.00000000007693));
#7481=CARTESIAN_POINT('Ctrl Pts',(66.5537285380291,34.130621962911,3.00000000007692));
#7482=CARTESIAN_POINT('Ctrl Pts',(66.3150037966274,33.9890904162625,3.00000000007692));
#7483=CARTESIAN_POINT('Ctrl Pts',(66.0762790552257,33.847558869614,3.00000000007692));
#7484=CARTESIAN_POINT('Ctrl Pts',(65.8491924729881,33.6975312551051,3.00000000007693));
#7485=CARTESIAN_POINT('Ctrl Pts',(65.632404492924,33.5341864553768,3.00000000007693));
#7486=CARTESIAN_POINT('Ctrl Pts',(65.41561651286,33.3708416556484,3.00000000007693));
#7487=CARTESIAN_POINT('Ctrl Pts',(65.2091271349695,33.1941796707006,3.00000000007692));
#7488=CARTESIAN_POINT('Ctrl Pts',(65.0073342609573,33.0066555778608,3.00000000007692));
#7489=CARTESIAN_POINT('Ctrl Pts',(64.8055413869452,32.8191314850209,3.00000000007692));
#7490=CARTESIAN_POINT('Ctrl Pts',(64.6084450168114,32.6207452842892,3.00000000007692));
#7491=CARTESIAN_POINT('Ctrl Pts',(64.4100441451555,32.4214415666179,3.00000000007692));
#7492=CARTESIAN_POINT('Ctrl Pts',(64.0132424018437,32.0228341312755,3.00000000007693));
#7493=CARTESIAN_POINT('Ctrl Pts',(63.6112226524436,31.6205566281753,3.00000000007692));
#7494=CARTESIAN_POINT('Ctrl Pts',(63.209741545465,31.2239116742837,3.00000000007692));
#7495=CARTESIAN_POINT('Ctrl Pts',(62.8082604384863,30.827266720392,3.00000000007692));
#7496=CARTESIAN_POINT('Ctrl Pts',(62.4073179739292,30.4362543157089,3.00000000007692));
#7497=CARTESIAN_POINT('Ctrl Pts',(62.0077495101667,30.0400205667929,3.00000000007692));
#7498=CARTESIAN_POINT('Ctrl Pts',(61.6081810464041,29.643786817877,3.00000000007692));
#7499=CARTESIAN_POINT('Ctrl Pts',(61.2099865834362,29.2423317247284,3.00000000007692));
#7500=CARTESIAN_POINT('Ctrl Pts',(60.8106216697565,28.8438218317066,3.00000000007692));
#7501=CARTESIAN_POINT('Ctrl Pts',(60.4112567560767,28.4453119386848,3.00000000007692));
#7502=CARTESIAN_POINT('Ctrl Pts',(60.0107213916851,28.04974724579,3.00000000007692));
#7503=CARTESIAN_POINT('Ctrl Pts',(59.6106229637232,27.6526446424209,3.00000000007692));
#7504=CARTESIAN_POINT('Ctrl Pts',(59.2105245357613,27.2555420390518,3.00000000007692));
#7505=CARTESIAN_POINT('Ctrl Pts',(58.8108630442291,26.8569015252086,3.00000000007692));
#7506=CARTESIAN_POINT('Ctrl Pts',(58.4115298108025,26.4594358719129,3.00000000007692));
#7507=CARTESIAN_POINT('Ctrl Pts',(58.012196577376,26.0619702186173,3.00000000007692));
#7508=CARTESIAN_POINT('Ctrl Pts',(57.613191602055,25.6656794258692,3.00000000007692));
#7509=CARTESIAN_POINT('Ctrl Pts',(57.2138170212758,25.2679404881002,3.00000000007692));
#7510=CARTESIAN_POINT('Ctrl Pts',(56.4150678597173,24.4724626125619,3.00000000007692));
#7511=CARTESIAN_POINT('Ctrl Pts',(55.6148402763255,23.6711921569395,3.00000000007692));
#7512=CARTESIAN_POINT('Ctrl Pts',(54.8145697790921,22.8824886038423,3.00000000007692));
#7513=CARTESIAN_POINT('Ctrl Pts',(54.4144345304754,22.4881368272936,3.00000000007692));
#7514=CARTESIAN_POINT('Ctrl Pts',(54.0142885533982,22.0969267763763,3.00000000007692));
#7515=CARTESIAN_POINT('Ctrl Pts',(53.649601565216,21.6833706358739,3.00000000007692));
#7516=CARTESIAN_POINT('Ctrl Pts',(53.4672580711248,21.4765925656227,3.00000000007692));
#7517=CARTESIAN_POINT('Ctrl Pts',(53.2937793242574,21.2642279729753,3.00000000007692));
#7518=CARTESIAN_POINT('Ctrl Pts',(53.1310911858771,21.0434261597133,3.00000000007692));
#7519=CARTESIAN_POINT('Ctrl Pts',(52.9684030474968,20.8226243464513,3.00000000007692));
#7520=CARTESIAN_POINT('Ctrl Pts',(52.8165055176036,20.5933853125748,3.00000000007692));
#7521=CARTESIAN_POINT('Ctrl Pts',(52.6739560695567,20.3539813327394,3.00000000007692));
#7522=CARTESIAN_POINT('Ctrl Pts',(52.5314066215098,20.1145773529039,3.00000000007692));
#7523=CARTESIAN_POINT('Ctrl Pts',(52.3982052553091,19.8650084271096,3.00000000007692));
#7524=CARTESIAN_POINT('Ctrl Pts',(52.2644173652164,19.6098990488567,3.00000000007692));
#7525=CARTESIAN_POINT('Ctrl Pts',(52.1306294751236,19.3547896706039,3.00000000007692));
#7526=CARTESIAN_POINT('Ctrl Pts',(51.9962550611388,19.0941398398926,3.00000000007692));
#7527=CARTESIAN_POINT('Ctrl Pts',(51.8487356456748,18.838984084139,3.00000000007692));
#7528=CARTESIAN_POINT('Ctrl Pts',(51.7012162302108,18.5838283283853,3.00000000007692));
#7529=CARTESIAN_POINT('Ctrl Pts',(51.5405518132677,18.3341666475892,3.00000000007692));
#7530=CARTESIAN_POINT('Ctrl Pts',(51.3663908510674,18.0978829752365,3.00000000007692));
#7531=CARTESIAN_POINT('Ctrl Pts',(51.192229888867,17.8615993028838,3.00000000007692));
#7532=CARTESIAN_POINT('Ctrl Pts',(51.0045723814094,17.6386936389745,3.00000000007692));
#7533=CARTESIAN_POINT('Ctrl Pts',(50.8197516149719,17.4228684257038,3.00000000007691));
#7534=CARTESIAN_POINT('Ctrl Pts',(50.5733239263885,17.1351014746762,3.00000000007692));
#7535=CARTESIAN_POINT('Ctrl Pts',(50.3319393329518,16.8599219914506,3.00000000007692));
#7536=CARTESIAN_POINT('Ctrl Pts',(50.1180397956643,16.5658127204655,3.00000000007692));
#7537=CARTESIAN_POINT('Ctrl Pts',(49.9041402583768,16.2717034494804,3.00000000007692));
#7538=CARTESIAN_POINT('Ctrl Pts',(49.7177257772384,15.9586643907358,3.00000000007692));
#7539=CARTESIAN_POINT('Ctrl Pts',(49.5373373211887,15.6270075232559,3.00000000007692));
#7540=CARTESIAN_POINT('Ctrl Pts',(49.356948865139,15.295350655776,3.00000000007691));
#7541=CARTESIAN_POINT('Ctrl Pts',(49.1825864341779,14.9450759795608,3.00000000007691));
#7542=CARTESIAN_POINT('Ctrl Pts',(48.9877932004073,14.6053676124128,3.00000000007691));
#7543=CARTESIAN_POINT('Ctrl Pts',(48.7929999666368,14.2656592452649,3.00000000007691));
#7544=CARTESIAN_POINT('Ctrl Pts',(48.5777759300568,13.9365171871841,3.00000000007691));
#7545=CARTESIAN_POINT('Ctrl Pts',(48.3472853866504,13.6239839991619,3.00000000007691));
#7546=CARTESIAN_POINT('Ctrl Pts',(48.116794843244,13.3114508111397,3.00000000007691));
#7547=CARTESIAN_POINT('Ctrl Pts',(47.8710377930113,13.015526493176,3.00000000007691));
#7548=CARTESIAN_POINT('Ctrl Pts',(47.6133990915574,12.7283515018149,3.00000000007691));
#7549=CARTESIAN_POINT('Ctrl Pts',(47.3557603901036,12.4411765104537,3.00000000007691));
#7550=CARTESIAN_POINT('Ctrl Pts',(47.0862400374286,12.1627508456951,3.00000000007691));
#7551=CARTESIAN_POINT('Ctrl Pts',(46.7894105452792,11.9057561568986,3.00000000007691));
#7552=CARTESIAN_POINT('Ctrl Pts',(46.4925810531298,11.6487614681021,3.00000000007691));
#7553=CARTESIAN_POINT('Ctrl Pts',(46.1684424215059,11.4131977552677,3.00000000007691));
#7554=CARTESIAN_POINT('Ctrl Pts',(45.8104396236178,11.2178319692571,3.00000000007691));
#7555=CARTESIAN_POINT('Ctrl Pts',(45.4524368257297,11.0224661832465,3.00000000007691));
#7556=CARTESIAN_POINT('Ctrl Pts',(45.0605698615774,10.8672983240597,3.00000000007691));
#7557=CARTESIAN_POINT('Ctrl Pts',(44.6507038900345,10.7556377784442,3.00000000007691));
#7558=CARTESIAN_POINT('Ctrl Pts',(43.8309719469487,10.5323166872132,3.00000000007692));
#7559=CARTESIAN_POINT('Ctrl Pts',(42.9392439743004,10.4830248502675,3.00000000007692));
#7560=CARTESIAN_POINT('Ctrl Pts',(42.0412156054932,10.4736721923,3.00000000007692));
#7561=CARTESIAN_POINT('Ctrl Pts',(41.5922014210896,10.4689958633163,3.00000000007692));
#7562=CARTESIAN_POINT('Ctrl Pts',(41.1416121376463,10.4743043290771,3.00000000007692));
#7563=CARTESIAN_POINT('Ctrl Pts',(40.6902088270426,10.4837924445804,3.00000000007692));
#7564=CARTESIAN_POINT('Ctrl Pts',(40.2388055164389,10.4932805600838,3.00000000007692));
#7565=CARTESIAN_POINT('Ctrl Pts',(39.7865881786748,10.5069483253298,3.00000000007692));
#7566=CARTESIAN_POINT('Ctrl Pts',(39.3461891591406,10.5510580631124,3.00000000007692));
#7567=CARTESIAN_POINT('Ctrl Pts',(38.9057901396064,10.595167800895,3.00000000007692));
#7568=CARTESIAN_POINT('Ctrl Pts',(38.4772094383021,10.6697195112143,3.00000000007692));
#7569=CARTESIAN_POINT('Ctrl Pts',(38.0778549688597,10.7984906759682,3.00000000007692));
#7570=CARTESIAN_POINT('Ctrl Pts',(37.6785004994173,10.9272618407221,3.00000000007692));
#7571=CARTESIAN_POINT('Ctrl Pts',(37.3083722618367,11.1102524599106,3.00000000007692));
#7572=CARTESIAN_POINT('Ctrl Pts',(36.9693809209709,11.3254789521422,3.00000000007692));
#7573=CARTESIAN_POINT('Ctrl Pts',(36.6303895801052,11.5407054443738,3.00000000007692));
#7574=CARTESIAN_POINT('Ctrl Pts',(36.3225351359544,11.7881678096484,3.00000000007692));
#7575=CARTESIAN_POINT('Ctrl Pts',(36.028625330429,12.0455574320443,3.00000000007692));
#7576=CARTESIAN_POINT('Ctrl Pts',(35.7347155249036,12.3029470544401,3.00000000007692));
#7577=CARTESIAN_POINT('Ctrl Pts',(35.4547503580037,12.5702639339571,3.00000000007692));
#7578=CARTESIAN_POINT('Ctrl Pts',(35.1927465459662,12.8566670222828,3.00000000007692));
#7579=CARTESIAN_POINT('Ctrl Pts',(34.9307427339287,13.1430701106085,3.00000000007692));
#7580=CARTESIAN_POINT('Ctrl Pts',(34.6867002767536,13.4485594077429,3.00000000007692));
#7581=CARTESIAN_POINT('Ctrl Pts',(34.4689295623845,13.7729806670437,3.00000000007692));
#7582=CARTESIAN_POINT('Ctrl Pts',(34.2511588480154,14.0974019263446,3.00000000007692));
#7583=CARTESIAN_POINT('Ctrl Pts',(34.0596598764524,14.4407551478119,3.00000000007692));
#7584=CARTESIAN_POINT('Ctrl Pts',(33.8755904298959,14.781771111816,3.00000000007692));
#7585=CARTESIAN_POINT('Ctrl Pts',(33.6915209833395,15.12278707582,3.00000000007692));
#7586=CARTESIAN_POINT('Ctrl Pts',(33.5148810617897,15.4614657823609,3.00000000007692));
#7587=CARTESIAN_POINT('Ctrl Pts',(33.3248797090001,15.7837560942068,3.00000000007692));
#7588=CARTESIAN_POINT('Ctrl Pts',(33.1348783562105,16.1060464060527,3.00000000007692));
#7589=CARTESIAN_POINT('Ctrl Pts',(32.931515572181,16.4119483232036,3.00000000007691));
#7590=CARTESIAN_POINT('Ctrl Pts',(32.7090097721805,16.7013123425678,3.00000000007691));
#7591=CARTESIAN_POINT('Ctrl Pts',(32.48650397218,16.990676361932,3.00000000007691));
#7592=CARTESIAN_POINT('Ctrl Pts',(32.2448551562086,17.2635024835095,3.00000000007691));
#7593=CARTESIAN_POINT('Ctrl Pts',(31.9894921660375,17.5299268444789,3.00000000007691));
#7594=CARTESIAN_POINT('Ctrl Pts',(31.7341291758664,17.7963512054483,3.00000000007691));
#7595=CARTESIAN_POINT('Ctrl Pts',(31.4650520114957,18.0563738058097,3.00000000007691));
#7596=CARTESIAN_POINT('Ctrl Pts',(31.1978857939993,18.325514081547,3.00000000007691));
#7597=CARTESIAN_POINT('Ctrl Pts',(30.9307195765028,18.5946543572843,3.00000000007691));
#7598=CARTESIAN_POINT('Ctrl Pts',(30.6654643058806,18.8729123083975,3.00000000007691));
#7599=CARTESIAN_POINT('Ctrl Pts',(30.4159899162851,19.1704005897305,3.00000000007691));
#7600=CARTESIAN_POINT('Ctrl Pts',(30.1665155266896,19.4678888710635,3.00000000007691));
#7601=CARTESIAN_POINT('Ctrl Pts',(29.9328220181207,19.7846074826163,3.00000000007692));
#7602=CARTESIAN_POINT('Ctrl Pts',(29.7231204160568,20.1156461122083,3.00000000007692));
#7603=CARTESIAN_POINT('Ctrl Pts',(29.3037172119289,20.7777233713923,3.00000000007692));
#7604=CARTESIAN_POINT('Ctrl Pts',(28.9802816338206,21.4970807027331,3.00000000007692));
#7605=CARTESIAN_POINT('Ctrl Pts',(28.5933495517402,22.1242929905504,3.00000000007692));
#7606=CARTESIAN_POINT('Ctrl Pts',(28.3998835107,22.437899134459,3.00000000007692));
#7607=CARTESIAN_POINT('Ctrl Pts',(28.1905433436668,22.7284690174867,3.00000000007692));
#7608=CARTESIAN_POINT('Ctrl Pts',(27.9561628164248,23.0051755333195,3.00000000007692));
#7609=CARTESIAN_POINT('Ctrl Pts',(27.7217822891829,23.2818820491522,3.00000000007691));
#7610=CARTESIAN_POINT('Ctrl Pts',(27.4623614017322,23.5447251977899,3.00000000007691));
#7611=CARTESIAN_POINT('Ctrl Pts',(27.1963669920502,23.8076447581732,3.00000000007691));
#7612=CARTESIAN_POINT('Ctrl Pts',(26.9303725823683,24.0705643185565,3.00000000007691));
#7613=CARTESIAN_POINT('Ctrl Pts',(26.6578046504552,24.3335602906853,3.00000000007691));
#7614=CARTESIAN_POINT('Ctrl Pts',(26.3893594368099,24.5989311532993,3.00000000007691));
#7615=CARTESIAN_POINT('Ctrl Pts',(26.1209142231646,24.8643020159134,3.00000000007691));
#7616=CARTESIAN_POINT('Ctrl Pts',(25.856591727787,25.1320477690126,3.00000000007691));
#7617=CARTESIAN_POINT('Ctrl Pts',(25.5923080947748,25.398145052401,3.00000000007691));
#7618=CARTESIAN_POINT('Ctrl Pts',(25.3280244617626,25.6642423357894,3.00000000007691));
#7619=CARTESIAN_POINT('Ctrl Pts',(25.0637796911157,25.9286911494668,3.00000000007692));
#7620=CARTESIAN_POINT('Ctrl Pts',(24.797635320734,26.1932929882489,3.00000000007692));
#7621=CARTESIAN_POINT('Ctrl Pts',(24.5314909503524,26.4578948270309,3.00000000007692));
#7622=CARTESIAN_POINT('Ctrl Pts',(24.263446980236,26.7226496909176,3.00000000007692));
#7623=CARTESIAN_POINT('Ctrl Pts',(23.9964745764973,26.9872856459337,3.00000000007692));
#7624=CARTESIAN_POINT('Ctrl Pts',(23.4625297690198,27.516557555966,3.00000000007692));
#7625=CARTESIAN_POINT('Ctrl Pts',(22.9328712270529,28.0453538305161,3.00000000007692));
#7626=CARTESIAN_POINT('Ctrl Pts',(22.3988465301516,28.5742639296344,3.00000000007692));
#7627=CARTESIAN_POINT('Ctrl Pts',(21.8648218332503,29.1031740287528,3.00000000007692));
#7628=CARTESIAN_POINT('Ctrl Pts',(21.3264309814145,29.6321979524395,3.00000000007692));
#7629=CARTESIAN_POINT('Ctrl Pts',(20.7985394726359,30.1666891147017,3.00000000007692));
#7630=CARTESIAN_POINT('Ctrl Pts',(20.2706479638573,30.701180276964,3.00000000007692));
#7631=CARTESIAN_POINT('Ctrl Pts',(19.7532557981358,31.2411386778019,3.00000000007692));
#7632=CARTESIAN_POINT('Ctrl Pts',(19.1918780341364,31.7148552530832,3.00000000007692));
#7633=CARTESIAN_POINT('Ctrl Pts',(18.9111891521367,31.9517135407239,3.00000000007692));
#7634=CARTESIAN_POINT('Ctrl Pts',(18.6195038705675,32.1720113719754,3.00000000007692));
#7635=CARTESIAN_POINT('Ctrl Pts',(18.3114809692332,32.3750569602992,3.00000000007692));
#7636=CARTESIAN_POINT('Ctrl Pts',(18.0034580678989,32.5781025486229,3.00000000007692));
#7637=CARTESIAN_POINT('Ctrl Pts',(17.6790975467994,32.7638958940189,3.00000000007692));
#7638=CARTESIAN_POINT('Ctrl Pts',(17.3432456136188,32.9447700235425,3.00000000007692));
#7639=CARTESIAN_POINT('Ctrl Pts',(17.0073936804382,33.1256441530662,3.00000000007692));
#7640=CARTESIAN_POINT('Ctrl Pts',(16.6600503351763,33.3015990667175,3.00000000007692));
#7641=CARTESIAN_POINT('Ctrl Pts',(16.3215261727528,33.4982497973452,3.00000000007692));
#7642=CARTESIAN_POINT('Ctrl Pts',(15.9830020103294,33.6949005279729,3.00000000007692));
#7643=CARTESIAN_POINT('Ctrl Pts',(15.6532970307444,33.9122470755771,3.00000000007692));
#7644=CARTESIAN_POINT('Ctrl Pts',(15.3466921235961,34.1541759093183,3.00000000007692));
#7645=CARTESIAN_POINT('Ctrl Pts',(15.0400872164477,34.3961047430596,3.00000000007692));
#7646=CARTESIAN_POINT('Ctrl Pts',(14.756582381736,34.6626158629379,3.00000000007692));
#7647=CARTESIAN_POINT('Ctrl Pts',(14.4862683424825,34.9346840175102,3.00000000007692));
#7648=CARTESIAN_POINT('Ctrl Pts',(14.215954303229,35.2067521720825,3.00000000007692));
#7649=CARTESIAN_POINT('Ctrl Pts',(13.9588310594338,35.4843773613486,3.00000000007692));
#7650=CARTESIAN_POINT('Ctrl Pts',(13.6955807905653,35.74422389315,3.00000000007692));
#7651=CARTESIAN_POINT('Ctrl Pts',(13.3007053872627,36.133993690852,3.00000000007691));
#7652=CARTESIAN_POINT('Ctrl Pts',(12.8920441775455,36.4837615092582,3.00000000007691));
#7653=CARTESIAN_POINT('Ctrl Pts',(12.4334286112467,36.7824966738414,3.00000000007691));
#7654=CARTESIAN_POINT('Ctrl Pts',(12.2805567558137,36.8820750620358,3.00000000007691));
#7655=CARTESIAN_POINT('Ctrl Pts',(12.1221344163161,36.9759831553609,3.00000000007691));
#7656=CARTESIAN_POINT('Ctrl Pts',(11.9594373024154,37.068302378593,3.00000000007691));
#7657=CARTESIAN_POINT('Ctrl Pts',(11.3086488468126,37.4375792715213,3.00000000007691));
#7658=CARTESIAN_POINT('Ctrl Pts',(10.5894640007601,37.78143424296,3.00000000007691));
#7659=CARTESIAN_POINT('Ctrl Pts',(9.93853863406297,38.2172395242633,3.00000000007691));
#7660=CARTESIAN_POINT('Ctrl Pts',(9.61307595071441,38.435142164915,3.00000000007691));
#7661=CARTESIAN_POINT('Ctrl Pts',(9.30467813720471,38.6760323830328,3.00000000007691));
#7662=CARTESIAN_POINT('Ctrl Pts',(9.01389714923404,38.9298650694376,3.00000000007691));
#7663=CARTESIAN_POINT('Ctrl Pts',(8.72311616126335,39.1836977558425,3.00000000007691));
#7664=CARTESIAN_POINT('Ctrl Pts',(8.44995199883171,39.4504729105344,3.00000000007691));
#7665=CARTESIAN_POINT('Ctrl Pts',(8.18224815488114,39.7164698835447,3.00000000007691));
#7666=CARTESIAN_POINT('Ctrl Pts',(7.91454431093058,39.982466856555,3.00000000007691));
#7667=CARTESIAN_POINT('Ctrl Pts',(7.65230078546105,40.2476856478838,3.00000000007691));
#7668=CARTESIAN_POINT('Ctrl Pts',(7.38433639521015,40.5114963411396,3.00000000007691));
#7669=CARTESIAN_POINT('Ctrl Pts',(7.11637200495923,40.7753070343956,3.00000000007691));
#7670=CARTESIAN_POINT('Ctrl Pts',(6.84268674992695,41.0377096295786,3.00000000007691));
#7671=CARTESIAN_POINT('Ctrl Pts',(6.57923821278434,41.3218965545437,3.00000000007691));
#7672=CARTESIAN_POINT('Ctrl Pts',(6.31578967564173,41.6060834795089,3.00000000007691));
#7673=CARTESIAN_POINT('Ctrl Pts',(6.06257785638883,41.9120547342562,3.00000000007691));
#7674=CARTESIAN_POINT('Ctrl Pts',(5.85050628766236,42.2551882468564,3.00000000007691));
#7675=CARTESIAN_POINT('Ctrl Pts',(5.6384347189359,42.5983217594565,3.00000000007691));
#7676=CARTESIAN_POINT('Ctrl Pts',(5.46750340073587,42.9786175299095,3.00000000007691));
#7677=CARTESIAN_POINT('Ctrl Pts',(5.34175389438744,43.3815624936688,3.00000000007691));
#7678=CARTESIAN_POINT('Ctrl Pts',(5.09025488169055,44.1874524211876,3.00000000007691));
#7679=CARTESIAN_POINT('Ctrl Pts',(5.01948311640001,45.083939121932,3.00000000007691));
#7680=CARTESIAN_POINT('Ctrl Pts',(5.000365066469,45.9791636640941,3.00000000007691));
#7681=CARTESIAN_POINT('Ctrl Pts',(4.99558555398625,46.2029697996346,3.00000000007691));
#7682=CARTESIAN_POINT('Ctrl Pts',(4.99403439871347,46.4266970502638,3.00000000007691));
#7683=CARTESIAN_POINT('Ctrl Pts',(4.99402547296354,46.6506027190271,3.00000000007691));
#7684=CARTESIAN_POINT('Ctrl Pts',(4.99401654721361,46.8745083877905,3.00000000007691));
#7685=CARTESIAN_POINT('Ctrl Pts',(4.99554985098654,47.0985924746881,3.00000000007691));
#7686=CARTESIAN_POINT('Ctrl Pts',(4.99708632107708,47.3223181274265,3.00000000007691));
#7687=CARTESIAN_POINT('Ctrl Pts',(5.00015926125816,47.7697694329033,3.00000000007691));
#7688=CARTESIAN_POINT('Ctrl Pts',(5.00324486670969,48.2157870017435,3.00000000007691));
#7689=CARTESIAN_POINT('Ctrl Pts',(5.00397412554769,48.6619620500787,3.00000000007691));
#7690=CARTESIAN_POINT('Ctrl Pts',(5.00543264322368,49.554312146749,3.00000000007691));
#7691=CARTESIAN_POINT('Ctrl Pts',(4.99746577444555,50.4472921613997,3.00000000007691));
#7692=CARTESIAN_POINT('Ctrl Pts',(4.99556236066166,51.3412419360095,3.00000000007691));
#7693=CARTESIAN_POINT('Ctrl Pts',(4.99365894687778,52.2351917106194,3.00000000007691));
#7694=CARTESIAN_POINT('Ctrl Pts',(4.99781898808815,53.1301112451883,3.00000000007691));
#7695=CARTESIAN_POINT('Ctrl Pts',(4.99899647847762,54.0236699826174,3.00000000007691));
#7696=CARTESIAN_POINT('Ctrl Pts',(4.99958522367236,54.4704493513319,3.00000000007691));
#7697=CARTESIAN_POINT('Ctrl Pts',(4.99942833116187,54.9168885207615,3.00000000007691));
#7698=CARTESIAN_POINT('Ctrl Pts',(4.99903701932572,55.3635680701769,3.00000000007691));
#7699=CARTESIAN_POINT('Ctrl Pts',(4.99864570748957,55.8102476195923,3.00000000007691));
#7700=CARTESIAN_POINT('Ctrl Pts',(4.99801997632778,56.2571675489935,3.00000000007691));
#7701=CARTESIAN_POINT('Ctrl Pts',(4.99774936199425,56.7040535161483,3.00000000007691));
#7702=CARTESIAN_POINT('Ctrl Pts',(4.99720813332721,57.5978254504578,3.00000000007691));
#7703=CARTESIAN_POINT('Ctrl Pts',(4.99808737197328,58.4914615357815,3.00000000007691));
#7704=CARTESIAN_POINT('Ctrl Pts',(4.99816300226658,59.3853411493072,3.00000000007691));
#7705=CARTESIAN_POINT('Ctrl Pts',(4.99823863255989,60.2792207628329,3.00000000007691));
#7706=CARTESIAN_POINT('Ctrl Pts',(4.99751065450043,61.1733439045605,3.00000000007691));
#7707=CARTESIAN_POINT('Ctrl Pts',(4.99764829416364,62.0668217461209,3.00000000007691));
#7708=CARTESIAN_POINT('Ctrl Pts',(4.99792357349006,63.8537774292416,3.00000000007691));
#7709=CARTESIAN_POINT('Ctrl Pts',(5.00166132370717,65.6381519116936,3.00000000007691));
#7710=CARTESIAN_POINT('Ctrl Pts',(4.99897712455344,67.4278424881969,3.00000000007691));
#7711=CARTESIAN_POINT('Ctrl Pts',(4.99696397518815,68.7701104205744,3.00000000007691));
#7712=CARTESIAN_POINT('Ctrl Pts',(4.99133847930176,70.1153686558558,3.00000000007691));
#7713=CARTESIAN_POINT('Ctrl Pts',(4.9970200937891,71.4514485578588,3.00000000007691));
#7714=CARTESIAN_POINT('Ctrl Pts',(4.99986090103277,72.1194885088602,3.00000000007691));
#7715=CARTESIAN_POINT('Ctrl Pts',(5.00552848586987,72.7852338765421,3.00000000007691));
#7716=CARTESIAN_POINT('Ctrl Pts',(5.00526904995972,73.456411339961,3.00000000007691));
#7717=CARTESIAN_POINT('Ctrl Pts',(5.00500961404957,74.12758880338,3.00000000007691));
#7718=CARTESIAN_POINT('Ctrl Pts',(4.99882315739216,74.8041983625361,3.00000000007691));
#7719=CARTESIAN_POINT('Ctrl Pts',(5.04511739975988,75.4703608564568,3.00000000007691));
#7720=CARTESIAN_POINT('Ctrl Pts',(5.09141164212759,76.1365233503774,3.00000000007691));
#7721=CARTESIAN_POINT('Ctrl Pts',(5.19018658352044,76.7922387790627,3.00000000007691));
#7722=CARTESIAN_POINT('Ctrl Pts',(5.41289003422302,77.3755946321684,3.00000000007691));
#7723=CARTESIAN_POINT('Ctrl Pts',(5.63559348492562,77.9589504852742,3.00000000007691));
#7724=CARTESIAN_POINT('Ctrl Pts',(5.98222544493798,78.4699467628003,3.00000000007691));
#7725=CARTESIAN_POINT('Ctrl Pts',(6.3616876386057,78.9196272113032,3.00000000007691));
#7726=CARTESIAN_POINT('Ctrl Pts',(6.74114983227341,79.369307659806,3.00000000007691));
#7727=CARTESIAN_POINT('Ctrl Pts',(7.15344225959645,79.7576722792855,3.00000000007691));
#7728=CARTESIAN_POINT('Ctrl Pts',(7.55290815321499,80.1540322706336,3.00000000007691));
#7729=CARTESIAN_POINT('Ctrl Pts',(7.95237404683355,80.5503922619816,3.00000000007691));
#7730=CARTESIAN_POINT('Ctrl Pts',(8.33901340674757,80.9547476251981,3.00000000007691));
#7731=CARTESIAN_POINT('Ctrl Pts',(8.7588772311994,81.3491924085169,3.00000000007691));
#7732=CARTESIAN_POINT('Ctrl Pts',(8.96880914342533,81.5464148001763,3.00000000007691));
#7733=CARTESIAN_POINT('Ctrl Pts',(9.18704717178571,81.7411595468613,3.00000000007691));
#7734=CARTESIAN_POINT('Ctrl Pts',(9.41887954149018,81.921928034953,3.00000000007691));
#7735=CARTESIAN_POINT('Ctrl Pts',(9.65071191119463,82.1026965230447,3.00000000007691));
#7736=CARTESIAN_POINT('Ctrl Pts',(9.89613862224316,82.2694887525432,3.00000000007691));
#7737=CARTESIAN_POINT('Ctrl Pts',(10.1480620390515,82.4221919048217,3.00000000007691));
#7738=CARTESIAN_POINT('Ctrl Pts',(10.6519088726682,82.7275982093788,3.00000000007691));
#7739=CARTESIAN_POINT('Ctrl Pts',(11.1817425293242,82.976648205056,3.00000000007691));
#7740=CARTESIAN_POINT('Ctrl Pts',(11.6735071479139,83.254278031343,3.00000000007691));
#7741=CARTESIAN_POINT('Ctrl Pts',(12.1652717665036,83.53190785763,3.00000000007691));
#7742=CARTESIAN_POINT('Ctrl Pts',(12.618967347027,83.8381175145268,3.00000000007691));
#7743=CARTESIAN_POINT('Ctrl Pts',(13.0433039507202,84.1865416459773,3.00000000007692));
#7744=CARTESIAN_POINT('Ctrl Pts',(13.4676405544135,84.5349657774278,3.00000000007692));
#7745=CARTESIAN_POINT('Ctrl Pts',(13.8626181812764,84.9256043834321,3.00000000007692));
#7746=CARTESIAN_POINT('Ctrl Pts',(14.2595402158489,85.3225756286462,3.00000000007692));
#7747=CARTESIAN_POINT('Ctrl Pts',(14.6564622504214,85.7195468738602,3.00000000007692));
#7748=CARTESIAN_POINT('Ctrl Pts',(15.0553286927033,86.1228507582841,3.00000000007691));
#7749=CARTESIAN_POINT('Ctrl Pts',(15.4549055016645,86.5214059148468,3.00000000007691));
#7750=CARTESIAN_POINT('Ctrl Pts',(15.8544823106258,86.9199610714095,3.00000000007692));
#7751=CARTESIAN_POINT('Ctrl Pts',(16.2547694862663,87.313767500111,3.00000000007691));
#7752=CARTESIAN_POINT('Ctrl Pts',(16.6545794362451,87.711177341345,3.00000000007692));
#7753=CARTESIAN_POINT('Ctrl Pts',(17.0543893862239,88.1085871825791,3.00000000007692));
#7754=CARTESIAN_POINT('Ctrl Pts',(17.4537221105408,88.5096004363457,3.00000000007692));
#7755=CARTESIAN_POINT('Ctrl Pts',(17.8534917465756,88.9056337579328,3.00000000007692));
#7756=CARTESIAN_POINT('Ctrl Pts',(18.2532613826104,89.3016670795199,3.00000000007692));
#7757=CARTESIAN_POINT('Ctrl Pts',(18.653467930363,89.6927204689274,3.00000000007692));
#7758=CARTESIAN_POINT('Ctrl Pts',(18.9999999999959,90.1135488318842,3.00000000007692));
#7759=CARTESIAN_POINT('Origin',(20.,88.1,6.));
#7760=CARTESIAN_POINT('',(19.,105.75410196625,6.));
#7761=CARTESIAN_POINT('',(19.,108.5,6.));
#7762=CARTESIAN_POINT('Origin',(20.,102.4,6.));
#7763=CARTESIAN_POINT('Origin',(20.,88.1,6.));
#7764=CARTESIAN_POINT('',(19.,99.0458980337503,6.));
#7765=CARTESIAN_POINT('Origin',(20.,102.4,6.));
#7766=CARTESIAN_POINT('',(19.,108.5,6.));
#7767=CARTESIAN_POINT('Origin',(19.,108.5,0.));
#7768=CARTESIAN_POINT('',(19.,99.0458980337503,3.));
#7769=CARTESIAN_POINT('',(19.,99.0458980337503,0.));
#7770=CARTESIAN_POINT('',(19.,81.,3.));
#7771=CARTESIAN_POINT('Origin',(19.,108.5,0.));
#7772=CARTESIAN_POINT('',(19.,105.75410196625,3.));
#7773=CARTESIAN_POINT('',(19.,81.,3.));
#7774=CARTESIAN_POINT('',(19.,105.75410196625,0.));
#7775=CARTESIAN_POINT('Origin',(20.,102.4,0.));
#7776=CARTESIAN_POINT('',(16.5,102.4,3.));
#7777=CARTESIAN_POINT('',(16.5,102.4,0.));
#7778=CARTESIAN_POINT('Origin',(20.,102.4,3.));
#7779=CARTESIAN_POINT('Origin',(20.,102.4,3.));
#7780=CARTESIAN_POINT('Origin',(42.225,53.5,3.));
#7781=CARTESIAN_POINT('',(2.5,91.872281323269,3.));
#7782=CARTESIAN_POINT('',(2.5,108.,3.));
#7783=CARTESIAN_POINT('',(2.5,86.127718676731,3.));
#7784=CARTESIAN_POINT('Origin',(4.5,89.,3.));
#7785=CARTESIAN_POINT('',(2.5,108.,3.));
#7786=CARTESIAN_POINT('Origin',(23.175,0.9,3.));
#7787=CARTESIAN_POINT('Origin',(42.225,0.9,3.));
#7788=CARTESIAN_POINT('Origin',(42.225,0.9,0.));
#7789=CARTESIAN_POINT('Origin',(23.175,0.9,0.));
#7790=CARTESIAN_POINT('Origin',(4.5,89.,0.));
#7791=CARTESIAN_POINT('',(2.5,86.127718676731,0.));
#7792=CARTESIAN_POINT('',(2.5,91.872281323269,0.));
#7793=CARTESIAN_POINT('Origin',(2.5,108.,3.));
#7794=CARTESIAN_POINT('Origin',(84.45,-3.5,0.));
#7795=CARTESIAN_POINT('Origin',(84.45,110.5,0.));
#7796=CARTESIAN_POINT('Origin',(12.35,92.8709927263548,23.758380529086));
#7797=CARTESIAN_POINT('',(14.4926149773177,92.818728494721,24.2556414767701));
#7798=CARTESIAN_POINT('',(14.95,92.818728494721,24.2556414767701));
#7799=CARTESIAN_POINT('',(27.2875,92.818728494721,24.2556414767701));
#7800=CARTESIAN_POINT('',(14.4926149773177,92.5574073365518,26.7419462151908));
#7801=CARTESIAN_POINT('',(14.4926149773177,92.8709927263548,23.758380529086));
#7802=CARTESIAN_POINT('',(14.95,92.5574073365518,26.7419462151908));
#7803=CARTESIAN_POINT('',(27.2875,92.5574073365518,26.7419462151908));
#7804=CARTESIAN_POINT('',(14.95,92.8709927263548,23.758380529086));
#7805=CARTESIAN_POINT('Origin',(12.35,92.8709927263548,23.758380529086));
#7806=CARTESIAN_POINT('',(12.35,92.818728494721,24.2556414767701));
#7807=CARTESIAN_POINT('',(12.8073850226823,92.818728494721,24.2556414767701));
#7808=CARTESIAN_POINT('',(27.2875,92.818728494721,24.2556414767701));
#7809=CARTESIAN_POINT('',(12.35,92.5574073365518,26.7419462151908));
#7810=CARTESIAN_POINT('',(12.35,92.8709927263548,23.758380529086));
#7811=CARTESIAN_POINT('',(12.8073850226823,92.5574073365518,26.7419462151908));
#7812=CARTESIAN_POINT('',(27.2875,92.5574073365518,26.7419462151908));
#7813=CARTESIAN_POINT('',(12.8073850226823,92.8709927263548,23.758380529086));
#7814=CARTESIAN_POINT('Origin',(14.95,95.4766400922197,24.0322451028472));
#7815=CARTESIAN_POINT('',(14.95,95.4243758605858,24.5295060505314));
#7816=CARTESIAN_POINT('',(12.35,95.4243758605858,24.5295060505314));
#7817=CARTESIAN_POINT('',(28.5875,95.4243758605858,24.5295060505314));
#7818=CARTESIAN_POINT('',(14.95,95.1630547024167,27.015810788952));
#7819=CARTESIAN_POINT('',(14.95,95.4766400922197,24.0322451028472));
#7820=CARTESIAN_POINT('',(12.35,95.1630547024167,27.015810788952));
#7821=CARTESIAN_POINT('',(28.5875,95.1630547024167,27.015810788952));
#7822=CARTESIAN_POINT('',(12.35,95.4766400922197,24.0322451028472));
#7823=CARTESIAN_POINT('Origin',(14.95,92.8709927263548,23.758380529086));
#7824=CARTESIAN_POINT('',(14.95,73.0053660342465,22.1731731673203));
#7825=CARTESIAN_POINT('',(14.95,72.7440448760774,24.659477905741));
#7826=CARTESIAN_POINT('Origin',(12.35,95.4766400922197,24.0322451028472));
#7827=CARTESIAN_POINT('',(12.35,74.308189717179,22.3101054542009));
#7828=CARTESIAN_POINT('',(12.35,74.0468685590098,24.7964101926216));
#7829=CARTESIAN_POINT('Origin',(69.5,92.8709927263548,23.758380529086));
#7830=CARTESIAN_POINT('',(71.6426149773177,92.818728494721,24.2556414767701));
#7831=CARTESIAN_POINT('',(72.1,92.818728494721,24.2556414767701));
#7832=CARTESIAN_POINT('',(55.8625,92.818728494721,24.2556414767701));
#7833=CARTESIAN_POINT('',(71.6426149773177,92.5574073365518,26.7419462151908));
#7834=CARTESIAN_POINT('',(71.6426149773177,92.8709927263548,23.758380529086));
#7835=CARTESIAN_POINT('',(72.1,92.5574073365518,26.7419462151908));
#7836=CARTESIAN_POINT('',(55.8625,92.5574073365518,26.7419462151908));
#7837=CARTESIAN_POINT('',(72.1,92.8709927263548,23.758380529086));
#7838=CARTESIAN_POINT('Origin',(69.5,92.8709927263548,23.758380529086));
#7839=CARTESIAN_POINT('',(69.5,92.818728494721,24.2556414767701));
#7840=CARTESIAN_POINT('',(69.9573850226823,92.818728494721,24.2556414767701));
#7841=CARTESIAN_POINT('',(55.8625,92.818728494721,24.2556414767701));
#7842=CARTESIAN_POINT('',(69.5,92.5574073365518,26.7419462151908));
#7843=CARTESIAN_POINT('',(69.5,92.8709927263548,23.758380529086));
#7844=CARTESIAN_POINT('',(69.9573850226823,92.5574073365518,26.7419462151908));
#7845=CARTESIAN_POINT('',(55.8625,92.5574073365518,26.7419462151908));
#7846=CARTESIAN_POINT('',(69.9573850226823,92.8709927263548,23.758380529086));
#7847=CARTESIAN_POINT('Origin',(72.1,95.4766400922197,24.0322451028472));
#7848=CARTESIAN_POINT('',(72.1,95.4243758605858,24.5295060505314));
#7849=CARTESIAN_POINT('',(69.5,95.4243758605858,24.5295060505314));
#7850=CARTESIAN_POINT('',(57.1625,95.4243758605858,24.5295060505314));
#7851=CARTESIAN_POINT('',(72.1,95.1630547024167,27.015810788952));
#7852=CARTESIAN_POINT('',(72.1,95.4766400922197,24.0322451028472));
#7853=CARTESIAN_POINT('',(69.5,95.1630547024167,27.015810788952));
#7854=CARTESIAN_POINT('',(57.1625,95.1630547024167,27.015810788952));
#7855=CARTESIAN_POINT('',(69.5,95.4766400922197,24.0322451028472));
#7856=CARTESIAN_POINT('Origin',(72.1,92.8709927263548,23.758380529086));
#7857=CARTESIAN_POINT('',(72.1,73.0053660342465,22.1731731673203));
#7858=CARTESIAN_POINT('',(72.1,72.7440448760774,24.659477905741));
#7859=CARTESIAN_POINT('Origin',(69.5,95.4766400922197,24.0322451028472));
#7860=CARTESIAN_POINT('',(69.5,74.308189717179,22.3101054542009));
#7861=CARTESIAN_POINT('',(69.5,74.0468685590098,24.7964101926216));
#7862=CARTESIAN_POINT('Origin',(13.65,89.3901660925658,23.3925309076492));
#7863=CARTESIAN_POINT('Origin',(13.65,89.0765807027629,26.376096593754));
#7864=CARTESIAN_POINT('Origin',(13.65,89.337901860932,23.8897918553333));
#7865=CARTESIAN_POINT('Origin',(70.8,89.3901660925658,23.3925309076492));
#7866=CARTESIAN_POINT('Origin',(70.8,89.0765807027629,26.376096593754));
#7867=CARTESIAN_POINT('Origin',(70.8,89.337901860932,23.8897918553333));
#7868=CARTESIAN_POINT('Origin',(57.725,79.4449471388831,22.3472462749726));
#7869=CARTESIAN_POINT('',(57.725,79.3926829072493,22.8445072226568));
#7870=CARTESIAN_POINT('',(57.725,83.3707704887224,23.2626210757274));
#7871=CARTESIAN_POINT('',(57.725,66.2923432405107,21.4676060402636));
#7872=CARTESIAN_POINT('',(57.725,79.2881544439816,23.8390291180251));
#7873=CARTESIAN_POINT('',(57.725,79.4449471388831,22.3472462749726));
#7874=CARTESIAN_POINT('',(57.725,83.2662420254547,24.2571429710957));
#7875=CARTESIAN_POINT('',(57.725,79.2881544439816,23.8390291180251));
#7876=CARTESIAN_POINT('',(57.725,83.4230347203562,22.7653601280433));
#7877=CARTESIAN_POINT('Origin',(57.725,83.4230347203562,22.7653601280433));
#7878=CARTESIAN_POINT('',(29.725,83.3707704887224,23.2626210757274));
#7879=CARTESIAN_POINT('',(26.725,83.3707704887224,23.2626210757274));
#7880=CARTESIAN_POINT('',(49.975,83.3707704887224,23.2626210757274));
#7881=CARTESIAN_POINT('',(29.725,83.2662420254547,24.2571429710957));
#7882=CARTESIAN_POINT('',(29.725,83.4230347203562,22.7653601280433));
#7883=CARTESIAN_POINT('',(26.725,83.2662420254547,24.2571429710957));
#7884=CARTESIAN_POINT('',(57.725,83.2662420254547,24.2571429710957));
#7885=CARTESIAN_POINT('',(26.725,83.4230347203562,22.7653601280433));
#7886=CARTESIAN_POINT('Origin',(57.725,83.4230347203562,22.7653601280433));
#7887=CARTESIAN_POINT('',(54.725,83.3707704887224,23.2626210757274));
#7888=CARTESIAN_POINT('',(49.975,83.3707704887224,23.2626210757274));
#7889=CARTESIAN_POINT('',(54.725,83.2662420254547,24.2571429710957));
#7890=CARTESIAN_POINT('',(57.725,83.2662420254547,24.2571429710957));
#7891=CARTESIAN_POINT('',(54.725,83.4230347203562,22.7653601280433));
#7892=CARTESIAN_POINT('Origin',(26.725,79.4449471388831,22.3472462749726));
#7893=CARTESIAN_POINT('',(26.725,79.3926829072493,22.8445072226568));
#7894=CARTESIAN_POINT('',(34.475,79.3926829072493,22.8445072226568));
#7895=CARTESIAN_POINT('',(26.725,79.2881544439816,23.8390291180251));
#7896=CARTESIAN_POINT('',(26.725,79.4449471388831,22.3472462749726));
#7897=CARTESIAN_POINT('',(26.725,79.2881544439816,23.8390291180251));
#7898=CARTESIAN_POINT('Origin',(26.725,83.4230347203562,22.7653601280433));
#7899=CARTESIAN_POINT('',(26.725,68.2813870312472,21.6766629667989));
#7900=CARTESIAN_POINT('',(26.725,83.2662420254547,24.2571429710957));
#7901=CARTESIAN_POINT('Origin',(42.225,81.2771982347182,24.0480860445604));
#7902=CARTESIAN_POINT('',(35.975,83.2662420254547,24.2571429710957));
#7903=CARTESIAN_POINT('Origin',(57.725,104.805255470774,25.0127220882978));
#7904=CARTESIAN_POINT('',(57.725,104.75299123914,25.5099830359819));
#7905=CARTESIAN_POINT('',(26.725,104.75299123914,25.5099830359819));
#7906=CARTESIAN_POINT('',(49.975,104.75299123914,25.5099830359819));
#7907=CARTESIAN_POINT('',(57.725,104.648462775873,26.5045049313502));
#7908=CARTESIAN_POINT('',(57.725,104.805255470774,25.0127220882978));
#7909=CARTESIAN_POINT('',(26.725,104.648462775873,26.5045049313502));
#7910=CARTESIAN_POINT('',(57.725,104.648462775873,26.5045049313502));
#7911=CARTESIAN_POINT('',(26.725,104.805255470774,25.0127220882978));
#7912=CARTESIAN_POINT('Origin',(26.725,104.805255470774,25.0127220882978));
#7913=CARTESIAN_POINT('',(26.725,100.774903657667,25.0918691829113));
#7914=CARTESIAN_POINT('',(26.725,78.9724974064562,22.8003439469262));
#7915=CARTESIAN_POINT('',(26.725,100.670375194399,26.0863910782796));
#7916=CARTESIAN_POINT('',(26.725,104.648462775873,26.5045049313502));
#7917=CARTESIAN_POINT('',(26.725,100.827167889301,24.5946082352272));
#7918=CARTESIAN_POINT('Origin',(26.725,100.827167889301,24.5946082352272));
#7919=CARTESIAN_POINT('',(29.725,100.774903657667,25.0918691829113));
#7920=CARTESIAN_POINT('',(34.475,100.774903657667,25.0918691829113));
#7921=CARTESIAN_POINT('',(29.725,100.670375194399,26.0863910782796));
#7922=CARTESIAN_POINT('',(26.725,100.670375194399,26.0863910782796));
#7923=CARTESIAN_POINT('',(29.725,100.827167889301,24.5946082352272));
#7924=CARTESIAN_POINT('Origin',(57.725,100.827167889301,24.5946082352272));
#7925=CARTESIAN_POINT('',(57.725,100.774903657667,25.0918691829113));
#7926=CARTESIAN_POINT('',(57.725,76.9834536157196,22.5912870203909));
#7927=CARTESIAN_POINT('',(57.725,100.670375194399,26.0863910782796));
#7928=CARTESIAN_POINT('',(57.725,100.827167889301,24.5946082352272));
#7929=CARTESIAN_POINT('',(57.725,100.670375194399,26.0863910782796));
#7930=CARTESIAN_POINT('Origin',(26.725,100.827167889301,24.5946082352272));
#7931=CARTESIAN_POINT('',(54.725,100.774903657667,25.0918691829113));
#7932=CARTESIAN_POINT('',(34.475,100.774903657667,25.0918691829113));
#7933=CARTESIAN_POINT('',(54.725,100.670375194399,26.0863910782796));
#7934=CARTESIAN_POINT('',(54.725,100.827167889301,24.5946082352272));
#7935=CARTESIAN_POINT('',(26.725,100.670375194399,26.0863910782796));
#7936=CARTESIAN_POINT('Origin',(42.225,102.659418985136,26.2954480048149));
#7937=CARTESIAN_POINT('',(48.475,100.670375194399,26.0863910782796));
#7938=CARTESIAN_POINT('Origin',(29.725,83.4230347203562,22.7653601280433));
#7939=CARTESIAN_POINT('',(29.725,83.1094493305532,25.7489258141481));
#7940=CARTESIAN_POINT('',(29.725,83.4230347203562,22.7653601280433));
#7941=CARTESIAN_POINT('',(54.725,83.1094493305532,25.7489258141481));
#7942=CARTESIAN_POINT('',(35.975,83.1094493305532,25.7489258141481));
#7943=CARTESIAN_POINT('',(54.725,83.4230347203562,22.7653601280433));
#7944=CARTESIAN_POINT('Origin',(4.725,105.222954666829,25.0566240428702));
#7945=CARTESIAN_POINT('',(2.725,105.170690435195,25.5538849905544));
#7946=CARTESIAN_POINT('',(4.725,107.159734225931,25.7629419170897));
#7947=CARTESIAN_POINT('Origin',(4.725,105.170690435195,25.5538849905544));
#7948=CARTESIAN_POINT('',(2.72500000000001,104.909369277026,28.040189728975));
#7949=CARTESIAN_POINT('',(2.725,105.222954666829,25.0566240428702));
#7950=CARTESIAN_POINT('',(4.725,106.898413067762,28.2492466555103));
#7951=CARTESIAN_POINT('Origin',(4.725,104.909369277026,28.040189728975));
#7952=CARTESIAN_POINT('',(4.725,107.211998457565,25.2656809694055));
#7953=CARTESIAN_POINT('Origin',(4.725,1.26558094398312,14.1302637775024));
#7954=CARTESIAN_POINT('',(4.725,-0.775727078387253,14.4184677986512));
#7955=CARTESIAN_POINT('',(2.725,1.21331671234929,14.6275247251865));
#7956=CARTESIAN_POINT('Origin',(4.725,1.21331671234929,14.6275247251865));
#7957=CARTESIAN_POINT('',(4.725,-1.03704823655639,16.9047725370719));
#7958=CARTESIAN_POINT('',(4.725,-0.723462846753427,13.9212068509671));
#7959=CARTESIAN_POINT('',(2.725,0.95199555418016,17.1138294636072));
#7960=CARTESIAN_POINT('Origin',(4.725,0.95199555418016,17.1138294636072));
#7961=CARTESIAN_POINT('',(2.725,1.26558094398312,14.1302637775024));
#7962=CARTESIAN_POINT('Origin',(61.275,0.952264231633827,14.097332864055));
#7963=CARTESIAN_POINT('',(60.075,0.9,14.5945938117391));
#7964=CARTESIAN_POINT('Origin',(61.275,0.9,14.5945938117391));
#7965=CARTESIAN_POINT('',(60.075,0.638678841830866,17.0808985501598));
#7966=CARTESIAN_POINT('',(60.075,0.952264231633827,14.097332864055));
#7967=CARTESIAN_POINT('Origin',(61.275,0.638678841830866,17.0808985501598));
#7968=CARTESIAN_POINT('Origin',(23.175,0.952264231633827,14.097332864055));
#7969=CARTESIAN_POINT('',(21.975,0.9,14.5945938117391));
#7970=CARTESIAN_POINT('Origin',(23.175,0.9,14.5945938117391));
#7971=CARTESIAN_POINT('',(21.975,0.638678841830866,17.0808985501598));
#7972=CARTESIAN_POINT('',(21.975,0.952264231633827,14.097332864055));
#7973=CARTESIAN_POINT('Origin',(23.175,0.638678841830866,17.0808985501598));
#7974=CARTESIAN_POINT('Origin',(4.5,89.0522642316338,23.3570159909611));
#7975=CARTESIAN_POINT('',(3.3,89.,23.8542769386452));
#7976=CARTESIAN_POINT('Origin',(4.5,89.,23.8542769386452));
#7977=CARTESIAN_POINT('',(3.3,88.7386788418309,26.3405816770659));
#7978=CARTESIAN_POINT('',(3.3,89.0522642316338,23.3570159909611));
#7979=CARTESIAN_POINT('Origin',(4.5,88.7386788418309,26.3405816770659));
#7980=CARTESIAN_POINT('Origin',(20.,102.452264231634,24.7654127435211));
#7981=CARTESIAN_POINT('',(18.8,102.4,25.2626736912053));
#7982=CARTESIAN_POINT('Origin',(20.,102.4,25.2626736912053));
#7983=CARTESIAN_POINT('',(18.8,102.138678841831,27.748978429626));
#7984=CARTESIAN_POINT('',(18.8,102.452264231634,24.7654127435211));
#7985=CARTESIAN_POINT('Origin',(20.,102.138678841831,27.748978429626));
#7986=CARTESIAN_POINT('Origin',(6.65,6.64594439792548,14.6957627637804));
#7987=CARTESIAN_POINT('',(6.65,6.59368016629166,15.1930237114645));
#7988=CARTESIAN_POINT('',(20.65,6.59368016629165,15.1930237114645));
#7989=CARTESIAN_POINT('',(24.4375,6.59368016629166,15.1930237114645));
#7990=CARTESIAN_POINT('',(6.65,6.33235900812252,17.6793284498852));
#7991=CARTESIAN_POINT('',(6.65,6.64594439792548,14.6957627637804));
#7992=CARTESIAN_POINT('',(20.65,6.33235900812252,17.6793284498852));
#7993=CARTESIAN_POINT('',(24.4375,6.33235900812252,17.6793284498852));
#7994=CARTESIAN_POINT('',(20.65,6.64594439792548,14.6957627637804));
#7995=CARTESIAN_POINT('Origin',(20.65,6.64594439792548,14.6957627637804));
#7996=CARTESIAN_POINT('',(20.65,20.5169867014475,16.6564221972117));
#7997=CARTESIAN_POINT('',(20.65,29.8928418700319,17.6418642846675));
#7998=CARTESIAN_POINT('',(20.65,20.2556655432783,19.1427269356324));
#7999=CARTESIAN_POINT('',(20.65,29.6315207118627,20.1281690230882));
#8000=CARTESIAN_POINT('',(20.65,20.5692509330813,16.1591612495276));
#8001=CARTESIAN_POINT('Origin',(20.65,20.5692509330813,16.1591612495276));
#8002=CARTESIAN_POINT('',(6.65,20.5169867014475,16.6564221972117));
#8003=CARTESIAN_POINT('',(31.4375,20.5169867014475,16.6564221972117));
#8004=CARTESIAN_POINT('',(6.65,20.2556655432783,19.1427269356324));
#8005=CARTESIAN_POINT('',(31.4375,20.2556655432783,19.1427269356324));
#8006=CARTESIAN_POINT('',(6.65,20.5692509330813,16.1591612495276));
#8007=CARTESIAN_POINT('Origin',(6.65,20.5692509330813,16.1591612495276));
#8008=CARTESIAN_POINT('',(6.65,36.8544951376098,18.3735635275411));
#8009=CARTESIAN_POINT('',(6.65,36.5931739794407,20.8598682659618));
#8010=CARTESIAN_POINT('Origin',(63.8,25.5915865046911,16.6870299890292));
#8011=CARTESIAN_POINT('',(63.8,25.5393222730573,17.1842909367133));
#8012=CARTESIAN_POINT('',(77.8,25.5393222730573,17.1842909367133));
#8013=CARTESIAN_POINT('',(53.0125,25.5393222730573,17.1842909367133));
#8014=CARTESIAN_POINT('',(63.8,25.2780011148881,19.670595675134));
#8015=CARTESIAN_POINT('',(63.8,25.5915865046911,16.6870299890292));
#8016=CARTESIAN_POINT('',(77.8,25.2780011148881,19.670595675134));
#8017=CARTESIAN_POINT('',(53.0125,25.2780011148881,19.670595675134));
#8018=CARTESIAN_POINT('',(77.8,25.5915865046911,16.6870299890292));
#8019=CARTESIAN_POINT('Origin',(77.8,25.5915865046911,16.6870299890292));
#8020=CARTESIAN_POINT('',(77.8,39.4626288082131,18.6476894224605));
#8021=CARTESIAN_POINT('',(77.8,39.3656629234147,18.6374978972919));
#8022=CARTESIAN_POINT('',(77.8,39.201307650044,21.1339941608812));
#8023=CARTESIAN_POINT('',(77.8,39.1043417652456,21.1238026357126));
#8024=CARTESIAN_POINT('',(77.8,39.5148930398469,18.1504284747764));
#8025=CARTESIAN_POINT('Origin',(77.8,39.5148930398469,18.1504284747764));
#8026=CARTESIAN_POINT('',(63.8,39.4626288082131,18.6476894224605));
#8027=CARTESIAN_POINT('',(60.0125,39.4626288082131,18.6476894224605));
#8028=CARTESIAN_POINT('',(63.8,39.201307650044,21.1339941608812));
#8029=CARTESIAN_POINT('',(60.0125,39.201307650044,21.1339941608812));
#8030=CARTESIAN_POINT('',(63.8,39.5148930398469,18.1504284747764));
#8031=CARTESIAN_POINT('Origin',(63.8,39.5148930398469,18.1504284747764));
#8032=CARTESIAN_POINT('',(63.8,46.3273161909926,19.3691971401655));
#8033=CARTESIAN_POINT('',(63.8,46.0659950328235,21.8555018785862));
#8034=CARTESIAN_POINT('Origin',(44.75,63.4828707182223,20.6695644395268));
#8035=CARTESIAN_POINT('',(44.75,63.4306064865885,21.1668253872109));
#8036=CARTESIAN_POINT('',(58.75,63.4306064865885,21.1668253872109));
#8037=CARTESIAN_POINT('',(43.4875,63.4306064865885,21.1668253872109));
#8038=CARTESIAN_POINT('',(44.75,63.1692853284193,23.6531301256316));
#8039=CARTESIAN_POINT('',(44.75,63.4828707182223,20.6695644395268));
#8040=CARTESIAN_POINT('',(58.75,63.1692853284193,23.6531301256316));
#8041=CARTESIAN_POINT('',(43.4875,63.1692853284193,23.6531301256316));
#8042=CARTESIAN_POINT('',(58.75,63.4828707182223,20.6695644395268));
#8043=CARTESIAN_POINT('Origin',(58.75,63.4828707182223,20.6695644395268));
#8044=CARTESIAN_POINT('',(58.75,77.3539130217443,22.6302238729581));
#8045=CARTESIAN_POINT('',(58.75,58.3113050301803,20.6287651225407));
#8046=CARTESIAN_POINT('',(58.75,77.0925918635752,25.1165286113788));
#8047=CARTESIAN_POINT('',(58.75,58.0499838720112,23.1150698609614));
#8048=CARTESIAN_POINT('',(58.75,77.4061772533781,22.132962925274));
#8049=CARTESIAN_POINT('Origin',(58.75,77.4061772533781,22.132962925274));
#8050=CARTESIAN_POINT('',(44.75,77.3539130217443,22.6302238729581));
#8051=CARTESIAN_POINT('',(50.4875,77.3539130217443,22.6302238729581));
#8052=CARTESIAN_POINT('',(44.75,77.0925918635752,25.1165286113788));
#8053=CARTESIAN_POINT('',(50.4875,77.0925918635752,25.1165286113788));
#8054=CARTESIAN_POINT('',(44.75,77.4061772533781,22.132962925274));
#8055=CARTESIAN_POINT('Origin',(44.75,77.4061772533781,22.132962925274));
#8056=CARTESIAN_POINT('',(44.75,65.2729582977582,21.3604643654143));
#8057=CARTESIAN_POINT('',(44.75,65.0116371395891,23.846769103835));
#8058=CARTESIAN_POINT('Origin',(44.75,25.5915865046911,16.6870299890292));
#8059=CARTESIAN_POINT('',(44.75,25.5393222730573,17.1842909367133));
#8060=CARTESIAN_POINT('',(58.75,25.5393222730573,17.1842909367133));
#8061=CARTESIAN_POINT('',(43.4875,25.5393222730573,17.1842909367133));
#8062=CARTESIAN_POINT('',(44.75,25.2780011148881,19.670595675134));
#8063=CARTESIAN_POINT('',(44.75,25.5915865046911,16.6870299890292));
#8064=CARTESIAN_POINT('',(58.75,25.2780011148881,19.670595675134));
#8065=CARTESIAN_POINT('',(43.4875,25.2780011148881,19.670595675134));
#8066=CARTESIAN_POINT('',(58.75,25.5915865046911,16.6870299890292));
#8067=CARTESIAN_POINT('Origin',(58.75,25.5915865046911,16.6870299890292));
#8068=CARTESIAN_POINT('',(58.75,39.4626288082131,18.6476894224605));
#8069=CARTESIAN_POINT('',(58.75,39.3656629234147,18.6374978972919));
#8070=CARTESIAN_POINT('',(58.75,39.201307650044,21.1339941608812));
#8071=CARTESIAN_POINT('',(58.75,39.1043417652456,21.1238026357126));
#8072=CARTESIAN_POINT('',(58.75,39.5148930398469,18.1504284747764));
#8073=CARTESIAN_POINT('Origin',(58.75,39.5148930398469,18.1504284747764));
#8074=CARTESIAN_POINT('',(44.75,39.4626288082131,18.6476894224605));
#8075=CARTESIAN_POINT('',(50.4875,39.4626288082131,18.6476894224605));
#8076=CARTESIAN_POINT('',(44.75,39.201307650044,21.1339941608812));
#8077=CARTESIAN_POINT('',(50.4875,39.201307650044,21.1339941608812));
#8078=CARTESIAN_POINT('',(44.75,39.5148930398469,18.1504284747764));
#8079=CARTESIAN_POINT('Origin',(44.75,39.5148930398469,18.1504284747764));
#8080=CARTESIAN_POINT('',(44.75,46.3273161909926,19.3691971401655));
#8081=CARTESIAN_POINT('',(44.75,46.0659950328235,21.8555018785862));
#8082=CARTESIAN_POINT('Origin',(25.7,63.4828707182223,20.6695644395268));
#8083=CARTESIAN_POINT('',(25.7,63.4306064865885,21.1668253872109));
#8084=CARTESIAN_POINT('',(39.7,63.4306064865885,21.1668253872109));
#8085=CARTESIAN_POINT('',(33.9625,63.4306064865885,21.1668253872109));
#8086=CARTESIAN_POINT('',(25.7,63.1692853284193,23.6531301256316));
#8087=CARTESIAN_POINT('',(25.7,63.4828707182223,20.6695644395268));
#8088=CARTESIAN_POINT('',(39.7,63.1692853284193,23.6531301256316));
#8089=CARTESIAN_POINT('',(33.9625,63.1692853284193,23.6531301256316));
#8090=CARTESIAN_POINT('',(39.7,63.4828707182223,20.6695644395268));
#8091=CARTESIAN_POINT('Origin',(39.7,63.4828707182223,20.6695644395268));
#8092=CARTESIAN_POINT('',(39.7,77.3539130217443,22.6302238729581));
#8093=CARTESIAN_POINT('',(39.7,58.3113050301803,20.6287651225407));
#8094=CARTESIAN_POINT('',(39.7,77.0925918635752,25.1165286113788));
#8095=CARTESIAN_POINT('',(39.7,58.0499838720112,23.1150698609614));
#8096=CARTESIAN_POINT('',(39.7,77.4061772533781,22.132962925274));
#8097=CARTESIAN_POINT('Origin',(39.7,77.4061772533781,22.132962925274));
#8098=CARTESIAN_POINT('',(25.7,77.3539130217443,22.6302238729581));
#8099=CARTESIAN_POINT('',(40.9625,77.3539130217443,22.6302238729581));
#8100=CARTESIAN_POINT('',(25.7,77.0925918635752,25.1165286113788));
#8101=CARTESIAN_POINT('',(40.9625,77.0925918635752,25.1165286113788));
#8102=CARTESIAN_POINT('',(25.7,77.4061772533781,22.132962925274));
#8103=CARTESIAN_POINT('Origin',(25.7,77.4061772533781,22.132962925274));
#8104=CARTESIAN_POINT('',(25.7,65.2729582977582,21.3604643654143));
#8105=CARTESIAN_POINT('',(25.7,65.0116371395891,23.846769103835));
#8106=CARTESIAN_POINT('Origin',(25.7,25.5915865046911,16.6870299890292));
#8107=CARTESIAN_POINT('',(25.7,25.5393222730573,17.1842909367133));
#8108=CARTESIAN_POINT('',(39.7,25.5393222730573,17.1842909367133));
#8109=CARTESIAN_POINT('',(33.9625,25.5393222730573,17.1842909367133));
#8110=CARTESIAN_POINT('',(25.7,25.2780011148881,19.670595675134));
#8111=CARTESIAN_POINT('',(25.7,25.5915865046911,16.6870299890292));
#8112=CARTESIAN_POINT('',(39.7,25.2780011148881,19.670595675134));
#8113=CARTESIAN_POINT('',(33.9625,25.2780011148881,19.670595675134));
#8114=CARTESIAN_POINT('',(39.7,25.5915865046911,16.6870299890292));
#8115=CARTESIAN_POINT('Origin',(39.7,25.5915865046911,16.6870299890292));
#8116=CARTESIAN_POINT('',(39.7,39.4626288082131,18.6476894224605));
#8117=CARTESIAN_POINT('',(39.7,39.3656629234147,18.6374978972919));
#8118=CARTESIAN_POINT('',(39.7,39.201307650044,21.1339941608812));
#8119=CARTESIAN_POINT('',(39.7,39.1043417652456,21.1238026357126));
#8120=CARTESIAN_POINT('',(39.7,39.5148930398469,18.1504284747764));
#8121=CARTESIAN_POINT('Origin',(39.7,39.5148930398469,18.1504284747764));
#8122=CARTESIAN_POINT('',(25.7,39.4626288082131,18.6476894224605));
#8123=CARTESIAN_POINT('',(40.9625,39.4626288082131,18.6476894224605));
#8124=CARTESIAN_POINT('',(25.7,39.201307650044,21.1339941608812));
#8125=CARTESIAN_POINT('',(40.9625,39.201307650044,21.1339941608812));
#8126=CARTESIAN_POINT('',(25.7,39.5148930398469,18.1504284747764));
#8127=CARTESIAN_POINT('Origin',(25.7,39.5148930398469,18.1504284747764));
#8128=CARTESIAN_POINT('',(25.7,46.3273161909926,19.3691971401655));
#8129=CARTESIAN_POINT('',(25.7,46.0659950328235,21.8555018785862));
#8130=CARTESIAN_POINT('Origin',(6.65,63.4828707182223,20.6695644395268));
#8131=CARTESIAN_POINT('',(6.65,63.4306064865885,21.1668253872109));
#8132=CARTESIAN_POINT('',(20.65,63.4306064865885,21.1668253872109));
#8133=CARTESIAN_POINT('',(24.4375,63.4306064865885,21.1668253872109));
#8134=CARTESIAN_POINT('',(6.65,63.1692853284193,23.6531301256316));
#8135=CARTESIAN_POINT('',(6.65,63.4828707182223,20.6695644395268));
#8136=CARTESIAN_POINT('',(20.65,63.1692853284193,23.6531301256316));
#8137=CARTESIAN_POINT('',(24.4375,63.1692853284193,23.6531301256316));
#8138=CARTESIAN_POINT('',(20.65,63.4828707182223,20.6695644395268));
#8139=CARTESIAN_POINT('Origin',(20.65,63.4828707182223,20.6695644395268));
#8140=CARTESIAN_POINT('',(20.65,77.3539130217443,22.6302238729581));
#8141=CARTESIAN_POINT('',(20.65,58.3113050301803,20.6287651225407));
#8142=CARTESIAN_POINT('',(20.65,77.0925918635752,25.1165286113788));
#8143=CARTESIAN_POINT('',(20.65,58.0499838720112,23.1150698609614));
#8144=CARTESIAN_POINT('',(20.65,77.4061772533781,22.132962925274));
#8145=CARTESIAN_POINT('Origin',(20.65,77.4061772533781,22.132962925274));
#8146=CARTESIAN_POINT('',(6.65,77.3539130217443,22.6302238729581));
#8147=CARTESIAN_POINT('',(31.4375,77.3539130217443,22.6302238729581));
#8148=CARTESIAN_POINT('',(6.65,77.0925918635752,25.1165286113788));
#8149=CARTESIAN_POINT('',(31.4375,77.0925918635752,25.1165286113788));
#8150=CARTESIAN_POINT('',(6.65,77.4061772533781,22.132962925274));
#8151=CARTESIAN_POINT('Origin',(6.65,77.4061772533781,22.132962925274));
#8152=CARTESIAN_POINT('',(6.65,65.2729582977582,21.3604643654143));
#8153=CARTESIAN_POINT('',(6.65,65.0116371395891,23.846769103835));
#8154=CARTESIAN_POINT('Origin',(6.65,25.5915865046911,16.6870299890292));
#8155=CARTESIAN_POINT('',(6.65,25.5393222730573,17.1842909367133));
#8156=CARTESIAN_POINT('',(20.65,25.5393222730573,17.1842909367133));
#8157=CARTESIAN_POINT('',(24.4375,25.5393222730573,17.1842909367133));
#8158=CARTESIAN_POINT('',(6.65,25.2780011148881,19.670595675134));
#8159=CARTESIAN_POINT('',(6.65,25.5915865046911,16.6870299890292));
#8160=CARTESIAN_POINT('',(20.65,25.2780011148881,19.670595675134));
#8161=CARTESIAN_POINT('',(24.4375,25.2780011148881,19.670595675134));
#8162=CARTESIAN_POINT('',(20.65,25.5915865046911,16.6870299890292));
#8163=CARTESIAN_POINT('Origin',(20.65,25.5915865046911,16.6870299890292));
#8164=CARTESIAN_POINT('',(20.65,39.4626288082131,18.6476894224605));
#8165=CARTESIAN_POINT('',(20.65,39.3656629234147,18.6374978972919));
#8166=CARTESIAN_POINT('',(20.65,39.201307650044,21.1339941608812));
#8167=CARTESIAN_POINT('',(20.65,39.1043417652456,21.1238026357126));
#8168=CARTESIAN_POINT('',(20.65,39.5148930398469,18.1504284747764));
#8169=CARTESIAN_POINT('Origin',(20.65,39.5148930398469,18.1504284747764));
#8170=CARTESIAN_POINT('',(6.65,39.4626288082131,18.6476894224605));
#8171=CARTESIAN_POINT('',(31.4375,39.4626288082131,18.6476894224605));
#8172=CARTESIAN_POINT('',(6.65,39.201307650044,21.1339941608812));
#8173=CARTESIAN_POINT('',(31.4375,39.201307650044,21.1339941608812));
#8174=CARTESIAN_POINT('',(6.65,39.5148930398469,18.1504284747764));
#8175=CARTESIAN_POINT('Origin',(6.65,39.5148930398469,18.1504284747764));
#8176=CARTESIAN_POINT('',(6.65,46.3273161909926,19.3691971401655));
#8177=CARTESIAN_POINT('',(6.65,46.0659950328235,21.8555018785862));
#8178=CARTESIAN_POINT('Origin',(6.65,44.5372286114567,18.678297214278));
#8179=CARTESIAN_POINT('',(6.65,44.4849643798229,19.1755581619621));
#8180=CARTESIAN_POINT('',(20.65,44.4849643798229,19.1755581619621));
#8181=CARTESIAN_POINT('',(24.4375,44.4849643798229,19.1755581619621));
#8182=CARTESIAN_POINT('',(6.65,44.2236432216537,21.6618629003828));
#8183=CARTESIAN_POINT('',(6.65,44.5372286114567,18.678297214278));
#8184=CARTESIAN_POINT('',(20.65,44.2236432216537,21.6618629003828));
#8185=CARTESIAN_POINT('',(24.4375,44.2236432216537,21.6618629003828));
#8186=CARTESIAN_POINT('',(20.65,44.5372286114567,18.678297214278));
#8187=CARTESIAN_POINT('Origin',(20.65,44.5372286114567,18.678297214278));
#8188=CARTESIAN_POINT('',(20.65,58.4082709149787,20.6389566477093));
#8189=CARTESIAN_POINT('',(20.65,48.8384839767975,19.6331315099163));
#8190=CARTESIAN_POINT('',(20.65,58.1469497568096,23.12526138613));
#8191=CARTESIAN_POINT('',(20.65,48.5771628186284,22.119436248337));
#8192=CARTESIAN_POINT('',(20.65,58.4605351466125,20.1416957000252));
#8193=CARTESIAN_POINT('Origin',(20.65,58.4605351466125,20.1416957000252));
#8194=CARTESIAN_POINT('',(6.65,58.4082709149787,20.6389566477093));
#8195=CARTESIAN_POINT('',(31.4375,58.4082709149787,20.6389566477093));
#8196=CARTESIAN_POINT('',(6.65,58.1469497568096,23.12526138613));
#8197=CARTESIAN_POINT('',(31.4375,58.1469497568096,23.12526138613));
#8198=CARTESIAN_POINT('',(6.65,58.4605351466125,20.1416957000252));
#8199=CARTESIAN_POINT('Origin',(6.65,58.4605351466125,20.1416957000252));
#8200=CARTESIAN_POINT('',(6.65,55.8001372443754,20.3648307527899));
#8201=CARTESIAN_POINT('',(6.65,55.5388160862063,22.8511354912106));
#8202=CARTESIAN_POINT('Origin',(25.7,6.64594439792548,14.6957627637804));
#8203=CARTESIAN_POINT('',(25.7,6.59368016629166,15.1930237114645));
#8204=CARTESIAN_POINT('',(39.7,6.59368016629165,15.1930237114645));
#8205=CARTESIAN_POINT('',(33.9625,6.59368016629166,15.1930237114645));
#8206=CARTESIAN_POINT('',(25.7,6.33235900812252,17.6793284498852));
#8207=CARTESIAN_POINT('',(25.7,6.64594439792548,14.6957627637804));
#8208=CARTESIAN_POINT('',(39.7,6.33235900812252,17.6793284498852));
#8209=CARTESIAN_POINT('',(33.9625,6.33235900812252,17.6793284498852));
#8210=CARTESIAN_POINT('',(39.7,6.64594439792548,14.6957627637804));
#8211=CARTESIAN_POINT('Origin',(39.7,6.64594439792548,14.6957627637804));
#8212=CARTESIAN_POINT('',(39.7,20.5169867014475,16.6564221972117));
#8213=CARTESIAN_POINT('',(39.7,29.8928418700319,17.6418642846675));
#8214=CARTESIAN_POINT('',(39.7,20.2556655432783,19.1427269356324));
#8215=CARTESIAN_POINT('',(39.7,29.6315207118627,20.1281690230882));
#8216=CARTESIAN_POINT('',(39.7,20.5692509330813,16.1591612495276));
#8217=CARTESIAN_POINT('Origin',(39.7,20.5692509330813,16.1591612495276));
#8218=CARTESIAN_POINT('',(25.7,20.5169867014475,16.6564221972117));
#8219=CARTESIAN_POINT('',(40.9625,20.5169867014475,16.6564221972117));
#8220=CARTESIAN_POINT('',(25.7,20.2556655432783,19.1427269356324));
#8221=CARTESIAN_POINT('',(40.9625,20.2556655432783,19.1427269356324));
#8222=CARTESIAN_POINT('',(25.7,20.5692509330813,16.1591612495276));
#8223=CARTESIAN_POINT('Origin',(25.7,20.5692509330813,16.1591612495276));
#8224=CARTESIAN_POINT('',(25.7,36.8544951376098,18.3735635275411));
#8225=CARTESIAN_POINT('',(25.7,36.5931739794407,20.8598682659618));
#8226=CARTESIAN_POINT('Origin',(25.7,44.5372286114567,18.678297214278));
#8227=CARTESIAN_POINT('',(25.7,44.4849643798229,19.1755581619621));
#8228=CARTESIAN_POINT('',(39.7,44.4849643798229,19.1755581619621));
#8229=CARTESIAN_POINT('',(33.9625,44.4849643798229,19.1755581619621));
#8230=CARTESIAN_POINT('',(25.7,44.2236432216537,21.6618629003828));
#8231=CARTESIAN_POINT('',(25.7,44.5372286114567,18.678297214278));
#8232=CARTESIAN_POINT('',(39.7,44.2236432216537,21.6618629003828));
#8233=CARTESIAN_POINT('',(33.9625,44.2236432216537,21.6618629003828));
#8234=CARTESIAN_POINT('',(39.7,44.5372286114567,18.678297214278));
#8235=CARTESIAN_POINT('Origin',(39.7,44.5372286114567,18.678297214278));
#8236=CARTESIAN_POINT('',(39.7,58.4082709149787,20.6389566477093));
#8237=CARTESIAN_POINT('',(39.7,48.8384839767975,19.6331315099163));
#8238=CARTESIAN_POINT('',(39.7,58.1469497568096,23.12526138613));
#8239=CARTESIAN_POINT('',(39.7,48.5771628186284,22.119436248337));
#8240=CARTESIAN_POINT('',(39.7,58.4605351466125,20.1416957000252));
#8241=CARTESIAN_POINT('Origin',(39.7,58.4605351466125,20.1416957000252));
#8242=CARTESIAN_POINT('',(25.7,58.4082709149787,20.6389566477093));
#8243=CARTESIAN_POINT('',(40.9625,58.4082709149787,20.6389566477093));
#8244=CARTESIAN_POINT('',(25.7,58.1469497568096,23.12526138613));
#8245=CARTESIAN_POINT('',(40.9625,58.1469497568096,23.12526138613));
#8246=CARTESIAN_POINT('',(25.7,58.4605351466125,20.1416957000252));
#8247=CARTESIAN_POINT('Origin',(25.7,58.4605351466125,20.1416957000252));
#8248=CARTESIAN_POINT('',(25.7,55.8001372443754,20.3648307527899));
#8249=CARTESIAN_POINT('',(25.7,55.5388160862063,22.8511354912106));
#8250=CARTESIAN_POINT('Origin',(44.75,6.64594439792548,14.6957627637804));
#8251=CARTESIAN_POINT('',(44.75,6.59368016629166,15.1930237114645));
#8252=CARTESIAN_POINT('',(58.75,6.59368016629165,15.1930237114645));
#8253=CARTESIAN_POINT('',(43.4875,6.59368016629166,15.1930237114645));
#8254=CARTESIAN_POINT('',(44.75,6.33235900812252,17.6793284498852));
#8255=CARTESIAN_POINT('',(44.75,6.64594439792548,14.6957627637804));
#8256=CARTESIAN_POINT('',(58.75,6.33235900812252,17.6793284498852));
#8257=CARTESIAN_POINT('',(43.4875,6.33235900812252,17.6793284498852));
#8258=CARTESIAN_POINT('',(58.75,6.64594439792548,14.6957627637804));
#8259=CARTESIAN_POINT('Origin',(58.75,6.64594439792548,14.6957627637804));
#8260=CARTESIAN_POINT('',(58.75,20.5169867014475,16.6564221972117));
#8261=CARTESIAN_POINT('',(58.75,29.8928418700319,17.6418642846675));
#8262=CARTESIAN_POINT('',(58.75,20.2556655432783,19.1427269356324));
#8263=CARTESIAN_POINT('',(58.75,29.6315207118627,20.1281690230882));
#8264=CARTESIAN_POINT('',(58.75,20.5692509330813,16.1591612495276));
#8265=CARTESIAN_POINT('Origin',(58.75,20.5692509330813,16.1591612495276));
#8266=CARTESIAN_POINT('',(44.75,20.5169867014475,16.6564221972117));
#8267=CARTESIAN_POINT('',(50.4875,20.5169867014475,16.6564221972117));
#8268=CARTESIAN_POINT('',(44.75,20.2556655432783,19.1427269356324));
#8269=CARTESIAN_POINT('',(50.4875,20.2556655432783,19.1427269356324));
#8270=CARTESIAN_POINT('',(44.75,20.5692509330813,16.1591612495276));
#8271=CARTESIAN_POINT('Origin',(44.75,20.5692509330813,16.1591612495276));
#8272=CARTESIAN_POINT('',(44.75,36.8544951376098,18.3735635275411));
#8273=CARTESIAN_POINT('',(44.75,36.5931739794407,20.8598682659618));
#8274=CARTESIAN_POINT('Origin',(44.75,44.5372286114567,18.678297214278));
#8275=CARTESIAN_POINT('',(44.75,44.4849643798229,19.1755581619621));
#8276=CARTESIAN_POINT('',(58.75,44.4849643798229,19.1755581619621));
#8277=CARTESIAN_POINT('',(43.4875,44.4849643798229,19.1755581619621));
#8278=CARTESIAN_POINT('',(44.75,44.2236432216537,21.6618629003828));
#8279=CARTESIAN_POINT('',(44.75,44.5372286114567,18.678297214278));
#8280=CARTESIAN_POINT('',(58.75,44.2236432216537,21.6618629003828));
#8281=CARTESIAN_POINT('',(43.4875,44.2236432216537,21.6618629003828));
#8282=CARTESIAN_POINT('',(58.75,44.5372286114567,18.678297214278));
#8283=CARTESIAN_POINT('Origin',(58.75,44.5372286114567,18.678297214278));
#8284=CARTESIAN_POINT('',(58.75,58.4082709149787,20.6389566477093));
#8285=CARTESIAN_POINT('',(58.75,48.8384839767975,19.6331315099163));
#8286=CARTESIAN_POINT('',(58.75,58.1469497568096,23.12526138613));
#8287=CARTESIAN_POINT('',(58.75,48.5771628186284,22.119436248337));
#8288=CARTESIAN_POINT('',(58.75,58.4605351466125,20.1416957000252));
#8289=CARTESIAN_POINT('Origin',(58.75,58.4605351466125,20.1416957000252));
#8290=CARTESIAN_POINT('',(44.75,58.4082709149787,20.6389566477093));
#8291=CARTESIAN_POINT('',(50.4875,58.4082709149787,20.6389566477093));
#8292=CARTESIAN_POINT('',(44.75,58.1469497568096,23.12526138613));
#8293=CARTESIAN_POINT('',(50.4875,58.1469497568096,23.12526138613));
#8294=CARTESIAN_POINT('',(44.75,58.4605351466125,20.1416957000252));
#8295=CARTESIAN_POINT('Origin',(44.75,58.4605351466125,20.1416957000252));
#8296=CARTESIAN_POINT('',(44.75,55.8001372443754,20.3648307527899));
#8297=CARTESIAN_POINT('',(44.75,55.5388160862063,22.8511354912106));
#8298=CARTESIAN_POINT('Origin',(63.8,6.64594439792548,14.6957627637804));
#8299=CARTESIAN_POINT('',(63.8,6.59368016629166,15.1930237114645));
#8300=CARTESIAN_POINT('',(77.8,6.59368016629165,15.1930237114645));
#8301=CARTESIAN_POINT('',(53.0125,6.59368016629166,15.1930237114645));
#8302=CARTESIAN_POINT('',(63.8,6.33235900812252,17.6793284498852));
#8303=CARTESIAN_POINT('',(63.8,6.64594439792548,14.6957627637804));
#8304=CARTESIAN_POINT('',(77.8,6.33235900812252,17.6793284498852));
#8305=CARTESIAN_POINT('',(53.0125,6.33235900812252,17.6793284498852));
#8306=CARTESIAN_POINT('',(77.8,6.64594439792548,14.6957627637804));
#8307=CARTESIAN_POINT('Origin',(77.8,6.64594439792548,14.6957627637804));
#8308=CARTESIAN_POINT('',(77.8,20.5169867014475,16.6564221972117));
#8309=CARTESIAN_POINT('',(77.8,29.8928418700319,17.6418642846675));
#8310=CARTESIAN_POINT('',(77.8,20.2556655432783,19.1427269356324));
#8311=CARTESIAN_POINT('',(77.8,29.6315207118627,20.1281690230882));
#8312=CARTESIAN_POINT('',(77.8,20.5692509330813,16.1591612495276));
#8313=CARTESIAN_POINT('Origin',(77.8,20.5692509330813,16.1591612495276));
#8314=CARTESIAN_POINT('',(63.8,20.5169867014475,16.6564221972117));
#8315=CARTESIAN_POINT('',(60.0125,20.5169867014475,16.6564221972117));
#8316=CARTESIAN_POINT('',(63.8,20.2556655432783,19.1427269356324));
#8317=CARTESIAN_POINT('',(60.0125,20.2556655432783,19.1427269356324));
#8318=CARTESIAN_POINT('',(63.8,20.5692509330813,16.1591612495276));
#8319=CARTESIAN_POINT('Origin',(63.8,20.5692509330813,16.1591612495276));
#8320=CARTESIAN_POINT('',(63.8,36.8544951376098,18.3735635275411));
#8321=CARTESIAN_POINT('',(63.8,36.5931739794407,20.8598682659618));
#8322=CARTESIAN_POINT('Origin',(63.8,44.5372286114567,18.678297214278));
#8323=CARTESIAN_POINT('',(63.8,44.4849643798229,19.1755581619621));
#8324=CARTESIAN_POINT('',(77.8,44.4849643798229,19.1755581619621));
#8325=CARTESIAN_POINT('',(53.0125,44.4849643798229,19.1755581619621));
#8326=CARTESIAN_POINT('',(63.8,44.2236432216537,21.6618629003828));
#8327=CARTESIAN_POINT('',(63.8,44.5372286114567,18.678297214278));
#8328=CARTESIAN_POINT('',(77.8,44.2236432216537,21.6618629003828));
#8329=CARTESIAN_POINT('',(53.0125,44.2236432216537,21.6618629003828));
#8330=CARTESIAN_POINT('',(77.8,44.5372286114567,18.678297214278));
#8331=CARTESIAN_POINT('Origin',(77.8,44.5372286114567,18.678297214278));
#8332=CARTESIAN_POINT('',(77.8,58.4082709149787,20.6389566477093));
#8333=CARTESIAN_POINT('',(77.8,48.8384839767975,19.6331315099163));
#8334=CARTESIAN_POINT('',(77.8,58.1469497568096,23.12526138613));
#8335=CARTESIAN_POINT('',(77.8,48.5771628186284,22.119436248337));
#8336=CARTESIAN_POINT('',(77.8,58.4605351466125,20.1416957000252));
#8337=CARTESIAN_POINT('Origin',(77.8,58.4605351466125,20.1416957000252));
#8338=CARTESIAN_POINT('',(63.8,58.4082709149787,20.6389566477093));
#8339=CARTESIAN_POINT('',(60.0125,58.4082709149787,20.6389566477093));
#8340=CARTESIAN_POINT('',(63.8,58.1469497568096,23.12526138613));
#8341=CARTESIAN_POINT('',(60.0125,58.1469497568096,23.12526138613));
#8342=CARTESIAN_POINT('',(63.8,58.4605351466125,20.1416957000252));
#8343=CARTESIAN_POINT('Origin',(63.8,58.4605351466125,20.1416957000252));
#8344=CARTESIAN_POINT('',(63.8,55.8001372443754,20.3648307527899));
#8345=CARTESIAN_POINT('',(63.8,55.5388160862063,22.8511354912106));
#8346=CARTESIAN_POINT('Origin',(63.8,63.4828707182223,20.6695644395268));
#8347=CARTESIAN_POINT('',(63.8,63.4306064865885,21.1668253872109));
#8348=CARTESIAN_POINT('',(77.8,63.4306064865885,21.1668253872109));
#8349=CARTESIAN_POINT('',(53.0125,63.4306064865885,21.1668253872109));
#8350=CARTESIAN_POINT('',(63.8,63.1692853284193,23.6531301256316));
#8351=CARTESIAN_POINT('',(63.8,63.4828707182223,20.6695644395268));
#8352=CARTESIAN_POINT('',(77.8,63.1692853284193,23.6531301256316));
#8353=CARTESIAN_POINT('',(53.0125,63.1692853284193,23.6531301256316));
#8354=CARTESIAN_POINT('',(77.8,63.4828707182223,20.6695644395268));
#8355=CARTESIAN_POINT('Origin',(77.8,63.4828707182223,20.6695644395268));
#8356=CARTESIAN_POINT('',(77.8,77.3539130217443,22.6302238729581));
#8357=CARTESIAN_POINT('',(77.8,58.3113050301803,20.6287651225407));
#8358=CARTESIAN_POINT('',(77.8,77.0925918635752,25.1165286113788));
#8359=CARTESIAN_POINT('',(77.8,58.0499838720112,23.1150698609614));
#8360=CARTESIAN_POINT('',(77.8,77.4061772533781,22.132962925274));
#8361=CARTESIAN_POINT('Origin',(77.8,77.4061772533781,22.132962925274));
#8362=CARTESIAN_POINT('',(63.8,77.3539130217443,22.6302238729581));
#8363=CARTESIAN_POINT('',(60.0125,77.3539130217443,22.6302238729581));
#8364=CARTESIAN_POINT('',(63.8,77.0925918635752,25.1165286113788));
#8365=CARTESIAN_POINT('',(60.0125,77.0925918635752,25.1165286113788));
#8366=CARTESIAN_POINT('',(63.8,77.4061772533781,22.132962925274));
#8367=CARTESIAN_POINT('Origin',(63.8,77.4061772533781,22.132962925274));
#8368=CARTESIAN_POINT('',(63.8,65.2729582977582,21.3604643654143));
#8369=CARTESIAN_POINT('',(63.8,65.0116371395891,23.846769103835));
#8370=CARTESIAN_POINT('Origin',(64.,102.452264231634,24.7654127435211));
#8371=CARTESIAN_POINT('',(62.8,102.4,25.2626736912053));
#8372=CARTESIAN_POINT('Origin',(64.,102.4,25.2626736912053));
#8373=CARTESIAN_POINT('',(62.8,102.138678841831,27.748978429626));
#8374=CARTESIAN_POINT('',(62.8,102.452264231634,24.7654127435211));
#8375=CARTESIAN_POINT('Origin',(64.,102.138678841831,27.748978429626));
#8376=CARTESIAN_POINT('Origin',(79.95,89.0522642316338,23.3570159909611));
#8377=CARTESIAN_POINT('',(78.75,89.,23.8542769386452));
#8378=CARTESIAN_POINT('Origin',(79.95,89.,23.8542769386452));
#8379=CARTESIAN_POINT('',(78.75,88.7386788418309,26.3405816770659));
#8380=CARTESIAN_POINT('',(78.75,89.0522642316338,23.3570159909611));
#8381=CARTESIAN_POINT('Origin',(79.95,88.7386788418309,26.3405816770659));
#8382=CARTESIAN_POINT('Origin',(42.225,0.952264231633827,14.097332864055));
#8383=CARTESIAN_POINT('',(41.025,0.9,14.5945938117391));
#8384=CARTESIAN_POINT('Origin',(42.225,0.9,14.5945938117391));
#8385=CARTESIAN_POINT('',(41.025,0.638678841830866,17.0808985501598));
#8386=CARTESIAN_POINT('',(41.025,0.952264231633827,14.097332864055));
#8387=CARTESIAN_POINT('Origin',(42.225,0.638678841830866,17.0808985501598));
#8388=CARTESIAN_POINT('Origin',(54.725,83.4230347203562,22.7653601280433));
#8389=CARTESIAN_POINT('',(54.725,68.2813870312472,21.6766629667989));
#8390=CARTESIAN_POINT('',(54.725,100.513582499498,27.578173921332));
#8391=CARTESIAN_POINT('',(54.725,68.0200658730781,24.1629677052196));
#8392=CARTESIAN_POINT('',(54.725,100.827167889301,24.5946082352272));
#8393=CARTESIAN_POINT('Origin',(54.725,100.827167889301,24.5946082352272));
#8394=CARTESIAN_POINT('',(29.725,100.513582499498,27.578173921332));
#8395=CARTESIAN_POINT('',(48.475,100.513582499498,27.578173921332));
#8396=CARTESIAN_POINT('',(29.725,100.827167889301,24.5946082352272));
#8397=CARTESIAN_POINT('Origin',(29.725,100.827167889301,24.5946082352272));
#8398=CARTESIAN_POINT('',(29.725,76.9834536157196,22.5912870203909));
#8399=CARTESIAN_POINT('',(29.725,76.7221324575505,25.0775917588116));
#8400=CARTESIAN_POINT('Origin',(79.725,1.26558094398312,14.1302637775024));
#8401=CARTESIAN_POINT('',(81.725,1.21331671234929,14.6275247251865));
#8402=CARTESIAN_POINT('',(79.725,-0.775727078387246,14.4184677986512));
#8403=CARTESIAN_POINT('Origin',(79.725,1.21331671234929,14.6275247251865));
#8404=CARTESIAN_POINT('',(81.725,0.95199555418016,17.1138294636072));
#8405=CARTESIAN_POINT('',(81.725,1.26558094398312,14.1302637775024));
#8406=CARTESIAN_POINT('',(79.725,-1.03704823655638,16.9047725370719));
#8407=CARTESIAN_POINT('Origin',(79.725,0.95199555418016,17.1138294636072));
#8408=CARTESIAN_POINT('',(79.725,-0.723462846753427,13.9212068509671));
#8409=CARTESIAN_POINT('Origin',(79.725,105.222954666829,25.0566240428702));
#8410=CARTESIAN_POINT('',(79.725,107.159734225931,25.7629419170897));
#8411=CARTESIAN_POINT('',(81.725,105.170690435195,25.5538849905544));
#8412=CARTESIAN_POINT('Origin',(79.725,105.170690435195,25.5538849905544));
#8413=CARTESIAN_POINT('',(79.725,106.898413067762,28.2492466555103));
#8414=CARTESIAN_POINT('',(79.725,107.211998457565,25.2656809694055));
#8415=CARTESIAN_POINT('',(81.725,104.909369277026,28.040189728975));
#8416=CARTESIAN_POINT('Origin',(79.725,104.909369277026,28.040189728975));
#8417=CARTESIAN_POINT('',(81.725,105.222954666829,25.0566240428702));
#8418=CARTESIAN_POINT('Origin',(42.225,52.930682415603,22.5770095962911));
#8419=CARTESIAN_POINT('',(2.725,106.898413067762,28.2492466555103));
#8420=CARTESIAN_POINT('',(2.725,-1.03704823655639,16.9047725370719));
#8421=CARTESIAN_POINT('',(81.725,-1.03704823655639,16.9047725370719));
#8422=CARTESIAN_POINT('',(81.725,106.898413067762,28.2492466555103));
#8423=CARTESIAN_POINT('Origin',(42.225,53.1920035737721,20.0907048578704));
#8424=CARTESIAN_POINT('',(81.725,107.159734225931,25.7629419170897));
#8425=CARTESIAN_POINT('',(81.725,-0.775727078387253,14.4184677986512));
#8426=CARTESIAN_POINT('',(2.725,-0.775727078387253,14.4184677986512));
#8427=CARTESIAN_POINT('',(2.725,107.159734225931,25.7629419170897));
#8428=CARTESIAN_POINT('Origin',(81.725,107.159734225931,25.7629419170897));
#8429=CARTESIAN_POINT('Origin',(81.725,-0.775727078387253,14.4184677986512));
#8430=CARTESIAN_POINT('Origin',(2.725,-0.775727078387253,14.4184677986512));
#8431=CARTESIAN_POINT('Origin',(2.725,107.159734225931,25.7629419170897));
#8432=UNCERTAINTY_MEASURE_WITH_UNIT(LENGTH_MEASURE(0.01),#8436,
'DISTANCE_ACCURACY_VALUE',
'Maximum model space distance between geometric entities at asserted c
onnectivities');
#8433=UNCERTAINTY_MEASURE_WITH_UNIT(LENGTH_MEASURE(0.01),#8436,
'DISTANCE_ACCURACY_VALUE',
'Maximum model space distance between geometric entities at asserted c
onnectivities');
#8434=(
GEOMETRIC_REPRESENTATION_CONTEXT(3)
GLOBAL_UNCERTAINTY_ASSIGNED_CONTEXT((#8432))
GLOBAL_UNIT_ASSIGNED_CONTEXT((#8436,#8438,#8439))
REPRESENTATION_CONTEXT('','3D')
);
#8435=(
GEOMETRIC_REPRESENTATION_CONTEXT(3)
GLOBAL_UNCERTAINTY_ASSIGNED_CONTEXT((#8433))
GLOBAL_UNIT_ASSIGNED_CONTEXT((#8436,#8438,#8439))
REPRESENTATION_CONTEXT('','3D')
);
#8436=(
LENGTH_UNIT()
NAMED_UNIT(*)
SI_UNIT(.MILLI.,.METRE.)
);
#8437=(
LENGTH_UNIT()
NAMED_UNIT(*)
SI_UNIT($,.METRE.)
);
#8438=(
NAMED_UNIT(*)
PLANE_ANGLE_UNIT()
SI_UNIT($,.RADIAN.)
);
#8439=(
NAMED_UNIT(*)
SI_UNIT($,.STERADIAN.)
SOLID_ANGLE_UNIT()
);
#8440=SHAPE_DEFINITION_REPRESENTATION(#8441,#8442);
#8441=PRODUCT_DEFINITION_SHAPE('',$,#8444);
#8442=SHAPE_REPRESENTATION('',(#4417),#8434);
#8443=PRODUCT_DEFINITION_CONTEXT('part definition',#8448,'design');
#8444=PRODUCT_DEFINITION('Keyboardy thing','Keyboardy thing v1',#8445,#8443);
#8445=PRODUCT_DEFINITION_FORMATION('',$,#8450);
#8446=PRODUCT_RELATED_PRODUCT_CATEGORY('Keyboardy thing v1',
'Keyboardy thing v1',(#8450));
#8447=APPLICATION_PROTOCOL_DEFINITION('international standard',
'automotive_design',2009,#8448);
#8448=APPLICATION_CONTEXT(
'Core Data for Automotive Mechanical Design Process');
#8449=PRODUCT_CONTEXT('part definition',#8448,'mechanical');
#8450=PRODUCT('Keyboardy thing','Keyboardy thing v1',$,(#8449));
#8451=PRESENTATION_STYLE_ASSIGNMENT((#8452));
#8452=SURFACE_STYLE_USAGE(.BOTH.,#8453);
#8453=SURFACE_SIDE_STYLE('',(#8454));
#8454=SURFACE_STYLE_FILL_AREA(#8455);
#8455=FILL_AREA_STYLE('Steel - Satin',(#8456));
#8456=FILL_AREA_STYLE_COLOUR('Steel - Satin',#8457);
#8457=COLOUR_RGB('Steel - Satin',0.627450980392157,0.627450980392157,0.627450980392157);
ENDSEC;
END-ISO-10303-21;
