ISO-10303-21;
HEADER;
/* Generated by software containing ST-Developer
 * from STEP Tools, Inc. (www.steptools.com) 
 */

FILE_DESCRIPTION(
/* description */ (''),
/* implementation_level */ '2;1');

FILE_NAME(
/* name */ 'void16-redux-mod-voronoi.step',
/* time_stamp */ '2026-10-02T11:06:33+13:00',
/* author */ (''),
/* organization */ (''),
/* preprocessor_version */ 'ST-DEVELOPER v20.2',
/* originating_system */ 'Autodesk Translation Framework v15.15.0.0',
/* authorisation */ '');

FILE_SCHEMA (('AUTOMOTIVE_DESIGN { 1 0 10303 214 3 1 1 }'));
ENDSEC;

DATA;
#10=MECHANICAL_DESIGN_GEOMETRIC_PRESENTATION_REPRESENTATION('',(#13,#14),
#20393);
#11=SHAPE_REPRESENTATION_RELATIONSHIP('SRR','None',#20400,#12);
#12=ADVANCED_BREP_SHAPE_REPRESENTATION('',(#15,#16),#20392);
#13=STYLED_ITEM('',(#20409),#15);
#14=STYLED_ITEM('',(#20409),#16);
#15=MANIFOLD_SOLID_BREP('Bottom Plate',#12898);
#16=MANIFOLD_SOLID_BREP('Top Plate',#12899);
#17=FACE_BOUND('',#1257,.T.);
#18=FACE_BOUND('',#1263,.T.);
#19=FACE_BOUND('',#1266,.T.);
#20=FACE_BOUND('',#1269,.T.);
#21=FACE_BOUND('',#1275,.T.);
#22=FACE_BOUND('',#1278,.T.);
#23=FACE_BOUND('',#1281,.T.);
#24=FACE_BOUND('',#1284,.T.);
#25=FACE_BOUND('',#1287,.T.);
#26=FACE_BOUND('',#1290,.T.);
#27=FACE_BOUND('',#1293,.T.);
#28=FACE_BOUND('',#1297,.T.);
#29=FACE_BOUND('',#1303,.T.);
#30=FACE_BOUND('',#1306,.T.);
#31=FACE_BOUND('',#1309,.T.);
#32=FACE_BOUND('',#1312,.T.);
#33=FACE_BOUND('',#1340,.T.);
#34=FACE_BOUND('',#1354,.T.);
#35=FACE_BOUND('',#1359,.T.);
#36=FACE_BOUND('',#1387,.T.);
#37=FACE_BOUND('',#1393,.T.);
#38=FACE_BOUND('',#1396,.T.);
#39=FACE_BOUND('',#1398,.T.);
#40=FACE_BOUND('',#1400,.T.);
#41=FACE_BOUND('',#1422,.T.);
#42=FACE_BOUND('',#1424,.T.);
#43=FACE_BOUND('',#1434,.T.);
#44=FACE_BOUND('',#1446,.T.);
#45=FACE_BOUND('',#1451,.T.);
#46=FACE_BOUND('',#1452,.T.);
#47=FACE_BOUND('',#1453,.T.);
#48=FACE_BOUND('',#1454,.T.);
#49=FACE_BOUND('',#1455,.T.);
#50=FACE_BOUND('',#1456,.T.);
#51=FACE_BOUND('',#1457,.T.);
#52=FACE_BOUND('',#1458,.T.);
#53=FACE_BOUND('',#1459,.T.);
#54=FACE_BOUND('',#1460,.T.);
#55=FACE_BOUND('',#1461,.T.);
#56=FACE_BOUND('',#1462,.T.);
#57=FACE_BOUND('',#1463,.T.);
#58=FACE_BOUND('',#1464,.T.);
#59=FACE_BOUND('',#1465,.T.);
#60=FACE_BOUND('',#1466,.T.);
#61=FACE_BOUND('',#1467,.T.);
#62=FACE_BOUND('',#1468,.T.);
#63=FACE_BOUND('',#1469,.T.);
#64=FACE_BOUND('',#1494,.T.);
#65=FACE_BOUND('',#1495,.T.);
#66=FACE_BOUND('',#1496,.T.);
#67=FACE_BOUND('',#1497,.T.);
#68=FACE_BOUND('',#1498,.T.);
#69=FACE_BOUND('',#1499,.T.);
#70=FACE_BOUND('',#1500,.T.);
#71=FACE_BOUND('',#1501,.T.);
#72=FACE_BOUND('',#1502,.T.);
#73=FACE_BOUND('',#1503,.T.);
#74=FACE_BOUND('',#1504,.T.);
#75=FACE_BOUND('',#1505,.T.);
#76=FACE_BOUND('',#1506,.T.);
#77=FACE_BOUND('',#1507,.T.);
#78=FACE_BOUND('',#1508,.T.);
#79=FACE_BOUND('',#1509,.T.);
#80=FACE_BOUND('',#1510,.T.);
#81=FACE_BOUND('',#1511,.T.);
#82=FACE_BOUND('',#1512,.T.);
#83=FACE_BOUND('',#1513,.T.);
#84=FACE_BOUND('',#1514,.T.);
#85=FACE_BOUND('',#1515,.T.);
#86=FACE_BOUND('',#1516,.T.);
#87=FACE_BOUND('',#1517,.T.);
#88=FACE_BOUND('',#1518,.T.);
#89=FACE_BOUND('',#1519,.T.);
#90=FACE_BOUND('',#1520,.T.);
#91=FACE_BOUND('',#1521,.T.);
#92=FACE_BOUND('',#1522,.T.);
#93=FACE_BOUND('',#1523,.T.);
#94=FACE_BOUND('',#1524,.T.);
#95=FACE_BOUND('',#1525,.T.);
#96=FACE_BOUND('',#1526,.T.);
#97=FACE_BOUND('',#1527,.T.);
#98=FACE_BOUND('',#1528,.T.);
#99=FACE_BOUND('',#1529,.T.);
#100=FACE_BOUND('',#1572,.T.);
#101=FACE_BOUND('',#1796,.T.);
#102=FACE_BOUND('',#1903,.T.);
#103=FACE_BOUND('',#1904,.T.);
#104=FACE_BOUND('',#1905,.T.);
#105=FACE_BOUND('',#1906,.T.);
#106=FACE_BOUND('',#1907,.T.);
#107=FACE_BOUND('',#1908,.T.);
#108=FACE_BOUND('',#1909,.T.);
#109=FACE_BOUND('',#1910,.T.);
#110=FACE_BOUND('',#1911,.T.);
#111=FACE_BOUND('',#1912,.T.);
#112=FACE_BOUND('',#1913,.T.);
#113=FACE_BOUND('',#1914,.T.);
#114=FACE_BOUND('',#1915,.T.);
#115=FACE_BOUND('',#1916,.T.);
#116=FACE_BOUND('',#1917,.T.);
#117=FACE_BOUND('',#1918,.T.);
#118=FACE_BOUND('',#1919,.T.);
#119=FACE_BOUND('',#1920,.T.);
#120=FACE_BOUND('',#1921,.T.);
#121=FACE_BOUND('',#1922,.T.);
#122=FACE_BOUND('',#1923,.T.);
#123=FACE_BOUND('',#1924,.T.);
#124=FACE_BOUND('',#1925,.T.);
#125=FACE_BOUND('',#1926,.T.);
#126=FACE_BOUND('',#1927,.T.);
#127=FACE_BOUND('',#1928,.T.);
#128=FACE_BOUND('',#1930,.T.);
#129=FACE_BOUND('',#1931,.T.);
#130=FACE_BOUND('',#1932,.T.);
#131=FACE_BOUND('',#1933,.T.);
#132=FACE_BOUND('',#1934,.T.);
#133=FACE_BOUND('',#1935,.T.);
#134=FACE_BOUND('',#1936,.T.);
#135=FACE_BOUND('',#1937,.T.);
#136=FACE_BOUND('',#1938,.T.);
#137=FACE_BOUND('',#1939,.T.);
#138=FACE_BOUND('',#1940,.T.);
#139=FACE_BOUND('',#1941,.T.);
#140=FACE_BOUND('',#1942,.T.);
#141=FACE_BOUND('',#1943,.T.);
#142=FACE_BOUND('',#1944,.T.);
#143=FACE_BOUND('',#1945,.T.);
#144=FACE_BOUND('',#1946,.T.);
#145=FACE_BOUND('',#1947,.T.);
#146=FACE_BOUND('',#1948,.T.);
#147=FACE_BOUND('',#1949,.T.);
#148=FACE_BOUND('',#1950,.T.);
#149=FACE_BOUND('',#1951,.T.);
#150=FACE_BOUND('',#1952,.T.);
#151=FACE_BOUND('',#1953,.T.);
#152=FACE_BOUND('',#1954,.T.);
#153=FACE_BOUND('',#1955,.T.);
#154=PLANE('',#12925);
#155=PLANE('',#12926);
#156=PLANE('',#12927);
#157=PLANE('',#12928);
#158=PLANE('',#12929);
#159=PLANE('',#12930);
#160=PLANE('',#12931);
#161=PLANE('',#12932);
#162=PLANE('',#12936);
#163=PLANE('',#12941);
#164=PLANE('',#12946);
#165=PLANE('',#12957);
#166=PLANE('',#12961);
#167=PLANE('',#12965);
#168=PLANE('',#12969);
#169=PLANE('',#12974);
#170=PLANE('',#12979);
#171=PLANE('',#12984);
#172=PLANE('',#12996);
#173=PLANE('',#12998);
#174=PLANE('',#13002);
#175=PLANE('',#13006);
#176=PLANE('',#13010);
#177=PLANE('',#13014);
#178=PLANE('',#13015);
#179=PLANE('',#13016);
#180=PLANE('',#13017);
#181=PLANE('',#13018);
#182=PLANE('',#13019);
#183=PLANE('',#13020);
#184=PLANE('',#13021);
#185=PLANE('',#13022);
#186=PLANE('',#13023);
#187=PLANE('',#13024);
#188=PLANE('',#13025);
#189=PLANE('',#13026);
#190=PLANE('',#13027);
#191=PLANE('',#13028);
#192=PLANE('',#13029);
#193=PLANE('',#13030);
#194=PLANE('',#13032);
#195=PLANE('',#13033);
#196=PLANE('',#13034);
#197=PLANE('',#13036);
#198=PLANE('',#13037);
#199=PLANE('',#13039);
#200=PLANE('',#13040);
#201=PLANE('',#13041);
#202=PLANE('',#13042);
#203=PLANE('',#13044);
#204=PLANE('',#13046);
#205=PLANE('',#13047);
#206=PLANE('',#13048);
#207=PLANE('',#13049);
#208=PLANE('',#13050);
#209=PLANE('',#13051);
#210=PLANE('',#13052);
#211=PLANE('',#13053);
#212=PLANE('',#13054);
#213=PLANE('',#13055);
#214=PLANE('',#13056);
#215=PLANE('',#13060);
#216=PLANE('',#13061);
#217=PLANE('',#13063);
#218=PLANE('',#13064);
#219=PLANE('',#13073);
#220=PLANE('',#13074);
#221=PLANE('',#13075);
#222=PLANE('',#13076);
#223=PLANE('',#13077);
#224=PLANE('',#13078);
#225=PLANE('',#13085);
#226=PLANE('',#13086);
#227=PLANE('',#13087);
#228=PLANE('',#13092);
#229=PLANE('',#13093);
#230=PLANE('',#13094);
#231=PLANE('',#13095);
#232=PLANE('',#13096);
#233=PLANE('',#13097);
#234=PLANE('',#13101);
#235=PLANE('',#13102);
#236=PLANE('',#13103);
#237=PLANE('',#13104);
#238=PLANE('',#13105);
#239=PLANE('',#13106);
#240=PLANE('',#13110);
#241=PLANE('',#13111);
#242=PLANE('',#13113);
#243=PLANE('',#13114);
#244=PLANE('',#13115);
#245=PLANE('',#13116);
#246=PLANE('',#13117);
#247=PLANE('',#13119);
#248=PLANE('',#13120);
#249=PLANE('',#13121);
#250=PLANE('',#13123);
#251=PLANE('',#13125);
#252=PLANE('',#13126);
#253=PLANE('',#13127);
#254=PLANE('',#13130);
#255=PLANE('',#13131);
#256=PLANE('',#13134);
#257=PLANE('',#13135);
#258=PLANE('',#13136);
#259=PLANE('',#13137);
#260=PLANE('',#13138);
#261=PLANE('',#13139);
#262=PLANE('',#13140);
#263=PLANE('',#13141);
#264=PLANE('',#13142);
#265=PLANE('',#13143);
#266=PLANE('',#13144);
#267=PLANE('',#13147);
#268=PLANE('',#13148);
#269=PLANE('',#13149);
#270=PLANE('',#13150);
#271=PLANE('',#13151);
#272=PLANE('',#13152);
#273=PLANE('',#13153);
#274=PLANE('',#13154);
#275=PLANE('',#13155);
#276=PLANE('',#13156);
#277=PLANE('',#13157);
#278=PLANE('',#13158);
#279=PLANE('',#13159);
#280=PLANE('',#13160);
#281=PLANE('',#13161);
#282=PLANE('',#13163);
#283=PLANE('',#13164);
#284=PLANE('',#13165);
#285=PLANE('',#13172);
#286=PLANE('',#13173);
#287=PLANE('',#13174);
#288=PLANE('',#13175);
#289=PLANE('',#13176);
#290=PLANE('',#13177);
#291=PLANE('',#13178);
#292=PLANE('',#13179);
#293=PLANE('',#13181);
#294=PLANE('',#13182);
#295=PLANE('',#13183);
#296=PLANE('',#13184);
#297=PLANE('',#13185);
#298=PLANE('',#13186);
#299=PLANE('',#13187);
#300=PLANE('',#13189);
#301=PLANE('',#13197);
#302=PLANE('',#13198);
#303=PLANE('',#13199);
#304=PLANE('',#13200);
#305=PLANE('',#13201);
#306=PLANE('',#13202);
#307=PLANE('',#13203);
#308=PLANE('',#13204);
#309=PLANE('',#13205);
#310=PLANE('',#13206);
#311=PLANE('',#13207);
#312=PLANE('',#13208);
#313=PLANE('',#13209);
#314=PLANE('',#13210);
#315=PLANE('',#13211);
#316=PLANE('',#13214);
#317=PLANE('',#13215);
#318=PLANE('',#13216);
#319=PLANE('',#13217);
#320=PLANE('',#13218);
#321=PLANE('',#13219);
#322=PLANE('',#13220);
#323=PLANE('',#13221);
#324=PLANE('',#13222);
#325=PLANE('',#13223);
#326=PLANE('',#13224);
#327=PLANE('',#13225);
#328=PLANE('',#13226);
#329=PLANE('',#13227);
#330=PLANE('',#13228);
#331=PLANE('',#13229);
#332=PLANE('',#13230);
#333=PLANE('',#13231);
#334=PLANE('',#13232);
#335=PLANE('',#13233);
#336=PLANE('',#13234);
#337=PLANE('',#13235);
#338=PLANE('',#13236);
#339=PLANE('',#13237);
#340=PLANE('',#13238);
#341=PLANE('',#13239);
#342=PLANE('',#13240);
#343=PLANE('',#13241);
#344=PLANE('',#13242);
#345=PLANE('',#13243);
#346=PLANE('',#13244);
#347=PLANE('',#13245);
#348=PLANE('',#13246);
#349=PLANE('',#13247);
#350=PLANE('',#13248);
#351=PLANE('',#13249);
#352=PLANE('',#13250);
#353=PLANE('',#13251);
#354=PLANE('',#13252);
#355=PLANE('',#13253);
#356=PLANE('',#13254);
#357=PLANE('',#13255);
#358=PLANE('',#13256);
#359=PLANE('',#13257);
#360=PLANE('',#13258);
#361=PLANE('',#13259);
#362=PLANE('',#13260);
#363=PLANE('',#13261);
#364=PLANE('',#13262);
#365=PLANE('',#13263);
#366=PLANE('',#13264);
#367=PLANE('',#13265);
#368=PLANE('',#13266);
#369=PLANE('',#13267);
#370=PLANE('',#13268);
#371=PLANE('',#13269);
#372=PLANE('',#13270);
#373=PLANE('',#13272);
#374=PLANE('',#13273);
#375=PLANE('',#13274);
#376=PLANE('',#13275);
#377=PLANE('',#13276);
#378=PLANE('',#13277);
#379=PLANE('',#13278);
#380=PLANE('',#13279);
#381=PLANE('',#13280);
#382=PLANE('',#13281);
#383=PLANE('',#13282);
#384=PLANE('',#13283);
#385=PLANE('',#13284);
#386=PLANE('',#13285);
#387=PLANE('',#13286);
#388=PLANE('',#13287);
#389=PLANE('',#13288);
#390=PLANE('',#13289);
#391=PLANE('',#13290);
#392=PLANE('',#13291);
#393=PLANE('',#13292);
#394=PLANE('',#13293);
#395=PLANE('',#13294);
#396=PLANE('',#13295);
#397=PLANE('',#13296);
#398=PLANE('',#13297);
#399=PLANE('',#13298);
#400=PLANE('',#13299);
#401=PLANE('',#13300);
#402=PLANE('',#13301);
#403=PLANE('',#13302);
#404=PLANE('',#13303);
#405=PLANE('',#13304);
#406=PLANE('',#13305);
#407=PLANE('',#13306);
#408=PLANE('',#13307);
#409=PLANE('',#13308);
#410=PLANE('',#13309);
#411=PLANE('',#13310);
#412=PLANE('',#13311);
#413=PLANE('',#13312);
#414=PLANE('',#13313);
#415=PLANE('',#13314);
#416=PLANE('',#13315);
#417=PLANE('',#13316);
#418=PLANE('',#13317);
#419=PLANE('',#13318);
#420=PLANE('',#13319);
#421=PLANE('',#13320);
#422=PLANE('',#13321);
#423=PLANE('',#13322);
#424=PLANE('',#13323);
#425=PLANE('',#13324);
#426=PLANE('',#13325);
#427=PLANE('',#13326);
#428=PLANE('',#13327);
#429=PLANE('',#13328);
#430=PLANE('',#13329);
#431=PLANE('',#13330);
#432=PLANE('',#13331);
#433=PLANE('',#13332);
#434=PLANE('',#13333);
#435=PLANE('',#13334);
#436=PLANE('',#13335);
#437=PLANE('',#13336);
#438=PLANE('',#13337);
#439=PLANE('',#13338);
#440=PLANE('',#13339);
#441=PLANE('',#13340);
#442=PLANE('',#13341);
#443=PLANE('',#13342);
#444=PLANE('',#13343);
#445=PLANE('',#13344);
#446=PLANE('',#13345);
#447=PLANE('',#13346);
#448=PLANE('',#13347);
#449=PLANE('',#13348);
#450=PLANE('',#13349);
#451=PLANE('',#13350);
#452=PLANE('',#13351);
#453=PLANE('',#13352);
#454=PLANE('',#13353);
#455=PLANE('',#13355);
#456=PLANE('',#13356);
#457=PLANE('',#13357);
#458=PLANE('',#13358);
#459=PLANE('',#13360);
#460=PLANE('',#13362);
#461=PLANE('',#13363);
#462=PLANE('',#13364);
#463=PLANE('',#13365);
#464=PLANE('',#13366);
#465=PLANE('',#13367);
#466=PLANE('',#13368);
#467=PLANE('',#13369);
#468=PLANE('',#13370);
#469=PLANE('',#13371);
#470=PLANE('',#13372);
#471=PLANE('',#13373);
#472=PLANE('',#13374);
#473=PLANE('',#13375);
#474=PLANE('',#13376);
#475=PLANE('',#13377);
#476=PLANE('',#13378);
#477=PLANE('',#13379);
#478=PLANE('',#13380);
#479=PLANE('',#13381);
#480=PLANE('',#13382);
#481=PLANE('',#13383);
#482=PLANE('',#13384);
#483=PLANE('',#13385);
#484=PLANE('',#13386);
#485=PLANE('',#13387);
#486=PLANE('',#13388);
#487=PLANE('',#13389);
#488=PLANE('',#13390);
#489=PLANE('',#13391);
#490=PLANE('',#13392);
#491=PLANE('',#13393);
#492=PLANE('',#13394);
#493=PLANE('',#13395);
#494=PLANE('',#13396);
#495=PLANE('',#13397);
#496=PLANE('',#13398);
#497=PLANE('',#13399);
#498=PLANE('',#13400);
#499=PLANE('',#13401);
#500=PLANE('',#13402);
#501=PLANE('',#13403);
#502=PLANE('',#13404);
#503=PLANE('',#13405);
#504=PLANE('',#13406);
#505=PLANE('',#13407);
#506=PLANE('',#13408);
#507=PLANE('',#13409);
#508=PLANE('',#13410);
#509=PLANE('',#13411);
#510=PLANE('',#13412);
#511=PLANE('',#13413);
#512=PLANE('',#13414);
#513=PLANE('',#13415);
#514=PLANE('',#13416);
#515=PLANE('',#13417);
#516=PLANE('',#13418);
#517=PLANE('',#13419);
#518=PLANE('',#13420);
#519=PLANE('',#13421);
#520=PLANE('',#13422);
#521=PLANE('',#13423);
#522=PLANE('',#13424);
#523=PLANE('',#13425);
#524=PLANE('',#13426);
#525=PLANE('',#13427);
#526=PLANE('',#13428);
#527=PLANE('',#13429);
#528=PLANE('',#13430);
#529=PLANE('',#13431);
#530=PLANE('',#13432);
#531=PLANE('',#13433);
#532=PLANE('',#13434);
#533=PLANE('',#13435);
#534=PLANE('',#13436);
#535=PLANE('',#13437);
#536=PLANE('',#13438);
#537=PLANE('',#13439);
#538=PLANE('',#13440);
#539=PLANE('',#13441);
#540=PLANE('',#13442);
#541=PLANE('',#13443);
#542=PLANE('',#13444);
#543=PLANE('',#13445);
#544=PLANE('',#13446);
#545=PLANE('',#13447);
#546=PLANE('',#13448);
#547=PLANE('',#13449);
#548=PLANE('',#13450);
#549=PLANE('',#13451);
#550=PLANE('',#13452);
#551=PLANE('',#13453);
#552=PLANE('',#13454);
#553=PLANE('',#13455);
#554=PLANE('',#13456);
#555=PLANE('',#13457);
#556=PLANE('',#13458);
#557=PLANE('',#13459);
#558=PLANE('',#13460);
#559=PLANE('',#13461);
#560=PLANE('',#13462);
#561=PLANE('',#13463);
#562=PLANE('',#13464);
#563=PLANE('',#13465);
#564=PLANE('',#13466);
#565=PLANE('',#13467);
#566=PLANE('',#13468);
#567=PLANE('',#13469);
#568=PLANE('',#13470);
#569=PLANE('',#13471);
#570=PLANE('',#13472);
#571=PLANE('',#13473);
#572=PLANE('',#13474);
#573=PLANE('',#13475);
#574=PLANE('',#13476);
#575=PLANE('',#13477);
#576=PLANE('',#13478);
#577=PLANE('',#13479);
#578=PLANE('',#13480);
#579=PLANE('',#13481);
#580=PLANE('',#13482);
#581=PLANE('',#13484);
#582=PLANE('',#13485);
#583=PLANE('',#13486);
#584=PLANE('',#13487);
#585=PLANE('',#13488);
#586=PLANE('',#13489);
#587=PLANE('',#13490);
#588=PLANE('',#13491);
#589=PLANE('',#13492);
#590=PLANE('',#13493);
#591=PLANE('',#13500);
#592=PLANE('',#13501);
#593=PLANE('',#13502);
#594=PLANE('',#13503);
#595=PLANE('',#13504);
#596=PLANE('',#13505);
#597=PLANE('',#13506);
#598=PLANE('',#13507);
#599=PLANE('',#13508);
#600=PLANE('',#13509);
#601=PLANE('',#13510);
#602=PLANE('',#13511);
#603=PLANE('',#13512);
#604=PLANE('',#13531);
#605=PLANE('',#13532);
#606=PLANE('',#13533);
#607=PLANE('',#13534);
#608=PLANE('',#13535);
#609=PLANE('',#13536);
#610=PLANE('',#13537);
#611=PLANE('',#13538);
#612=PLANE('',#13539);
#613=PLANE('',#13540);
#614=PLANE('',#13541);
#615=PLANE('',#13542);
#616=PLANE('',#13543);
#617=PLANE('',#13544);
#618=PLANE('',#13545);
#619=PLANE('',#13546);
#620=PLANE('',#13547);
#621=PLANE('',#13548);
#622=PLANE('',#13549);
#623=PLANE('',#13550);
#624=PLANE('',#13551);
#625=PLANE('',#13552);
#626=PLANE('',#13553);
#627=PLANE('',#13554);
#628=PLANE('',#13555);
#629=PLANE('',#13556);
#630=PLANE('',#13557);
#631=PLANE('',#13558);
#632=PLANE('',#13559);
#633=PLANE('',#13560);
#634=PLANE('',#13561);
#635=PLANE('',#13562);
#636=PLANE('',#13563);
#637=PLANE('',#13564);
#638=PLANE('',#13565);
#639=PLANE('',#13566);
#640=PLANE('',#13567);
#641=PLANE('',#13568);
#642=PLANE('',#13569);
#643=PLANE('',#13570);
#644=PLANE('',#13571);
#645=PLANE('',#13572);
#646=PLANE('',#13573);
#647=PLANE('',#13574);
#648=PLANE('',#13575);
#649=PLANE('',#13576);
#650=PLANE('',#13577);
#651=PLANE('',#13578);
#652=PLANE('',#13579);
#653=PLANE('',#13580);
#654=PLANE('',#13581);
#655=PLANE('',#13582);
#656=PLANE('',#13583);
#657=PLANE('',#13584);
#658=PLANE('',#13585);
#659=PLANE('',#13586);
#660=PLANE('',#13587);
#661=PLANE('',#13588);
#662=PLANE('',#13589);
#663=PLANE('',#13590);
#664=PLANE('',#13591);
#665=PLANE('',#13592);
#666=PLANE('',#13593);
#667=PLANE('',#13594);
#668=PLANE('',#13604);
#669=PLANE('',#13605);
#670=PLANE('',#13606);
#671=PLANE('',#13613);
#672=PLANE('',#13614);
#673=PLANE('',#13615);
#674=PLANE('',#13616);
#675=PLANE('',#13617);
#676=PLANE('',#13618);
#677=FACE_OUTER_BOUND('',#1250,.T.);
#678=FACE_OUTER_BOUND('',#1251,.T.);
#679=FACE_OUTER_BOUND('',#1252,.T.);
#680=FACE_OUTER_BOUND('',#1253,.T.);
#681=FACE_OUTER_BOUND('',#1254,.T.);
#682=FACE_OUTER_BOUND('',#1255,.T.);
#683=FACE_OUTER_BOUND('',#1256,.T.);
#684=FACE_OUTER_BOUND('',#1258,.T.);
#685=FACE_OUTER_BOUND('',#1259,.T.);
#686=FACE_OUTER_BOUND('',#1260,.T.);
#687=FACE_OUTER_BOUND('',#1261,.T.);
#688=FACE_OUTER_BOUND('',#1262,.T.);
#689=FACE_OUTER_BOUND('',#1264,.T.);
#690=FACE_OUTER_BOUND('',#1265,.T.);
#691=FACE_OUTER_BOUND('',#1267,.T.);
#692=FACE_OUTER_BOUND('',#1268,.T.);
#693=FACE_OUTER_BOUND('',#1270,.T.);
#694=FACE_OUTER_BOUND('',#1271,.T.);
#695=FACE_OUTER_BOUND('',#1272,.T.);
#696=FACE_OUTER_BOUND('',#1273,.T.);
#697=FACE_OUTER_BOUND('',#1274,.T.);
#698=FACE_OUTER_BOUND('',#1276,.T.);
#699=FACE_OUTER_BOUND('',#1277,.T.);
#700=FACE_OUTER_BOUND('',#1279,.T.);
#701=FACE_OUTER_BOUND('',#1280,.T.);
#702=FACE_OUTER_BOUND('',#1282,.T.);
#703=FACE_OUTER_BOUND('',#1283,.T.);
#704=FACE_OUTER_BOUND('',#1285,.T.);
#705=FACE_OUTER_BOUND('',#1286,.T.);
#706=FACE_OUTER_BOUND('',#1288,.T.);
#707=FACE_OUTER_BOUND('',#1289,.T.);
#708=FACE_OUTER_BOUND('',#1291,.T.);
#709=FACE_OUTER_BOUND('',#1292,.T.);
#710=FACE_OUTER_BOUND('',#1294,.T.);
#711=FACE_OUTER_BOUND('',#1295,.T.);
#712=FACE_OUTER_BOUND('',#1296,.T.);
#713=FACE_OUTER_BOUND('',#1298,.T.);
#714=FACE_OUTER_BOUND('',#1299,.T.);
#715=FACE_OUTER_BOUND('',#1300,.T.);
#716=FACE_OUTER_BOUND('',#1301,.T.);
#717=FACE_OUTER_BOUND('',#1302,.T.);
#718=FACE_OUTER_BOUND('',#1304,.T.);
#719=FACE_OUTER_BOUND('',#1305,.T.);
#720=FACE_OUTER_BOUND('',#1307,.T.);
#721=FACE_OUTER_BOUND('',#1308,.T.);
#722=FACE_OUTER_BOUND('',#1310,.T.);
#723=FACE_OUTER_BOUND('',#1311,.T.);
#724=FACE_OUTER_BOUND('',#1313,.T.);
#725=FACE_OUTER_BOUND('',#1314,.T.);
#726=FACE_OUTER_BOUND('',#1315,.T.);
#727=FACE_OUTER_BOUND('',#1316,.T.);
#728=FACE_OUTER_BOUND('',#1317,.T.);
#729=FACE_OUTER_BOUND('',#1318,.T.);
#730=FACE_OUTER_BOUND('',#1319,.T.);
#731=FACE_OUTER_BOUND('',#1320,.T.);
#732=FACE_OUTER_BOUND('',#1321,.T.);
#733=FACE_OUTER_BOUND('',#1322,.T.);
#734=FACE_OUTER_BOUND('',#1323,.T.);
#735=FACE_OUTER_BOUND('',#1324,.T.);
#736=FACE_OUTER_BOUND('',#1325,.T.);
#737=FACE_OUTER_BOUND('',#1326,.T.);
#738=FACE_OUTER_BOUND('',#1327,.T.);
#739=FACE_OUTER_BOUND('',#1328,.T.);
#740=FACE_OUTER_BOUND('',#1329,.T.);
#741=FACE_OUTER_BOUND('',#1330,.T.);
#742=FACE_OUTER_BOUND('',#1331,.T.);
#743=FACE_OUTER_BOUND('',#1332,.T.);
#744=FACE_OUTER_BOUND('',#1333,.T.);
#745=FACE_OUTER_BOUND('',#1334,.T.);
#746=FACE_OUTER_BOUND('',#1335,.T.);
#747=FACE_OUTER_BOUND('',#1336,.T.);
#748=FACE_OUTER_BOUND('',#1337,.T.);
#749=FACE_OUTER_BOUND('',#1338,.T.);
#750=FACE_OUTER_BOUND('',#1339,.T.);
#751=FACE_OUTER_BOUND('',#1341,.T.);
#752=FACE_OUTER_BOUND('',#1342,.T.);
#753=FACE_OUTER_BOUND('',#1343,.T.);
#754=FACE_OUTER_BOUND('',#1344,.T.);
#755=FACE_OUTER_BOUND('',#1345,.T.);
#756=FACE_OUTER_BOUND('',#1346,.T.);
#757=FACE_OUTER_BOUND('',#1347,.T.);
#758=FACE_OUTER_BOUND('',#1348,.T.);
#759=FACE_OUTER_BOUND('',#1349,.T.);
#760=FACE_OUTER_BOUND('',#1350,.T.);
#761=FACE_OUTER_BOUND('',#1351,.T.);
#762=FACE_OUTER_BOUND('',#1352,.T.);
#763=FACE_OUTER_BOUND('',#1353,.T.);
#764=FACE_OUTER_BOUND('',#1355,.T.);
#765=FACE_OUTER_BOUND('',#1356,.T.);
#766=FACE_OUTER_BOUND('',#1357,.T.);
#767=FACE_OUTER_BOUND('',#1358,.T.);
#768=FACE_OUTER_BOUND('',#1360,.T.);
#769=FACE_OUTER_BOUND('',#1361,.T.);
#770=FACE_OUTER_BOUND('',#1362,.T.);
#771=FACE_OUTER_BOUND('',#1363,.T.);
#772=FACE_OUTER_BOUND('',#1364,.T.);
#773=FACE_OUTER_BOUND('',#1365,.T.);
#774=FACE_OUTER_BOUND('',#1366,.T.);
#775=FACE_OUTER_BOUND('',#1367,.T.);
#776=FACE_OUTER_BOUND('',#1368,.T.);
#777=FACE_OUTER_BOUND('',#1369,.T.);
#778=FACE_OUTER_BOUND('',#1370,.T.);
#779=FACE_OUTER_BOUND('',#1371,.T.);
#780=FACE_OUTER_BOUND('',#1372,.T.);
#781=FACE_OUTER_BOUND('',#1373,.T.);
#782=FACE_OUTER_BOUND('',#1374,.T.);
#783=FACE_OUTER_BOUND('',#1375,.T.);
#784=FACE_OUTER_BOUND('',#1376,.T.);
#785=FACE_OUTER_BOUND('',#1377,.T.);
#786=FACE_OUTER_BOUND('',#1378,.T.);
#787=FACE_OUTER_BOUND('',#1379,.T.);
#788=FACE_OUTER_BOUND('',#1380,.T.);
#789=FACE_OUTER_BOUND('',#1381,.T.);
#790=FACE_OUTER_BOUND('',#1382,.T.);
#791=FACE_OUTER_BOUND('',#1383,.T.);
#792=FACE_OUTER_BOUND('',#1384,.T.);
#793=FACE_OUTER_BOUND('',#1385,.T.);
#794=FACE_OUTER_BOUND('',#1386,.T.);
#795=FACE_OUTER_BOUND('',#1388,.T.);
#796=FACE_OUTER_BOUND('',#1389,.T.);
#797=FACE_OUTER_BOUND('',#1390,.T.);
#798=FACE_OUTER_BOUND('',#1391,.T.);
#799=FACE_OUTER_BOUND('',#1392,.T.);
#800=FACE_OUTER_BOUND('',#1394,.T.);
#801=FACE_OUTER_BOUND('',#1395,.T.);
#802=FACE_OUTER_BOUND('',#1397,.T.);
#803=FACE_OUTER_BOUND('',#1399,.T.);
#804=FACE_OUTER_BOUND('',#1401,.T.);
#805=FACE_OUTER_BOUND('',#1402,.T.);
#806=FACE_OUTER_BOUND('',#1403,.T.);
#807=FACE_OUTER_BOUND('',#1404,.T.);
#808=FACE_OUTER_BOUND('',#1405,.T.);
#809=FACE_OUTER_BOUND('',#1406,.T.);
#810=FACE_OUTER_BOUND('',#1407,.T.);
#811=FACE_OUTER_BOUND('',#1408,.T.);
#812=FACE_OUTER_BOUND('',#1409,.T.);
#813=FACE_OUTER_BOUND('',#1410,.T.);
#814=FACE_OUTER_BOUND('',#1411,.T.);
#815=FACE_OUTER_BOUND('',#1412,.T.);
#816=FACE_OUTER_BOUND('',#1413,.T.);
#817=FACE_OUTER_BOUND('',#1414,.T.);
#818=FACE_OUTER_BOUND('',#1415,.T.);
#819=FACE_OUTER_BOUND('',#1416,.T.);
#820=FACE_OUTER_BOUND('',#1417,.T.);
#821=FACE_OUTER_BOUND('',#1418,.T.);
#822=FACE_OUTER_BOUND('',#1419,.T.);
#823=FACE_OUTER_BOUND('',#1420,.T.);
#824=FACE_OUTER_BOUND('',#1421,.T.);
#825=FACE_OUTER_BOUND('',#1423,.T.);
#826=FACE_OUTER_BOUND('',#1425,.T.);
#827=FACE_OUTER_BOUND('',#1426,.T.);
#828=FACE_OUTER_BOUND('',#1427,.T.);
#829=FACE_OUTER_BOUND('',#1428,.T.);
#830=FACE_OUTER_BOUND('',#1429,.T.);
#831=FACE_OUTER_BOUND('',#1430,.T.);
#832=FACE_OUTER_BOUND('',#1431,.T.);
#833=FACE_OUTER_BOUND('',#1432,.T.);
#834=FACE_OUTER_BOUND('',#1433,.T.);
#835=FACE_OUTER_BOUND('',#1435,.T.);
#836=FACE_OUTER_BOUND('',#1436,.T.);
#837=FACE_OUTER_BOUND('',#1437,.T.);
#838=FACE_OUTER_BOUND('',#1438,.T.);
#839=FACE_OUTER_BOUND('',#1439,.T.);
#840=FACE_OUTER_BOUND('',#1440,.T.);
#841=FACE_OUTER_BOUND('',#1441,.T.);
#842=FACE_OUTER_BOUND('',#1442,.T.);
#843=FACE_OUTER_BOUND('',#1443,.T.);
#844=FACE_OUTER_BOUND('',#1444,.T.);
#845=FACE_OUTER_BOUND('',#1445,.T.);
#846=FACE_OUTER_BOUND('',#1447,.T.);
#847=FACE_OUTER_BOUND('',#1448,.T.);
#848=FACE_OUTER_BOUND('',#1449,.T.);
#849=FACE_OUTER_BOUND('',#1450,.T.);
#850=FACE_OUTER_BOUND('',#1470,.T.);
#851=FACE_OUTER_BOUND('',#1471,.T.);
#852=FACE_OUTER_BOUND('',#1472,.T.);
#853=FACE_OUTER_BOUND('',#1473,.T.);
#854=FACE_OUTER_BOUND('',#1474,.T.);
#855=FACE_OUTER_BOUND('',#1475,.T.);
#856=FACE_OUTER_BOUND('',#1476,.T.);
#857=FACE_OUTER_BOUND('',#1477,.T.);
#858=FACE_OUTER_BOUND('',#1478,.T.);
#859=FACE_OUTER_BOUND('',#1479,.T.);
#860=FACE_OUTER_BOUND('',#1480,.T.);
#861=FACE_OUTER_BOUND('',#1481,.T.);
#862=FACE_OUTER_BOUND('',#1482,.T.);
#863=FACE_OUTER_BOUND('',#1483,.T.);
#864=FACE_OUTER_BOUND('',#1484,.T.);
#865=FACE_OUTER_BOUND('',#1485,.T.);
#866=FACE_OUTER_BOUND('',#1486,.T.);
#867=FACE_OUTER_BOUND('',#1487,.T.);
#868=FACE_OUTER_BOUND('',#1488,.T.);
#869=FACE_OUTER_BOUND('',#1489,.T.);
#870=FACE_OUTER_BOUND('',#1490,.T.);
#871=FACE_OUTER_BOUND('',#1491,.T.);
#872=FACE_OUTER_BOUND('',#1492,.T.);
#873=FACE_OUTER_BOUND('',#1493,.T.);
#874=FACE_OUTER_BOUND('',#1530,.T.);
#875=FACE_OUTER_BOUND('',#1531,.T.);
#876=FACE_OUTER_BOUND('',#1532,.T.);
#877=FACE_OUTER_BOUND('',#1533,.T.);
#878=FACE_OUTER_BOUND('',#1534,.T.);
#879=FACE_OUTER_BOUND('',#1535,.T.);
#880=FACE_OUTER_BOUND('',#1536,.T.);
#881=FACE_OUTER_BOUND('',#1537,.T.);
#882=FACE_OUTER_BOUND('',#1538,.T.);
#883=FACE_OUTER_BOUND('',#1539,.T.);
#884=FACE_OUTER_BOUND('',#1540,.T.);
#885=FACE_OUTER_BOUND('',#1541,.T.);
#886=FACE_OUTER_BOUND('',#1542,.T.);
#887=FACE_OUTER_BOUND('',#1543,.T.);
#888=FACE_OUTER_BOUND('',#1544,.T.);
#889=FACE_OUTER_BOUND('',#1545,.T.);
#890=FACE_OUTER_BOUND('',#1546,.T.);
#891=FACE_OUTER_BOUND('',#1547,.T.);
#892=FACE_OUTER_BOUND('',#1548,.T.);
#893=FACE_OUTER_BOUND('',#1549,.T.);
#894=FACE_OUTER_BOUND('',#1550,.T.);
#895=FACE_OUTER_BOUND('',#1551,.T.);
#896=FACE_OUTER_BOUND('',#1552,.T.);
#897=FACE_OUTER_BOUND('',#1553,.T.);
#898=FACE_OUTER_BOUND('',#1554,.T.);
#899=FACE_OUTER_BOUND('',#1555,.T.);
#900=FACE_OUTER_BOUND('',#1556,.T.);
#901=FACE_OUTER_BOUND('',#1557,.T.);
#902=FACE_OUTER_BOUND('',#1558,.T.);
#903=FACE_OUTER_BOUND('',#1559,.T.);
#904=FACE_OUTER_BOUND('',#1560,.T.);
#905=FACE_OUTER_BOUND('',#1561,.T.);
#906=FACE_OUTER_BOUND('',#1562,.T.);
#907=FACE_OUTER_BOUND('',#1563,.T.);
#908=FACE_OUTER_BOUND('',#1564,.T.);
#909=FACE_OUTER_BOUND('',#1565,.T.);
#910=FACE_OUTER_BOUND('',#1566,.T.);
#911=FACE_OUTER_BOUND('',#1567,.T.);
#912=FACE_OUTER_BOUND('',#1568,.T.);
#913=FACE_OUTER_BOUND('',#1569,.T.);
#914=FACE_OUTER_BOUND('',#1570,.T.);
#915=FACE_OUTER_BOUND('',#1571,.T.);
#916=FACE_OUTER_BOUND('',#1573,.T.);
#917=FACE_OUTER_BOUND('',#1574,.T.);
#918=FACE_OUTER_BOUND('',#1575,.T.);
#919=FACE_OUTER_BOUND('',#1576,.T.);
#920=FACE_OUTER_BOUND('',#1577,.T.);
#921=FACE_OUTER_BOUND('',#1578,.T.);
#922=FACE_OUTER_BOUND('',#1579,.T.);
#923=FACE_OUTER_BOUND('',#1580,.T.);
#924=FACE_OUTER_BOUND('',#1581,.T.);
#925=FACE_OUTER_BOUND('',#1582,.T.);
#926=FACE_OUTER_BOUND('',#1583,.T.);
#927=FACE_OUTER_BOUND('',#1584,.T.);
#928=FACE_OUTER_BOUND('',#1585,.T.);
#929=FACE_OUTER_BOUND('',#1586,.T.);
#930=FACE_OUTER_BOUND('',#1587,.T.);
#931=FACE_OUTER_BOUND('',#1588,.T.);
#932=FACE_OUTER_BOUND('',#1589,.T.);
#933=FACE_OUTER_BOUND('',#1590,.T.);
#934=FACE_OUTER_BOUND('',#1591,.T.);
#935=FACE_OUTER_BOUND('',#1592,.T.);
#936=FACE_OUTER_BOUND('',#1593,.T.);
#937=FACE_OUTER_BOUND('',#1594,.T.);
#938=FACE_OUTER_BOUND('',#1595,.T.);
#939=FACE_OUTER_BOUND('',#1596,.T.);
#940=FACE_OUTER_BOUND('',#1597,.T.);
#941=FACE_OUTER_BOUND('',#1598,.T.);
#942=FACE_OUTER_BOUND('',#1599,.T.);
#943=FACE_OUTER_BOUND('',#1600,.T.);
#944=FACE_OUTER_BOUND('',#1601,.T.);
#945=FACE_OUTER_BOUND('',#1602,.T.);
#946=FACE_OUTER_BOUND('',#1603,.T.);
#947=FACE_OUTER_BOUND('',#1604,.T.);
#948=FACE_OUTER_BOUND('',#1605,.T.);
#949=FACE_OUTER_BOUND('',#1606,.T.);
#950=FACE_OUTER_BOUND('',#1607,.T.);
#951=FACE_OUTER_BOUND('',#1608,.T.);
#952=FACE_OUTER_BOUND('',#1609,.T.);
#953=FACE_OUTER_BOUND('',#1610,.T.);
#954=FACE_OUTER_BOUND('',#1611,.T.);
#955=FACE_OUTER_BOUND('',#1612,.T.);
#956=FACE_OUTER_BOUND('',#1613,.T.);
#957=FACE_OUTER_BOUND('',#1614,.T.);
#958=FACE_OUTER_BOUND('',#1615,.T.);
#959=FACE_OUTER_BOUND('',#1616,.T.);
#960=FACE_OUTER_BOUND('',#1617,.T.);
#961=FACE_OUTER_BOUND('',#1618,.T.);
#962=FACE_OUTER_BOUND('',#1619,.T.);
#963=FACE_OUTER_BOUND('',#1620,.T.);
#964=FACE_OUTER_BOUND('',#1621,.T.);
#965=FACE_OUTER_BOUND('',#1622,.T.);
#966=FACE_OUTER_BOUND('',#1623,.T.);
#967=FACE_OUTER_BOUND('',#1624,.T.);
#968=FACE_OUTER_BOUND('',#1625,.T.);
#969=FACE_OUTER_BOUND('',#1626,.T.);
#970=FACE_OUTER_BOUND('',#1627,.T.);
#971=FACE_OUTER_BOUND('',#1628,.T.);
#972=FACE_OUTER_BOUND('',#1629,.T.);
#973=FACE_OUTER_BOUND('',#1630,.T.);
#974=FACE_OUTER_BOUND('',#1631,.T.);
#975=FACE_OUTER_BOUND('',#1632,.T.);
#976=FACE_OUTER_BOUND('',#1633,.T.);
#977=FACE_OUTER_BOUND('',#1634,.T.);
#978=FACE_OUTER_BOUND('',#1635,.T.);
#979=FACE_OUTER_BOUND('',#1636,.T.);
#980=FACE_OUTER_BOUND('',#1637,.T.);
#981=FACE_OUTER_BOUND('',#1638,.T.);
#982=FACE_OUTER_BOUND('',#1639,.T.);
#983=FACE_OUTER_BOUND('',#1640,.T.);
#984=FACE_OUTER_BOUND('',#1641,.T.);
#985=FACE_OUTER_BOUND('',#1642,.T.);
#986=FACE_OUTER_BOUND('',#1643,.T.);
#987=FACE_OUTER_BOUND('',#1644,.T.);
#988=FACE_OUTER_BOUND('',#1645,.T.);
#989=FACE_OUTER_BOUND('',#1646,.T.);
#990=FACE_OUTER_BOUND('',#1647,.T.);
#991=FACE_OUTER_BOUND('',#1648,.T.);
#992=FACE_OUTER_BOUND('',#1649,.T.);
#993=FACE_OUTER_BOUND('',#1650,.T.);
#994=FACE_OUTER_BOUND('',#1651,.T.);
#995=FACE_OUTER_BOUND('',#1652,.T.);
#996=FACE_OUTER_BOUND('',#1653,.T.);
#997=FACE_OUTER_BOUND('',#1654,.T.);
#998=FACE_OUTER_BOUND('',#1655,.T.);
#999=FACE_OUTER_BOUND('',#1656,.T.);
#1000=FACE_OUTER_BOUND('',#1657,.T.);
#1001=FACE_OUTER_BOUND('',#1658,.T.);
#1002=FACE_OUTER_BOUND('',#1659,.T.);
#1003=FACE_OUTER_BOUND('',#1660,.T.);
#1004=FACE_OUTER_BOUND('',#1661,.T.);
#1005=FACE_OUTER_BOUND('',#1662,.T.);
#1006=FACE_OUTER_BOUND('',#1663,.T.);
#1007=FACE_OUTER_BOUND('',#1664,.T.);
#1008=FACE_OUTER_BOUND('',#1665,.T.);
#1009=FACE_OUTER_BOUND('',#1666,.T.);
#1010=FACE_OUTER_BOUND('',#1667,.T.);
#1011=FACE_OUTER_BOUND('',#1668,.T.);
#1012=FACE_OUTER_BOUND('',#1669,.T.);
#1013=FACE_OUTER_BOUND('',#1670,.T.);
#1014=FACE_OUTER_BOUND('',#1671,.T.);
#1015=FACE_OUTER_BOUND('',#1672,.T.);
#1016=FACE_OUTER_BOUND('',#1673,.T.);
#1017=FACE_OUTER_BOUND('',#1674,.T.);
#1018=FACE_OUTER_BOUND('',#1675,.T.);
#1019=FACE_OUTER_BOUND('',#1676,.T.);
#1020=FACE_OUTER_BOUND('',#1677,.T.);
#1021=FACE_OUTER_BOUND('',#1678,.T.);
#1022=FACE_OUTER_BOUND('',#1679,.T.);
#1023=FACE_OUTER_BOUND('',#1680,.T.);
#1024=FACE_OUTER_BOUND('',#1681,.T.);
#1025=FACE_OUTER_BOUND('',#1682,.T.);
#1026=FACE_OUTER_BOUND('',#1683,.T.);
#1027=FACE_OUTER_BOUND('',#1684,.T.);
#1028=FACE_OUTER_BOUND('',#1685,.T.);
#1029=FACE_OUTER_BOUND('',#1686,.T.);
#1030=FACE_OUTER_BOUND('',#1687,.T.);
#1031=FACE_OUTER_BOUND('',#1688,.T.);
#1032=FACE_OUTER_BOUND('',#1689,.T.);
#1033=FACE_OUTER_BOUND('',#1690,.T.);
#1034=FACE_OUTER_BOUND('',#1691,.T.);
#1035=FACE_OUTER_BOUND('',#1692,.T.);
#1036=FACE_OUTER_BOUND('',#1693,.T.);
#1037=FACE_OUTER_BOUND('',#1694,.T.);
#1038=FACE_OUTER_BOUND('',#1695,.T.);
#1039=FACE_OUTER_BOUND('',#1696,.T.);
#1040=FACE_OUTER_BOUND('',#1697,.T.);
#1041=FACE_OUTER_BOUND('',#1698,.T.);
#1042=FACE_OUTER_BOUND('',#1699,.T.);
#1043=FACE_OUTER_BOUND('',#1700,.T.);
#1044=FACE_OUTER_BOUND('',#1701,.T.);
#1045=FACE_OUTER_BOUND('',#1702,.T.);
#1046=FACE_OUTER_BOUND('',#1703,.T.);
#1047=FACE_OUTER_BOUND('',#1704,.T.);
#1048=FACE_OUTER_BOUND('',#1705,.T.);
#1049=FACE_OUTER_BOUND('',#1706,.T.);
#1050=FACE_OUTER_BOUND('',#1707,.T.);
#1051=FACE_OUTER_BOUND('',#1708,.T.);
#1052=FACE_OUTER_BOUND('',#1709,.T.);
#1053=FACE_OUTER_BOUND('',#1710,.T.);
#1054=FACE_OUTER_BOUND('',#1711,.T.);
#1055=FACE_OUTER_BOUND('',#1712,.T.);
#1056=FACE_OUTER_BOUND('',#1713,.T.);
#1057=FACE_OUTER_BOUND('',#1714,.T.);
#1058=FACE_OUTER_BOUND('',#1715,.T.);
#1059=FACE_OUTER_BOUND('',#1716,.T.);
#1060=FACE_OUTER_BOUND('',#1717,.T.);
#1061=FACE_OUTER_BOUND('',#1718,.T.);
#1062=FACE_OUTER_BOUND('',#1719,.T.);
#1063=FACE_OUTER_BOUND('',#1720,.T.);
#1064=FACE_OUTER_BOUND('',#1721,.T.);
#1065=FACE_OUTER_BOUND('',#1722,.T.);
#1066=FACE_OUTER_BOUND('',#1723,.T.);
#1067=FACE_OUTER_BOUND('',#1724,.T.);
#1068=FACE_OUTER_BOUND('',#1725,.T.);
#1069=FACE_OUTER_BOUND('',#1726,.T.);
#1070=FACE_OUTER_BOUND('',#1727,.T.);
#1071=FACE_OUTER_BOUND('',#1728,.T.);
#1072=FACE_OUTER_BOUND('',#1729,.T.);
#1073=FACE_OUTER_BOUND('',#1730,.T.);
#1074=FACE_OUTER_BOUND('',#1731,.T.);
#1075=FACE_OUTER_BOUND('',#1732,.T.);
#1076=FACE_OUTER_BOUND('',#1733,.T.);
#1077=FACE_OUTER_BOUND('',#1734,.T.);
#1078=FACE_OUTER_BOUND('',#1735,.T.);
#1079=FACE_OUTER_BOUND('',#1736,.T.);
#1080=FACE_OUTER_BOUND('',#1737,.T.);
#1081=FACE_OUTER_BOUND('',#1738,.T.);
#1082=FACE_OUTER_BOUND('',#1739,.T.);
#1083=FACE_OUTER_BOUND('',#1740,.T.);
#1084=FACE_OUTER_BOUND('',#1741,.T.);
#1085=FACE_OUTER_BOUND('',#1742,.T.);
#1086=FACE_OUTER_BOUND('',#1743,.T.);
#1087=FACE_OUTER_BOUND('',#1744,.T.);
#1088=FACE_OUTER_BOUND('',#1745,.T.);
#1089=FACE_OUTER_BOUND('',#1746,.T.);
#1090=FACE_OUTER_BOUND('',#1747,.T.);
#1091=FACE_OUTER_BOUND('',#1748,.T.);
#1092=FACE_OUTER_BOUND('',#1749,.T.);
#1093=FACE_OUTER_BOUND('',#1750,.T.);
#1094=FACE_OUTER_BOUND('',#1751,.T.);
#1095=FACE_OUTER_BOUND('',#1752,.T.);
#1096=FACE_OUTER_BOUND('',#1753,.T.);
#1097=FACE_OUTER_BOUND('',#1754,.T.);
#1098=FACE_OUTER_BOUND('',#1755,.T.);
#1099=FACE_OUTER_BOUND('',#1756,.T.);
#1100=FACE_OUTER_BOUND('',#1757,.T.);
#1101=FACE_OUTER_BOUND('',#1758,.T.);
#1102=FACE_OUTER_BOUND('',#1759,.T.);
#1103=FACE_OUTER_BOUND('',#1760,.T.);
#1104=FACE_OUTER_BOUND('',#1761,.T.);
#1105=FACE_OUTER_BOUND('',#1762,.T.);
#1106=FACE_OUTER_BOUND('',#1763,.T.);
#1107=FACE_OUTER_BOUND('',#1764,.T.);
#1108=FACE_OUTER_BOUND('',#1765,.T.);
#1109=FACE_OUTER_BOUND('',#1766,.T.);
#1110=FACE_OUTER_BOUND('',#1767,.T.);
#1111=FACE_OUTER_BOUND('',#1768,.T.);
#1112=FACE_OUTER_BOUND('',#1769,.T.);
#1113=FACE_OUTER_BOUND('',#1770,.T.);
#1114=FACE_OUTER_BOUND('',#1771,.T.);
#1115=FACE_OUTER_BOUND('',#1772,.T.);
#1116=FACE_OUTER_BOUND('',#1773,.T.);
#1117=FACE_OUTER_BOUND('',#1774,.T.);
#1118=FACE_OUTER_BOUND('',#1775,.T.);
#1119=FACE_OUTER_BOUND('',#1776,.T.);
#1120=FACE_OUTER_BOUND('',#1777,.T.);
#1121=FACE_OUTER_BOUND('',#1778,.T.);
#1122=FACE_OUTER_BOUND('',#1779,.T.);
#1123=FACE_OUTER_BOUND('',#1780,.T.);
#1124=FACE_OUTER_BOUND('',#1781,.T.);
#1125=FACE_OUTER_BOUND('',#1782,.T.);
#1126=FACE_OUTER_BOUND('',#1783,.T.);
#1127=FACE_OUTER_BOUND('',#1784,.T.);
#1128=FACE_OUTER_BOUND('',#1785,.T.);
#1129=FACE_OUTER_BOUND('',#1786,.T.);
#1130=FACE_OUTER_BOUND('',#1787,.T.);
#1131=FACE_OUTER_BOUND('',#1788,.T.);
#1132=FACE_OUTER_BOUND('',#1789,.T.);
#1133=FACE_OUTER_BOUND('',#1790,.T.);
#1134=FACE_OUTER_BOUND('',#1791,.T.);
#1135=FACE_OUTER_BOUND('',#1792,.T.);
#1136=FACE_OUTER_BOUND('',#1793,.T.);
#1137=FACE_OUTER_BOUND('',#1794,.T.);
#1138=FACE_OUTER_BOUND('',#1795,.T.);
#1139=FACE_OUTER_BOUND('',#1797,.T.);
#1140=FACE_OUTER_BOUND('',#1798,.T.);
#1141=FACE_OUTER_BOUND('',#1799,.T.);
#1142=FACE_OUTER_BOUND('',#1800,.T.);
#1143=FACE_OUTER_BOUND('',#1801,.T.);
#1144=FACE_OUTER_BOUND('',#1802,.T.);
#1145=FACE_OUTER_BOUND('',#1803,.T.);
#1146=FACE_OUTER_BOUND('',#1804,.T.);
#1147=FACE_OUTER_BOUND('',#1805,.T.);
#1148=FACE_OUTER_BOUND('',#1806,.T.);
#1149=FACE_OUTER_BOUND('',#1807,.T.);
#1150=FACE_OUTER_BOUND('',#1808,.T.);
#1151=FACE_OUTER_BOUND('',#1809,.T.);
#1152=FACE_OUTER_BOUND('',#1810,.T.);
#1153=FACE_OUTER_BOUND('',#1811,.T.);
#1154=FACE_OUTER_BOUND('',#1812,.T.);
#1155=FACE_OUTER_BOUND('',#1813,.T.);
#1156=FACE_OUTER_BOUND('',#1814,.T.);
#1157=FACE_OUTER_BOUND('',#1815,.T.);
#1158=FACE_OUTER_BOUND('',#1816,.T.);
#1159=FACE_OUTER_BOUND('',#1817,.T.);
#1160=FACE_OUTER_BOUND('',#1818,.T.);
#1161=FACE_OUTER_BOUND('',#1819,.T.);
#1162=FACE_OUTER_BOUND('',#1820,.T.);
#1163=FACE_OUTER_BOUND('',#1821,.T.);
#1164=FACE_OUTER_BOUND('',#1822,.T.);
#1165=FACE_OUTER_BOUND('',#1823,.T.);
#1166=FACE_OUTER_BOUND('',#1824,.T.);
#1167=FACE_OUTER_BOUND('',#1825,.T.);
#1168=FACE_OUTER_BOUND('',#1826,.T.);
#1169=FACE_OUTER_BOUND('',#1827,.T.);
#1170=FACE_OUTER_BOUND('',#1828,.T.);
#1171=FACE_OUTER_BOUND('',#1829,.T.);
#1172=FACE_OUTER_BOUND('',#1830,.T.);
#1173=FACE_OUTER_BOUND('',#1831,.T.);
#1174=FACE_OUTER_BOUND('',#1832,.T.);
#1175=FACE_OUTER_BOUND('',#1833,.T.);
#1176=FACE_OUTER_BOUND('',#1834,.T.);
#1177=FACE_OUTER_BOUND('',#1835,.T.);
#1178=FACE_OUTER_BOUND('',#1836,.T.);
#1179=FACE_OUTER_BOUND('',#1837,.T.);
#1180=FACE_OUTER_BOUND('',#1838,.T.);
#1181=FACE_OUTER_BOUND('',#1839,.T.);
#1182=FACE_OUTER_BOUND('',#1840,.T.);
#1183=FACE_OUTER_BOUND('',#1841,.T.);
#1184=FACE_OUTER_BOUND('',#1842,.T.);
#1185=FACE_OUTER_BOUND('',#1843,.T.);
#1186=FACE_OUTER_BOUND('',#1844,.T.);
#1187=FACE_OUTER_BOUND('',#1845,.T.);
#1188=FACE_OUTER_BOUND('',#1846,.T.);
#1189=FACE_OUTER_BOUND('',#1847,.T.);
#1190=FACE_OUTER_BOUND('',#1848,.T.);
#1191=FACE_OUTER_BOUND('',#1849,.T.);
#1192=FACE_OUTER_BOUND('',#1850,.T.);
#1193=FACE_OUTER_BOUND('',#1851,.T.);
#1194=FACE_OUTER_BOUND('',#1852,.T.);
#1195=FACE_OUTER_BOUND('',#1853,.T.);
#1196=FACE_OUTER_BOUND('',#1854,.T.);
#1197=FACE_OUTER_BOUND('',#1855,.T.);
#1198=FACE_OUTER_BOUND('',#1856,.T.);
#1199=FACE_OUTER_BOUND('',#1857,.T.);
#1200=FACE_OUTER_BOUND('',#1858,.T.);
#1201=FACE_OUTER_BOUND('',#1859,.T.);
#1202=FACE_OUTER_BOUND('',#1860,.T.);
#1203=FACE_OUTER_BOUND('',#1861,.T.);
#1204=FACE_OUTER_BOUND('',#1862,.T.);
#1205=FACE_OUTER_BOUND('',#1863,.T.);
#1206=FACE_OUTER_BOUND('',#1864,.T.);
#1207=FACE_OUTER_BOUND('',#1865,.T.);
#1208=FACE_OUTER_BOUND('',#1866,.T.);
#1209=FACE_OUTER_BOUND('',#1867,.T.);
#1210=FACE_OUTER_BOUND('',#1868,.T.);
#1211=FACE_OUTER_BOUND('',#1869,.T.);
#1212=FACE_OUTER_BOUND('',#1870,.T.);
#1213=FACE_OUTER_BOUND('',#1871,.T.);
#1214=FACE_OUTER_BOUND('',#1872,.T.);
#1215=FACE_OUTER_BOUND('',#1873,.T.);
#1216=FACE_OUTER_BOUND('',#1874,.T.);
#1217=FACE_OUTER_BOUND('',#1875,.T.);
#1218=FACE_OUTER_BOUND('',#1876,.T.);
#1219=FACE_OUTER_BOUND('',#1877,.T.);
#1220=FACE_OUTER_BOUND('',#1878,.T.);
#1221=FACE_OUTER_BOUND('',#1879,.T.);
#1222=FACE_OUTER_BOUND('',#1880,.T.);
#1223=FACE_OUTER_BOUND('',#1881,.T.);
#1224=FACE_OUTER_BOUND('',#1882,.T.);
#1225=FACE_OUTER_BOUND('',#1883,.T.);
#1226=FACE_OUTER_BOUND('',#1884,.T.);
#1227=FACE_OUTER_BOUND('',#1885,.T.);
#1228=FACE_OUTER_BOUND('',#1886,.T.);
#1229=FACE_OUTER_BOUND('',#1887,.T.);
#1230=FACE_OUTER_BOUND('',#1888,.T.);
#1231=FACE_OUTER_BOUND('',#1889,.T.);
#1232=FACE_OUTER_BOUND('',#1890,.T.);
#1233=FACE_OUTER_BOUND('',#1891,.T.);
#1234=FACE_OUTER_BOUND('',#1892,.T.);
#1235=FACE_OUTER_BOUND('',#1893,.T.);
#1236=FACE_OUTER_BOUND('',#1894,.T.);
#1237=FACE_OUTER_BOUND('',#1895,.T.);
#1238=FACE_OUTER_BOUND('',#1896,.T.);
#1239=FACE_OUTER_BOUND('',#1897,.T.);
#1240=FACE_OUTER_BOUND('',#1898,.T.);
#1241=FACE_OUTER_BOUND('',#1899,.T.);
#1242=FACE_OUTER_BOUND('',#1900,.T.);
#1243=FACE_OUTER_BOUND('',#1901,.T.);
#1244=FACE_OUTER_BOUND('',#1902,.T.);
#1245=FACE_OUTER_BOUND('',#1929,.T.);
#1246=FACE_OUTER_BOUND('',#1956,.T.);
#1247=FACE_OUTER_BOUND('',#1957,.T.);
#1248=FACE_OUTER_BOUND('',#1958,.T.);
#1249=FACE_OUTER_BOUND('',#1959,.T.);
#1250=EDGE_LOOP('',(#8587,#8588,#8589,#8590,#8591,#8592,#8593,#8594,#8595,
#8596));
#1251=EDGE_LOOP('',(#8597,#8598,#8599,#8600));
#1252=EDGE_LOOP('',(#8601,#8602,#8603,#8604));
#1253=EDGE_LOOP('',(#8605,#8606,#8607,#8608));
#1254=EDGE_LOOP('',(#8609,#8610,#8611,#8612));
#1255=EDGE_LOOP('',(#8613,#8614,#8615,#8616,#8617,#8618,#8619));
#1256=EDGE_LOOP('',(#8620,#8621,#8622,#8623,#8624,#8625,#8626,#8627,#8628,
#8629,#8630,#8631,#8632,#8633,#8634,#8635,#8636,#8637,#8638,#8639,#8640,
#8641,#8642,#8643,#8644,#8645,#8646,#8647));
#1257=EDGE_LOOP('',(#8648,#8649,#8650,#8651,#8652,#8653,#8654,#8655));
#1258=EDGE_LOOP('',(#8656,#8657,#8658,#8659));
#1259=EDGE_LOOP('',(#8660,#8661,#8662,#8663));
#1260=EDGE_LOOP('',(#8664,#8665,#8666,#8667));
#1261=EDGE_LOOP('',(#8668,#8669,#8670,#8671));
#1262=EDGE_LOOP('',(#8672));
#1263=EDGE_LOOP('',(#8673));
#1264=EDGE_LOOP('',(#8674,#8675,#8676,#8677));
#1265=EDGE_LOOP('',(#8678));
#1266=EDGE_LOOP('',(#8679));
#1267=EDGE_LOOP('',(#8680,#8681,#8682,#8683));
#1268=EDGE_LOOP('',(#8684));
#1269=EDGE_LOOP('',(#8685));
#1270=EDGE_LOOP('',(#8686,#8687,#8688,#8689));
#1271=EDGE_LOOP('',(#8690,#8691,#8692,#8693));
#1272=EDGE_LOOP('',(#8694,#8695,#8696,#8697));
#1273=EDGE_LOOP('',(#8698,#8699,#8700,#8701));
#1274=EDGE_LOOP('',(#8702));
#1275=EDGE_LOOP('',(#8703));
#1276=EDGE_LOOP('',(#8704,#8705,#8706,#8707));
#1277=EDGE_LOOP('',(#8708));
#1278=EDGE_LOOP('',(#8709));
#1279=EDGE_LOOP('',(#8710,#8711,#8712,#8713));
#1280=EDGE_LOOP('',(#8714));
#1281=EDGE_LOOP('',(#8715));
#1282=EDGE_LOOP('',(#8716,#8717,#8718,#8719));
#1283=EDGE_LOOP('',(#8720));
#1284=EDGE_LOOP('',(#8721));
#1285=EDGE_LOOP('',(#8722,#8723,#8724,#8725));
#1286=EDGE_LOOP('',(#8726));
#1287=EDGE_LOOP('',(#8727));
#1288=EDGE_LOOP('',(#8728,#8729,#8730,#8731));
#1289=EDGE_LOOP('',(#8732));
#1290=EDGE_LOOP('',(#8733));
#1291=EDGE_LOOP('',(#8734,#8735,#8736,#8737));
#1292=EDGE_LOOP('',(#8738));
#1293=EDGE_LOOP('',(#8739));
#1294=EDGE_LOOP('',(#8740,#8741,#8742,#8743));
#1295=EDGE_LOOP('',(#8744,#8745,#8746,#8747));
#1296=EDGE_LOOP('',(#8748,#8749,#8750,#8751));
#1297=EDGE_LOOP('',(#8752,#8753,#8754,#8755));
#1298=EDGE_LOOP('',(#8756,#8757,#8758,#8759));
#1299=EDGE_LOOP('',(#8760,#8761,#8762,#8763));
#1300=EDGE_LOOP('',(#8764,#8765,#8766,#8767,#8768,#8769));
#1301=EDGE_LOOP('',(#8770,#8771,#8772,#8773));
#1302=EDGE_LOOP('',(#8774));
#1303=EDGE_LOOP('',(#8775));
#1304=EDGE_LOOP('',(#8776,#8777,#8778,#8779));
#1305=EDGE_LOOP('',(#8780));
#1306=EDGE_LOOP('',(#8781));
#1307=EDGE_LOOP('',(#8782,#8783,#8784,#8785));
#1308=EDGE_LOOP('',(#8786));
#1309=EDGE_LOOP('',(#8787));
#1310=EDGE_LOOP('',(#8788,#8789,#8790,#8791));
#1311=EDGE_LOOP('',(#8792));
#1312=EDGE_LOOP('',(#8793));
#1313=EDGE_LOOP('',(#8794,#8795,#8796));
#1314=EDGE_LOOP('',(#8797,#8798,#8799,#8800,#8801,#8802,#8803,#8804,#8805,
#8806,#8807,#8808));
#1315=EDGE_LOOP('',(#8809,#8810,#8811,#8812));
#1316=EDGE_LOOP('',(#8813,#8814,#8815,#8816,#8817,#8818,#8819,#8820,#8821,
#8822,#8823,#8824,#8825,#8826,#8827,#8828,#8829,#8830,#8831,#8832,#8833,
#8834,#8835,#8836));
#1317=EDGE_LOOP('',(#8837,#8838,#8839));
#1318=EDGE_LOOP('',(#8840,#8841,#8842,#8843,#8844,#8845,#8846,#8847,#8848,
#8849,#8850,#8851,#8852,#8853,#8854,#8855));
#1319=EDGE_LOOP('',(#8856,#8857,#8858));
#1320=EDGE_LOOP('',(#8859,#8860,#8861,#8862));
#1321=EDGE_LOOP('',(#8863,#8864,#8865,#8866));
#1322=EDGE_LOOP('',(#8867,#8868,#8869,#8870));
#1323=EDGE_LOOP('',(#8871,#8872,#8873,#8874));
#1324=EDGE_LOOP('',(#8875,#8876,#8877,#8878,#8879));
#1325=EDGE_LOOP('',(#8880,#8881,#8882,#8883));
#1326=EDGE_LOOP('',(#8884,#8885,#8886,#8887));
#1327=EDGE_LOOP('',(#8888,#8889,#8890,#8891));
#1328=EDGE_LOOP('',(#8892,#8893,#8894));
#1329=EDGE_LOOP('',(#8895,#8896,#8897,#8898));
#1330=EDGE_LOOP('',(#8899,#8900,#8901,#8902));
#1331=EDGE_LOOP('',(#8903,#8904,#8905,#8906,#8907));
#1332=EDGE_LOOP('',(#8908,#8909,#8910,#8911));
#1333=EDGE_LOOP('',(#8912,#8913,#8914,#8915,#8916,#8917,#8918,#8919,#8920,
#8921));
#1334=EDGE_LOOP('',(#8922,#8923,#8924));
#1335=EDGE_LOOP('',(#8925,#8926,#8927,#8928,#8929,#8930));
#1336=EDGE_LOOP('',(#8931,#8932,#8933,#8934));
#1337=EDGE_LOOP('',(#8935,#8936,#8937,#8938,#8939,#8940,#8941,#8942,#8943));
#1338=EDGE_LOOP('',(#8944,#8945,#8946,#8947,#8948,#8949,#8950,#8951,#8952));
#1339=EDGE_LOOP('',(#8953,#8954,#8955,#8956));
#1340=EDGE_LOOP('',(#8957,#8958,#8959,#8960));
#1341=EDGE_LOOP('',(#8961,#8962,#8963,#8964,#8965,#8966,#8967,#8968,#8969,
#8970,#8971,#8972,#8973));
#1342=EDGE_LOOP('',(#8974,#8975,#8976,#8977,#8978));
#1343=EDGE_LOOP('',(#8979,#8980,#8981,#8982,#8983,#8984,#8985,#8986,#8987));
#1344=EDGE_LOOP('',(#8988,#8989,#8990,#8991,#8992,#8993,#8994,#8995,#8996));
#1345=EDGE_LOOP('',(#8997,#8998,#8999,#9000));
#1346=EDGE_LOOP('',(#9001,#9002,#9003,#9004,#9005,#9006,#9007,#9008,#9009,
#9010));
#1347=EDGE_LOOP('',(#9011,#9012,#9013));
#1348=EDGE_LOOP('',(#9014,#9015,#9016,#9017,#9018,#9019,#9020));
#1349=EDGE_LOOP('',(#9021,#9022,#9023,#9024,#9025));
#1350=EDGE_LOOP('',(#9026,#9027,#9028,#9029,#9030));
#1351=EDGE_LOOP('',(#9031,#9032,#9033,#9034,#9035));
#1352=EDGE_LOOP('',(#9036,#9037,#9038,#9039,#9040,#9041,#9042,#9043,#9044));
#1353=EDGE_LOOP('',(#9045,#9046));
#1354=EDGE_LOOP('',(#9047));
#1355=EDGE_LOOP('',(#9048,#9049,#9050,#9051));
#1356=EDGE_LOOP('',(#9052,#9053,#9054,#9055,#9056,#9057,#9058));
#1357=EDGE_LOOP('',(#9059,#9060,#9061,#9062,#9063,#9064,#9065,#9066,#9067,
#9068));
#1358=EDGE_LOOP('',(#9069,#9070));
#1359=EDGE_LOOP('',(#9071));
#1360=EDGE_LOOP('',(#9072,#9073,#9074,#9075));
#1361=EDGE_LOOP('',(#9076,#9077,#9078,#9079,#9080,#9081,#9082));
#1362=EDGE_LOOP('',(#9083,#9084,#9085,#9086,#9087,#9088,#9089,#9090,#9091,
#9092,#9093,#9094,#9095,#9096,#9097,#9098,#9099,#9100,#9101,#9102,#9103,
#9104,#9105,#9106,#9107,#9108,#9109,#9110,#9111));
#1363=EDGE_LOOP('',(#9112,#9113,#9114,#9115,#9116,#9117,#9118));
#1364=EDGE_LOOP('',(#9119,#9120,#9121,#9122));
#1365=EDGE_LOOP('',(#9123,#9124,#9125,#9126,#9127));
#1366=EDGE_LOOP('',(#9128,#9129,#9130,#9131));
#1367=EDGE_LOOP('',(#9132,#9133,#9134,#9135));
#1368=EDGE_LOOP('',(#9136,#9137,#9138,#9139));
#1369=EDGE_LOOP('',(#9140,#9141,#9142,#9143,#9144,#9145,#9146,#9147,#9148));
#1370=EDGE_LOOP('',(#9149,#9150,#9151,#9152,#9153,#9154,#9155,#9156));
#1371=EDGE_LOOP('',(#9157,#9158,#9159,#9160));
#1372=EDGE_LOOP('',(#9161,#9162,#9163,#9164));
#1373=EDGE_LOOP('',(#9165,#9166,#9167,#9168));
#1374=EDGE_LOOP('',(#9169,#9170,#9171,#9172,#9173,#9174,#9175));
#1375=EDGE_LOOP('',(#9176,#9177,#9178,#9179,#9180,#9181,#9182,#9183,#9184));
#1376=EDGE_LOOP('',(#9185,#9186,#9187,#9188,#9189,#9190,#9191,#9192,#9193));
#1377=EDGE_LOOP('',(#9194,#9195,#9196,#9197));
#1378=EDGE_LOOP('',(#9198,#9199,#9200,#9201,#9202,#9203,#9204));
#1379=EDGE_LOOP('',(#9205,#9206,#9207,#9208));
#1380=EDGE_LOOP('',(#9209,#9210,#9211,#9212));
#1381=EDGE_LOOP('',(#9213,#9214,#9215,#9216,#9217,#9218,#9219,#9220,#9221));
#1382=EDGE_LOOP('',(#9222,#9223,#9224,#9225,#9226,#9227,#9228,#9229));
#1383=EDGE_LOOP('',(#9230,#9231,#9232,#9233,#9234,#9235,#9236,#9237,#9238));
#1384=EDGE_LOOP('',(#9239,#9240,#9241,#9242,#9243));
#1385=EDGE_LOOP('',(#9244,#9245,#9246,#9247,#9248));
#1386=EDGE_LOOP('',(#9249,#9250));
#1387=EDGE_LOOP('',(#9251));
#1388=EDGE_LOOP('',(#9252,#9253,#9254,#9255));
#1389=EDGE_LOOP('',(#9256,#9257,#9258,#9259,#9260,#9261,#9262,#9263,#9264,
#9265));
#1390=EDGE_LOOP('',(#9266,#9267,#9268,#9269,#9270,#9271,#9272));
#1391=EDGE_LOOP('',(#9273,#9274,#9275,#9276));
#1392=EDGE_LOOP('',(#9277,#9278));
#1393=EDGE_LOOP('',(#9279));
#1394=EDGE_LOOP('',(#9280,#9281,#9282,#9283));
#1395=EDGE_LOOP('',(#9284,#9285,#9286));
#1396=EDGE_LOOP('',(#9287));
#1397=EDGE_LOOP('',(#9288));
#1398=EDGE_LOOP('',(#9289));
#1399=EDGE_LOOP('',(#9290));
#1400=EDGE_LOOP('',(#9291));
#1401=EDGE_LOOP('',(#9292,#9293,#9294,#9295,#9296,#9297,#9298,#9299,#9300));
#1402=EDGE_LOOP('',(#9301,#9302,#9303,#9304,#9305));
#1403=EDGE_LOOP('',(#9306,#9307,#9308,#9309,#9310,#9311));
#1404=EDGE_LOOP('',(#9312,#9313,#9314,#9315));
#1405=EDGE_LOOP('',(#9316,#9317,#9318,#9319));
#1406=EDGE_LOOP('',(#9320,#9321,#9322,#9323,#9324,#9325,#9326));
#1407=EDGE_LOOP('',(#9327,#9328,#9329,#9330));
#1408=EDGE_LOOP('',(#9331,#9332,#9333,#9334,#9335,#9336,#9337));
#1409=EDGE_LOOP('',(#9338,#9339,#9340,#9341));
#1410=EDGE_LOOP('',(#9342,#9343,#9344,#9345,#9346,#9347,#9348));
#1411=EDGE_LOOP('',(#9349,#9350,#9351,#9352,#9353,#9354,#9355));
#1412=EDGE_LOOP('',(#9356,#9357,#9358,#9359,#9360,#9361,#9362));
#1413=EDGE_LOOP('',(#9363,#9364,#9365,#9366,#9367));
#1414=EDGE_LOOP('',(#9368,#9369,#9370,#9371,#9372,#9373));
#1415=EDGE_LOOP('',(#9374,#9375,#9376,#9377));
#1416=EDGE_LOOP('',(#9378,#9379,#9380,#9381));
#1417=EDGE_LOOP('',(#9382,#9383,#9384,#9385,#9386,#9387));
#1418=EDGE_LOOP('',(#9388,#9389,#9390,#9391,#9392,#9393,#9394,#9395,#9396,
#9397,#9398,#9399,#9400,#9401,#9402,#9403,#9404,#9405,#9406,#9407,#9408,
#9409,#9410));
#1419=EDGE_LOOP('',(#9411,#9412,#9413,#9414));
#1420=EDGE_LOOP('',(#9415,#9416,#9417,#9418,#9419,#9420,#9421,#9422,#9423,
#9424,#9425,#9426,#9427,#9428,#9429,#9430,#9431,#9432,#9433,#9434,#9435,
#9436,#9437,#9438,#9439,#9440,#9441,#9442,#9443,#9444,#9445,#9446,#9447,
#9448));
#1421=EDGE_LOOP('',(#9449,#9450,#9451,#9452,#9453,#9454,#9455,#9456,#9457,
#9458,#9459,#9460,#9461,#9462,#9463,#9464,#9465,#9466,#9467,#9468,#9469,
#9470,#9471,#9472,#9473,#9474,#9475,#9476,#9477,#9478,#9479,#9480));
#1422=EDGE_LOOP('',(#9481));
#1423=EDGE_LOOP('',(#9482,#9483,#9484,#9485,#9486,#9487,#9488,#9489,#9490,
#9491,#9492,#9493,#9494,#9495,#9496,#9497,#9498,#9499,#9500,#9501,#9502,
#9503,#9504,#9505,#9506,#9507,#9508,#9509,#9510));
#1424=EDGE_LOOP('',(#9511));
#1425=EDGE_LOOP('',(#9512,#9513,#9514,#9515,#9516,#9517,#9518,#9519));
#1426=EDGE_LOOP('',(#9520,#9521,#9522,#9523));
#1427=EDGE_LOOP('',(#9524,#9525,#9526,#9527,#9528,#9529));
#1428=EDGE_LOOP('',(#9530,#9531,#9532,#9533,#9534,#9535));
#1429=EDGE_LOOP('',(#9536,#9537,#9538,#9539));
#1430=EDGE_LOOP('',(#9540,#9541,#9542,#9543,#9544,#9545,#9546,#9547));
#1431=EDGE_LOOP('',(#9548,#9549,#9550,#9551));
#1432=EDGE_LOOP('',(#9552,#9553,#9554,#9555,#9556,#9557));
#1433=EDGE_LOOP('',(#9558,#9559,#9560,#9561,#9562,#9563,#9564,#9565,#9566,
#9567,#9568,#9569,#9570,#9571,#9572));
#1434=EDGE_LOOP('',(#9573,#9574,#9575));
#1435=EDGE_LOOP('',(#9576,#9577,#9578,#9579));
#1436=EDGE_LOOP('',(#9580,#9581,#9582,#9583));
#1437=EDGE_LOOP('',(#9584,#9585,#9586,#9587,#9588,#9589,#9590,#9591,#9592,
#9593,#9594,#9595));
#1438=EDGE_LOOP('',(#9596,#9597,#9598,#9599));
#1439=EDGE_LOOP('',(#9600,#9601,#9602,#9603));
#1440=EDGE_LOOP('',(#9604,#9605,#9606,#9607));
#1441=EDGE_LOOP('',(#9608,#9609,#9610,#9611,#9612,#9613,#9614,#9615,#9616,
#9617,#9618,#9619,#9620));
#1442=EDGE_LOOP('',(#9621,#9622,#9623,#9624,#9625,#9626,#9627,#9628,#9629));
#1443=EDGE_LOOP('',(#9630,#9631,#9632,#9633,#9634,#9635));
#1444=EDGE_LOOP('',(#9636,#9637,#9638,#9639));
#1445=EDGE_LOOP('',(#9640,#9641,#9642,#9643,#9644,#9645,#9646,#9647,#9648,
#9649,#9650,#9651,#9652,#9653));
#1446=EDGE_LOOP('',(#9654,#9655,#9656));
#1447=EDGE_LOOP('',(#9657,#9658,#9659,#9660));
#1448=EDGE_LOOP('',(#9661,#9662,#9663,#9664,#9665,#9666,#9667,#9668,#9669,
#9670,#9671,#9672,#9673,#9674));
#1449=EDGE_LOOP('',(#9675,#9676,#9677,#9678,#9679,#9680,#9681));
#1450=EDGE_LOOP('',(#9682,#9683,#9684,#9685,#9686,#9687,#9688,#9689,#9690,
#9691,#9692,#9693,#9694,#9695,#9696,#9697,#9698,#9699,#9700,#9701,#9702,
#9703,#9704,#9705,#9706,#9707,#9708,#9709,#9710,#9711,#9712,#9713,#9714,
#9715,#9716,#9717,#9718,#9719,#9720,#9721,#9722,#9723,#9724,#9725,#9726,
#9727,#9728,#9729,#9730,#9731,#9732,#9733,#9734,#9735,#9736,#9737,#9738,
#9739,#9740,#9741,#9742,#9743,#9744,#9745,#9746,#9747,#9748,#9749,#9750,
#9751,#9752,#9753,#9754,#9755,#9756,#9757,#9758,#9759,#9760,#9761,#9762,
#9763,#9764,#9765,#9766,#9767,#9768,#9769,#9770,#9771,#9772,#9773,#9774,
#9775,#9776,#9777,#9778,#9779,#9780,#9781,#9782,#9783,#9784,#9785,#9786,
#9787,#9788,#9789,#9790,#9791,#9792,#9793,#9794,#9795,#9796,#9797,#9798,
#9799,#9800,#9801,#9802,#9803,#9804,#9805,#9806,#9807,#9808,#9809,#9810,
#9811,#9812,#9813,#9814,#9815,#9816,#9817,#9818,#9819,#9820,#9821,#9822,
#9823,#9824,#9825,#9826,#9827,#9828,#9829,#9830,#9831,#9832,#9833,#9834,
#9835));
#1451=EDGE_LOOP('',(#9836,#9837,#9838,#9839,#9840,#9841,#9842,#9843,#9844,
#9845,#9846,#9847,#9848,#9849,#9850,#9851));
#1452=EDGE_LOOP('',(#9852,#9853,#9854,#9855,#9856,#9857));
#1453=EDGE_LOOP('',(#9858,#9859,#9860,#9861,#9862,#9863,#9864,#9865,#9866,
#9867));
#1454=EDGE_LOOP('',(#9868,#9869,#9870,#9871,#9872,#9873,#9874,#9875,#9876,
#9877,#9878,#9879,#9880,#9881,#9882,#9883,#9884,#9885,#9886,#9887,#9888,
#9889,#9890,#9891));
#1455=EDGE_LOOP('',(#9892,#9893,#9894,#9895,#9896,#9897,#9898));
#1456=EDGE_LOOP('',(#9899,#9900,#9901,#9902,#9903,#9904));
#1457=EDGE_LOOP('',(#9905,#9906,#9907,#9908,#9909));
#1458=EDGE_LOOP('',(#9910,#9911,#9912,#9913,#9914,#9915));
#1459=EDGE_LOOP('',(#9916,#9917,#9918,#9919,#9920,#9921));
#1460=EDGE_LOOP('',(#9922,#9923,#9924,#9925,#9926,#9927));
#1461=EDGE_LOOP('',(#9928,#9929,#9930,#9931,#9932,#9933));
#1462=EDGE_LOOP('',(#9934,#9935,#9936,#9937));
#1463=EDGE_LOOP('',(#9938,#9939,#9940,#9941,#9942,#9943,#9944));
#1464=EDGE_LOOP('',(#9945,#9946,#9947,#9948,#9949,#9950));
#1465=EDGE_LOOP('',(#9951,#9952,#9953,#9954,#9955,#9956));
#1466=EDGE_LOOP('',(#9957,#9958,#9959,#9960,#9961,#9962));
#1467=EDGE_LOOP('',(#9963,#9964,#9965,#9966,#9967,#9968,#9969,#9970,#9971,
#9972,#9973,#9974,#9975,#9976));
#1468=EDGE_LOOP('',(#9977,#9978,#9979,#9980,#9981,#9982,#9983,#9984,#9985,
#9986,#9987,#9988));
#1469=EDGE_LOOP('',(#9989,#9990,#9991,#9992,#9993,#9994));
#1470=EDGE_LOOP('',(#9995,#9996,#9997,#9998,#9999));
#1471=EDGE_LOOP('',(#10000,#10001,#10002,#10003));
#1472=EDGE_LOOP('',(#10004,#10005,#10006,#10007));
#1473=EDGE_LOOP('',(#10008,#10009,#10010,#10011,#10012,#10013));
#1474=EDGE_LOOP('',(#10014,#10015,#10016,#10017,#10018));
#1475=EDGE_LOOP('',(#10019,#10020,#10021,#10022,#10023,#10024));
#1476=EDGE_LOOP('',(#10025,#10026,#10027,#10028,#10029,#10030));
#1477=EDGE_LOOP('',(#10031,#10032,#10033,#10034));
#1478=EDGE_LOOP('',(#10035,#10036,#10037,#10038,#10039,#10040,#10041,#10042,
#10043,#10044,#10045,#10046,#10047,#10048,#10049,#10050));
#1479=EDGE_LOOP('',(#10051,#10052,#10053,#10054));
#1480=EDGE_LOOP('',(#10055,#10056,#10057,#10058));
#1481=EDGE_LOOP('',(#10059,#10060,#10061,#10062,#10063));
#1482=EDGE_LOOP('',(#10064,#10065,#10066,#10067));
#1483=EDGE_LOOP('',(#10068,#10069,#10070,#10071));
#1484=EDGE_LOOP('',(#10072,#10073,#10074,#10075));
#1485=EDGE_LOOP('',(#10076,#10077,#10078));
#1486=EDGE_LOOP('',(#10079,#10080,#10081));
#1487=EDGE_LOOP('',(#10082,#10083,#10084,#10085,#10086,#10087,#10088));
#1488=EDGE_LOOP('',(#10089,#10090,#10091,#10092));
#1489=EDGE_LOOP('',(#10093,#10094,#10095,#10096,#10097,#10098));
#1490=EDGE_LOOP('',(#10099,#10100,#10101,#10102));
#1491=EDGE_LOOP('',(#10103,#10104,#10105,#10106,#10107,#10108));
#1492=EDGE_LOOP('',(#10109,#10110,#10111,#10112));
#1493=EDGE_LOOP('',(#10113,#10114,#10115,#10116,#10117,#10118,#10119,#10120,
#10121,#10122,#10123,#10124,#10125,#10126,#10127,#10128,#10129,#10130,#10131,
#10132,#10133,#10134,#10135,#10136,#10137,#10138,#10139,#10140,#10141,#10142,
#10143,#10144,#10145,#10146,#10147,#10148,#10149,#10150,#10151,#10152,#10153,
#10154,#10155,#10156,#10157,#10158,#10159,#10160,#10161,#10162,#10163,#10164,
#10165,#10166,#10167,#10168,#10169,#10170,#10171,#10172,#10173,#10174,#10175,
#10176,#10177,#10178,#10179,#10180,#10181,#10182,#10183,#10184,#10185,#10186));
#1494=EDGE_LOOP('',(#10187));
#1495=EDGE_LOOP('',(#10188));
#1496=EDGE_LOOP('',(#10189,#10190,#10191,#10192,#10193,#10194,#10195,#10196,
#10197));
#1497=EDGE_LOOP('',(#10198,#10199,#10200,#10201,#10202));
#1498=EDGE_LOOP('',(#10203,#10204,#10205));
#1499=EDGE_LOOP('',(#10206,#10207,#10208,#10209,#10210,#10211));
#1500=EDGE_LOOP('',(#10212,#10213,#10214,#10215,#10216,#10217));
#1501=EDGE_LOOP('',(#10218,#10219,#10220,#10221,#10222,#10223,#10224));
#1502=EDGE_LOOP('',(#10225,#10226,#10227,#10228,#10229,#10230,#10231,#10232,
#10233,#10234,#10235));
#1503=EDGE_LOOP('',(#10236,#10237,#10238,#10239,#10240,#10241));
#1504=EDGE_LOOP('',(#10242,#10243,#10244,#10245,#10246,#10247));
#1505=EDGE_LOOP('',(#10248,#10249,#10250,#10251));
#1506=EDGE_LOOP('',(#10252,#10253,#10254,#10255,#10256,#10257,#10258,#10259,
#10260,#10261,#10262,#10263,#10264,#10265,#10266,#10267));
#1507=EDGE_LOOP('',(#10268,#10269,#10270,#10271,#10272));
#1508=EDGE_LOOP('',(#10273,#10274,#10275,#10276,#10277));
#1509=EDGE_LOOP('',(#10278,#10279,#10280,#10281,#10282,#10283,#10284,#10285,
#10286,#10287,#10288,#10289,#10290,#10291));
#1510=EDGE_LOOP('',(#10292,#10293,#10294,#10295,#10296,#10297,#10298,#10299,
#10300,#10301,#10302));
#1511=EDGE_LOOP('',(#10303,#10304,#10305,#10306,#10307,#10308,#10309,#10310,
#10311,#10312,#10313,#10314));
#1512=EDGE_LOOP('',(#10315,#10316,#10317,#10318,#10319,#10320,#10321,#10322,
#10323,#10324,#10325,#10326,#10327,#10328,#10329,#10330));
#1513=EDGE_LOOP('',(#10331,#10332,#10333,#10334,#10335,#10336,#10337));
#1514=EDGE_LOOP('',(#10338,#10339,#10340,#10341,#10342,#10343,#10344,#10345,
#10346,#10347,#10348,#10349,#10350,#10351,#10352,#10353,#10354,#10355,#10356,
#10357,#10358,#10359,#10360,#10361,#10362,#10363,#10364));
#1515=EDGE_LOOP('',(#10365,#10366,#10367,#10368,#10369,#10370));
#1516=EDGE_LOOP('',(#10371,#10372,#10373,#10374,#10375,#10376,#10377,#10378,
#10379,#10380));
#1517=EDGE_LOOP('',(#10381,#10382,#10383,#10384));
#1518=EDGE_LOOP('',(#10385,#10386,#10387));
#1519=EDGE_LOOP('',(#10388,#10389,#10390,#10391,#10392,#10393,#10394,#10395));
#1520=EDGE_LOOP('',(#10396,#10397,#10398,#10399));
#1521=EDGE_LOOP('',(#10400,#10401,#10402,#10403,#10404,#10405,#10406,#10407,
#10408));
#1522=EDGE_LOOP('',(#10409,#10410,#10411,#10412,#10413,#10414,#10415,#10416,
#10417));
#1523=EDGE_LOOP('',(#10418,#10419,#10420,#10421,#10422,#10423,#10424,#10425,
#10426,#10427,#10428,#10429,#10430,#10431,#10432,#10433,#10434));
#1524=EDGE_LOOP('',(#10435,#10436,#10437,#10438));
#1525=EDGE_LOOP('',(#10439));
#1526=EDGE_LOOP('',(#10440));
#1527=EDGE_LOOP('',(#10441));
#1528=EDGE_LOOP('',(#10442));
#1529=EDGE_LOOP('',(#10443));
#1530=EDGE_LOOP('',(#10444,#10445,#10446,#10447,#10448));
#1531=EDGE_LOOP('',(#10449,#10450,#10451,#10452));
#1532=EDGE_LOOP('',(#10453,#10454,#10455,#10456));
#1533=EDGE_LOOP('',(#10457,#10458,#10459,#10460));
#1534=EDGE_LOOP('',(#10461,#10462,#10463,#10464));
#1535=EDGE_LOOP('',(#10465,#10466,#10467,#10468));
#1536=EDGE_LOOP('',(#10469,#10470,#10471,#10472));
#1537=EDGE_LOOP('',(#10473,#10474,#10475,#10476,#10477,#10478));
#1538=EDGE_LOOP('',(#10479,#10480,#10481,#10482,#10483,#10484,#10485,#10486,
#10487));
#1539=EDGE_LOOP('',(#10488,#10489,#10490,#10491));
#1540=EDGE_LOOP('',(#10492,#10493,#10494,#10495));
#1541=EDGE_LOOP('',(#10496,#10497,#10498,#10499));
#1542=EDGE_LOOP('',(#10500,#10501,#10502,#10503));
#1543=EDGE_LOOP('',(#10504,#10505,#10506,#10507));
#1544=EDGE_LOOP('',(#10508,#10509,#10510,#10511));
#1545=EDGE_LOOP('',(#10512,#10513,#10514,#10515));
#1546=EDGE_LOOP('',(#10516,#10517,#10518,#10519,#10520));
#1547=EDGE_LOOP('',(#10521,#10522,#10523,#10524,#10525));
#1548=EDGE_LOOP('',(#10526,#10527,#10528,#10529));
#1549=EDGE_LOOP('',(#10530,#10531,#10532,#10533));
#1550=EDGE_LOOP('',(#10534,#10535,#10536,#10537));
#1551=EDGE_LOOP('',(#10538,#10539,#10540,#10541));
#1552=EDGE_LOOP('',(#10542,#10543,#10544,#10545));
#1553=EDGE_LOOP('',(#10546,#10547,#10548,#10549,#10550,#10551));
#1554=EDGE_LOOP('',(#10552,#10553,#10554,#10555));
#1555=EDGE_LOOP('',(#10556,#10557,#10558,#10559,#10560));
#1556=EDGE_LOOP('',(#10561,#10562,#10563,#10564));
#1557=EDGE_LOOP('',(#10565,#10566,#10567,#10568));
#1558=EDGE_LOOP('',(#10569,#10570,#10571,#10572));
#1559=EDGE_LOOP('',(#10573,#10574,#10575,#10576,#10577,#10578,#10579,#10580,
#10581));
#1560=EDGE_LOOP('',(#10582,#10583,#10584,#10585));
#1561=EDGE_LOOP('',(#10586,#10587,#10588,#10589));
#1562=EDGE_LOOP('',(#10590,#10591,#10592,#10593));
#1563=EDGE_LOOP('',(#10594,#10595,#10596,#10597));
#1564=EDGE_LOOP('',(#10598,#10599,#10600,#10601));
#1565=EDGE_LOOP('',(#10602,#10603,#10604,#10605));
#1566=EDGE_LOOP('',(#10606,#10607,#10608,#10609));
#1567=EDGE_LOOP('',(#10610,#10611,#10612,#10613));
#1568=EDGE_LOOP('',(#10614,#10615,#10616,#10617));
#1569=EDGE_LOOP('',(#10618,#10619,#10620,#10621));
#1570=EDGE_LOOP('',(#10622,#10623,#10624,#10625,#10626));
#1571=EDGE_LOOP('',(#10627,#10628,#10629,#10630,#10631,#10632,#10633,#10634,
#10635,#10636,#10637,#10638,#10639,#10640,#10641,#10642,#10643,#10644,#10645,
#10646,#10647));
#1572=EDGE_LOOP('',(#10648,#10649,#10650,#10651));
#1573=EDGE_LOOP('',(#10652,#10653,#10654,#10655));
#1574=EDGE_LOOP('',(#10656,#10657,#10658,#10659));
#1575=EDGE_LOOP('',(#10660,#10661,#10662,#10663));
#1576=EDGE_LOOP('',(#10664,#10665,#10666,#10667));
#1577=EDGE_LOOP('',(#10668,#10669,#10670,#10671));
#1578=EDGE_LOOP('',(#10672,#10673,#10674,#10675));
#1579=EDGE_LOOP('',(#10676,#10677,#10678,#10679));
#1580=EDGE_LOOP('',(#10680,#10681,#10682,#10683));
#1581=EDGE_LOOP('',(#10684,#10685,#10686,#10687));
#1582=EDGE_LOOP('',(#10688,#10689,#10690,#10691));
#1583=EDGE_LOOP('',(#10692,#10693,#10694,#10695));
#1584=EDGE_LOOP('',(#10696,#10697,#10698,#10699));
#1585=EDGE_LOOP('',(#10700,#10701,#10702,#10703));
#1586=EDGE_LOOP('',(#10704,#10705,#10706,#10707));
#1587=EDGE_LOOP('',(#10708,#10709,#10710,#10711));
#1588=EDGE_LOOP('',(#10712,#10713,#10714));
#1589=EDGE_LOOP('',(#10715,#10716,#10717,#10718));
#1590=EDGE_LOOP('',(#10719,#10720,#10721,#10722,#10723));
#1591=EDGE_LOOP('',(#10724,#10725,#10726,#10727));
#1592=EDGE_LOOP('',(#10728,#10729,#10730,#10731));
#1593=EDGE_LOOP('',(#10732,#10733,#10734,#10735));
#1594=EDGE_LOOP('',(#10736,#10737,#10738,#10739,#10740));
#1595=EDGE_LOOP('',(#10741,#10742,#10743,#10744));
#1596=EDGE_LOOP('',(#10745,#10746,#10747,#10748));
#1597=EDGE_LOOP('',(#10749,#10750,#10751,#10752));
#1598=EDGE_LOOP('',(#10753,#10754,#10755,#10756));
#1599=EDGE_LOOP('',(#10757,#10758,#10759,#10760));
#1600=EDGE_LOOP('',(#10761,#10762,#10763,#10764));
#1601=EDGE_LOOP('',(#10765,#10766,#10767,#10768));
#1602=EDGE_LOOP('',(#10769,#10770,#10771,#10772));
#1603=EDGE_LOOP('',(#10773,#10774,#10775,#10776));
#1604=EDGE_LOOP('',(#10777,#10778,#10779,#10780));
#1605=EDGE_LOOP('',(#10781,#10782,#10783,#10784));
#1606=EDGE_LOOP('',(#10785,#10786,#10787,#10788));
#1607=EDGE_LOOP('',(#10789,#10790,#10791,#10792));
#1608=EDGE_LOOP('',(#10793,#10794,#10795,#10796));
#1609=EDGE_LOOP('',(#10797,#10798,#10799,#10800));
#1610=EDGE_LOOP('',(#10801,#10802,#10803,#10804));
#1611=EDGE_LOOP('',(#10805,#10806,#10807,#10808));
#1612=EDGE_LOOP('',(#10809,#10810,#10811,#10812));
#1613=EDGE_LOOP('',(#10813,#10814,#10815,#10816));
#1614=EDGE_LOOP('',(#10817,#10818,#10819,#10820,#10821,#10822));
#1615=EDGE_LOOP('',(#10823,#10824,#10825,#10826,#10827));
#1616=EDGE_LOOP('',(#10828,#10829,#10830,#10831));
#1617=EDGE_LOOP('',(#10832,#10833,#10834,#10835));
#1618=EDGE_LOOP('',(#10836,#10837,#10838,#10839));
#1619=EDGE_LOOP('',(#10840,#10841,#10842,#10843,#10844,#10845));
#1620=EDGE_LOOP('',(#10846,#10847,#10848,#10849));
#1621=EDGE_LOOP('',(#10850,#10851,#10852,#10853));
#1622=EDGE_LOOP('',(#10854,#10855,#10856,#10857));
#1623=EDGE_LOOP('',(#10858,#10859,#10860,#10861));
#1624=EDGE_LOOP('',(#10862,#10863,#10864,#10865,#10866,#10867));
#1625=EDGE_LOOP('',(#10868,#10869,#10870,#10871));
#1626=EDGE_LOOP('',(#10872,#10873,#10874));
#1627=EDGE_LOOP('',(#10875,#10876,#10877,#10878,#10879));
#1628=EDGE_LOOP('',(#10880,#10881,#10882,#10883,#10884,#10885));
#1629=EDGE_LOOP('',(#10886,#10887,#10888,#10889));
#1630=EDGE_LOOP('',(#10890,#10891,#10892,#10893,#10894));
#1631=EDGE_LOOP('',(#10895,#10896,#10897,#10898));
#1632=EDGE_LOOP('',(#10899,#10900,#10901,#10902));
#1633=EDGE_LOOP('',(#10903,#10904,#10905,#10906));
#1634=EDGE_LOOP('',(#10907,#10908,#10909,#10910));
#1635=EDGE_LOOP('',(#10911,#10912,#10913,#10914));
#1636=EDGE_LOOP('',(#10915,#10916,#10917,#10918));
#1637=EDGE_LOOP('',(#10919,#10920,#10921,#10922));
#1638=EDGE_LOOP('',(#10923,#10924,#10925,#10926));
#1639=EDGE_LOOP('',(#10927,#10928,#10929,#10930));
#1640=EDGE_LOOP('',(#10931,#10932,#10933,#10934));
#1641=EDGE_LOOP('',(#10935,#10936,#10937,#10938));
#1642=EDGE_LOOP('',(#10939,#10940,#10941,#10942));
#1643=EDGE_LOOP('',(#10943,#10944,#10945,#10946));
#1644=EDGE_LOOP('',(#10947,#10948,#10949,#10950));
#1645=EDGE_LOOP('',(#10951,#10952,#10953,#10954));
#1646=EDGE_LOOP('',(#10955,#10956,#10957,#10958));
#1647=EDGE_LOOP('',(#10959,#10960,#10961,#10962));
#1648=EDGE_LOOP('',(#10963,#10964,#10965,#10966));
#1649=EDGE_LOOP('',(#10967,#10968,#10969,#10970));
#1650=EDGE_LOOP('',(#10971,#10972,#10973,#10974));
#1651=EDGE_LOOP('',(#10975,#10976,#10977,#10978));
#1652=EDGE_LOOP('',(#10979,#10980,#10981,#10982,#10983));
#1653=EDGE_LOOP('',(#10984,#10985,#10986,#10987));
#1654=EDGE_LOOP('',(#10988,#10989,#10990,#10991,#10992,#10993,#10994));
#1655=EDGE_LOOP('',(#10995,#10996,#10997,#10998));
#1656=EDGE_LOOP('',(#10999,#11000,#11001,#11002,#11003,#11004));
#1657=EDGE_LOOP('',(#11005,#11006,#11007,#11008));
#1658=EDGE_LOOP('',(#11009,#11010,#11011,#11012,#11013));
#1659=EDGE_LOOP('',(#11014,#11015,#11016,#11017));
#1660=EDGE_LOOP('',(#11018,#11019,#11020,#11021));
#1661=EDGE_LOOP('',(#11022,#11023,#11024,#11025));
#1662=EDGE_LOOP('',(#11026,#11027,#11028,#11029));
#1663=EDGE_LOOP('',(#11030,#11031,#11032,#11033));
#1664=EDGE_LOOP('',(#11034,#11035,#11036,#11037));
#1665=EDGE_LOOP('',(#11038,#11039,#11040,#11041));
#1666=EDGE_LOOP('',(#11042,#11043,#11044,#11045));
#1667=EDGE_LOOP('',(#11046,#11047,#11048,#11049));
#1668=EDGE_LOOP('',(#11050,#11051,#11052,#11053));
#1669=EDGE_LOOP('',(#11054,#11055,#11056));
#1670=EDGE_LOOP('',(#11057,#11058,#11059,#11060,#11061,#11062,#11063,#11064,
#11065));
#1671=EDGE_LOOP('',(#11066,#11067,#11068,#11069,#11070,#11071));
#1672=EDGE_LOOP('',(#11072,#11073,#11074,#11075,#11076,#11077,#11078));
#1673=EDGE_LOOP('',(#11079,#11080,#11081,#11082,#11083,#11084,#11085,#11086,
#11087,#11088,#11089));
#1674=EDGE_LOOP('',(#11090,#11091,#11092,#11093,#11094,#11095,#11096,#11097));
#1675=EDGE_LOOP('',(#11098,#11099,#11100,#11101));
#1676=EDGE_LOOP('',(#11102,#11103,#11104,#11105));
#1677=EDGE_LOOP('',(#11106,#11107,#11108,#11109));
#1678=EDGE_LOOP('',(#11110,#11111,#11112,#11113,#11114,#11115,#11116,#11117,
#11118));
#1679=EDGE_LOOP('',(#11119,#11120,#11121,#11122));
#1680=EDGE_LOOP('',(#11123,#11124,#11125));
#1681=EDGE_LOOP('',(#11126,#11127,#11128,#11129));
#1682=EDGE_LOOP('',(#11130,#11131,#11132,#11133));
#1683=EDGE_LOOP('',(#11134,#11135,#11136,#11137,#11138));
#1684=EDGE_LOOP('',(#11139,#11140,#11141,#11142));
#1685=EDGE_LOOP('',(#11143,#11144,#11145,#11146));
#1686=EDGE_LOOP('',(#11147,#11148,#11149,#11150,#11151,#11152,#11153));
#1687=EDGE_LOOP('',(#11154,#11155,#11156,#11157));
#1688=EDGE_LOOP('',(#11158,#11159,#11160,#11161,#11162,#11163));
#1689=EDGE_LOOP('',(#11164,#11165,#11166,#11167));
#1690=EDGE_LOOP('',(#11168,#11169,#11170,#11171));
#1691=EDGE_LOOP('',(#11172,#11173,#11174,#11175));
#1692=EDGE_LOOP('',(#11176,#11177,#11178,#11179));
#1693=EDGE_LOOP('',(#11180,#11181,#11182,#11183));
#1694=EDGE_LOOP('',(#11184,#11185,#11186,#11187));
#1695=EDGE_LOOP('',(#11188,#11189,#11190,#11191));
#1696=EDGE_LOOP('',(#11192,#11193,#11194,#11195));
#1697=EDGE_LOOP('',(#11196,#11197,#11198,#11199));
#1698=EDGE_LOOP('',(#11200,#11201,#11202,#11203));
#1699=EDGE_LOOP('',(#11204,#11205,#11206,#11207));
#1700=EDGE_LOOP('',(#11208,#11209,#11210,#11211));
#1701=EDGE_LOOP('',(#11212,#11213,#11214,#11215));
#1702=EDGE_LOOP('',(#11216,#11217,#11218,#11219,#11220));
#1703=EDGE_LOOP('',(#11221,#11222,#11223,#11224));
#1704=EDGE_LOOP('',(#11225,#11226,#11227,#11228));
#1705=EDGE_LOOP('',(#11229,#11230,#11231,#11232));
#1706=EDGE_LOOP('',(#11233,#11234,#11235,#11236));
#1707=EDGE_LOOP('',(#11237,#11238,#11239,#11240));
#1708=EDGE_LOOP('',(#11241,#11242,#11243,#11244));
#1709=EDGE_LOOP('',(#11245,#11246,#11247,#11248,#11249));
#1710=EDGE_LOOP('',(#11250,#11251,#11252,#11253));
#1711=EDGE_LOOP('',(#11254,#11255,#11256,#11257));
#1712=EDGE_LOOP('',(#11258,#11259,#11260,#11261));
#1713=EDGE_LOOP('',(#11262,#11263,#11264,#11265));
#1714=EDGE_LOOP('',(#11266,#11267,#11268,#11269));
#1715=EDGE_LOOP('',(#11270,#11271,#11272,#11273));
#1716=EDGE_LOOP('',(#11274,#11275,#11276,#11277));
#1717=EDGE_LOOP('',(#11278,#11279,#11280,#11281));
#1718=EDGE_LOOP('',(#11282,#11283,#11284,#11285));
#1719=EDGE_LOOP('',(#11286,#11287,#11288,#11289,#11290));
#1720=EDGE_LOOP('',(#11291,#11292,#11293,#11294));
#1721=EDGE_LOOP('',(#11295,#11296,#11297,#11298));
#1722=EDGE_LOOP('',(#11299,#11300,#11301,#11302,#11303,#11304));
#1723=EDGE_LOOP('',(#11305,#11306,#11307,#11308));
#1724=EDGE_LOOP('',(#11309,#11310,#11311,#11312));
#1725=EDGE_LOOP('',(#11313,#11314,#11315,#11316,#11317));
#1726=EDGE_LOOP('',(#11318,#11319,#11320,#11321,#11322,#11323));
#1727=EDGE_LOOP('',(#11324,#11325,#11326,#11327));
#1728=EDGE_LOOP('',(#11328,#11329,#11330,#11331,#11332));
#1729=EDGE_LOOP('',(#11333,#11334,#11335,#11336));
#1730=EDGE_LOOP('',(#11337,#11338,#11339,#11340));
#1731=EDGE_LOOP('',(#11341,#11342,#11343,#11344));
#1732=EDGE_LOOP('',(#11345,#11346,#11347,#11348));
#1733=EDGE_LOOP('',(#11349,#11350,#11351,#11352,#11353));
#1734=EDGE_LOOP('',(#11354,#11355,#11356,#11357));
#1735=EDGE_LOOP('',(#11358,#11359,#11360,#11361));
#1736=EDGE_LOOP('',(#11362,#11363,#11364,#11365));
#1737=EDGE_LOOP('',(#11366,#11367,#11368,#11369));
#1738=EDGE_LOOP('',(#11370,#11371,#11372,#11373));
#1739=EDGE_LOOP('',(#11374,#11375,#11376,#11377));
#1740=EDGE_LOOP('',(#11378,#11379,#11380,#11381));
#1741=EDGE_LOOP('',(#11382,#11383,#11384,#11385,#11386,#11387));
#1742=EDGE_LOOP('',(#11388,#11389,#11390,#11391));
#1743=EDGE_LOOP('',(#11392,#11393,#11394,#11395));
#1744=EDGE_LOOP('',(#11396,#11397,#11398,#11399));
#1745=EDGE_LOOP('',(#11400,#11401,#11402,#11403));
#1746=EDGE_LOOP('',(#11404,#11405,#11406,#11407));
#1747=EDGE_LOOP('',(#11408,#11409,#11410,#11411));
#1748=EDGE_LOOP('',(#11412,#11413,#11414,#11415));
#1749=EDGE_LOOP('',(#11416,#11417,#11418,#11419));
#1750=EDGE_LOOP('',(#11420,#11421,#11422,#11423));
#1751=EDGE_LOOP('',(#11424,#11425,#11426,#11427));
#1752=EDGE_LOOP('',(#11428,#11429,#11430,#11431));
#1753=EDGE_LOOP('',(#11432,#11433,#11434,#11435));
#1754=EDGE_LOOP('',(#11436,#11437,#11438,#11439));
#1755=EDGE_LOOP('',(#11440,#11441,#11442,#11443));
#1756=EDGE_LOOP('',(#11444,#11445,#11446,#11447));
#1757=EDGE_LOOP('',(#11448,#11449,#11450,#11451));
#1758=EDGE_LOOP('',(#11452,#11453,#11454,#11455));
#1759=EDGE_LOOP('',(#11456,#11457,#11458,#11459));
#1760=EDGE_LOOP('',(#11460,#11461,#11462,#11463));
#1761=EDGE_LOOP('',(#11464,#11465,#11466,#11467));
#1762=EDGE_LOOP('',(#11468,#11469,#11470,#11471));
#1763=EDGE_LOOP('',(#11472,#11473,#11474,#11475,#11476,#11477,#11478,#11479));
#1764=EDGE_LOOP('',(#11480,#11481,#11482,#11483));
#1765=EDGE_LOOP('',(#11484,#11485,#11486,#11487));
#1766=EDGE_LOOP('',(#11488,#11489,#11490,#11491));
#1767=EDGE_LOOP('',(#11492,#11493,#11494,#11495));
#1768=EDGE_LOOP('',(#11496,#11497,#11498,#11499,#11500,#11501,#11502));
#1769=EDGE_LOOP('',(#11503,#11504,#11505,#11506,#11507,#11508,#11509));
#1770=EDGE_LOOP('',(#11510,#11511,#11512,#11513,#11514,#11515,#11516));
#1771=EDGE_LOOP('',(#11517,#11518,#11519,#11520));
#1772=EDGE_LOOP('',(#11521,#11522,#11523,#11524));
#1773=EDGE_LOOP('',(#11525,#11526,#11527,#11528));
#1774=EDGE_LOOP('',(#11529,#11530,#11531,#11532));
#1775=EDGE_LOOP('',(#11533,#11534,#11535,#11536));
#1776=EDGE_LOOP('',(#11537,#11538,#11539,#11540));
#1777=EDGE_LOOP('',(#11541,#11542,#11543,#11544));
#1778=EDGE_LOOP('',(#11545,#11546,#11547,#11548));
#1779=EDGE_LOOP('',(#11549,#11550,#11551,#11552,#11553,#11554,#11555));
#1780=EDGE_LOOP('',(#11556,#11557,#11558,#11559));
#1781=EDGE_LOOP('',(#11560,#11561,#11562,#11563));
#1782=EDGE_LOOP('',(#11564,#11565,#11566));
#1783=EDGE_LOOP('',(#11567,#11568,#11569,#11570));
#1784=EDGE_LOOP('',(#11571,#11572,#11573,#11574));
#1785=EDGE_LOOP('',(#11575,#11576,#11577,#11578));
#1786=EDGE_LOOP('',(#11579,#11580,#11581,#11582));
#1787=EDGE_LOOP('',(#11583,#11584,#11585,#11586));
#1788=EDGE_LOOP('',(#11587,#11588,#11589,#11590));
#1789=EDGE_LOOP('',(#11591,#11592,#11593,#11594));
#1790=EDGE_LOOP('',(#11595,#11596,#11597,#11598));
#1791=EDGE_LOOP('',(#11599,#11600,#11601,#11602));
#1792=EDGE_LOOP('',(#11603,#11604,#11605,#11606));
#1793=EDGE_LOOP('',(#11607,#11608,#11609,#11610));
#1794=EDGE_LOOP('',(#11611,#11612,#11613,#11614,#11615));
#1795=EDGE_LOOP('',(#11616,#11617,#11618,#11619,#11620,#11621,#11622,#11623,
#11624,#11625,#11626,#11627,#11628,#11629));
#1796=EDGE_LOOP('',(#11630,#11631,#11632,#11633));
#1797=EDGE_LOOP('',(#11634,#11635,#11636,#11637));
#1798=EDGE_LOOP('',(#11638,#11639,#11640));
#1799=EDGE_LOOP('',(#11641,#11642,#11643,#11644));
#1800=EDGE_LOOP('',(#11645,#11646,#11647,#11648));
#1801=EDGE_LOOP('',(#11649,#11650,#11651,#11652));
#1802=EDGE_LOOP('',(#11653,#11654,#11655,#11656));
#1803=EDGE_LOOP('',(#11657,#11658,#11659,#11660));
#1804=EDGE_LOOP('',(#11661,#11662,#11663,#11664));
#1805=EDGE_LOOP('',(#11665,#11666,#11667,#11668));
#1806=EDGE_LOOP('',(#11669,#11670,#11671,#11672));
#1807=EDGE_LOOP('',(#11673,#11674,#11675,#11676));
#1808=EDGE_LOOP('',(#11677,#11678,#11679,#11680));
#1809=EDGE_LOOP('',(#11681,#11682,#11683,#11684));
#1810=EDGE_LOOP('',(#11685,#11686,#11687,#11688));
#1811=EDGE_LOOP('',(#11689,#11690,#11691,#11692));
#1812=EDGE_LOOP('',(#11693,#11694,#11695,#11696));
#1813=EDGE_LOOP('',(#11697,#11698,#11699,#11700));
#1814=EDGE_LOOP('',(#11701,#11702,#11703,#11704));
#1815=EDGE_LOOP('',(#11705,#11706,#11707,#11708));
#1816=EDGE_LOOP('',(#11709,#11710,#11711,#11712,#11713,#11714));
#1817=EDGE_LOOP('',(#11715,#11716,#11717,#11718));
#1818=EDGE_LOOP('',(#11719,#11720,#11721,#11722));
#1819=EDGE_LOOP('',(#11723,#11724,#11725,#11726));
#1820=EDGE_LOOP('',(#11727,#11728,#11729,#11730));
#1821=EDGE_LOOP('',(#11731,#11732,#11733,#11734));
#1822=EDGE_LOOP('',(#11735,#11736,#11737,#11738,#11739,#11740));
#1823=EDGE_LOOP('',(#11741,#11742,#11743,#11744));
#1824=EDGE_LOOP('',(#11745,#11746,#11747,#11748));
#1825=EDGE_LOOP('',(#11749,#11750,#11751,#11752));
#1826=EDGE_LOOP('',(#11753,#11754,#11755,#11756));
#1827=EDGE_LOOP('',(#11757,#11758,#11759,#11760));
#1828=EDGE_LOOP('',(#11761,#11762,#11763,#11764));
#1829=EDGE_LOOP('',(#11765,#11766,#11767,#11768));
#1830=EDGE_LOOP('',(#11769,#11770,#11771,#11772));
#1831=EDGE_LOOP('',(#11773,#11774,#11775,#11776));
#1832=EDGE_LOOP('',(#11777,#11778,#11779,#11780));
#1833=EDGE_LOOP('',(#11781,#11782,#11783,#11784));
#1834=EDGE_LOOP('',(#11785,#11786,#11787,#11788));
#1835=EDGE_LOOP('',(#11789,#11790,#11791,#11792));
#1836=EDGE_LOOP('',(#11793,#11794,#11795,#11796));
#1837=EDGE_LOOP('',(#11797,#11798,#11799,#11800));
#1838=EDGE_LOOP('',(#11801,#11802,#11803,#11804));
#1839=EDGE_LOOP('',(#11805,#11806,#11807,#11808));
#1840=EDGE_LOOP('',(#11809,#11810,#11811,#11812));
#1841=EDGE_LOOP('',(#11813,#11814,#11815,#11816));
#1842=EDGE_LOOP('',(#11817,#11818,#11819,#11820));
#1843=EDGE_LOOP('',(#11821,#11822,#11823,#11824));
#1844=EDGE_LOOP('',(#11825,#11826,#11827,#11828));
#1845=EDGE_LOOP('',(#11829,#11830,#11831,#11832));
#1846=EDGE_LOOP('',(#11833,#11834,#11835,#11836));
#1847=EDGE_LOOP('',(#11837,#11838,#11839,#11840));
#1848=EDGE_LOOP('',(#11841,#11842,#11843,#11844));
#1849=EDGE_LOOP('',(#11845,#11846,#11847,#11848));
#1850=EDGE_LOOP('',(#11849,#11850,#11851,#11852));
#1851=EDGE_LOOP('',(#11853,#11854,#11855,#11856));
#1852=EDGE_LOOP('',(#11857,#11858,#11859,#11860));
#1853=EDGE_LOOP('',(#11861,#11862,#11863,#11864));
#1854=EDGE_LOOP('',(#11865,#11866,#11867,#11868));
#1855=EDGE_LOOP('',(#11869,#11870,#11871,#11872));
#1856=EDGE_LOOP('',(#11873,#11874,#11875,#11876));
#1857=EDGE_LOOP('',(#11877,#11878,#11879,#11880));
#1858=EDGE_LOOP('',(#11881,#11882,#11883,#11884));
#1859=EDGE_LOOP('',(#11885,#11886,#11887,#11888));
#1860=EDGE_LOOP('',(#11889,#11890,#11891,#11892));
#1861=EDGE_LOOP('',(#11893,#11894,#11895,#11896));
#1862=EDGE_LOOP('',(#11897,#11898,#11899,#11900));
#1863=EDGE_LOOP('',(#11901,#11902,#11903,#11904));
#1864=EDGE_LOOP('',(#11905,#11906,#11907,#11908));
#1865=EDGE_LOOP('',(#11909,#11910,#11911,#11912));
#1866=EDGE_LOOP('',(#11913,#11914,#11915,#11916));
#1867=EDGE_LOOP('',(#11917,#11918,#11919,#11920));
#1868=EDGE_LOOP('',(#11921,#11922,#11923,#11924));
#1869=EDGE_LOOP('',(#11925,#11926,#11927,#11928));
#1870=EDGE_LOOP('',(#11929,#11930,#11931,#11932));
#1871=EDGE_LOOP('',(#11933,#11934,#11935,#11936));
#1872=EDGE_LOOP('',(#11937,#11938,#11939,#11940));
#1873=EDGE_LOOP('',(#11941,#11942,#11943,#11944));
#1874=EDGE_LOOP('',(#11945,#11946,#11947,#11948));
#1875=EDGE_LOOP('',(#11949,#11950,#11951,#11952));
#1876=EDGE_LOOP('',(#11953,#11954,#11955,#11956));
#1877=EDGE_LOOP('',(#11957,#11958,#11959,#11960));
#1878=EDGE_LOOP('',(#11961,#11962,#11963,#11964));
#1879=EDGE_LOOP('',(#11965,#11966,#11967,#11968));
#1880=EDGE_LOOP('',(#11969,#11970,#11971,#11972));
#1881=EDGE_LOOP('',(#11973,#11974,#11975,#11976));
#1882=EDGE_LOOP('',(#11977,#11978,#11979,#11980));
#1883=EDGE_LOOP('',(#11981,#11982,#11983,#11984));
#1884=EDGE_LOOP('',(#11985,#11986,#11987,#11988));
#1885=EDGE_LOOP('',(#11989,#11990,#11991,#11992));
#1886=EDGE_LOOP('',(#11993,#11994,#11995,#11996));
#1887=EDGE_LOOP('',(#11997,#11998,#11999,#12000));
#1888=EDGE_LOOP('',(#12001,#12002,#12003,#12004));
#1889=EDGE_LOOP('',(#12005,#12006,#12007,#12008));
#1890=EDGE_LOOP('',(#12009,#12010,#12011,#12012));
#1891=EDGE_LOOP('',(#12013,#12014,#12015,#12016));
#1892=EDGE_LOOP('',(#12017,#12018,#12019,#12020));
#1893=EDGE_LOOP('',(#12021,#12022,#12023,#12024));
#1894=EDGE_LOOP('',(#12025,#12026,#12027,#12028));
#1895=EDGE_LOOP('',(#12029,#12030,#12031,#12032));
#1896=EDGE_LOOP('',(#12033,#12034,#12035,#12036));
#1897=EDGE_LOOP('',(#12037,#12038,#12039,#12040,#12041,#12042));
#1898=EDGE_LOOP('',(#12043,#12044,#12045,#12046));
#1899=EDGE_LOOP('',(#12047,#12048,#12049,#12050,#12051,#12052));
#1900=EDGE_LOOP('',(#12053,#12054,#12055,#12056));
#1901=EDGE_LOOP('',(#12057,#12058,#12059,#12060));
#1902=EDGE_LOOP('',(#12061,#12062,#12063,#12064,#12065,#12066,#12067,#12068));
#1903=EDGE_LOOP('',(#12069,#12070,#12071,#12072,#12073,#12074));
#1904=EDGE_LOOP('',(#12075));
#1905=EDGE_LOOP('',(#12076));
#1906=EDGE_LOOP('',(#12077));
#1907=EDGE_LOOP('',(#12078));
#1908=EDGE_LOOP('',(#12079,#12080,#12081,#12082));
#1909=EDGE_LOOP('',(#12083,#12084,#12085,#12086));
#1910=EDGE_LOOP('',(#12087,#12088,#12089,#12090));
#1911=EDGE_LOOP('',(#12091,#12092,#12093,#12094));
#1912=EDGE_LOOP('',(#12095,#12096,#12097,#12098));
#1913=EDGE_LOOP('',(#12099,#12100,#12101,#12102));
#1914=EDGE_LOOP('',(#12103,#12104,#12105,#12106));
#1915=EDGE_LOOP('',(#12107,#12108,#12109,#12110));
#1916=EDGE_LOOP('',(#12111,#12112,#12113,#12114));
#1917=EDGE_LOOP('',(#12115,#12116,#12117,#12118));
#1918=EDGE_LOOP('',(#12119,#12120,#12121,#12122));
#1919=EDGE_LOOP('',(#12123,#12124,#12125,#12126));
#1920=EDGE_LOOP('',(#12127,#12128,#12129,#12130));
#1921=EDGE_LOOP('',(#12131,#12132,#12133,#12134));
#1922=EDGE_LOOP('',(#12135,#12136,#12137,#12138));
#1923=EDGE_LOOP('',(#12139,#12140,#12141,#12142));
#1924=EDGE_LOOP('',(#12143));
#1925=EDGE_LOOP('',(#12144));
#1926=EDGE_LOOP('',(#12145));
#1927=EDGE_LOOP('',(#12146,#12147,#12148,#12149,#12150,#12151));
#1928=EDGE_LOOP('',(#12152,#12153,#12154,#12155));
#1929=EDGE_LOOP('',(#12156,#12157,#12158,#12159,#12160,#12161,#12162,#12163));
#1930=EDGE_LOOP('',(#12164,#12165,#12166,#12167,#12168,#12169,#12170,#12171,
#12172,#12173,#12174,#12175));
#1931=EDGE_LOOP('',(#12176));
#1932=EDGE_LOOP('',(#12177));
#1933=EDGE_LOOP('',(#12178));
#1934=EDGE_LOOP('',(#12179,#12180,#12181,#12182));
#1935=EDGE_LOOP('',(#12183,#12184,#12185,#12186));
#1936=EDGE_LOOP('',(#12187,#12188,#12189,#12190));
#1937=EDGE_LOOP('',(#12191,#12192,#12193,#12194));
#1938=EDGE_LOOP('',(#12195,#12196,#12197,#12198));
#1939=EDGE_LOOP('',(#12199,#12200,#12201,#12202));
#1940=EDGE_LOOP('',(#12203,#12204,#12205,#12206));
#1941=EDGE_LOOP('',(#12207,#12208,#12209,#12210));
#1942=EDGE_LOOP('',(#12211,#12212,#12213,#12214));
#1943=EDGE_LOOP('',(#12215,#12216,#12217,#12218));
#1944=EDGE_LOOP('',(#12219,#12220,#12221,#12222));
#1945=EDGE_LOOP('',(#12223,#12224,#12225,#12226));
#1946=EDGE_LOOP('',(#12227,#12228,#12229,#12230));
#1947=EDGE_LOOP('',(#12231,#12232,#12233,#12234));
#1948=EDGE_LOOP('',(#12235,#12236,#12237,#12238));
#1949=EDGE_LOOP('',(#12239,#12240,#12241,#12242));
#1950=EDGE_LOOP('',(#12243));
#1951=EDGE_LOOP('',(#12244));
#1952=EDGE_LOOP('',(#12245));
#1953=EDGE_LOOP('',(#12246));
#1954=EDGE_LOOP('',(#12247,#12248,#12249,#12250,#12251,#12252));
#1955=EDGE_LOOP('',(#12253,#12254,#12255,#12256,#12257,#12258));
#1956=EDGE_LOOP('',(#12259,#12260,#12261,#12262));
#1957=EDGE_LOOP('',(#12263,#12264,#12265,#12266));
#1958=EDGE_LOOP('',(#12267,#12268,#12269,#12270));
#1959=EDGE_LOOP('',(#12271,#12272,#12273,#12274));
#1960=CIRCLE('',#12915,3.5);
#1961=CIRCLE('',#12917,3.5);
#1962=CIRCLE('',#12919,3.5);
#1963=CIRCLE('',#12921,3.5);
#1964=CIRCLE('',#12923,1.25);
#1965=CIRCLE('',#12924,1.25);
#1966=CIRCLE('',#12934,1.75);
#1967=CIRCLE('',#12937,1.2);
#1968=CIRCLE('',#12939,1.75);
#1969=CIRCLE('',#12942,1.2);
#1970=CIRCLE('',#12944,1.75);
#1971=CIRCLE('',#12947,1.2);
#1972=CIRCLE('',#12949,1.2);
#1973=CIRCLE('',#12951,1.2);
#1974=CIRCLE('',#12953,1.2);
#1975=CIRCLE('',#12955,2.1);
#1976=CIRCLE('',#12956,2.1);
#1977=CIRCLE('',#12959,2.1);
#1978=CIRCLE('',#12960,2.1);
#1979=CIRCLE('',#12963,2.1);
#1980=CIRCLE('',#12964,2.1);
#1981=CIRCLE('',#12967,1.75);
#1982=CIRCLE('',#12970,1.2);
#1983=CIRCLE('',#12972,1.75000000000001);
#1984=CIRCLE('',#12975,1.19999999999999);
#1985=CIRCLE('',#12977,1.75);
#1986=CIRCLE('',#12980,1.2);
#1987=CIRCLE('',#12982,1.75);
#1988=CIRCLE('',#12985,1.2);
#1989=CIRCLE('',#12987,1.2);
#1990=CIRCLE('',#12989,1.19999999999999);
#1991=CIRCLE('',#12991,1.2);
#1992=CIRCLE('',#12992,1.2);
#1993=CIRCLE('',#12993,1.2);
#1994=CIRCLE('',#12995,1.2);
#1995=CIRCLE('',#12997,3.5);
#1996=CIRCLE('',#13000,2.1);
#1997=CIRCLE('',#13001,2.1);
#1998=CIRCLE('',#13004,2.10000000000001);
#1999=CIRCLE('',#13005,2.10000000000001);
#2000=CIRCLE('',#13008,2.1);
#2001=CIRCLE('',#13009,2.1);
#2002=CIRCLE('',#13012,2.1);
#2003=CIRCLE('',#13013,2.1);
#2004=CIRCLE('',#13031,1.99999999999999);
#2005=CIRCLE('',#13035,3.25);
#2006=CIRCLE('',#13038,1.99999999999999);
#2007=CIRCLE('',#13043,1.99999999999999);
#2008=CIRCLE('',#13045,2.);
#2009=CIRCLE('',#13068,3.25);
#2010=CIRCLE('',#13070,3.25);
#2011=CIRCLE('',#13072,3.25);
#2012=CIRCLE('',#13090,1.99999999999999);
#2013=CIRCLE('',#13099,3.5);
#2014=CIRCLE('',#13129,3.5);
#2015=CIRCLE('',#13133,3.25);
#2016=CIRCLE('',#13146,3.25);
#2017=CIRCLE('',#13162,3.5);
#2018=CIRCLE('',#13166,3.5);
#2019=CIRCLE('',#13168,3.5);
#2020=CIRCLE('',#13170,3.5);
#2021=CIRCLE('',#13171,3.5);
#2022=CIRCLE('',#13180,3.5);
#2023=CIRCLE('',#13188,3.5);
#2024=CIRCLE('',#13190,3.5);
#2025=CIRCLE('',#13192,3.5);
#2026=CIRCLE('',#13194,3.5);
#2027=CIRCLE('',#13196,3.5);
#2028=CIRCLE('',#13212,1.99999999999999);
#2029=CIRCLE('',#13213,2.);
#2030=CIRCLE('',#13495,3.6);
#2031=CIRCLE('',#13496,3.6);
#2032=CIRCLE('',#13498,3.6);
#2033=CIRCLE('',#13499,3.6);
#2034=CIRCLE('',#13514,1.99999999999999);
#2035=CIRCLE('',#13515,1.99999999999999);
#2036=CIRCLE('',#13517,2.);
#2037=CIRCLE('',#13518,2.);
#2038=CIRCLE('',#13520,1.2);
#2039=CIRCLE('',#13521,1.2);
#2040=CIRCLE('',#13523,1.2);
#2041=CIRCLE('',#13524,1.2);
#2042=CIRCLE('',#13526,1.2);
#2043=CIRCLE('',#13527,1.2);
#2044=CIRCLE('',#13529,1.2);
#2045=CIRCLE('',#13530,1.2);
#2046=CIRCLE('',#13596,1.2);
#2047=CIRCLE('',#13597,1.2);
#2048=CIRCLE('',#13599,1.19999999999999);
#2049=CIRCLE('',#13600,1.19999999999999);
#2050=CIRCLE('',#13602,1.2);
#2051=CIRCLE('',#13603,1.2);
#2052=CIRCLE('',#13608,1.99999999999999);
#2053=CIRCLE('',#13609,1.99999999999999);
#2054=CIRCLE('',#13611,1.99999999999999);
#2055=CIRCLE('',#13612,1.99999999999999);
#2056=ELLIPSE('',#12914,3.5192789784723,3.5);
#2057=ELLIPSE('',#12916,12.0794892659959,3.5);
#2058=ELLIPSE('',#12918,20.4863762879422,3.5);
#2059=ELLIPSE('',#12920,12.0794892659959,3.5);
#2060=ELLIPSE('',#12935,1.75963948923615,1.75);
#2061=ELLIPSE('',#12940,1.75963948923615,1.75);
#2062=ELLIPSE('',#12945,1.75963948923615,1.75);
#2063=ELLIPSE('',#12968,1.75963948923615,1.75);
#2064=ELLIPSE('',#12973,1.75963948923616,1.75000000000001);
#2065=ELLIPSE('',#12978,1.75963948923615,1.75);
#2066=ELLIPSE('',#12983,1.75963948923615,1.75);
#2067=ELLIPSE('',#13057,16.452089763829,1.99999999999999);
#2068=ELLIPSE('',#13059,2.01101655912703,1.99999999999999);
#2069=ELLIPSE('',#13062,3.26790190858143,3.25);
#2070=ELLIPSE('',#13065,12.55520721074,3.25);
#2071=ELLIPSE('',#13067,3.26790190858143,3.25);
#2072=ELLIPSE('',#13069,12.55520721074,3.25);
#2073=ELLIPSE('',#13071,31.0573558557015,3.25);
#2074=ELLIPSE('',#13079,12.5105168648099,1.99999999999999);
#2075=ELLIPSE('',#13081,2.01101655912703,1.99999999999999);
#2076=ELLIPSE('',#13083,20.1843677825075,1.99999999999999);
#2077=ELLIPSE('',#13084,2.01101655912703,1.99999999999999);
#2078=ELLIPSE('',#13089,2.01101655912703,1.99999999999999);
#2079=ELLIPSE('',#13091,2.01101655912703,1.99999999999999);
#2080=ELLIPSE('',#13100,3.5192789784723,3.5);
#2081=ELLIPSE('',#13108,19.2411363269283,2.);
#2082=ELLIPSE('',#13109,2.01101655912703,2.);
#2083=ELLIPSE('',#13112,3.26790190858143,3.25);
#2084=ELLIPSE('',#13118,3.51927897847231,3.5);
#2085=ELLIPSE('',#13122,3.51927897847231,3.5);
#2086=ELLIPSE('',#13124,3.5192789784723,3.5);
#2087=ELLIPSE('',#13169,23.2806378148809,3.5);
#2088=ELLIPSE('',#13193,51.0848391444925,3.5);
#2089=ELLIPSE('',#13195,51.0848391444925,3.5);
#2090=ELLIPSE('',#13271,14.33471262545,2.);
#2091=ELLIPSE('',#13354,15.3578016272737,1.99999999999999);
#2092=ELLIPSE('',#13359,11.6343834204942,1.99999999999999);
#2093=LINE('',#16748,#3804);
#2094=LINE('',#16752,#3805);
#2095=LINE('',#16770,#3806);
#2096=LINE('',#16775,#3807);
#2097=LINE('',#16777,#3808);
#2098=LINE('',#16779,#3809);
#2099=LINE('',#16780,#3810);
#2100=LINE('',#16783,#3811);
#2101=LINE('',#16785,#3812);
#2102=LINE('',#16786,#3813);
#2103=LINE('',#16789,#3814);
#2104=LINE('',#16791,#3815);
#2105=LINE('',#16792,#3816);
#2106=LINE('',#16795,#3817);
#2107=LINE('',#16797,#3818);
#2108=LINE('',#16799,#3819);
#2109=LINE('',#16800,#3820);
#2110=LINE('',#16801,#3821);
#2111=LINE('',#16805,#3822);
#2112=LINE('',#16807,#3823);
#2113=LINE('',#16809,#3824);
#2114=LINE('',#16811,#3825);
#2115=LINE('',#16813,#3826);
#2116=LINE('',#16815,#3827);
#2117=LINE('',#16817,#3828);
#2118=LINE('',#16819,#3829);
#2119=LINE('',#16821,#3830);
#2120=LINE('',#16823,#3831);
#2121=LINE('',#16825,#3832);
#2122=LINE('',#16827,#3833);
#2123=LINE('',#16829,#3834);
#2124=LINE('',#16831,#3835);
#2125=LINE('',#16833,#3836);
#2126=LINE('',#16835,#3837);
#2127=LINE('',#16837,#3838);
#2128=LINE('',#16839,#3839);
#2129=LINE('',#16841,#3840);
#2130=LINE('',#16843,#3841);
#2131=LINE('',#16845,#3842);
#2132=LINE('',#16847,#3843);
#2133=LINE('',#16849,#3844);
#2134=LINE('',#16851,#3845);
#2135=LINE('',#16853,#3846);
#2136=LINE('',#16855,#3847);
#2137=LINE('',#16857,#3848);
#2138=LINE('',#16858,#3849);
#2139=LINE('',#16860,#3850);
#2140=LINE('',#16862,#3851);
#2141=LINE('',#16863,#3852);
#2142=LINE('',#16867,#3853);
#2143=LINE('',#16869,#3854);
#2144=LINE('',#16871,#3855);
#2145=LINE('',#16872,#3856);
#2146=LINE('',#16876,#3857);
#2147=LINE('',#16878,#3858);
#2148=LINE('',#16880,#3859);
#2149=LINE('',#16881,#3860);
#2150=LINE('',#16883,#3861);
#2151=LINE('',#16884,#3862);
#2152=LINE('',#16889,#3863);
#2153=LINE('',#16898,#3864);
#2154=LINE('',#16907,#3865);
#2155=LINE('',#16915,#3866);
#2156=LINE('',#16919,#3867);
#2157=LINE('',#16923,#3868);
#2158=LINE('',#16928,#3869);
#2159=LINE('',#16935,#3870);
#2160=LINE('',#16942,#3871);
#2161=LINE('',#16949,#3872);
#2162=LINE('',#16958,#3873);
#2163=LINE('',#16967,#3874);
#2164=LINE('',#16976,#3875);
#2165=LINE('',#16984,#3876);
#2166=LINE('',#16988,#3877);
#2167=LINE('',#16992,#3878);
#2168=LINE('',#16997,#3879);
#2169=LINE('',#17000,#3880);
#2170=LINE('',#17004,#3881);
#2171=LINE('',#17007,#3882);
#2172=LINE('',#17010,#3883);
#2173=LINE('',#17013,#3884);
#2174=LINE('',#17015,#3885);
#2175=LINE('',#17017,#3886);
#2176=LINE('',#17018,#3887);
#2177=LINE('',#17023,#3888);
#2178=LINE('',#17030,#3889);
#2179=LINE('',#17037,#3890);
#2180=LINE('',#17044,#3891);
#2181=LINE('',#17050,#3892);
#2182=LINE('',#17052,#3893);
#2183=LINE('',#17053,#3894);
#2184=LINE('',#17057,#3895);
#2185=LINE('',#17059,#3896);
#2186=LINE('',#17061,#3897);
#2187=LINE('',#17063,#3898);
#2188=LINE('',#17065,#3899);
#2189=LINE('',#17067,#3900);
#2190=LINE('',#17069,#3901);
#2191=LINE('',#17071,#3902);
#2192=LINE('',#17073,#3903);
#2193=LINE('',#17075,#3904);
#2194=LINE('',#17077,#3905);
#2195=LINE('',#17078,#3906);
#2196=LINE('',#17082,#3907);
#2197=LINE('',#17084,#3908);
#2198=LINE('',#17086,#3909);
#2199=LINE('',#17087,#3910);
#2200=LINE('',#17091,#3911);
#2201=LINE('',#17093,#3912);
#2202=LINE('',#17095,#3913);
#2203=LINE('',#17096,#3914);
#2204=LINE('',#17098,#3915);
#2205=LINE('',#17100,#3916);
#2206=LINE('',#17102,#3917);
#2207=LINE('',#17104,#3918);
#2208=LINE('',#17106,#3919);
#2209=LINE('',#17108,#3920);
#2210=LINE('',#17110,#3921);
#2211=LINE('',#17112,#3922);
#2212=LINE('',#17114,#3923);
#2213=LINE('',#17116,#3924);
#2214=LINE('',#17118,#3925);
#2215=LINE('',#17120,#3926);
#2216=LINE('',#17122,#3927);
#2217=LINE('',#17124,#3928);
#2218=LINE('',#17126,#3929);
#2219=LINE('',#17128,#3930);
#2220=LINE('',#17130,#3931);
#2221=LINE('',#17132,#3932);
#2222=LINE('',#17133,#3933);
#2223=LINE('',#17137,#3934);
#2224=LINE('',#17139,#3935);
#2225=LINE('',#17140,#3936);
#2226=LINE('',#17144,#3937);
#2227=LINE('',#17145,#3938);
#2228=LINE('',#17147,#3939);
#2229=LINE('',#17149,#3940);
#2230=LINE('',#17151,#3941);
#2231=LINE('',#17153,#3942);
#2232=LINE('',#17155,#3943);
#2233=LINE('',#17157,#3944);
#2234=LINE('',#17159,#3945);
#2235=LINE('',#17161,#3946);
#2236=LINE('',#17163,#3947);
#2237=LINE('',#17165,#3948);
#2238=LINE('',#17167,#3949);
#2239=LINE('',#17169,#3950);
#2240=LINE('',#17170,#3951);
#2241=LINE('',#17174,#3952);
#2242=LINE('',#17176,#3953);
#2243=LINE('',#17177,#3954);
#2244=LINE('',#17181,#3955);
#2245=LINE('',#17183,#3956);
#2246=LINE('',#17185,#3957);
#2247=LINE('',#17186,#3958);
#2248=LINE('',#17190,#3959);
#2249=LINE('',#17192,#3960);
#2250=LINE('',#17194,#3961);
#2251=LINE('',#17195,#3962);
#2252=LINE('',#17198,#3963);
#2253=LINE('',#17200,#3964);
#2254=LINE('',#17201,#3965);
#2255=LINE('',#17204,#3966);
#2256=LINE('',#17206,#3967);
#2257=LINE('',#17207,#3968);
#2258=LINE('',#17210,#3969);
#2259=LINE('',#17211,#3970);
#2260=LINE('',#17212,#3971);
#2261=LINE('',#17215,#3972);
#2262=LINE('',#17217,#3973);
#2263=LINE('',#17218,#3974);
#2264=LINE('',#17221,#3975);
#2265=LINE('',#17223,#3976);
#2266=LINE('',#17224,#3977);
#2267=LINE('',#17228,#3978);
#2268=LINE('',#17230,#3979);
#2269=LINE('',#17232,#3980);
#2270=LINE('',#17233,#3981);
#2271=LINE('',#17239,#3982);
#2272=LINE('',#17241,#3983);
#2273=LINE('',#17243,#3984);
#2274=LINE('',#17244,#3985);
#2275=LINE('',#17247,#3986);
#2276=LINE('',#17249,#3987);
#2277=LINE('',#17250,#3988);
#2278=LINE('',#17253,#3989);
#2279=LINE('',#17255,#3990);
#2280=LINE('',#17257,#3991);
#2281=LINE('',#17261,#3992);
#2282=LINE('',#17263,#3993);
#2283=LINE('',#17264,#3994);
#2284=LINE('',#17267,#3995);
#2285=LINE('',#17269,#3996);
#2286=LINE('',#17271,#3997);
#2287=LINE('',#17273,#3998);
#2288=LINE('',#17275,#3999);
#2289=LINE('',#17276,#4000);
#2290=LINE('',#17280,#4001);
#2291=LINE('',#17281,#4002);
#2292=LINE('',#17284,#4003);
#2293=LINE('',#17286,#4004);
#2294=LINE('',#17287,#4005);
#2295=LINE('',#17288,#4006);
#2296=LINE('',#17291,#4007);
#2297=LINE('',#17293,#4008);
#2298=LINE('',#17294,#4009);
#2299=LINE('',#17297,#4010);
#2300=LINE('',#17299,#4011);
#2301=LINE('',#17300,#4012);
#2302=LINE('',#17304,#4013);
#2303=LINE('',#17306,#4014);
#2304=LINE('',#17307,#4015);
#2305=LINE('',#17310,#4016);
#2306=LINE('',#17312,#4017);
#2307=LINE('',#17313,#4018);
#2308=LINE('',#17315,#4019);
#2309=LINE('',#17317,#4020);
#2310=LINE('',#17319,#4021);
#2311=LINE('',#17321,#4022);
#2312=LINE('',#17323,#4023);
#2313=LINE('',#17324,#4024);
#2314=LINE('',#17328,#4025);
#2315=LINE('',#17330,#4026);
#2316=LINE('',#17332,#4027);
#2317=LINE('',#17334,#4028);
#2318=LINE('',#17335,#4029);
#2319=LINE('',#17337,#4030);
#2320=LINE('',#17339,#4031);
#2321=LINE('',#17340,#4032);
#2322=LINE('',#17342,#4033);
#2323=LINE('',#17344,#4034);
#2324=LINE('',#17345,#4035);
#2325=LINE('',#17348,#4036);
#2326=LINE('',#17350,#4037);
#2327=LINE('',#17352,#4038);
#2328=LINE('',#17354,#4039);
#2329=LINE('',#17356,#4040);
#2330=LINE('',#17357,#4041);
#2331=LINE('',#17360,#4042);
#2332=LINE('',#17362,#4043);
#2333=LINE('',#17364,#4044);
#2334=LINE('',#17366,#4045);
#2335=LINE('',#17368,#4046);
#2336=LINE('',#17369,#4047);
#2337=LINE('',#17372,#4048);
#2338=LINE('',#17373,#4049);
#2339=LINE('',#17375,#4050);
#2340=LINE('',#17377,#4051);
#2341=LINE('',#17379,#4052);
#2342=LINE('',#17381,#4053);
#2343=LINE('',#17383,#4054);
#2344=LINE('',#17384,#4055);
#2345=LINE('',#17388,#4056);
#2346=LINE('',#17390,#4057);
#2347=LINE('',#17392,#4058);
#2348=LINE('',#17394,#4059);
#2349=LINE('',#17395,#4060);
#2350=LINE('',#17398,#4061);
#2351=LINE('',#17399,#4062);
#2352=LINE('',#17404,#4063);
#2353=LINE('',#17405,#4064);
#2354=LINE('',#17409,#4065);
#2355=LINE('',#17412,#4066);
#2356=LINE('',#17414,#4067);
#2357=LINE('',#17416,#4068);
#2358=LINE('',#17418,#4069);
#2359=LINE('',#17420,#4070);
#2360=LINE('',#17422,#4071);
#2361=LINE('',#17423,#4072);
#2362=LINE('',#17427,#4073);
#2363=LINE('',#17430,#4074);
#2364=LINE('',#17435,#4075);
#2365=LINE('',#17437,#4076);
#2366=LINE('',#17439,#4077);
#2367=LINE('',#17440,#4078);
#2368=LINE('',#17443,#4079);
#2369=LINE('',#17447,#4080);
#2370=LINE('',#17458,#4081);
#2371=LINE('',#17461,#4082);
#2372=LINE('',#17462,#4083);
#2373=LINE('',#17465,#4084);
#2374=LINE('',#17467,#4085);
#2375=LINE('',#17469,#4086);
#2376=LINE('',#17471,#4087);
#2377=LINE('',#17473,#4088);
#2378=LINE('',#17474,#4089);
#2379=LINE('',#17477,#4090);
#2380=LINE('',#17479,#4091);
#2381=LINE('',#17481,#4092);
#2382=LINE('',#17483,#4093);
#2383=LINE('',#17485,#4094);
#2384=LINE('',#17486,#4095);
#2385=LINE('',#17488,#4096);
#2386=LINE('',#17490,#4097);
#2387=LINE('',#17492,#4098);
#2388=LINE('',#17494,#4099);
#2389=LINE('',#17495,#4100);
#2390=LINE('',#17497,#4101);
#2391=LINE('',#17498,#4102);
#2392=LINE('',#17500,#4103);
#2393=LINE('',#17502,#4104);
#2394=LINE('',#17504,#4105);
#2395=LINE('',#17506,#4106);
#2396=LINE('',#17508,#4107);
#2397=LINE('',#17510,#4108);
#2398=LINE('',#17511,#4109);
#2399=LINE('',#17514,#4110);
#2400=LINE('',#17516,#4111);
#2401=LINE('',#17518,#4112);
#2402=LINE('',#17520,#4113);
#2403=LINE('',#17521,#4114);
#2404=LINE('',#17525,#4115);
#2405=LINE('',#17529,#4116);
#2406=LINE('',#17534,#4117);
#2407=LINE('',#17537,#4118);
#2408=LINE('',#17540,#4119);
#2409=LINE('',#17541,#4120);
#2410=LINE('',#17544,#4121);
#2411=LINE('',#17546,#4122);
#2412=LINE('',#17548,#4123);
#2413=LINE('',#17550,#4124);
#2414=LINE('',#17552,#4125);
#2415=LINE('',#17553,#4126);
#2416=LINE('',#17558,#4127);
#2417=LINE('',#17562,#4128);
#2418=LINE('',#17566,#4129);
#2419=LINE('',#17567,#4130);
#2420=LINE('',#17569,#4131);
#2421=LINE('',#17572,#4132);
#2422=LINE('',#17574,#4133);
#2423=LINE('',#17575,#4134);
#2424=LINE('',#17578,#4135);
#2425=LINE('',#17580,#4136);
#2426=LINE('',#17582,#4137);
#2427=LINE('',#17584,#4138);
#2428=LINE('',#17585,#4139);
#2429=LINE('',#17588,#4140);
#2430=LINE('',#17590,#4141);
#2431=LINE('',#17592,#4142);
#2432=LINE('',#17594,#4143);
#2433=LINE('',#17596,#4144);
#2434=LINE('',#17598,#4145);
#2435=LINE('',#17599,#4146);
#2436=LINE('',#17602,#4147);
#2437=LINE('',#17604,#4148);
#2438=LINE('',#17606,#4149);
#2439=LINE('',#17608,#4150);
#2440=LINE('',#17610,#4151);
#2441=LINE('',#17612,#4152);
#2442=LINE('',#17613,#4153);
#2443=LINE('',#17618,#4154);
#2444=LINE('',#17622,#4155);
#2445=LINE('',#17624,#4156);
#2446=LINE('',#17626,#4157);
#2447=LINE('',#17627,#4158);
#2448=LINE('',#17630,#4159);
#2449=LINE('',#17631,#4160);
#2450=LINE('',#17634,#4161);
#2451=LINE('',#17636,#4162);
#2452=LINE('',#17637,#4163);
#2453=LINE('',#17640,#4164);
#2454=LINE('',#17642,#4165);
#2455=LINE('',#17644,#4166);
#2456=LINE('',#17646,#4167);
#2457=LINE('',#17648,#4168);
#2458=LINE('',#17649,#4169);
#2459=LINE('',#17652,#4170);
#2460=LINE('',#17654,#4171);
#2461=LINE('',#17656,#4172);
#2462=LINE('',#17658,#4173);
#2463=LINE('',#17660,#4174);
#2464=LINE('',#17661,#4175);
#2465=LINE('',#17664,#4176);
#2466=LINE('',#17666,#4177);
#2467=LINE('',#17668,#4178);
#2468=LINE('',#17670,#4179);
#2469=LINE('',#17672,#4180);
#2470=LINE('',#17674,#4181);
#2471=LINE('',#17675,#4182);
#2472=LINE('',#17680,#4183);
#2473=LINE('',#17684,#4184);
#2474=LINE('',#17685,#4185);
#2475=LINE('',#17689,#4186);
#2476=LINE('',#17692,#4187);
#2477=LINE('',#17695,#4188);
#2478=LINE('',#17696,#4189);
#2479=LINE('',#17698,#4190);
#2480=LINE('',#17700,#4191);
#2481=LINE('',#17702,#4192);
#2482=LINE('',#17703,#4193);
#2483=LINE('',#17706,#4194);
#2484=LINE('',#17707,#4195);
#2485=LINE('',#17709,#4196);
#2486=LINE('',#17711,#4197);
#2487=LINE('',#17712,#4198);
#2488=LINE('',#17715,#4199);
#2489=LINE('',#17716,#4200);
#2490=LINE('',#17721,#4201);
#2491=LINE('',#17722,#4202);
#2492=LINE('',#17724,#4203);
#2493=LINE('',#17733,#4204);
#2494=LINE('',#17735,#4205);
#2495=LINE('',#17737,#4206);
#2496=LINE('',#17739,#4207);
#2497=LINE('',#17741,#4208);
#2498=LINE('',#17742,#4209);
#2499=LINE('',#17745,#4210);
#2500=LINE('',#17746,#4211);
#2501=LINE('',#17749,#4212);
#2502=LINE('',#17751,#4213);
#2503=LINE('',#17752,#4214);
#2504=LINE('',#17757,#4215);
#2505=LINE('',#17758,#4216);
#2506=LINE('',#17761,#4217);
#2507=LINE('',#17763,#4218);
#2508=LINE('',#17765,#4219);
#2509=LINE('',#17767,#4220);
#2510=LINE('',#17768,#4221);
#2511=LINE('',#17771,#4222);
#2512=LINE('',#17774,#4223);
#2513=LINE('',#17777,#4224);
#2514=LINE('',#17779,#4225);
#2515=LINE('',#17781,#4226);
#2516=LINE('',#17783,#4227);
#2517=LINE('',#17785,#4228);
#2518=LINE('',#17786,#4229);
#2519=LINE('',#17789,#4230);
#2520=LINE('',#17790,#4231);
#2521=LINE('',#17793,#4232);
#2522=LINE('',#17795,#4233);
#2523=LINE('',#17797,#4234);
#2524=LINE('',#17799,#4235);
#2525=LINE('',#17800,#4236);
#2526=LINE('',#17803,#4237);
#2527=LINE('',#17805,#4238);
#2528=LINE('',#17807,#4239);
#2529=LINE('',#17808,#4240);
#2530=LINE('',#17811,#4241);
#2531=LINE('',#17813,#4242);
#2532=LINE('',#17814,#4243);
#2533=LINE('',#17815,#4244);
#2534=LINE('',#17818,#4245);
#2535=LINE('',#17819,#4246);
#2536=LINE('',#17822,#4247);
#2537=LINE('',#17824,#4248);
#2538=LINE('',#17825,#4249);
#2539=LINE('',#17827,#4250);
#2540=LINE('',#17831,#4251);
#2541=LINE('',#17833,#4252);
#2542=LINE('',#17835,#4253);
#2543=LINE('',#17836,#4254);
#2544=LINE('',#17838,#4255);
#2545=LINE('',#17839,#4256);
#2546=LINE('',#17841,#4257);
#2547=LINE('',#17842,#4258);
#2548=LINE('',#17844,#4259);
#2549=LINE('',#17845,#4260);
#2550=LINE('',#17848,#4261);
#2551=LINE('',#17851,#4262);
#2552=LINE('',#17854,#4263);
#2553=LINE('',#17855,#4264);
#2554=LINE('',#17856,#4265);
#2555=LINE('',#17858,#4266);
#2556=LINE('',#17859,#4267);
#2557=LINE('',#17860,#4268);
#2558=LINE('',#17861,#4269);
#2559=LINE('',#17862,#4270);
#2560=LINE('',#17863,#4271);
#2561=LINE('',#17864,#4272);
#2562=LINE('',#17867,#4273);
#2563=LINE('',#17868,#4274);
#2564=LINE('',#17869,#4275);
#2565=LINE('',#17871,#4276);
#2566=LINE('',#17873,#4277);
#2567=LINE('',#17874,#4278);
#2568=LINE('',#17875,#4279);
#2569=LINE('',#17876,#4280);
#2570=LINE('',#17878,#4281);
#2571=LINE('',#17880,#4282);
#2572=LINE('',#17881,#4283);
#2573=LINE('',#17884,#4284);
#2574=LINE('',#17885,#4285);
#2575=LINE('',#17886,#4286);
#2576=LINE('',#17887,#4287);
#2577=LINE('',#17889,#4288);
#2578=LINE('',#17891,#4289);
#2579=LINE('',#17892,#4290);
#2580=LINE('',#17893,#4291);
#2581=LINE('',#17895,#4292);
#2582=LINE('',#17897,#4293);
#2583=LINE('',#17898,#4294);
#2584=LINE('',#17900,#4295);
#2585=LINE('',#17901,#4296);
#2586=LINE('',#17904,#4297);
#2587=LINE('',#17906,#4298);
#2588=LINE('',#17908,#4299);
#2589=LINE('',#17910,#4300);
#2590=LINE('',#17912,#4301);
#2591=LINE('',#17914,#4302);
#2592=LINE('',#17915,#4303);
#2593=LINE('',#17918,#4304);
#2594=LINE('',#17920,#4305);
#2595=LINE('',#17921,#4306);
#2596=LINE('',#17924,#4307);
#2597=LINE('',#17925,#4308);
#2598=LINE('',#17928,#4309);
#2599=LINE('',#17930,#4310);
#2600=LINE('',#17931,#4311);
#2601=LINE('',#17933,#4312);
#2602=LINE('',#17934,#4313);
#2603=LINE('',#17936,#4314);
#2604=LINE('',#17937,#4315);
#2605=LINE('',#17939,#4316);
#2606=LINE('',#17942,#4317);
#2607=LINE('',#17943,#4318);
#2608=LINE('',#17946,#4319);
#2609=LINE('',#17948,#4320);
#2610=LINE('',#17950,#4321);
#2611=LINE('',#17952,#4322);
#2612=LINE('',#17954,#4323);
#2613=LINE('',#17956,#4324);
#2614=LINE('',#17958,#4325);
#2615=LINE('',#17960,#4326);
#2616=LINE('',#17962,#4327);
#2617=LINE('',#17964,#4328);
#2618=LINE('',#17965,#4329);
#2619=LINE('',#17968,#4330);
#2620=LINE('',#17970,#4331);
#2621=LINE('',#17971,#4332);
#2622=LINE('',#17975,#4333);
#2623=LINE('',#17977,#4334);
#2624=LINE('',#17979,#4335);
#2625=LINE('',#17980,#4336);
#2626=LINE('',#17984,#4337);
#2627=LINE('',#17986,#4338);
#2628=LINE('',#17988,#4339);
#2629=LINE('',#17989,#4340);
#2630=LINE('',#17993,#4341);
#2631=LINE('',#17995,#4342);
#2632=LINE('',#17996,#4343);
#2633=LINE('',#17998,#4344);
#2634=LINE('',#18000,#4345);
#2635=LINE('',#18002,#4346);
#2636=LINE('',#18003,#4347);
#2637=LINE('',#18006,#4348);
#2638=LINE('',#18007,#4349);
#2639=LINE('',#18010,#4350);
#2640=LINE('',#18011,#4351);
#2641=LINE('',#18016,#4352);
#2642=LINE('',#18017,#4353);
#2643=LINE('',#18020,#4354);
#2644=LINE('',#18023,#4355);
#2645=LINE('',#18028,#4356);
#2646=LINE('',#18032,#4357);
#2647=LINE('',#18034,#4358);
#2648=LINE('',#18036,#4359);
#2649=LINE('',#18037,#4360);
#2650=LINE('',#18040,#4361);
#2651=LINE('',#18041,#4362);
#2652=LINE('',#18043,#4363);
#2653=LINE('',#18047,#4364);
#2654=LINE('',#18048,#4365);
#2655=LINE('',#18049,#4366);
#2656=LINE('',#18051,#4367);
#2657=LINE('',#18053,#4368);
#2658=LINE('',#18055,#4369);
#2659=LINE('',#18057,#4370);
#2660=LINE('',#18059,#4371);
#2661=LINE('',#18060,#4372);
#2662=LINE('',#18063,#4373);
#2663=LINE('',#18065,#4374);
#2664=LINE('',#18066,#4375);
#2665=LINE('',#18068,#4376);
#2666=LINE('',#18072,#4377);
#2667=LINE('',#18074,#4378);
#2668=LINE('',#18075,#4379);
#2669=LINE('',#18077,#4380);
#2670=LINE('',#18079,#4381);
#2671=LINE('',#18081,#4382);
#2672=LINE('',#18083,#4383);
#2673=LINE('',#18085,#4384);
#2674=LINE('',#18087,#4385);
#2675=LINE('',#18089,#4386);
#2676=LINE('',#18090,#4387);
#2677=LINE('',#18094,#4388);
#2678=LINE('',#18096,#4389);
#2679=LINE('',#18097,#4390);
#2680=LINE('',#18099,#4391);
#2681=LINE('',#18101,#4392);
#2682=LINE('',#18103,#4393);
#2683=LINE('',#18105,#4394);
#2684=LINE('',#18107,#4395);
#2685=LINE('',#18109,#4396);
#2686=LINE('',#18111,#4397);
#2687=LINE('',#18113,#4398);
#2688=LINE('',#18115,#4399);
#2689=LINE('',#18117,#4400);
#2690=LINE('',#18118,#4401);
#2691=LINE('',#18120,#4402);
#2692=LINE('',#18122,#4403);
#2693=LINE('',#18124,#4404);
#2694=LINE('',#18126,#4405);
#2695=LINE('',#18128,#4406);
#2696=LINE('',#18130,#4407);
#2697=LINE('',#18131,#4408);
#2698=LINE('',#18133,#4409);
#2699=LINE('',#18134,#4410);
#2700=LINE('',#18136,#4411);
#2701=LINE('',#18138,#4412);
#2702=LINE('',#18140,#4413);
#2703=LINE('',#18142,#4414);
#2704=LINE('',#18144,#4415);
#2705=LINE('',#18145,#4416);
#2706=LINE('',#18147,#4417);
#2707=LINE('',#18149,#4418);
#2708=LINE('',#18151,#4419);
#2709=LINE('',#18153,#4420);
#2710=LINE('',#18155,#4421);
#2711=LINE('',#18157,#4422);
#2712=LINE('',#18158,#4423);
#2713=LINE('',#18160,#4424);
#2714=LINE('',#18161,#4425);
#2715=LINE('',#18163,#4426);
#2716=LINE('',#18167,#4427);
#2717=LINE('',#18169,#4428);
#2718=LINE('',#18170,#4429);
#2719=LINE('',#18171,#4430);
#2720=LINE('',#18173,#4431);
#2721=LINE('',#18174,#4432);
#2722=LINE('',#18176,#4433);
#2723=LINE('',#18178,#4434);
#2724=LINE('',#18180,#4435);
#2725=LINE('',#18182,#4436);
#2726=LINE('',#18184,#4437);
#2727=LINE('',#18186,#4438);
#2728=LINE('',#18187,#4439);
#2729=LINE('',#18189,#4440);
#2730=LINE('',#18191,#4441);
#2731=LINE('',#18192,#4442);
#2732=LINE('',#18194,#4443);
#2733=LINE('',#18195,#4444);
#2734=LINE('',#18197,#4445);
#2735=LINE('',#18198,#4446);
#2736=LINE('',#18200,#4447);
#2737=LINE('',#18201,#4448);
#2738=LINE('',#18203,#4449);
#2739=LINE('',#18205,#4450);
#2740=LINE('',#18207,#4451);
#2741=LINE('',#18209,#4452);
#2742=LINE('',#18211,#4453);
#2743=LINE('',#18213,#4454);
#2744=LINE('',#18215,#4455);
#2745=LINE('',#18217,#4456);
#2746=LINE('',#18218,#4457);
#2747=LINE('',#18220,#4458);
#2748=LINE('',#18222,#4459);
#2749=LINE('',#18224,#4460);
#2750=LINE('',#18225,#4461);
#2751=LINE('',#18227,#4462);
#2752=LINE('',#18229,#4463);
#2753=LINE('',#18231,#4464);
#2754=LINE('',#18233,#4465);
#2755=LINE('',#18235,#4466);
#2756=LINE('',#18237,#4467);
#2757=LINE('',#18239,#4468);
#2758=LINE('',#18241,#4469);
#2759=LINE('',#18243,#4470);
#2760=LINE('',#18245,#4471);
#2761=LINE('',#18246,#4472);
#2762=LINE('',#18247,#4473);
#2763=LINE('',#18249,#4474);
#2764=LINE('',#18250,#4475);
#2765=LINE('',#18252,#4476);
#2766=LINE('',#18254,#4477);
#2767=LINE('',#18256,#4478);
#2768=LINE('',#18258,#4479);
#2769=LINE('',#18260,#4480);
#2770=LINE('',#18262,#4481);
#2771=LINE('',#18264,#4482);
#2772=LINE('',#18265,#4483);
#2773=LINE('',#18267,#4484);
#2774=LINE('',#18268,#4485);
#2775=LINE('',#18271,#4486);
#2776=LINE('',#18273,#4487);
#2777=LINE('',#18275,#4488);
#2778=LINE('',#18277,#4489);
#2779=LINE('',#18279,#4490);
#2780=LINE('',#18281,#4491);
#2781=LINE('',#18283,#4492);
#2782=LINE('',#18285,#4493);
#2783=LINE('',#18287,#4494);
#2784=LINE('',#18289,#4495);
#2785=LINE('',#18291,#4496);
#2786=LINE('',#18293,#4497);
#2787=LINE('',#18295,#4498);
#2788=LINE('',#18297,#4499);
#2789=LINE('',#18299,#4500);
#2790=LINE('',#18300,#4501);
#2791=LINE('',#18303,#4502);
#2792=LINE('',#18305,#4503);
#2793=LINE('',#18307,#4504);
#2794=LINE('',#18309,#4505);
#2795=LINE('',#18311,#4506);
#2796=LINE('',#18312,#4507);
#2797=LINE('',#18315,#4508);
#2798=LINE('',#18317,#4509);
#2799=LINE('',#18319,#4510);
#2800=LINE('',#18321,#4511);
#2801=LINE('',#18323,#4512);
#2802=LINE('',#18325,#4513);
#2803=LINE('',#18327,#4514);
#2804=LINE('',#18329,#4515);
#2805=LINE('',#18331,#4516);
#2806=LINE('',#18332,#4517);
#2807=LINE('',#18335,#4518);
#2808=LINE('',#18337,#4519);
#2809=LINE('',#18339,#4520);
#2810=LINE('',#18341,#4521);
#2811=LINE('',#18343,#4522);
#2812=LINE('',#18345,#4523);
#2813=LINE('',#18347,#4524);
#2814=LINE('',#18349,#4525);
#2815=LINE('',#18351,#4526);
#2816=LINE('',#18353,#4527);
#2817=LINE('',#18355,#4528);
#2818=LINE('',#18357,#4529);
#2819=LINE('',#18359,#4530);
#2820=LINE('',#18361,#4531);
#2821=LINE('',#18363,#4532);
#2822=LINE('',#18365,#4533);
#2823=LINE('',#18367,#4534);
#2824=LINE('',#18369,#4535);
#2825=LINE('',#18371,#4536);
#2826=LINE('',#18373,#4537);
#2827=LINE('',#18375,#4538);
#2828=LINE('',#18377,#4539);
#2829=LINE('',#18379,#4540);
#2830=LINE('',#18380,#4541);
#2831=LINE('',#18383,#4542);
#2832=LINE('',#18385,#4543);
#2833=LINE('',#18387,#4544);
#2834=LINE('',#18389,#4545);
#2835=LINE('',#18391,#4546);
#2836=LINE('',#18393,#4547);
#2837=LINE('',#18394,#4548);
#2838=LINE('',#18397,#4549);
#2839=LINE('',#18399,#4550);
#2840=LINE('',#18401,#4551);
#2841=LINE('',#18403,#4552);
#2842=LINE('',#18405,#4553);
#2843=LINE('',#18406,#4554);
#2844=LINE('',#18409,#4555);
#2845=LINE('',#18411,#4556);
#2846=LINE('',#18413,#4557);
#2847=LINE('',#18415,#4558);
#2848=LINE('',#18416,#4559);
#2849=LINE('',#18419,#4560);
#2850=LINE('',#18421,#4561);
#2851=LINE('',#18423,#4562);
#2852=LINE('',#18425,#4563);
#2853=LINE('',#18427,#4564);
#2854=LINE('',#18428,#4565);
#2855=LINE('',#18431,#4566);
#2856=LINE('',#18433,#4567);
#2857=LINE('',#18435,#4568);
#2858=LINE('',#18437,#4569);
#2859=LINE('',#18439,#4570);
#2860=LINE('',#18440,#4571);
#2861=LINE('',#18443,#4572);
#2862=LINE('',#18445,#4573);
#2863=LINE('',#18447,#4574);
#2864=LINE('',#18449,#4575);
#2865=LINE('',#18451,#4576);
#2866=LINE('',#18452,#4577);
#2867=LINE('',#18455,#4578);
#2868=LINE('',#18457,#4579);
#2869=LINE('',#18459,#4580);
#2870=LINE('',#18461,#4581);
#2871=LINE('',#18463,#4582);
#2872=LINE('',#18464,#4583);
#2873=LINE('',#18467,#4584);
#2874=LINE('',#18469,#4585);
#2875=LINE('',#18471,#4586);
#2876=LINE('',#18472,#4587);
#2877=LINE('',#18475,#4588);
#2878=LINE('',#18477,#4589);
#2879=LINE('',#18479,#4590);
#2880=LINE('',#18481,#4591);
#2881=LINE('',#18483,#4592);
#2882=LINE('',#18485,#4593);
#2883=LINE('',#18486,#4594);
#2884=LINE('',#18489,#4595);
#2885=LINE('',#18491,#4596);
#2886=LINE('',#18493,#4597);
#2887=LINE('',#18495,#4598);
#2888=LINE('',#18497,#4599);
#2889=LINE('',#18498,#4600);
#2890=LINE('',#18501,#4601);
#2891=LINE('',#18503,#4602);
#2892=LINE('',#18505,#4603);
#2893=LINE('',#18507,#4604);
#2894=LINE('',#18509,#4605);
#2895=LINE('',#18510,#4606);
#2896=LINE('',#18513,#4607);
#2897=LINE('',#18515,#4608);
#2898=LINE('',#18517,#4609);
#2899=LINE('',#18519,#4610);
#2900=LINE('',#18521,#4611);
#2901=LINE('',#18522,#4612);
#2902=LINE('',#18525,#4613);
#2903=LINE('',#18527,#4614);
#2904=LINE('',#18529,#4615);
#2905=LINE('',#18531,#4616);
#2906=LINE('',#18533,#4617);
#2907=LINE('',#18535,#4618);
#2908=LINE('',#18537,#4619);
#2909=LINE('',#18539,#4620);
#2910=LINE('',#18541,#4621);
#2911=LINE('',#18543,#4622);
#2912=LINE('',#18545,#4623);
#2913=LINE('',#18547,#4624);
#2914=LINE('',#18549,#4625);
#2915=LINE('',#18550,#4626);
#2916=LINE('',#18553,#4627);
#2917=LINE('',#18555,#4628);
#2918=LINE('',#18557,#4629);
#2919=LINE('',#18559,#4630);
#2920=LINE('',#18561,#4631);
#2921=LINE('',#18563,#4632);
#2922=LINE('',#18565,#4633);
#2923=LINE('',#18567,#4634);
#2924=LINE('',#18569,#4635);
#2925=LINE('',#18571,#4636);
#2926=LINE('',#18573,#4637);
#2927=LINE('',#18574,#4638);
#2928=LINE('',#18577,#4639);
#2929=LINE('',#18579,#4640);
#2930=LINE('',#18581,#4641);
#2931=LINE('',#18583,#4642);
#2932=LINE('',#18585,#4643);
#2933=LINE('',#18586,#4644);
#2934=LINE('',#18589,#4645);
#2935=LINE('',#18590,#4646);
#2936=LINE('',#18593,#4647);
#2937=LINE('',#18594,#4648);
#2938=LINE('',#18597,#4649);
#2939=LINE('',#18598,#4650);
#2940=LINE('',#18601,#4651);
#2941=LINE('',#18603,#4652);
#2942=LINE('',#18605,#4653);
#2943=LINE('',#18606,#4654);
#2944=LINE('',#18608,#4655);
#2945=LINE('',#18609,#4656);
#2946=LINE('',#18612,#4657);
#2947=LINE('',#18614,#4658);
#2948=LINE('',#18616,#4659);
#2949=LINE('',#18618,#4660);
#2950=LINE('',#18619,#4661);
#2951=LINE('',#18622,#4662);
#2952=LINE('',#18627,#4663);
#2953=LINE('',#18630,#4664);
#2954=LINE('',#18634,#4665);
#2955=LINE('',#18636,#4666);
#2956=LINE('',#18643,#4667);
#2957=LINE('',#18646,#4668);
#2958=LINE('',#18647,#4669);
#2959=LINE('',#18650,#4670);
#2960=LINE('',#18651,#4671);
#2961=LINE('',#18652,#4672);
#2962=LINE('',#18655,#4673);
#2963=LINE('',#18656,#4674);
#2964=LINE('',#18659,#4675);
#2965=LINE('',#18660,#4676);
#2966=LINE('',#18665,#4677);
#2967=LINE('',#18667,#4678);
#2968=LINE('',#18668,#4679);
#2969=LINE('',#18671,#4680);
#2970=LINE('',#18672,#4681);
#2971=LINE('',#18675,#4682);
#2972=LINE('',#18676,#4683);
#2973=LINE('',#18678,#4684);
#2974=LINE('',#18679,#4685);
#2975=LINE('',#18681,#4686);
#2976=LINE('',#18683,#4687);
#2977=LINE('',#18684,#4688);
#2978=LINE('',#18687,#4689);
#2979=LINE('',#18688,#4690);
#2980=LINE('',#18690,#4691);
#2981=LINE('',#18692,#4692);
#2982=LINE('',#18693,#4693);
#2983=LINE('',#18696,#4694);
#2984=LINE('',#18697,#4695);
#2985=LINE('',#18700,#4696);
#2986=LINE('',#18702,#4697);
#2987=LINE('',#18703,#4698);
#2988=LINE('',#18705,#4699);
#2989=LINE('',#18706,#4700);
#2990=LINE('',#18708,#4701);
#2991=LINE('',#18710,#4702);
#2992=LINE('',#18712,#4703);
#2993=LINE('',#18714,#4704);
#2994=LINE('',#18716,#4705);
#2995=LINE('',#18718,#4706);
#2996=LINE('',#18720,#4707);
#2997=LINE('',#18722,#4708);
#2998=LINE('',#18724,#4709);
#2999=LINE('',#18726,#4710);
#3000=LINE('',#18728,#4711);
#3001=LINE('',#18730,#4712);
#3002=LINE('',#18732,#4713);
#3003=LINE('',#18734,#4714);
#3004=LINE('',#18735,#4715);
#3005=LINE('',#18736,#4716);
#3006=LINE('',#18740,#4717);
#3007=LINE('',#18742,#4718);
#3008=LINE('',#18744,#4719);
#3009=LINE('',#18746,#4720);
#3010=LINE('',#18747,#4721);
#3011=LINE('',#18749,#4722);
#3012=LINE('',#18750,#4723);
#3013=LINE('',#18752,#4724);
#3014=LINE('',#18753,#4725);
#3015=LINE('',#18755,#4726);
#3016=LINE('',#18759,#4727);
#3017=LINE('',#18761,#4728);
#3018=LINE('',#18763,#4729);
#3019=LINE('',#18764,#4730);
#3020=LINE('',#18765,#4731);
#3021=LINE('',#18767,#4732);
#3022=LINE('',#18769,#4733);
#3023=LINE('',#18771,#4734);
#3024=LINE('',#18773,#4735);
#3025=LINE('',#18775,#4736);
#3026=LINE('',#18777,#4737);
#3027=LINE('',#18778,#4738);
#3028=LINE('',#18779,#4739);
#3029=LINE('',#18780,#4740);
#3030=LINE('',#18781,#4741);
#3031=LINE('',#18783,#4742);
#3032=LINE('',#18785,#4743);
#3033=LINE('',#18786,#4744);
#3034=LINE('',#18788,#4745);
#3035=LINE('',#18790,#4746);
#3036=LINE('',#18792,#4747);
#3037=LINE('',#18794,#4748);
#3038=LINE('',#18795,#4749);
#3039=LINE('',#18796,#4750);
#3040=LINE('',#18799,#4751);
#3041=LINE('',#18801,#4752);
#3042=LINE('',#18803,#4753);
#3043=LINE('',#18805,#4754);
#3044=LINE('',#18807,#4755);
#3045=LINE('',#18808,#4756);
#3046=LINE('',#18811,#4757);
#3047=LINE('',#18813,#4758);
#3048=LINE('',#18815,#4759);
#3049=LINE('',#18817,#4760);
#3050=LINE('',#18819,#4761);
#3051=LINE('',#18820,#4762);
#3052=LINE('',#18823,#4763);
#3053=LINE('',#18825,#4764);
#3054=LINE('',#18827,#4765);
#3055=LINE('',#18829,#4766);
#3056=LINE('',#18831,#4767);
#3057=LINE('',#18833,#4768);
#3058=LINE('',#18834,#4769);
#3059=LINE('',#18837,#4770);
#3060=LINE('',#18839,#4771);
#3061=LINE('',#18841,#4772);
#3062=LINE('',#18843,#4773);
#3063=LINE('',#18845,#4774);
#3064=LINE('',#18847,#4775);
#3065=LINE('',#18849,#4776);
#3066=LINE('',#18851,#4777);
#3067=LINE('',#18852,#4778);
#3068=LINE('',#18853,#4779);
#3069=LINE('',#18856,#4780);
#3070=LINE('',#18858,#4781);
#3071=LINE('',#18860,#4782);
#3072=LINE('',#18862,#4783);
#3073=LINE('',#18864,#4784);
#3074=LINE('',#18865,#4785);
#3075=LINE('',#18868,#4786);
#3076=LINE('',#18870,#4787);
#3077=LINE('',#18872,#4788);
#3078=LINE('',#18874,#4789);
#3079=LINE('',#18876,#4790);
#3080=LINE('',#18877,#4791);
#3081=LINE('',#18878,#4792);
#3082=LINE('',#18879,#4793);
#3083=LINE('',#18882,#4794);
#3084=LINE('',#18884,#4795);
#3085=LINE('',#18886,#4796);
#3086=LINE('',#18888,#4797);
#3087=LINE('',#18890,#4798);
#3088=LINE('',#18892,#4799);
#3089=LINE('',#18894,#4800);
#3090=LINE('',#18896,#4801);
#3091=LINE('',#18898,#4802);
#3092=LINE('',#18900,#4803);
#3093=LINE('',#18902,#4804);
#3094=LINE('',#18904,#4805);
#3095=LINE('',#18906,#4806);
#3096=LINE('',#18908,#4807);
#3097=LINE('',#18910,#4808);
#3098=LINE('',#18911,#4809);
#3099=LINE('',#18913,#4810);
#3100=LINE('',#18914,#4811);
#3101=LINE('',#18915,#4812);
#3102=LINE('',#18918,#4813);
#3103=LINE('',#18920,#4814);
#3104=LINE('',#18922,#4815);
#3105=LINE('',#18924,#4816);
#3106=LINE('',#18925,#4817);
#3107=LINE('',#18928,#4818);
#3108=LINE('',#18930,#4819);
#3109=LINE('',#18932,#4820);
#3110=LINE('',#18934,#4821);
#3111=LINE('',#18936,#4822);
#3112=LINE('',#18938,#4823);
#3113=LINE('',#18940,#4824);
#3114=LINE('',#18942,#4825);
#3115=LINE('',#18944,#4826);
#3116=LINE('',#18946,#4827);
#3117=LINE('',#18948,#4828);
#3118=LINE('',#18950,#4829);
#3119=LINE('',#18952,#4830);
#3120=LINE('',#18953,#4831);
#3121=LINE('',#18956,#4832);
#3122=LINE('',#18958,#4833);
#3123=LINE('',#18960,#4834);
#3124=LINE('',#18962,#4835);
#3125=LINE('',#18964,#4836);
#3126=LINE('',#18966,#4837);
#3127=LINE('',#18968,#4838);
#3128=LINE('',#18970,#4839);
#3129=LINE('',#18972,#4840);
#3130=LINE('',#18974,#4841);
#3131=LINE('',#18975,#4842);
#3132=LINE('',#18978,#4843);
#3133=LINE('',#18980,#4844);
#3134=LINE('',#18982,#4845);
#3135=LINE('',#18984,#4846);
#3136=LINE('',#18986,#4847);
#3137=LINE('',#18988,#4848);
#3138=LINE('',#18990,#4849);
#3139=LINE('',#18992,#4850);
#3140=LINE('',#18994,#4851);
#3141=LINE('',#18996,#4852);
#3142=LINE('',#18998,#4853);
#3143=LINE('',#18999,#4854);
#3144=LINE('',#19002,#4855);
#3145=LINE('',#19004,#4856);
#3146=LINE('',#19006,#4857);
#3147=LINE('',#19008,#4858);
#3148=LINE('',#19010,#4859);
#3149=LINE('',#19012,#4860);
#3150=LINE('',#19014,#4861);
#3151=LINE('',#19016,#4862);
#3152=LINE('',#19018,#4863);
#3153=LINE('',#19020,#4864);
#3154=LINE('',#19022,#4865);
#3155=LINE('',#19024,#4866);
#3156=LINE('',#19026,#4867);
#3157=LINE('',#19028,#4868);
#3158=LINE('',#19030,#4869);
#3159=LINE('',#19031,#4870);
#3160=LINE('',#19034,#4871);
#3161=LINE('',#19036,#4872);
#3162=LINE('',#19038,#4873);
#3163=LINE('',#19040,#4874);
#3164=LINE('',#19042,#4875);
#3165=LINE('',#19044,#4876);
#3166=LINE('',#19045,#4877);
#3167=LINE('',#19048,#4878);
#3168=LINE('',#19050,#4879);
#3169=LINE('',#19052,#4880);
#3170=LINE('',#19054,#4881);
#3171=LINE('',#19056,#4882);
#3172=LINE('',#19058,#4883);
#3173=LINE('',#19060,#4884);
#3174=LINE('',#19062,#4885);
#3175=LINE('',#19064,#4886);
#3176=LINE('',#19066,#4887);
#3177=LINE('',#19068,#4888);
#3178=LINE('',#19070,#4889);
#3179=LINE('',#19072,#4890);
#3180=LINE('',#19074,#4891);
#3181=LINE('',#19076,#4892);
#3182=LINE('',#19078,#4893);
#3183=LINE('',#19080,#4894);
#3184=LINE('',#19082,#4895);
#3185=LINE('',#19084,#4896);
#3186=LINE('',#19086,#4897);
#3187=LINE('',#19088,#4898);
#3188=LINE('',#19090,#4899);
#3189=LINE('',#19092,#4900);
#3190=LINE('',#19094,#4901);
#3191=LINE('',#19096,#4902);
#3192=LINE('',#19098,#4903);
#3193=LINE('',#19099,#4904);
#3194=LINE('',#19102,#4905);
#3195=LINE('',#19104,#4906);
#3196=LINE('',#19106,#4907);
#3197=LINE('',#19108,#4908);
#3198=LINE('',#19110,#4909);
#3199=LINE('',#19111,#4910);
#3200=LINE('',#19113,#4911);
#3201=LINE('',#19115,#4912);
#3202=LINE('',#19117,#4913);
#3203=LINE('',#19119,#4914);
#3204=LINE('',#19121,#4915);
#3205=LINE('',#19123,#4916);
#3206=LINE('',#19125,#4917);
#3207=LINE('',#19127,#4918);
#3208=LINE('',#19128,#4919);
#3209=LINE('',#19129,#4920);
#3210=LINE('',#19131,#4921);
#3211=LINE('',#19133,#4922);
#3212=LINE('',#19135,#4923);
#3213=LINE('',#19137,#4924);
#3214=LINE('',#19139,#4925);
#3215=LINE('',#19140,#4926);
#3216=LINE('',#19141,#4927);
#3217=LINE('',#19143,#4928);
#3218=LINE('',#19145,#4929);
#3219=LINE('',#19147,#4930);
#3220=LINE('',#19148,#4931);
#3221=LINE('',#19150,#4932);
#3222=LINE('',#19152,#4933);
#3223=LINE('',#19154,#4934);
#3224=LINE('',#19156,#4935);
#3225=LINE('',#19157,#4936);
#3226=LINE('',#19159,#4937);
#3227=LINE('',#19161,#4938);
#3228=LINE('',#19163,#4939);
#3229=LINE('',#19165,#4940);
#3230=LINE('',#19167,#4941);
#3231=LINE('',#19169,#4942);
#3232=LINE('',#19171,#4943);
#3233=LINE('',#19173,#4944);
#3234=LINE('',#19175,#4945);
#3235=LINE('',#19177,#4946);
#3236=LINE('',#19179,#4947);
#3237=LINE('',#19181,#4948);
#3238=LINE('',#19183,#4949);
#3239=LINE('',#19185,#4950);
#3240=LINE('',#19186,#4951);
#3241=LINE('',#19188,#4952);
#3242=LINE('',#19189,#4953);
#3243=LINE('',#19191,#4954);
#3244=LINE('',#19193,#4955);
#3245=LINE('',#19195,#4956);
#3246=LINE('',#19198,#4957);
#3247=LINE('',#19202,#4958);
#3248=LINE('',#19203,#4959);
#3249=LINE('',#19205,#4960);
#3250=LINE('',#19208,#4961);
#3251=LINE('',#19209,#4962);
#3252=LINE('',#19211,#4963);
#3253=LINE('',#19212,#4964);
#3254=LINE('',#19214,#4965);
#3255=LINE('',#19216,#4966);
#3256=LINE('',#19217,#4967);
#3257=LINE('',#19220,#4968);
#3258=LINE('',#19223,#4969);
#3259=LINE('',#19224,#4970);
#3260=LINE('',#19227,#4971);
#3261=LINE('',#19229,#4972);
#3262=LINE('',#19231,#4973);
#3263=LINE('',#19235,#4974);
#3264=LINE('',#19236,#4975);
#3265=LINE('',#19239,#4976);
#3266=LINE('',#19241,#4977);
#3267=LINE('',#19243,#4978);
#3268=LINE('',#19244,#4979);
#3269=LINE('',#19246,#4980);
#3270=LINE('',#19249,#4981);
#3271=LINE('',#19251,#4982);
#3272=LINE('',#19253,#4983);
#3273=LINE('',#19254,#4984);
#3274=LINE('',#19256,#4985);
#3275=LINE('',#19258,#4986);
#3276=LINE('',#19261,#4987);
#3277=LINE('',#19263,#4988);
#3278=LINE('',#19266,#4989);
#3279=LINE('',#19267,#4990);
#3280=LINE('',#19271,#4991);
#3281=LINE('',#19272,#4992);
#3282=LINE('',#19274,#4993);
#3283=LINE('',#19275,#4994);
#3284=LINE('',#19276,#4995);
#3285=LINE('',#19278,#4996);
#3286=LINE('',#19280,#4997);
#3287=LINE('',#19281,#4998);
#3288=LINE('',#19283,#4999);
#3289=LINE('',#19285,#5000);
#3290=LINE('',#19287,#5001);
#3291=LINE('',#19288,#5002);
#3292=LINE('',#19290,#5003);
#3293=LINE('',#19292,#5004);
#3294=LINE('',#19294,#5005);
#3295=LINE('',#19296,#5006);
#3296=LINE('',#19297,#5007);
#3297=LINE('',#19299,#5008);
#3298=LINE('',#19301,#5009);
#3299=LINE('',#19303,#5010);
#3300=LINE('',#19305,#5011);
#3301=LINE('',#19311,#5012);
#3302=LINE('',#19312,#5013);
#3303=LINE('',#19314,#5014);
#3304=LINE('',#19315,#5015);
#3305=LINE('',#19317,#5016);
#3306=LINE('',#19319,#5017);
#3307=LINE('',#19320,#5018);
#3308=LINE('',#19322,#5019);
#3309=LINE('',#19325,#5020);
#3310=LINE('',#19327,#5021);
#3311=LINE('',#19328,#5022);
#3312=LINE('',#19330,#5023);
#3313=LINE('',#19332,#5024);
#3314=LINE('',#19334,#5025);
#3315=LINE('',#19336,#5026);
#3316=LINE('',#19339,#5027);
#3317=LINE('',#19340,#5028);
#3318=LINE('',#19342,#5029);
#3319=LINE('',#19343,#5030);
#3320=LINE('',#19345,#5031);
#3321=LINE('',#19347,#5032);
#3322=LINE('',#19350,#5033);
#3323=LINE('',#19352,#5034);
#3324=LINE('',#19353,#5035);
#3325=LINE('',#19355,#5036);
#3326=LINE('',#19356,#5037);
#3327=LINE('',#19358,#5038);
#3328=LINE('',#19359,#5039);
#3329=LINE('',#19363,#5040);
#3330=LINE('',#19365,#5041);
#3331=LINE('',#19366,#5042);
#3332=LINE('',#19369,#5043);
#3333=LINE('',#19371,#5044);
#3334=LINE('',#19372,#5045);
#3335=LINE('',#19374,#5046);
#3336=LINE('',#19375,#5047);
#3337=LINE('',#19377,#5048);
#3338=LINE('',#19379,#5049);
#3339=LINE('',#19382,#5050);
#3340=LINE('',#19383,#5051);
#3341=LINE('',#19385,#5052);
#3342=LINE('',#19386,#5053);
#3343=LINE('',#19388,#5054);
#3344=LINE('',#19390,#5055);
#3345=LINE('',#19393,#5056);
#3346=LINE('',#19395,#5057);
#3347=LINE('',#19396,#5058);
#3348=LINE('',#19399,#5059);
#3349=LINE('',#19400,#5060);
#3350=LINE('',#19402,#5061);
#3351=LINE('',#19404,#5062);
#3352=LINE('',#19406,#5063);
#3353=LINE('',#19408,#5064);
#3354=LINE('',#19410,#5065);
#3355=LINE('',#19412,#5066);
#3356=LINE('',#19413,#5067);
#3357=LINE('',#19415,#5068);
#3358=LINE('',#19417,#5069);
#3359=LINE('',#19418,#5070);
#3360=LINE('',#19420,#5071);
#3361=LINE('',#19422,#5072);
#3362=LINE('',#19425,#5073);
#3363=LINE('',#19426,#5074);
#3364=LINE('',#19428,#5075);
#3365=LINE('',#19431,#5076);
#3366=LINE('',#19433,#5077);
#3367=LINE('',#19434,#5078);
#3368=LINE('',#19436,#5079);
#3369=LINE('',#19438,#5080);
#3370=LINE('',#19440,#5081);
#3371=LINE('',#19442,#5082);
#3372=LINE('',#19445,#5083);
#3373=LINE('',#19446,#5084);
#3374=LINE('',#19448,#5085);
#3375=LINE('',#19450,#5086);
#3376=LINE('',#19452,#5087);
#3377=LINE('',#19453,#5088);
#3378=LINE('',#19456,#5089);
#3379=LINE('',#19458,#5090);
#3380=LINE('',#19460,#5091);
#3381=LINE('',#19462,#5092);
#3382=LINE('',#19464,#5093);
#3383=LINE('',#19467,#5094);
#3384=LINE('',#19468,#5095);
#3385=LINE('',#19471,#5096);
#3386=LINE('',#19473,#5097);
#3387=LINE('',#19474,#5098);
#3388=LINE('',#19476,#5099);
#3389=LINE('',#19477,#5100);
#3390=LINE('',#19479,#5101);
#3391=LINE('',#19480,#5102);
#3392=LINE('',#19485,#5103);
#3393=LINE('',#19486,#5104);
#3394=LINE('',#19488,#5105);
#3395=LINE('',#19490,#5106);
#3396=LINE('',#19492,#5107);
#3397=LINE('',#19494,#5108);
#3398=LINE('',#19496,#5109);
#3399=LINE('',#19501,#5110);
#3400=LINE('',#19503,#5111);
#3401=LINE('',#19505,#5112);
#3402=LINE('',#19507,#5113);
#3403=LINE('',#19509,#5114);
#3404=LINE('',#19510,#5115);
#3405=LINE('',#19514,#5116);
#3406=LINE('',#19515,#5117);
#3407=LINE('',#19516,#5118);
#3408=LINE('',#19518,#5119);
#3409=LINE('',#19521,#5120);
#3410=LINE('',#19522,#5121);
#3411=LINE('',#19523,#5122);
#3412=LINE('',#19526,#5123);
#3413=LINE('',#19528,#5124);
#3414=LINE('',#19530,#5125);
#3415=LINE('',#19532,#5126);
#3416=LINE('',#19535,#5127);
#3417=LINE('',#19538,#5128);
#3418=LINE('',#19542,#5129);
#3419=LINE('',#19544,#5130);
#3420=LINE('',#19547,#5131);
#3421=LINE('',#19548,#5132);
#3422=LINE('',#19550,#5133);
#3423=LINE('',#19552,#5134);
#3424=LINE('',#19554,#5135);
#3425=LINE('',#19556,#5136);
#3426=LINE('',#19558,#5137);
#3427=LINE('',#19561,#5138);
#3428=LINE('',#19562,#5139);
#3429=LINE('',#19564,#5140);
#3430=LINE('',#19566,#5141);
#3431=LINE('',#19568,#5142);
#3432=LINE('',#19573,#5143);
#3433=LINE('',#19574,#5144);
#3434=LINE('',#19576,#5145);
#3435=LINE('',#19578,#5146);
#3436=LINE('',#19580,#5147);
#3437=LINE('',#19582,#5148);
#3438=LINE('',#19585,#5149);
#3439=LINE('',#19588,#5150);
#3440=LINE('',#19590,#5151);
#3441=LINE('',#19592,#5152);
#3442=LINE('',#19593,#5153);
#3443=LINE('',#19595,#5154);
#3444=LINE('',#19597,#5155);
#3445=LINE('',#19599,#5156);
#3446=LINE('',#19601,#5157);
#3447=LINE('',#19604,#5158);
#3448=LINE('',#19605,#5159);
#3449=LINE('',#19607,#5160);
#3450=LINE('',#19611,#5161);
#3451=LINE('',#19613,#5162);
#3452=LINE('',#19616,#5163);
#3453=LINE('',#19617,#5164);
#3454=LINE('',#19620,#5165);
#3455=LINE('',#19621,#5166);
#3456=LINE('',#19622,#5167);
#3457=LINE('',#19625,#5168);
#3458=LINE('',#19626,#5169);
#3459=LINE('',#19628,#5170);
#3460=LINE('',#19629,#5171);
#3461=LINE('',#19631,#5172);
#3462=LINE('',#19633,#5173);
#3463=LINE('',#19639,#5174);
#3464=LINE('',#19640,#5175);
#3465=LINE('',#19643,#5176);
#3466=LINE('',#19645,#5177);
#3467=LINE('',#19648,#5178);
#3468=LINE('',#19650,#5179);
#3469=LINE('',#19652,#5180);
#3470=LINE('',#19654,#5181);
#3471=LINE('',#19657,#5182);
#3472=LINE('',#19658,#5183);
#3473=LINE('',#19660,#5184);
#3474=LINE('',#19664,#5185);
#3475=LINE('',#19665,#5186);
#3476=LINE('',#19667,#5187);
#3477=LINE('',#19670,#5188);
#3478=LINE('',#19672,#5189);
#3479=LINE('',#19674,#5190);
#3480=LINE('',#19676,#5191);
#3481=LINE('',#19679,#5192);
#3482=LINE('',#19681,#5193);
#3483=LINE('',#19683,#5194);
#3484=LINE('',#19685,#5195);
#3485=LINE('',#19688,#5196);
#3486=LINE('',#19691,#5197);
#3487=LINE('',#19692,#5198);
#3488=LINE('',#19694,#5199);
#3489=LINE('',#19698,#5200);
#3490=LINE('',#19700,#5201);
#3491=LINE('',#19702,#5202);
#3492=LINE('',#19703,#5203);
#3493=LINE('',#19706,#5204);
#3494=LINE('',#19707,#5205);
#3495=LINE('',#19709,#5206);
#3496=LINE('',#19710,#5207);
#3497=LINE('',#19712,#5208);
#3498=LINE('',#19713,#5209);
#3499=LINE('',#19715,#5210);
#3500=LINE('',#19719,#5211);
#3501=LINE('',#19720,#5212);
#3502=LINE('',#19723,#5213);
#3503=LINE('',#19726,#5214);
#3504=LINE('',#19728,#5215);
#3505=LINE('',#19733,#5216);
#3506=LINE('',#19737,#5217);
#3507=LINE('',#19738,#5218);
#3508=LINE('',#19740,#5219);
#3509=LINE('',#19741,#5220);
#3510=LINE('',#19744,#5221);
#3511=LINE('',#19747,#5222);
#3512=LINE('',#19751,#5223);
#3513=LINE('',#19757,#5224);
#3514=LINE('',#19759,#5225);
#3515=LINE('',#19761,#5226);
#3516=LINE('',#19762,#5227);
#3517=LINE('',#19766,#5228);
#3518=LINE('',#19768,#5229);
#3519=LINE('',#19770,#5230);
#3520=LINE('',#19771,#5231);
#3521=LINE('',#19775,#5232);
#3522=LINE('',#19777,#5233);
#3523=LINE('',#19779,#5234);
#3524=LINE('',#19780,#5235);
#3525=LINE('',#19782,#5236);
#3526=LINE('',#19783,#5237);
#3527=LINE('',#19785,#5238);
#3528=LINE('',#19786,#5239);
#3529=LINE('',#19790,#5240);
#3530=LINE('',#19792,#5241);
#3531=LINE('',#19794,#5242);
#3532=LINE('',#19795,#5243);
#3533=LINE('',#19799,#5244);
#3534=LINE('',#19801,#5245);
#3535=LINE('',#19803,#5246);
#3536=LINE('',#19804,#5247);
#3537=LINE('',#19808,#5248);
#3538=LINE('',#19810,#5249);
#3539=LINE('',#19812,#5250);
#3540=LINE('',#19813,#5251);
#3541=LINE('',#19815,#5252);
#3542=LINE('',#19816,#5253);
#3543=LINE('',#19818,#5254);
#3544=LINE('',#19819,#5255);
#3545=LINE('',#19829,#5256);
#3546=LINE('',#19831,#5257);
#3547=LINE('',#19833,#5258);
#3548=LINE('',#19834,#5259);
#3549=LINE('',#19838,#5260);
#3550=LINE('',#19840,#5261);
#3551=LINE('',#19842,#5262);
#3552=LINE('',#19843,#5263);
#3553=LINE('',#19846,#5264);
#3554=LINE('',#19848,#5265);
#3555=LINE('',#19849,#5266);
#3556=LINE('',#19852,#5267);
#3557=LINE('',#19854,#5268);
#3558=LINE('',#19855,#5269);
#3559=LINE('',#19857,#5270);
#3560=LINE('',#19858,#5271);
#3561=LINE('',#19860,#5272);
#3562=LINE('',#19864,#5273);
#3563=LINE('',#19866,#5274);
#3564=LINE('',#19868,#5275);
#3565=LINE('',#19869,#5276);
#3566=LINE('',#19872,#5277);
#3567=LINE('',#19874,#5278);
#3568=LINE('',#19875,#5279);
#3569=LINE('',#19878,#5280);
#3570=LINE('',#19880,#5281);
#3571=LINE('',#19881,#5282);
#3572=LINE('',#19884,#5283);
#3573=LINE('',#19886,#5284);
#3574=LINE('',#19887,#5285);
#3575=LINE('',#19890,#5286);
#3576=LINE('',#19892,#5287);
#3577=LINE('',#19893,#5288);
#3578=LINE('',#19895,#5289);
#3579=LINE('',#19898,#5290);
#3580=LINE('',#19900,#5291);
#3581=LINE('',#19901,#5292);
#3582=LINE('',#19907,#5293);
#3583=LINE('',#19910,#5294);
#3584=LINE('',#19916,#5295);
#3585=LINE('',#19919,#5296);
#3586=LINE('',#19924,#5297);
#3587=LINE('',#19930,#5298);
#3588=LINE('',#19936,#5299);
#3589=LINE('',#19942,#5300);
#3590=LINE('',#19947,#5301);
#3591=LINE('',#19949,#5302);
#3592=LINE('',#19951,#5303);
#3593=LINE('',#19952,#5304);
#3594=LINE('',#19955,#5305);
#3595=LINE('',#19957,#5306);
#3596=LINE('',#19958,#5307);
#3597=LINE('',#19961,#5308);
#3598=LINE('',#19963,#5309);
#3599=LINE('',#19964,#5310);
#3600=LINE('',#19966,#5311);
#3601=LINE('',#19967,#5312);
#3602=LINE('',#19971,#5313);
#3603=LINE('',#19973,#5314);
#3604=LINE('',#19975,#5315);
#3605=LINE('',#19976,#5316);
#3606=LINE('',#19979,#5317);
#3607=LINE('',#19981,#5318);
#3608=LINE('',#19982,#5319);
#3609=LINE('',#19985,#5320);
#3610=LINE('',#19987,#5321);
#3611=LINE('',#19988,#5322);
#3612=LINE('',#19990,#5323);
#3613=LINE('',#19991,#5324);
#3614=LINE('',#19995,#5325);
#3615=LINE('',#19997,#5326);
#3616=LINE('',#19999,#5327);
#3617=LINE('',#20000,#5328);
#3618=LINE('',#20003,#5329);
#3619=LINE('',#20005,#5330);
#3620=LINE('',#20006,#5331);
#3621=LINE('',#20009,#5332);
#3622=LINE('',#20011,#5333);
#3623=LINE('',#20012,#5334);
#3624=LINE('',#20014,#5335);
#3625=LINE('',#20015,#5336);
#3626=LINE('',#20019,#5337);
#3627=LINE('',#20021,#5338);
#3628=LINE('',#20023,#5339);
#3629=LINE('',#20024,#5340);
#3630=LINE('',#20027,#5341);
#3631=LINE('',#20029,#5342);
#3632=LINE('',#20030,#5343);
#3633=LINE('',#20033,#5344);
#3634=LINE('',#20035,#5345);
#3635=LINE('',#20036,#5346);
#3636=LINE('',#20038,#5347);
#3637=LINE('',#20039,#5348);
#3638=LINE('',#20043,#5349);
#3639=LINE('',#20045,#5350);
#3640=LINE('',#20047,#5351);
#3641=LINE('',#20048,#5352);
#3642=LINE('',#20051,#5353);
#3643=LINE('',#20053,#5354);
#3644=LINE('',#20054,#5355);
#3645=LINE('',#20057,#5356);
#3646=LINE('',#20059,#5357);
#3647=LINE('',#20060,#5358);
#3648=LINE('',#20062,#5359);
#3649=LINE('',#20063,#5360);
#3650=LINE('',#20067,#5361);
#3651=LINE('',#20069,#5362);
#3652=LINE('',#20071,#5363);
#3653=LINE('',#20072,#5364);
#3654=LINE('',#20075,#5365);
#3655=LINE('',#20077,#5366);
#3656=LINE('',#20078,#5367);
#3657=LINE('',#20081,#5368);
#3658=LINE('',#20083,#5369);
#3659=LINE('',#20084,#5370);
#3660=LINE('',#20086,#5371);
#3661=LINE('',#20087,#5372);
#3662=LINE('',#20091,#5373);
#3663=LINE('',#20093,#5374);
#3664=LINE('',#20095,#5375);
#3665=LINE('',#20096,#5376);
#3666=LINE('',#20099,#5377);
#3667=LINE('',#20101,#5378);
#3668=LINE('',#20102,#5379);
#3669=LINE('',#20105,#5380);
#3670=LINE('',#20107,#5381);
#3671=LINE('',#20108,#5382);
#3672=LINE('',#20110,#5383);
#3673=LINE('',#20111,#5384);
#3674=LINE('',#20115,#5385);
#3675=LINE('',#20117,#5386);
#3676=LINE('',#20119,#5387);
#3677=LINE('',#20120,#5388);
#3678=LINE('',#20123,#5389);
#3679=LINE('',#20125,#5390);
#3680=LINE('',#20126,#5391);
#3681=LINE('',#20129,#5392);
#3682=LINE('',#20131,#5393);
#3683=LINE('',#20132,#5394);
#3684=LINE('',#20134,#5395);
#3685=LINE('',#20135,#5396);
#3686=LINE('',#20139,#5397);
#3687=LINE('',#20141,#5398);
#3688=LINE('',#20143,#5399);
#3689=LINE('',#20144,#5400);
#3690=LINE('',#20147,#5401);
#3691=LINE('',#20149,#5402);
#3692=LINE('',#20150,#5403);
#3693=LINE('',#20153,#5404);
#3694=LINE('',#20155,#5405);
#3695=LINE('',#20156,#5406);
#3696=LINE('',#20158,#5407);
#3697=LINE('',#20159,#5408);
#3698=LINE('',#20163,#5409);
#3699=LINE('',#20165,#5410);
#3700=LINE('',#20167,#5411);
#3701=LINE('',#20168,#5412);
#3702=LINE('',#20171,#5413);
#3703=LINE('',#20173,#5414);
#3704=LINE('',#20174,#5415);
#3705=LINE('',#20177,#5416);
#3706=LINE('',#20179,#5417);
#3707=LINE('',#20180,#5418);
#3708=LINE('',#20182,#5419);
#3709=LINE('',#20183,#5420);
#3710=LINE('',#20187,#5421);
#3711=LINE('',#20189,#5422);
#3712=LINE('',#20191,#5423);
#3713=LINE('',#20192,#5424);
#3714=LINE('',#20195,#5425);
#3715=LINE('',#20197,#5426);
#3716=LINE('',#20198,#5427);
#3717=LINE('',#20201,#5428);
#3718=LINE('',#20203,#5429);
#3719=LINE('',#20204,#5430);
#3720=LINE('',#20206,#5431);
#3721=LINE('',#20207,#5432);
#3722=LINE('',#20211,#5433);
#3723=LINE('',#20213,#5434);
#3724=LINE('',#20215,#5435);
#3725=LINE('',#20216,#5436);
#3726=LINE('',#20219,#5437);
#3727=LINE('',#20221,#5438);
#3728=LINE('',#20222,#5439);
#3729=LINE('',#20225,#5440);
#3730=LINE('',#20227,#5441);
#3731=LINE('',#20228,#5442);
#3732=LINE('',#20230,#5443);
#3733=LINE('',#20231,#5444);
#3734=LINE('',#20235,#5445);
#3735=LINE('',#20237,#5446);
#3736=LINE('',#20239,#5447);
#3737=LINE('',#20240,#5448);
#3738=LINE('',#20243,#5449);
#3739=LINE('',#20245,#5450);
#3740=LINE('',#20246,#5451);
#3741=LINE('',#20249,#5452);
#3742=LINE('',#20251,#5453);
#3743=LINE('',#20252,#5454);
#3744=LINE('',#20254,#5455);
#3745=LINE('',#20255,#5456);
#3746=LINE('',#20259,#5457);
#3747=LINE('',#20261,#5458);
#3748=LINE('',#20263,#5459);
#3749=LINE('',#20264,#5460);
#3750=LINE('',#20267,#5461);
#3751=LINE('',#20269,#5462);
#3752=LINE('',#20270,#5463);
#3753=LINE('',#20273,#5464);
#3754=LINE('',#20275,#5465);
#3755=LINE('',#20276,#5466);
#3756=LINE('',#20278,#5467);
#3757=LINE('',#20279,#5468);
#3758=LINE('',#20283,#5469);
#3759=LINE('',#20285,#5470);
#3760=LINE('',#20287,#5471);
#3761=LINE('',#20288,#5472);
#3762=LINE('',#20291,#5473);
#3763=LINE('',#20293,#5474);
#3764=LINE('',#20294,#5475);
#3765=LINE('',#20297,#5476);
#3766=LINE('',#20299,#5477);
#3767=LINE('',#20300,#5478);
#3768=LINE('',#20302,#5479);
#3769=LINE('',#20303,#5480);
#3770=LINE('',#20307,#5481);
#3771=LINE('',#20309,#5482);
#3772=LINE('',#20311,#5483);
#3773=LINE('',#20312,#5484);
#3774=LINE('',#20315,#5485);
#3775=LINE('',#20317,#5486);
#3776=LINE('',#20318,#5487);
#3777=LINE('',#20321,#5488);
#3778=LINE('',#20323,#5489);
#3779=LINE('',#20324,#5490);
#3780=LINE('',#20326,#5491);
#3781=LINE('',#20327,#5492);
#3782=LINE('',#20332,#5493);
#3783=LINE('',#20338,#5494);
#3784=LINE('',#20344,#5495);
#3785=LINE('',#20347,#5496);
#3786=LINE('',#20349,#5497);
#3787=LINE('',#20350,#5498);
#3788=LINE('',#20353,#5499);
#3789=LINE('',#20354,#5500);
#3790=LINE('',#20356,#5501);
#3791=LINE('',#20357,#5502);
#3792=LINE('',#20363,#5503);
#3793=LINE('',#20366,#5504);
#3794=LINE('',#20372,#5505);
#3795=LINE('',#20375,#5506);
#3796=LINE('',#20377,#5507);
#3797=LINE('',#20378,#5508);
#3798=LINE('',#20379,#5509);
#3799=LINE('',#20380,#5510);
#3800=LINE('',#20382,#5511);
#3801=LINE('',#20383,#5512);
#3802=LINE('',#20384,#5513);
#3803=LINE('',#20385,#5514);
#3804=VECTOR('',#13623,3.5);
#3805=VECTOR('',#13626,10.);
#3806=VECTOR('',#13645,1.25);
#3807=VECTOR('',#13650,10.);
#3808=VECTOR('',#13651,10.);
#3809=VECTOR('',#13652,10.);
#3810=VECTOR('',#13653,10.);
#3811=VECTOR('',#13656,10.);
#3812=VECTOR('',#13657,10.);
#3813=VECTOR('',#13658,10.);
#3814=VECTOR('',#13661,10.);
#3815=VECTOR('',#13662,10.);
#3816=VECTOR('',#13663,10.);
#3817=VECTOR('',#13666,10.);
#3818=VECTOR('',#13667,10.);
#3819=VECTOR('',#13668,10.);
#3820=VECTOR('',#13669,10.);
#3821=VECTOR('',#13670,10.);
#3822=VECTOR('',#13673,10.);
#3823=VECTOR('',#13674,10.);
#3824=VECTOR('',#13675,10.);
#3825=VECTOR('',#13676,10.);
#3826=VECTOR('',#13677,10.);
#3827=VECTOR('',#13678,10.);
#3828=VECTOR('',#13679,10.);
#3829=VECTOR('',#13680,10.);
#3830=VECTOR('',#13681,10.);
#3831=VECTOR('',#13682,10.);
#3832=VECTOR('',#13683,10.);
#3833=VECTOR('',#13684,10.);
#3834=VECTOR('',#13685,10.);
#3835=VECTOR('',#13686,10.);
#3836=VECTOR('',#13687,10.);
#3837=VECTOR('',#13688,10.);
#3838=VECTOR('',#13689,10.);
#3839=VECTOR('',#13690,10.);
#3840=VECTOR('',#13691,10.);
#3841=VECTOR('',#13692,10.);
#3842=VECTOR('',#13693,10.);
#3843=VECTOR('',#13694,10.);
#3844=VECTOR('',#13695,10.);
#3845=VECTOR('',#13696,10.);
#3846=VECTOR('',#13697,10.);
#3847=VECTOR('',#13698,10.);
#3848=VECTOR('',#13699,10.);
#3849=VECTOR('',#13700,10.);
#3850=VECTOR('',#13701,10.);
#3851=VECTOR('',#13702,10.);
#3852=VECTOR('',#13703,10.);
#3853=VECTOR('',#13706,10.);
#3854=VECTOR('',#13707,10.);
#3855=VECTOR('',#13708,10.);
#3856=VECTOR('',#13709,10.);
#3857=VECTOR('',#13712,10.);
#3858=VECTOR('',#13713,10.);
#3859=VECTOR('',#13714,10.);
#3860=VECTOR('',#13715,10.);
#3861=VECTOR('',#13718,10.);
#3862=VECTOR('',#13719,10.);
#3863=VECTOR('',#13724,1.75);
#3864=VECTOR('',#13735,1.75);
#3865=VECTOR('',#13746,1.75);
#3866=VECTOR('',#13757,1.2);
#3867=VECTOR('',#13762,1.2);
#3868=VECTOR('',#13767,1.2);
#3869=VECTOR('',#13772,2.1);
#3870=VECTOR('',#13781,2.1);
#3871=VECTOR('',#13790,2.1);
#3872=VECTOR('',#13799,1.75);
#3873=VECTOR('',#13810,1.75000000000001);
#3874=VECTOR('',#13821,1.75);
#3875=VECTOR('',#13832,1.75);
#3876=VECTOR('',#13843,1.2);
#3877=VECTOR('',#13848,1.19999999999999);
#3878=VECTOR('',#13853,1.2);
#3879=VECTOR('',#13856,10.);
#3880=VECTOR('',#13859,10.);
#3881=VECTOR('',#13864,1.2);
#3882=VECTOR('',#13867,10.);
#3883=VECTOR('',#13870,10.);
#3884=VECTOR('',#13873,10.);
#3885=VECTOR('',#13874,10.);
#3886=VECTOR('',#13875,10.);
#3887=VECTOR('',#13876,10.);
#3888=VECTOR('',#13881,2.1);
#3889=VECTOR('',#13890,2.10000000000001);
#3890=VECTOR('',#13899,2.1);
#3891=VECTOR('',#13908,2.1);
#3892=VECTOR('',#13915,10.);
#3893=VECTOR('',#13916,10.);
#3894=VECTOR('',#13917,10.);
#3895=VECTOR('',#13920,10.);
#3896=VECTOR('',#13921,10.);
#3897=VECTOR('',#13922,10.);
#3898=VECTOR('',#13923,10.);
#3899=VECTOR('',#13924,10.);
#3900=VECTOR('',#13925,10.);
#3901=VECTOR('',#13926,10.);
#3902=VECTOR('',#13927,10.);
#3903=VECTOR('',#13928,10.);
#3904=VECTOR('',#13929,10.);
#3905=VECTOR('',#13930,10.);
#3906=VECTOR('',#13931,10.);
#3907=VECTOR('',#13934,10.);
#3908=VECTOR('',#13935,10.);
#3909=VECTOR('',#13936,10.);
#3910=VECTOR('',#13937,10.);
#3911=VECTOR('',#13940,10.);
#3912=VECTOR('',#13941,10.);
#3913=VECTOR('',#13942,10.);
#3914=VECTOR('',#13943,10.);
#3915=VECTOR('',#13944,10.);
#3916=VECTOR('',#13945,10.);
#3917=VECTOR('',#13946,10.);
#3918=VECTOR('',#13947,10.);
#3919=VECTOR('',#13948,10.);
#3920=VECTOR('',#13949,10.);
#3921=VECTOR('',#13950,10.);
#3922=VECTOR('',#13951,10.);
#3923=VECTOR('',#13952,10.);
#3924=VECTOR('',#13953,10.);
#3925=VECTOR('',#13954,10.);
#3926=VECTOR('',#13955,10.);
#3927=VECTOR('',#13956,10.);
#3928=VECTOR('',#13957,10.);
#3929=VECTOR('',#13958,10.);
#3930=VECTOR('',#13959,10.);
#3931=VECTOR('',#13960,10.);
#3932=VECTOR('',#13961,10.);
#3933=VECTOR('',#13962,10.);
#3934=VECTOR('',#13965,10.);
#3935=VECTOR('',#13966,10.);
#3936=VECTOR('',#13967,10.);
#3937=VECTOR('',#13970,10.);
#3938=VECTOR('',#13971,10.);
#3939=VECTOR('',#13972,10.);
#3940=VECTOR('',#13973,10.);
#3941=VECTOR('',#13974,10.);
#3942=VECTOR('',#13975,10.);
#3943=VECTOR('',#13976,10.);
#3944=VECTOR('',#13977,10.);
#3945=VECTOR('',#13978,10.);
#3946=VECTOR('',#13979,10.);
#3947=VECTOR('',#13980,10.);
#3948=VECTOR('',#13981,10.);
#3949=VECTOR('',#13982,10.);
#3950=VECTOR('',#13983,10.);
#3951=VECTOR('',#13984,10.);
#3952=VECTOR('',#13987,10.);
#3953=VECTOR('',#13988,10.);
#3954=VECTOR('',#13989,10.);
#3955=VECTOR('',#13992,10.);
#3956=VECTOR('',#13993,10.);
#3957=VECTOR('',#13994,10.);
#3958=VECTOR('',#13995,10.);
#3959=VECTOR('',#13998,10.);
#3960=VECTOR('',#13999,10.);
#3961=VECTOR('',#14000,10.);
#3962=VECTOR('',#14001,10.);
#3963=VECTOR('',#14004,10.);
#3964=VECTOR('',#14005,10.);
#3965=VECTOR('',#14006,10.);
#3966=VECTOR('',#14009,10.);
#3967=VECTOR('',#14010,10.);
#3968=VECTOR('',#14011,10.);
#3969=VECTOR('',#14014,10.);
#3970=VECTOR('',#14015,10.);
#3971=VECTOR('',#14016,10.);
#3972=VECTOR('',#14019,10.);
#3973=VECTOR('',#14020,10.);
#3974=VECTOR('',#14021,10.);
#3975=VECTOR('',#14024,10.);
#3976=VECTOR('',#14025,10.);
#3977=VECTOR('',#14026,10.);
#3978=VECTOR('',#14029,10.);
#3979=VECTOR('',#14030,10.);
#3980=VECTOR('',#14031,10.);
#3981=VECTOR('',#14032,10.);
#3982=VECTOR('',#14039,10.);
#3983=VECTOR('',#14040,10.);
#3984=VECTOR('',#14041,10.);
#3985=VECTOR('',#14042,10.);
#3986=VECTOR('',#14045,10.);
#3987=VECTOR('',#14046,10.);
#3988=VECTOR('',#14047,10.);
#3989=VECTOR('',#14050,10.);
#3990=VECTOR('',#14051,10.);
#3991=VECTOR('',#14052,10.);
#3992=VECTOR('',#14057,10.);
#3993=VECTOR('',#14058,10.);
#3994=VECTOR('',#14059,10.);
#3995=VECTOR('',#14062,10.);
#3996=VECTOR('',#14063,10.);
#3997=VECTOR('',#14064,10.);
#3998=VECTOR('',#14065,10.);
#3999=VECTOR('',#14066,10.);
#4000=VECTOR('',#14067,10.);
#4001=VECTOR('',#14072,10.);
#4002=VECTOR('',#14073,10.);
#4003=VECTOR('',#14076,10.);
#4004=VECTOR('',#14077,10.);
#4005=VECTOR('',#14078,10.);
#4006=VECTOR('',#14079,10.);
#4007=VECTOR('',#14082,10.);
#4008=VECTOR('',#14083,10.);
#4009=VECTOR('',#14084,10.);
#4010=VECTOR('',#14087,10.);
#4011=VECTOR('',#14088,10.);
#4012=VECTOR('',#14089,10.);
#4013=VECTOR('',#14092,10.);
#4014=VECTOR('',#14093,10.);
#4015=VECTOR('',#14094,10.);
#4016=VECTOR('',#14097,10.);
#4017=VECTOR('',#14098,10.);
#4018=VECTOR('',#14099,10.);
#4019=VECTOR('',#14100,10.);
#4020=VECTOR('',#14103,10.);
#4021=VECTOR('',#14106,10.);
#4022=VECTOR('',#14107,10.);
#4023=VECTOR('',#14108,10.);
#4024=VECTOR('',#14109,10.);
#4025=VECTOR('',#14112,10.);
#4026=VECTOR('',#14113,10.);
#4027=VECTOR('',#14114,10.);
#4028=VECTOR('',#14115,10.);
#4029=VECTOR('',#14116,10.);
#4030=VECTOR('',#14117,10.);
#4031=VECTOR('',#14118,10.);
#4032=VECTOR('',#14119,10.);
#4033=VECTOR('',#14122,10.);
#4034=VECTOR('',#14123,10.);
#4035=VECTOR('',#14124,10.);
#4036=VECTOR('',#14127,10.);
#4037=VECTOR('',#14128,10.);
#4038=VECTOR('',#14129,10.);
#4039=VECTOR('',#14130,10.);
#4040=VECTOR('',#14131,10.);
#4041=VECTOR('',#14132,10.);
#4042=VECTOR('',#14135,10.);
#4043=VECTOR('',#14136,10.);
#4044=VECTOR('',#14137,10.);
#4045=VECTOR('',#14138,10.);
#4046=VECTOR('',#14139,10.);
#4047=VECTOR('',#14140,10.);
#4048=VECTOR('',#14143,10.);
#4049=VECTOR('',#14144,10.);
#4050=VECTOR('',#14147,10.);
#4051=VECTOR('',#14148,10.);
#4052=VECTOR('',#14149,10.);
#4053=VECTOR('',#14150,10.);
#4054=VECTOR('',#14151,10.);
#4055=VECTOR('',#14152,10.);
#4056=VECTOR('',#14157,10.);
#4057=VECTOR('',#14158,10.);
#4058=VECTOR('',#14159,10.);
#4059=VECTOR('',#14160,10.);
#4060=VECTOR('',#14161,10.);
#4061=VECTOR('',#14164,10.);
#4062=VECTOR('',#14165,10.);
#4063=VECTOR('',#14170,10.);
#4064=VECTOR('',#14171,10.);
#4065=VECTOR('',#14176,10.);
#4066=VECTOR('',#14179,10.);
#4067=VECTOR('',#14180,10.);
#4068=VECTOR('',#14181,10.);
#4069=VECTOR('',#14182,10.);
#4070=VECTOR('',#14183,10.);
#4071=VECTOR('',#14184,10.);
#4072=VECTOR('',#14185,10.);
#4073=VECTOR('',#14188,10.);
#4074=VECTOR('',#14193,10.);
#4075=VECTOR('',#14198,10.);
#4076=VECTOR('',#14199,10.);
#4077=VECTOR('',#14200,10.);
#4078=VECTOR('',#14201,10.);
#4079=VECTOR('',#14204,10.);
#4080=VECTOR('',#14207,10.);
#4081=VECTOR('',#14220,10.);
#4082=VECTOR('',#14223,10.);
#4083=VECTOR('',#14224,10.);
#4084=VECTOR('',#14227,10.);
#4085=VECTOR('',#14228,10.);
#4086=VECTOR('',#14229,10.);
#4087=VECTOR('',#14230,10.);
#4088=VECTOR('',#14231,10.);
#4089=VECTOR('',#14232,10.);
#4090=VECTOR('',#14235,10.);
#4091=VECTOR('',#14236,10.);
#4092=VECTOR('',#14237,10.);
#4093=VECTOR('',#14238,10.);
#4094=VECTOR('',#14239,10.);
#4095=VECTOR('',#14240,10.);
#4096=VECTOR('',#14241,10.);
#4097=VECTOR('',#14242,10.);
#4098=VECTOR('',#14243,10.);
#4099=VECTOR('',#14244,10.);
#4100=VECTOR('',#14245,10.);
#4101=VECTOR('',#14246,10.);
#4102=VECTOR('',#14247,10.);
#4103=VECTOR('',#14248,10.);
#4104=VECTOR('',#14249,10.);
#4105=VECTOR('',#14250,10.);
#4106=VECTOR('',#14251,10.);
#4107=VECTOR('',#14252,10.);
#4108=VECTOR('',#14253,10.);
#4109=VECTOR('',#14254,10.);
#4110=VECTOR('',#14257,10.);
#4111=VECTOR('',#14258,10.);
#4112=VECTOR('',#14259,10.);
#4113=VECTOR('',#14260,10.);
#4114=VECTOR('',#14261,10.);
#4115=VECTOR('',#14266,10.);
#4116=VECTOR('',#14271,10.);
#4117=VECTOR('',#14276,10.);
#4118=VECTOR('',#14281,10.);
#4119=VECTOR('',#14284,10.);
#4120=VECTOR('',#14285,10.);
#4121=VECTOR('',#14288,10.);
#4122=VECTOR('',#14289,10.);
#4123=VECTOR('',#14290,10.);
#4124=VECTOR('',#14291,10.);
#4125=VECTOR('',#14292,10.);
#4126=VECTOR('',#14293,10.);
#4127=VECTOR('',#14298,10.);
#4128=VECTOR('',#14301,10.);
#4129=VECTOR('',#14306,10.);
#4130=VECTOR('',#14307,10.);
#4131=VECTOR('',#14310,10.);
#4132=VECTOR('',#14313,10.);
#4133=VECTOR('',#14314,10.);
#4134=VECTOR('',#14315,10.);
#4135=VECTOR('',#14318,10.);
#4136=VECTOR('',#14319,10.);
#4137=VECTOR('',#14320,10.);
#4138=VECTOR('',#14321,10.);
#4139=VECTOR('',#14322,10.);
#4140=VECTOR('',#14325,10.);
#4141=VECTOR('',#14326,10.);
#4142=VECTOR('',#14327,10.);
#4143=VECTOR('',#14328,10.);
#4144=VECTOR('',#14329,10.);
#4145=VECTOR('',#14330,10.);
#4146=VECTOR('',#14331,10.);
#4147=VECTOR('',#14334,10.);
#4148=VECTOR('',#14335,10.);
#4149=VECTOR('',#14336,10.);
#4150=VECTOR('',#14337,10.);
#4151=VECTOR('',#14338,10.);
#4152=VECTOR('',#14339,10.);
#4153=VECTOR('',#14340,10.);
#4154=VECTOR('',#14345,10.);
#4155=VECTOR('',#14350,10.);
#4156=VECTOR('',#14351,10.);
#4157=VECTOR('',#14352,10.);
#4158=VECTOR('',#14353,10.);
#4159=VECTOR('',#14356,10.);
#4160=VECTOR('',#14357,10.);
#4161=VECTOR('',#14360,10.);
#4162=VECTOR('',#14361,10.);
#4163=VECTOR('',#14362,10.);
#4164=VECTOR('',#14365,10.);
#4165=VECTOR('',#14366,10.);
#4166=VECTOR('',#14367,10.);
#4167=VECTOR('',#14368,10.);
#4168=VECTOR('',#14369,10.);
#4169=VECTOR('',#14370,10.);
#4170=VECTOR('',#14373,10.);
#4171=VECTOR('',#14374,10.);
#4172=VECTOR('',#14375,10.);
#4173=VECTOR('',#14376,10.);
#4174=VECTOR('',#14377,10.);
#4175=VECTOR('',#14378,10.);
#4176=VECTOR('',#14381,10.);
#4177=VECTOR('',#14382,10.);
#4178=VECTOR('',#14383,10.);
#4179=VECTOR('',#14384,10.);
#4180=VECTOR('',#14385,10.);
#4181=VECTOR('',#14386,10.);
#4182=VECTOR('',#14387,10.);
#4183=VECTOR('',#14392,10.);
#4184=VECTOR('',#14397,10.);
#4185=VECTOR('',#14398,10.);
#4186=VECTOR('',#14401,10.);
#4187=VECTOR('',#14406,10.);
#4188=VECTOR('',#14409,10.);
#4189=VECTOR('',#14410,10.);
#4190=VECTOR('',#14411,10.);
#4191=VECTOR('',#14412,10.);
#4192=VECTOR('',#14413,10.);
#4193=VECTOR('',#14414,10.);
#4194=VECTOR('',#14417,10.);
#4195=VECTOR('',#14418,10.);
#4196=VECTOR('',#14419,10.);
#4197=VECTOR('',#14420,10.);
#4198=VECTOR('',#14421,10.);
#4199=VECTOR('',#14424,10.);
#4200=VECTOR('',#14425,10.);
#4201=VECTOR('',#14432,10.);
#4202=VECTOR('',#14433,10.);
#4203=VECTOR('',#14436,10.);
#4204=VECTOR('',#14447,10.);
#4205=VECTOR('',#14448,10.);
#4206=VECTOR('',#14449,10.);
#4207=VECTOR('',#14450,10.);
#4208=VECTOR('',#14451,10.);
#4209=VECTOR('',#14452,10.);
#4210=VECTOR('',#14455,10.);
#4211=VECTOR('',#14456,10.);
#4212=VECTOR('',#14459,10.);
#4213=VECTOR('',#14460,10.);
#4214=VECTOR('',#14461,10.);
#4215=VECTOR('',#14468,10.);
#4216=VECTOR('',#14469,10.);
#4217=VECTOR('',#14472,10.);
#4218=VECTOR('',#14473,10.);
#4219=VECTOR('',#14474,10.);
#4220=VECTOR('',#14475,10.);
#4221=VECTOR('',#14476,10.);
#4222=VECTOR('',#14479,10.);
#4223=VECTOR('',#14482,10.);
#4224=VECTOR('',#14485,10.);
#4225=VECTOR('',#14486,10.);
#4226=VECTOR('',#14487,10.);
#4227=VECTOR('',#14488,10.);
#4228=VECTOR('',#14489,10.);
#4229=VECTOR('',#14490,10.);
#4230=VECTOR('',#14493,10.);
#4231=VECTOR('',#14494,10.);
#4232=VECTOR('',#14497,10.);
#4233=VECTOR('',#14498,10.);
#4234=VECTOR('',#14499,10.);
#4235=VECTOR('',#14500,10.);
#4236=VECTOR('',#14501,10.);
#4237=VECTOR('',#14504,10.);
#4238=VECTOR('',#14505,10.);
#4239=VECTOR('',#14506,10.);
#4240=VECTOR('',#14507,10.);
#4241=VECTOR('',#14510,10.);
#4242=VECTOR('',#14511,10.);
#4243=VECTOR('',#14512,10.);
#4244=VECTOR('',#14513,10.);
#4245=VECTOR('',#14516,10.);
#4246=VECTOR('',#14517,10.);
#4247=VECTOR('',#14520,10.);
#4248=VECTOR('',#14521,10.);
#4249=VECTOR('',#14522,10.);
#4250=VECTOR('',#14525,10.);
#4251=VECTOR('',#14530,10.);
#4252=VECTOR('',#14531,10.);
#4253=VECTOR('',#14532,10.);
#4254=VECTOR('',#14533,10.);
#4255=VECTOR('',#14536,10.);
#4256=VECTOR('',#14537,10.);
#4257=VECTOR('',#14538,10.);
#4258=VECTOR('',#14539,10.);
#4259=VECTOR('',#14540,10.);
#4260=VECTOR('',#14541,10.);
#4261=VECTOR('',#14544,10.);
#4262=VECTOR('',#14547,10.);
#4263=VECTOR('',#14550,10.);
#4264=VECTOR('',#14551,10.);
#4265=VECTOR('',#14552,10.);
#4266=VECTOR('',#14553,10.);
#4267=VECTOR('',#14554,10.);
#4268=VECTOR('',#14555,10.);
#4269=VECTOR('',#14556,10.);
#4270=VECTOR('',#14557,10.);
#4271=VECTOR('',#14558,10.);
#4272=VECTOR('',#14559,10.);
#4273=VECTOR('',#14562,10.);
#4274=VECTOR('',#14563,10.);
#4275=VECTOR('',#14564,10.);
#4276=VECTOR('',#14565,10.);
#4277=VECTOR('',#14566,10.);
#4278=VECTOR('',#14567,10.);
#4279=VECTOR('',#14568,10.);
#4280=VECTOR('',#14569,10.);
#4281=VECTOR('',#14570,10.);
#4282=VECTOR('',#14571,10.);
#4283=VECTOR('',#14572,10.);
#4284=VECTOR('',#14575,10.);
#4285=VECTOR('',#14576,10.);
#4286=VECTOR('',#14577,10.);
#4287=VECTOR('',#14578,10.);
#4288=VECTOR('',#14579,10.);
#4289=VECTOR('',#14580,10.);
#4290=VECTOR('',#14581,10.);
#4291=VECTOR('',#14582,10.);
#4292=VECTOR('',#14583,10.);
#4293=VECTOR('',#14584,10.);
#4294=VECTOR('',#14585,10.);
#4295=VECTOR('',#14586,10.);
#4296=VECTOR('',#14587,10.);
#4297=VECTOR('',#14590,10.);
#4298=VECTOR('',#14591,10.);
#4299=VECTOR('',#14592,10.);
#4300=VECTOR('',#14593,10.);
#4301=VECTOR('',#14594,10.);
#4302=VECTOR('',#14595,10.);
#4303=VECTOR('',#14596,10.);
#4304=VECTOR('',#14599,10.);
#4305=VECTOR('',#14600,10.);
#4306=VECTOR('',#14601,10.);
#4307=VECTOR('',#14604,10.);
#4308=VECTOR('',#14605,10.);
#4309=VECTOR('',#14608,10.);
#4310=VECTOR('',#14609,10.);
#4311=VECTOR('',#14610,10.);
#4312=VECTOR('',#14613,10.);
#4313=VECTOR('',#14614,10.);
#4314=VECTOR('',#14617,10.);
#4315=VECTOR('',#14618,10.);
#4316=VECTOR('',#14621,10.);
#4317=VECTOR('',#14624,10.);
#4318=VECTOR('',#14625,10.);
#4319=VECTOR('',#14628,10.);
#4320=VECTOR('',#14629,10.);
#4321=VECTOR('',#14630,10.);
#4322=VECTOR('',#14631,10.);
#4323=VECTOR('',#14632,10.);
#4324=VECTOR('',#14633,10.);
#4325=VECTOR('',#14634,10.);
#4326=VECTOR('',#14635,10.);
#4327=VECTOR('',#14636,10.);
#4328=VECTOR('',#14637,10.);
#4329=VECTOR('',#14638,10.);
#4330=VECTOR('',#14639,10.);
#4331=VECTOR('',#14640,10.);
#4332=VECTOR('',#14641,10.);
#4333=VECTOR('',#14644,10.);
#4334=VECTOR('',#14645,10.);
#4335=VECTOR('',#14646,10.);
#4336=VECTOR('',#14647,10.);
#4337=VECTOR('',#14650,10.);
#4338=VECTOR('',#14651,10.);
#4339=VECTOR('',#14652,10.);
#4340=VECTOR('',#14653,10.);
#4341=VECTOR('',#14658,10.);
#4342=VECTOR('',#14659,10.);
#4343=VECTOR('',#14660,10.);
#4344=VECTOR('',#14661,10.);
#4345=VECTOR('',#14662,10.);
#4346=VECTOR('',#14663,10.);
#4347=VECTOR('',#14664,10.);
#4348=VECTOR('',#14667,10.);
#4349=VECTOR('',#14668,10.);
#4350=VECTOR('',#14671,10.);
#4351=VECTOR('',#14672,10.);
#4352=VECTOR('',#14677,10.);
#4353=VECTOR('',#14678,10.);
#4354=VECTOR('',#14681,3.5);
#4355=VECTOR('',#14684,10.);
#4356=VECTOR('',#14689,10.);
#4357=VECTOR('',#14694,10.);
#4358=VECTOR('',#14695,10.);
#4359=VECTOR('',#14696,10.);
#4360=VECTOR('',#14697,10.);
#4361=VECTOR('',#14700,10.);
#4362=VECTOR('',#14701,10.);
#4363=VECTOR('',#14704,10.);
#4364=VECTOR('',#14707,10.);
#4365=VECTOR('',#14708,10.);
#4366=VECTOR('',#14709,10.);
#4367=VECTOR('',#14710,10.);
#4368=VECTOR('',#14711,10.);
#4369=VECTOR('',#14712,10.);
#4370=VECTOR('',#14713,10.);
#4371=VECTOR('',#14714,10.);
#4372=VECTOR('',#14715,10.);
#4373=VECTOR('',#14716,10.);
#4374=VECTOR('',#14717,10.);
#4375=VECTOR('',#14718,10.);
#4376=VECTOR('',#14721,10.);
#4377=VECTOR('',#14724,10.);
#4378=VECTOR('',#14725,10.);
#4379=VECTOR('',#14726,10.);
#4380=VECTOR('',#14727,10.);
#4381=VECTOR('',#14728,10.);
#4382=VECTOR('',#14729,10.);
#4383=VECTOR('',#14730,10.);
#4384=VECTOR('',#14731,10.);
#4385=VECTOR('',#14732,10.);
#4386=VECTOR('',#14733,10.);
#4387=VECTOR('',#14734,10.);
#4388=VECTOR('',#14739,10.);
#4389=VECTOR('',#14740,10.);
#4390=VECTOR('',#14741,10.);
#4391=VECTOR('',#14742,10.);
#4392=VECTOR('',#14743,10.);
#4393=VECTOR('',#14744,10.);
#4394=VECTOR('',#14745,10.);
#4395=VECTOR('',#14746,10.);
#4396=VECTOR('',#14747,10.);
#4397=VECTOR('',#14748,10.);
#4398=VECTOR('',#14749,10.);
#4399=VECTOR('',#14750,10.);
#4400=VECTOR('',#14751,10.);
#4401=VECTOR('',#14752,10.);
#4402=VECTOR('',#14753,10.);
#4403=VECTOR('',#14754,10.);
#4404=VECTOR('',#14755,10.);
#4405=VECTOR('',#14756,10.);
#4406=VECTOR('',#14757,10.);
#4407=VECTOR('',#14758,10.);
#4408=VECTOR('',#14759,10.);
#4409=VECTOR('',#14760,10.);
#4410=VECTOR('',#14761,10.);
#4411=VECTOR('',#14762,10.);
#4412=VECTOR('',#14763,10.);
#4413=VECTOR('',#14764,10.);
#4414=VECTOR('',#14765,10.);
#4415=VECTOR('',#14766,10.);
#4416=VECTOR('',#14767,10.);
#4417=VECTOR('',#14768,10.);
#4418=VECTOR('',#14769,10.);
#4419=VECTOR('',#14770,10.);
#4420=VECTOR('',#14771,10.);
#4421=VECTOR('',#14772,10.);
#4422=VECTOR('',#14773,10.);
#4423=VECTOR('',#14774,10.);
#4424=VECTOR('',#14775,10.);
#4425=VECTOR('',#14776,10.);
#4426=VECTOR('',#14777,10.);
#4427=VECTOR('',#14780,10.);
#4428=VECTOR('',#14781,10.);
#4429=VECTOR('',#14782,10.);
#4430=VECTOR('',#14783,10.);
#4431=VECTOR('',#14784,10.);
#4432=VECTOR('',#14785,10.);
#4433=VECTOR('',#14786,10.);
#4434=VECTOR('',#14787,10.);
#4435=VECTOR('',#14788,10.);
#4436=VECTOR('',#14789,10.);
#4437=VECTOR('',#14790,10.);
#4438=VECTOR('',#14791,10.);
#4439=VECTOR('',#14792,10.);
#4440=VECTOR('',#14793,10.);
#4441=VECTOR('',#14794,10.);
#4442=VECTOR('',#14795,10.);
#4443=VECTOR('',#14796,10.);
#4444=VECTOR('',#14797,10.);
#4445=VECTOR('',#14798,10.);
#4446=VECTOR('',#14799,10.);
#4447=VECTOR('',#14800,10.);
#4448=VECTOR('',#14801,10.);
#4449=VECTOR('',#14802,10.);
#4450=VECTOR('',#14803,10.);
#4451=VECTOR('',#14804,10.);
#4452=VECTOR('',#14805,10.);
#4453=VECTOR('',#14806,10.);
#4454=VECTOR('',#14807,10.);
#4455=VECTOR('',#14808,10.);
#4456=VECTOR('',#14809,10.);
#4457=VECTOR('',#14810,10.);
#4458=VECTOR('',#14811,10.);
#4459=VECTOR('',#14812,10.);
#4460=VECTOR('',#14813,10.);
#4461=VECTOR('',#14814,10.);
#4462=VECTOR('',#14815,10.);
#4463=VECTOR('',#14816,10.);
#4464=VECTOR('',#14817,10.);
#4465=VECTOR('',#14818,10.);
#4466=VECTOR('',#14819,10.);
#4467=VECTOR('',#14820,10.);
#4468=VECTOR('',#14821,10.);
#4469=VECTOR('',#14822,10.);
#4470=VECTOR('',#14823,10.);
#4471=VECTOR('',#14824,10.);
#4472=VECTOR('',#14825,10.);
#4473=VECTOR('',#14826,10.);
#4474=VECTOR('',#14827,10.);
#4475=VECTOR('',#14828,10.);
#4476=VECTOR('',#14829,10.);
#4477=VECTOR('',#14830,10.);
#4478=VECTOR('',#14831,10.);
#4479=VECTOR('',#14832,10.);
#4480=VECTOR('',#14833,10.);
#4481=VECTOR('',#14834,10.);
#4482=VECTOR('',#14835,10.);
#4483=VECTOR('',#14836,10.);
#4484=VECTOR('',#14837,10.);
#4485=VECTOR('',#14838,10.);
#4486=VECTOR('',#14839,10.);
#4487=VECTOR('',#14840,10.);
#4488=VECTOR('',#14841,10.);
#4489=VECTOR('',#14842,10.);
#4490=VECTOR('',#14843,10.);
#4491=VECTOR('',#14844,10.);
#4492=VECTOR('',#14845,10.);
#4493=VECTOR('',#14846,10.);
#4494=VECTOR('',#14847,10.);
#4495=VECTOR('',#14848,10.);
#4496=VECTOR('',#14849,10.);
#4497=VECTOR('',#14850,10.);
#4498=VECTOR('',#14851,10.);
#4499=VECTOR('',#14852,10.);
#4500=VECTOR('',#14853,10.);
#4501=VECTOR('',#14854,10.);
#4502=VECTOR('',#14855,10.);
#4503=VECTOR('',#14856,10.);
#4504=VECTOR('',#14857,10.);
#4505=VECTOR('',#14858,10.);
#4506=VECTOR('',#14859,10.);
#4507=VECTOR('',#14860,10.);
#4508=VECTOR('',#14861,10.);
#4509=VECTOR('',#14862,10.);
#4510=VECTOR('',#14863,10.);
#4511=VECTOR('',#14864,10.);
#4512=VECTOR('',#14865,10.);
#4513=VECTOR('',#14866,10.);
#4514=VECTOR('',#14867,10.);
#4515=VECTOR('',#14868,10.);
#4516=VECTOR('',#14869,10.);
#4517=VECTOR('',#14870,10.);
#4518=VECTOR('',#14871,10.);
#4519=VECTOR('',#14872,10.);
#4520=VECTOR('',#14873,10.);
#4521=VECTOR('',#14874,10.);
#4522=VECTOR('',#14875,10.);
#4523=VECTOR('',#14876,10.);
#4524=VECTOR('',#14877,10.);
#4525=VECTOR('',#14878,10.);
#4526=VECTOR('',#14879,10.);
#4527=VECTOR('',#14880,10.);
#4528=VECTOR('',#14881,10.);
#4529=VECTOR('',#14882,10.);
#4530=VECTOR('',#14883,10.);
#4531=VECTOR('',#14884,10.);
#4532=VECTOR('',#14885,10.);
#4533=VECTOR('',#14886,10.);
#4534=VECTOR('',#14887,10.);
#4535=VECTOR('',#14888,10.);
#4536=VECTOR('',#14889,10.);
#4537=VECTOR('',#14890,10.);
#4538=VECTOR('',#14891,10.);
#4539=VECTOR('',#14892,10.);
#4540=VECTOR('',#14893,10.);
#4541=VECTOR('',#14894,10.);
#4542=VECTOR('',#14895,10.);
#4543=VECTOR('',#14896,10.);
#4544=VECTOR('',#14897,10.);
#4545=VECTOR('',#14898,10.);
#4546=VECTOR('',#14899,10.);
#4547=VECTOR('',#14900,10.);
#4548=VECTOR('',#14901,10.);
#4549=VECTOR('',#14902,10.);
#4550=VECTOR('',#14903,10.);
#4551=VECTOR('',#14904,10.);
#4552=VECTOR('',#14905,10.);
#4553=VECTOR('',#14906,10.);
#4554=VECTOR('',#14907,10.);
#4555=VECTOR('',#14908,10.);
#4556=VECTOR('',#14909,10.);
#4557=VECTOR('',#14910,10.);
#4558=VECTOR('',#14911,10.);
#4559=VECTOR('',#14912,10.);
#4560=VECTOR('',#14913,10.);
#4561=VECTOR('',#14914,10.);
#4562=VECTOR('',#14915,10.);
#4563=VECTOR('',#14916,10.);
#4564=VECTOR('',#14917,10.);
#4565=VECTOR('',#14918,10.);
#4566=VECTOR('',#14919,10.);
#4567=VECTOR('',#14920,10.);
#4568=VECTOR('',#14921,10.);
#4569=VECTOR('',#14922,10.);
#4570=VECTOR('',#14923,10.);
#4571=VECTOR('',#14924,10.);
#4572=VECTOR('',#14925,10.);
#4573=VECTOR('',#14926,10.);
#4574=VECTOR('',#14927,10.);
#4575=VECTOR('',#14928,10.);
#4576=VECTOR('',#14929,10.);
#4577=VECTOR('',#14930,10.);
#4578=VECTOR('',#14931,10.);
#4579=VECTOR('',#14932,10.);
#4580=VECTOR('',#14933,10.);
#4581=VECTOR('',#14934,10.);
#4582=VECTOR('',#14935,10.);
#4583=VECTOR('',#14936,10.);
#4584=VECTOR('',#14937,10.);
#4585=VECTOR('',#14938,10.);
#4586=VECTOR('',#14939,10.);
#4587=VECTOR('',#14940,10.);
#4588=VECTOR('',#14941,10.);
#4589=VECTOR('',#14942,10.);
#4590=VECTOR('',#14943,10.);
#4591=VECTOR('',#14944,10.);
#4592=VECTOR('',#14945,10.);
#4593=VECTOR('',#14946,10.);
#4594=VECTOR('',#14947,10.);
#4595=VECTOR('',#14948,10.);
#4596=VECTOR('',#14949,10.);
#4597=VECTOR('',#14950,10.);
#4598=VECTOR('',#14951,10.);
#4599=VECTOR('',#14952,10.);
#4600=VECTOR('',#14953,10.);
#4601=VECTOR('',#14954,10.);
#4602=VECTOR('',#14955,10.);
#4603=VECTOR('',#14956,10.);
#4604=VECTOR('',#14957,10.);
#4605=VECTOR('',#14958,10.);
#4606=VECTOR('',#14959,10.);
#4607=VECTOR('',#14960,10.);
#4608=VECTOR('',#14961,10.);
#4609=VECTOR('',#14962,10.);
#4610=VECTOR('',#14963,10.);
#4611=VECTOR('',#14964,10.);
#4612=VECTOR('',#14965,10.);
#4613=VECTOR('',#14966,10.);
#4614=VECTOR('',#14967,10.);
#4615=VECTOR('',#14968,10.);
#4616=VECTOR('',#14969,10.);
#4617=VECTOR('',#14970,10.);
#4618=VECTOR('',#14971,10.);
#4619=VECTOR('',#14972,10.);
#4620=VECTOR('',#14973,10.);
#4621=VECTOR('',#14974,10.);
#4622=VECTOR('',#14975,10.);
#4623=VECTOR('',#14976,10.);
#4624=VECTOR('',#14977,10.);
#4625=VECTOR('',#14978,10.);
#4626=VECTOR('',#14979,10.);
#4627=VECTOR('',#14980,10.);
#4628=VECTOR('',#14981,10.);
#4629=VECTOR('',#14982,10.);
#4630=VECTOR('',#14983,10.);
#4631=VECTOR('',#14984,10.);
#4632=VECTOR('',#14985,10.);
#4633=VECTOR('',#14986,10.);
#4634=VECTOR('',#14987,10.);
#4635=VECTOR('',#14988,10.);
#4636=VECTOR('',#14989,10.);
#4637=VECTOR('',#14990,10.);
#4638=VECTOR('',#14991,10.);
#4639=VECTOR('',#14992,10.);
#4640=VECTOR('',#14993,10.);
#4641=VECTOR('',#14994,10.);
#4642=VECTOR('',#14995,10.);
#4643=VECTOR('',#14996,10.);
#4644=VECTOR('',#14997,10.);
#4645=VECTOR('',#15000,10.);
#4646=VECTOR('',#15001,10.);
#4647=VECTOR('',#15004,10.);
#4648=VECTOR('',#15005,10.);
#4649=VECTOR('',#15008,10.);
#4650=VECTOR('',#15009,10.);
#4651=VECTOR('',#15012,10.);
#4652=VECTOR('',#15013,10.);
#4653=VECTOR('',#15014,10.);
#4654=VECTOR('',#15015,10.);
#4655=VECTOR('',#15018,10.);
#4656=VECTOR('',#15019,10.);
#4657=VECTOR('',#15022,10.);
#4658=VECTOR('',#15023,10.);
#4659=VECTOR('',#15024,10.);
#4660=VECTOR('',#15025,10.);
#4661=VECTOR('',#15026,10.);
#4662=VECTOR('',#15029,10.);
#4663=VECTOR('',#15036,10.);
#4664=VECTOR('',#15039,3.5);
#4665=VECTOR('',#15044,10.);
#4666=VECTOR('',#15045,10.);
#4667=VECTOR('',#15054,10.);
#4668=VECTOR('',#15057,10.);
#4669=VECTOR('',#15058,10.);
#4670=VECTOR('',#15061,10.);
#4671=VECTOR('',#15062,10.);
#4672=VECTOR('',#15063,10.);
#4673=VECTOR('',#15066,10.);
#4674=VECTOR('',#15067,10.);
#4675=VECTOR('',#15070,10.);
#4676=VECTOR('',#15071,10.);
#4677=VECTOR('',#15076,10.);
#4678=VECTOR('',#15077,10.);
#4679=VECTOR('',#15078,10.);
#4680=VECTOR('',#15081,10.);
#4681=VECTOR('',#15082,10.);
#4682=VECTOR('',#15085,10.);
#4683=VECTOR('',#15086,10.);
#4684=VECTOR('',#15087,10.);
#4685=VECTOR('',#15088,10.);
#4686=VECTOR('',#15091,10.);
#4687=VECTOR('',#15094,10.);
#4688=VECTOR('',#15095,10.);
#4689=VECTOR('',#15098,10.);
#4690=VECTOR('',#15099,10.);
#4691=VECTOR('',#15102,10.);
#4692=VECTOR('',#15103,10.);
#4693=VECTOR('',#15104,10.);
#4694=VECTOR('',#15107,10.);
#4695=VECTOR('',#15108,10.);
#4696=VECTOR('',#15111,10.);
#4697=VECTOR('',#15112,10.);
#4698=VECTOR('',#15113,10.);
#4699=VECTOR('',#15114,10.);
#4700=VECTOR('',#15115,10.);
#4701=VECTOR('',#15116,10.);
#4702=VECTOR('',#15117,10.);
#4703=VECTOR('',#15118,10.);
#4704=VECTOR('',#15119,10.);
#4705=VECTOR('',#15120,10.);
#4706=VECTOR('',#15121,10.);
#4707=VECTOR('',#15122,10.);
#4708=VECTOR('',#15123,10.);
#4709=VECTOR('',#15124,10.);
#4710=VECTOR('',#15125,10.);
#4711=VECTOR('',#15126,10.);
#4712=VECTOR('',#15127,10.);
#4713=VECTOR('',#15128,10.);
#4714=VECTOR('',#15129,10.);
#4715=VECTOR('',#15130,10.);
#4716=VECTOR('',#15131,10.);
#4717=VECTOR('',#15134,10.);
#4718=VECTOR('',#15135,10.);
#4719=VECTOR('',#15136,10.);
#4720=VECTOR('',#15137,10.);
#4721=VECTOR('',#15138,10.);
#4722=VECTOR('',#15139,10.);
#4723=VECTOR('',#15140,10.);
#4724=VECTOR('',#15141,10.);
#4725=VECTOR('',#15142,10.);
#4726=VECTOR('',#15143,10.);
#4727=VECTOR('',#15146,10.);
#4728=VECTOR('',#15147,10.);
#4729=VECTOR('',#15148,10.);
#4730=VECTOR('',#15149,10.);
#4731=VECTOR('',#15150,10.);
#4732=VECTOR('',#15151,10.);
#4733=VECTOR('',#15152,10.);
#4734=VECTOR('',#15153,10.);
#4735=VECTOR('',#15154,10.);
#4736=VECTOR('',#15155,10.);
#4737=VECTOR('',#15156,10.);
#4738=VECTOR('',#15157,10.);
#4739=VECTOR('',#15158,10.);
#4740=VECTOR('',#15159,10.);
#4741=VECTOR('',#15160,10.);
#4742=VECTOR('',#15161,10.);
#4743=VECTOR('',#15162,10.);
#4744=VECTOR('',#15163,10.);
#4745=VECTOR('',#15164,10.);
#4746=VECTOR('',#15165,10.);
#4747=VECTOR('',#15166,10.);
#4748=VECTOR('',#15167,10.);
#4749=VECTOR('',#15168,10.);
#4750=VECTOR('',#15169,10.);
#4751=VECTOR('',#15170,10.);
#4752=VECTOR('',#15171,10.);
#4753=VECTOR('',#15172,10.);
#4754=VECTOR('',#15173,10.);
#4755=VECTOR('',#15174,10.);
#4756=VECTOR('',#15175,10.);
#4757=VECTOR('',#15176,10.);
#4758=VECTOR('',#15177,10.);
#4759=VECTOR('',#15178,10.);
#4760=VECTOR('',#15179,10.);
#4761=VECTOR('',#15180,10.);
#4762=VECTOR('',#15181,10.);
#4763=VECTOR('',#15182,10.);
#4764=VECTOR('',#15183,10.);
#4765=VECTOR('',#15184,10.);
#4766=VECTOR('',#15185,10.);
#4767=VECTOR('',#15186,10.);
#4768=VECTOR('',#15187,10.);
#4769=VECTOR('',#15188,10.);
#4770=VECTOR('',#15189,10.);
#4771=VECTOR('',#15190,10.);
#4772=VECTOR('',#15191,10.);
#4773=VECTOR('',#15192,10.);
#4774=VECTOR('',#15193,10.);
#4775=VECTOR('',#15194,10.);
#4776=VECTOR('',#15195,10.);
#4777=VECTOR('',#15196,10.);
#4778=VECTOR('',#15197,10.);
#4779=VECTOR('',#15198,10.);
#4780=VECTOR('',#15199,10.);
#4781=VECTOR('',#15200,10.);
#4782=VECTOR('',#15201,10.);
#4783=VECTOR('',#15202,10.);
#4784=VECTOR('',#15203,10.);
#4785=VECTOR('',#15204,10.);
#4786=VECTOR('',#15205,10.);
#4787=VECTOR('',#15206,10.);
#4788=VECTOR('',#15207,10.);
#4789=VECTOR('',#15208,10.);
#4790=VECTOR('',#15209,10.);
#4791=VECTOR('',#15210,10.);
#4792=VECTOR('',#15211,10.);
#4793=VECTOR('',#15212,10.);
#4794=VECTOR('',#15213,10.);
#4795=VECTOR('',#15214,10.);
#4796=VECTOR('',#15215,10.);
#4797=VECTOR('',#15216,10.);
#4798=VECTOR('',#15217,10.);
#4799=VECTOR('',#15218,10.);
#4800=VECTOR('',#15219,10.);
#4801=VECTOR('',#15220,10.);
#4802=VECTOR('',#15221,10.);
#4803=VECTOR('',#15222,10.);
#4804=VECTOR('',#15223,10.);
#4805=VECTOR('',#15224,10.);
#4806=VECTOR('',#15225,10.);
#4807=VECTOR('',#15226,10.);
#4808=VECTOR('',#15227,10.);
#4809=VECTOR('',#15228,10.);
#4810=VECTOR('',#15229,10.);
#4811=VECTOR('',#15230,10.);
#4812=VECTOR('',#15231,10.);
#4813=VECTOR('',#15232,10.);
#4814=VECTOR('',#15233,10.);
#4815=VECTOR('',#15234,10.);
#4816=VECTOR('',#15235,10.);
#4817=VECTOR('',#15236,10.);
#4818=VECTOR('',#15237,10.);
#4819=VECTOR('',#15238,10.);
#4820=VECTOR('',#15239,10.);
#4821=VECTOR('',#15240,10.);
#4822=VECTOR('',#15241,10.);
#4823=VECTOR('',#15242,10.);
#4824=VECTOR('',#15243,10.);
#4825=VECTOR('',#15244,10.);
#4826=VECTOR('',#15245,10.);
#4827=VECTOR('',#15246,10.);
#4828=VECTOR('',#15247,10.);
#4829=VECTOR('',#15248,10.);
#4830=VECTOR('',#15249,10.);
#4831=VECTOR('',#15250,10.);
#4832=VECTOR('',#15251,10.);
#4833=VECTOR('',#15252,10.);
#4834=VECTOR('',#15253,10.);
#4835=VECTOR('',#15254,10.);
#4836=VECTOR('',#15255,10.);
#4837=VECTOR('',#15256,10.);
#4838=VECTOR('',#15257,10.);
#4839=VECTOR('',#15258,10.);
#4840=VECTOR('',#15259,10.);
#4841=VECTOR('',#15260,10.);
#4842=VECTOR('',#15261,10.);
#4843=VECTOR('',#15262,10.);
#4844=VECTOR('',#15263,10.);
#4845=VECTOR('',#15264,10.);
#4846=VECTOR('',#15265,10.);
#4847=VECTOR('',#15266,10.);
#4848=VECTOR('',#15267,10.);
#4849=VECTOR('',#15268,10.);
#4850=VECTOR('',#15269,10.);
#4851=VECTOR('',#15270,10.);
#4852=VECTOR('',#15271,10.);
#4853=VECTOR('',#15272,10.);
#4854=VECTOR('',#15273,10.);
#4855=VECTOR('',#15274,10.);
#4856=VECTOR('',#15275,10.);
#4857=VECTOR('',#15276,10.);
#4858=VECTOR('',#15277,10.);
#4859=VECTOR('',#15278,10.);
#4860=VECTOR('',#15279,10.);
#4861=VECTOR('',#15280,10.);
#4862=VECTOR('',#15281,10.);
#4863=VECTOR('',#15282,10.);
#4864=VECTOR('',#15283,10.);
#4865=VECTOR('',#15284,10.);
#4866=VECTOR('',#15285,10.);
#4867=VECTOR('',#15286,10.);
#4868=VECTOR('',#15287,10.);
#4869=VECTOR('',#15288,10.);
#4870=VECTOR('',#15289,10.);
#4871=VECTOR('',#15290,10.);
#4872=VECTOR('',#15291,10.);
#4873=VECTOR('',#15292,10.);
#4874=VECTOR('',#15293,10.);
#4875=VECTOR('',#15294,10.);
#4876=VECTOR('',#15295,10.);
#4877=VECTOR('',#15296,10.);
#4878=VECTOR('',#15297,10.);
#4879=VECTOR('',#15298,10.);
#4880=VECTOR('',#15299,10.);
#4881=VECTOR('',#15300,10.);
#4882=VECTOR('',#15301,10.);
#4883=VECTOR('',#15302,10.);
#4884=VECTOR('',#15303,10.);
#4885=VECTOR('',#15304,10.);
#4886=VECTOR('',#15305,10.);
#4887=VECTOR('',#15306,10.);
#4888=VECTOR('',#15307,10.);
#4889=VECTOR('',#15308,10.);
#4890=VECTOR('',#15309,10.);
#4891=VECTOR('',#15310,10.);
#4892=VECTOR('',#15311,10.);
#4893=VECTOR('',#15312,10.);
#4894=VECTOR('',#15313,10.);
#4895=VECTOR('',#15314,10.);
#4896=VECTOR('',#15315,10.);
#4897=VECTOR('',#15316,10.);
#4898=VECTOR('',#15317,10.);
#4899=VECTOR('',#15318,10.);
#4900=VECTOR('',#15319,10.);
#4901=VECTOR('',#15320,10.);
#4902=VECTOR('',#15321,10.);
#4903=VECTOR('',#15322,10.);
#4904=VECTOR('',#15323,10.);
#4905=VECTOR('',#15324,10.);
#4906=VECTOR('',#15325,10.);
#4907=VECTOR('',#15326,10.);
#4908=VECTOR('',#15327,10.);
#4909=VECTOR('',#15328,10.);
#4910=VECTOR('',#15329,10.);
#4911=VECTOR('',#15330,10.);
#4912=VECTOR('',#15331,10.);
#4913=VECTOR('',#15332,10.);
#4914=VECTOR('',#15333,10.);
#4915=VECTOR('',#15334,10.);
#4916=VECTOR('',#15335,10.);
#4917=VECTOR('',#15336,10.);
#4918=VECTOR('',#15337,10.);
#4919=VECTOR('',#15338,10.);
#4920=VECTOR('',#15339,10.);
#4921=VECTOR('',#15340,10.);
#4922=VECTOR('',#15341,10.);
#4923=VECTOR('',#15342,10.);
#4924=VECTOR('',#15343,10.);
#4925=VECTOR('',#15344,10.);
#4926=VECTOR('',#15345,10.);
#4927=VECTOR('',#15346,10.);
#4928=VECTOR('',#15347,10.);
#4929=VECTOR('',#15348,10.);
#4930=VECTOR('',#15349,10.);
#4931=VECTOR('',#15350,10.);
#4932=VECTOR('',#15351,10.);
#4933=VECTOR('',#15352,10.);
#4934=VECTOR('',#15353,10.);
#4935=VECTOR('',#15354,10.);
#4936=VECTOR('',#15355,10.);
#4937=VECTOR('',#15356,10.);
#4938=VECTOR('',#15357,10.);
#4939=VECTOR('',#15358,10.);
#4940=VECTOR('',#15359,10.);
#4941=VECTOR('',#15360,10.);
#4942=VECTOR('',#15361,10.);
#4943=VECTOR('',#15362,10.);
#4944=VECTOR('',#15363,10.);
#4945=VECTOR('',#15364,10.);
#4946=VECTOR('',#15365,10.);
#4947=VECTOR('',#15366,10.);
#4948=VECTOR('',#15367,10.);
#4949=VECTOR('',#15368,10.);
#4950=VECTOR('',#15369,10.);
#4951=VECTOR('',#15370,10.);
#4952=VECTOR('',#15371,10.);
#4953=VECTOR('',#15372,10.);
#4954=VECTOR('',#15375,10.);
#4955=VECTOR('',#15378,10.);
#4956=VECTOR('',#15381,10.);
#4957=VECTOR('',#15386,10.);
#4958=VECTOR('',#15391,10.);
#4959=VECTOR('',#15392,10.);
#4960=VECTOR('',#15395,10.);
#4961=VECTOR('',#15400,10.);
#4962=VECTOR('',#15401,10.);
#4963=VECTOR('',#15404,10.);
#4964=VECTOR('',#15405,10.);
#4965=VECTOR('',#15408,10.);
#4966=VECTOR('',#15411,10.);
#4967=VECTOR('',#15412,10.);
#4968=VECTOR('',#15417,10.);
#4969=VECTOR('',#15422,10.);
#4970=VECTOR('',#15423,10.);
#4971=VECTOR('',#15428,10.);
#4972=VECTOR('',#15431,10.);
#4973=VECTOR('',#15434,10.);
#4974=VECTOR('',#15441,10.);
#4975=VECTOR('',#15442,10.);
#4976=VECTOR('',#15447,10.);
#4977=VECTOR('',#15450,10.);
#4978=VECTOR('',#15453,10.);
#4979=VECTOR('',#15454,10.);
#4980=VECTOR('',#15457,10.);
#4981=VECTOR('',#15462,10.);
#4982=VECTOR('',#15465,10.);
#4983=VECTOR('',#15468,10.);
#4984=VECTOR('',#15469,10.);
#4985=VECTOR('',#15472,10.);
#4986=VECTOR('',#15475,10.);
#4987=VECTOR('',#15480,10.);
#4988=VECTOR('',#15483,10.);
#4989=VECTOR('',#15488,10.);
#4990=VECTOR('',#15489,10.);
#4991=VECTOR('',#15494,10.);
#4992=VECTOR('',#15495,10.);
#4993=VECTOR('',#15496,10.);
#4994=VECTOR('',#15497,10.);
#4995=VECTOR('',#15498,10.);
#4996=VECTOR('',#15501,10.);
#4997=VECTOR('',#15504,10.);
#4998=VECTOR('',#15505,10.);
#4999=VECTOR('',#15508,10.);
#5000=VECTOR('',#15511,10.);
#5001=VECTOR('',#15514,10.);
#5002=VECTOR('',#15515,10.);
#5003=VECTOR('',#15518,10.);
#5004=VECTOR('',#15521,10.);
#5005=VECTOR('',#15524,10.);
#5006=VECTOR('',#15527,10.);
#5007=VECTOR('',#15528,10.);
#5008=VECTOR('',#15531,10.);
#5009=VECTOR('',#15534,10.);
#5010=VECTOR('',#15537,10.);
#5011=VECTOR('',#15540,10.);
#5012=VECTOR('',#15549,10.);
#5013=VECTOR('',#15550,10.);
#5014=VECTOR('',#15553,10.);
#5015=VECTOR('',#15554,10.);
#5016=VECTOR('',#15557,10.);
#5017=VECTOR('',#15560,10.);
#5018=VECTOR('',#15561,10.);
#5019=VECTOR('',#15564,10.);
#5020=VECTOR('',#15569,10.);
#5021=VECTOR('',#15572,10.);
#5022=VECTOR('',#15573,10.);
#5023=VECTOR('',#15576,10.);
#5024=VECTOR('',#15579,10.);
#5025=VECTOR('',#15582,10.);
#5026=VECTOR('',#15585,10.);
#5027=VECTOR('',#15590,10.);
#5028=VECTOR('',#15591,10.);
#5029=VECTOR('',#15594,10.);
#5030=VECTOR('',#15595,10.);
#5031=VECTOR('',#15598,10.);
#5032=VECTOR('',#15601,10.);
#5033=VECTOR('',#15606,10.);
#5034=VECTOR('',#15609,10.);
#5035=VECTOR('',#15610,10.);
#5036=VECTOR('',#15613,10.);
#5037=VECTOR('',#15614,10.);
#5038=VECTOR('',#15617,10.);
#5039=VECTOR('',#15618,10.);
#5040=VECTOR('',#15625,10.);
#5041=VECTOR('',#15628,10.);
#5042=VECTOR('',#15629,10.);
#5043=VECTOR('',#15632,10.);
#5044=VECTOR('',#15633,10.);
#5045=VECTOR('',#15634,10.);
#5046=VECTOR('',#15637,10.);
#5047=VECTOR('',#15638,10.);
#5048=VECTOR('',#15641,10.);
#5049=VECTOR('',#15644,10.);
#5050=VECTOR('',#15649,10.);
#5051=VECTOR('',#15650,10.);
#5052=VECTOR('',#15653,10.);
#5053=VECTOR('',#15654,10.);
#5054=VECTOR('',#15657,10.);
#5055=VECTOR('',#15660,10.);
#5056=VECTOR('',#15663,10.);
#5057=VECTOR('',#15664,10.);
#5058=VECTOR('',#15665,10.);
#5059=VECTOR('',#15668,10.);
#5060=VECTOR('',#15669,10.);
#5061=VECTOR('',#15672,10.);
#5062=VECTOR('',#15675,10.);
#5063=VECTOR('',#15678,10.);
#5064=VECTOR('',#15681,10.);
#5065=VECTOR('',#15682,10.);
#5066=VECTOR('',#15683,10.);
#5067=VECTOR('',#15684,10.);
#5068=VECTOR('',#15687,10.);
#5069=VECTOR('',#15690,10.);
#5070=VECTOR('',#15691,10.);
#5071=VECTOR('',#15694,10.);
#5072=VECTOR('',#15697,10.);
#5073=VECTOR('',#15702,10.);
#5074=VECTOR('',#15703,10.);
#5075=VECTOR('',#15706,10.);
#5076=VECTOR('',#15711,10.);
#5077=VECTOR('',#15714,10.);
#5078=VECTOR('',#15715,10.);
#5079=VECTOR('',#15718,10.);
#5080=VECTOR('',#15721,10.);
#5081=VECTOR('',#15724,10.);
#5082=VECTOR('',#15727,10.);
#5083=VECTOR('',#15732,10.);
#5084=VECTOR('',#15733,10.);
#5085=VECTOR('',#15736,10.);
#5086=VECTOR('',#15739,10.);
#5087=VECTOR('',#15742,10.);
#5088=VECTOR('',#15743,10.);
#5089=VECTOR('',#15748,10.);
#5090=VECTOR('',#15751,10.);
#5091=VECTOR('',#15754,10.);
#5092=VECTOR('',#15757,10.);
#5093=VECTOR('',#15760,10.);
#5094=VECTOR('',#15765,10.);
#5095=VECTOR('',#15766,10.);
#5096=VECTOR('',#15769,10.);
#5097=VECTOR('',#15770,10.);
#5098=VECTOR('',#15771,10.);
#5099=VECTOR('',#15774,10.);
#5100=VECTOR('',#15775,10.);
#5101=VECTOR('',#15778,10.);
#5102=VECTOR('',#15779,10.);
#5103=VECTOR('',#15788,10.);
#5104=VECTOR('',#15789,10.);
#5105=VECTOR('',#15792,10.);
#5106=VECTOR('',#15795,10.);
#5107=VECTOR('',#15798,10.);
#5108=VECTOR('',#15801,10.);
#5109=VECTOR('',#15804,10.);
#5110=VECTOR('',#15811,10.);
#5111=VECTOR('',#15814,10.);
#5112=VECTOR('',#15815,10.);
#5113=VECTOR('',#15816,10.);
#5114=VECTOR('',#15817,10.);
#5115=VECTOR('',#15818,10.);
#5116=VECTOR('',#15823,10.);
#5117=VECTOR('',#15824,10.);
#5118=VECTOR('',#15825,10.);
#5119=VECTOR('',#15828,10.);
#5120=VECTOR('',#15833,10.);
#5121=VECTOR('',#15834,10.);
#5122=VECTOR('',#15835,10.);
#5123=VECTOR('',#15840,10.);
#5124=VECTOR('',#15843,10.);
#5125=VECTOR('',#15846,10.);
#5126=VECTOR('',#15849,10.);
#5127=VECTOR('',#15854,10.);
#5128=VECTOR('',#15859,10.);
#5129=VECTOR('',#15866,10.);
#5130=VECTOR('',#15869,10.);
#5131=VECTOR('',#15874,10.);
#5132=VECTOR('',#15875,10.);
#5133=VECTOR('',#15878,10.);
#5134=VECTOR('',#15881,10.);
#5135=VECTOR('',#15884,10.);
#5136=VECTOR('',#15887,10.);
#5137=VECTOR('',#15890,10.);
#5138=VECTOR('',#15895,10.);
#5139=VECTOR('',#15896,10.);
#5140=VECTOR('',#15899,10.);
#5141=VECTOR('',#15902,10.);
#5142=VECTOR('',#15905,10.);
#5143=VECTOR('',#15914,10.);
#5144=VECTOR('',#15915,10.);
#5145=VECTOR('',#15918,10.);
#5146=VECTOR('',#15921,10.);
#5147=VECTOR('',#15924,10.);
#5148=VECTOR('',#15927,10.);
#5149=VECTOR('',#15932,10.);
#5150=VECTOR('',#15937,10.);
#5151=VECTOR('',#15940,10.);
#5152=VECTOR('',#15943,10.);
#5153=VECTOR('',#15944,10.);
#5154=VECTOR('',#15947,10.);
#5155=VECTOR('',#15950,10.);
#5156=VECTOR('',#15953,10.);
#5157=VECTOR('',#15956,10.);
#5158=VECTOR('',#15961,10.);
#5159=VECTOR('',#15962,10.);
#5160=VECTOR('',#15965,10.);
#5161=VECTOR('',#15972,10.);
#5162=VECTOR('',#15975,10.);
#5163=VECTOR('',#15978,10.);
#5164=VECTOR('',#15979,10.);
#5165=VECTOR('',#15982,10.);
#5166=VECTOR('',#15983,10.);
#5167=VECTOR('',#15984,10.);
#5168=VECTOR('',#15989,10.);
#5169=VECTOR('',#15990,10.);
#5170=VECTOR('',#15993,10.);
#5171=VECTOR('',#15994,10.);
#5172=VECTOR('',#15997,10.);
#5173=VECTOR('',#16000,10.);
#5174=VECTOR('',#16011,10.);
#5175=VECTOR('',#16012,10.);
#5176=VECTOR('',#16017,10.);
#5177=VECTOR('',#16020,10.);
#5178=VECTOR('',#16025,10.);
#5179=VECTOR('',#16028,10.);
#5180=VECTOR('',#16031,10.);
#5181=VECTOR('',#16034,10.);
#5182=VECTOR('',#16039,10.);
#5183=VECTOR('',#16040,10.);
#5184=VECTOR('',#16043,10.);
#5185=VECTOR('',#16050,10.);
#5186=VECTOR('',#16051,10.);
#5187=VECTOR('',#16054,10.);
#5188=VECTOR('',#16059,10.);
#5189=VECTOR('',#16062,10.);
#5190=VECTOR('',#16065,10.);
#5191=VECTOR('',#16068,10.);
#5192=VECTOR('',#16073,10.);
#5193=VECTOR('',#16076,10.);
#5194=VECTOR('',#16079,10.);
#5195=VECTOR('',#16082,10.);
#5196=VECTOR('',#16087,10.);
#5197=VECTOR('',#16092,10.);
#5198=VECTOR('',#16093,10.);
#5199=VECTOR('',#16096,10.);
#5200=VECTOR('',#16101,10.);
#5201=VECTOR('',#16102,10.);
#5202=VECTOR('',#16103,10.);
#5203=VECTOR('',#16104,10.);
#5204=VECTOR('',#16107,10.);
#5205=VECTOR('',#16108,10.);
#5206=VECTOR('',#16111,10.);
#5207=VECTOR('',#16112,10.);
#5208=VECTOR('',#16115,10.);
#5209=VECTOR('',#16116,10.);
#5210=VECTOR('',#16119,10.);
#5211=VECTOR('',#16126,10.);
#5212=VECTOR('',#16127,10.);
#5213=VECTOR('',#16132,10.);
#5214=VECTOR('',#16137,10.);
#5215=VECTOR('',#16140,10.);
#5216=VECTOR('',#16149,10.);
#5217=VECTOR('',#16156,10.);
#5218=VECTOR('',#16157,10.);
#5219=VECTOR('',#16160,10.);
#5220=VECTOR('',#16161,10.);
#5221=VECTOR('',#16166,10.);
#5222=VECTOR('',#16171,10.);
#5223=VECTOR('',#16178,10.);
#5224=VECTOR('',#16185,10.);
#5225=VECTOR('',#16186,10.);
#5226=VECTOR('',#16187,10.);
#5227=VECTOR('',#16188,10.);
#5228=VECTOR('',#16191,10.);
#5229=VECTOR('',#16192,10.);
#5230=VECTOR('',#16193,10.);
#5231=VECTOR('',#16194,10.);
#5232=VECTOR('',#16197,10.);
#5233=VECTOR('',#16198,10.);
#5234=VECTOR('',#16199,10.);
#5235=VECTOR('',#16200,10.);
#5236=VECTOR('',#16203,10.);
#5237=VECTOR('',#16204,10.);
#5238=VECTOR('',#16207,10.);
#5239=VECTOR('',#16208,10.);
#5240=VECTOR('',#16211,10.);
#5241=VECTOR('',#16212,10.);
#5242=VECTOR('',#16213,10.);
#5243=VECTOR('',#16214,10.);
#5244=VECTOR('',#16217,10.);
#5245=VECTOR('',#16218,10.);
#5246=VECTOR('',#16219,10.);
#5247=VECTOR('',#16220,10.);
#5248=VECTOR('',#16223,10.);
#5249=VECTOR('',#16224,10.);
#5250=VECTOR('',#16225,10.);
#5251=VECTOR('',#16226,10.);
#5252=VECTOR('',#16229,10.);
#5253=VECTOR('',#16230,10.);
#5254=VECTOR('',#16233,10.);
#5255=VECTOR('',#16234,10.);
#5256=VECTOR('',#16249,10.);
#5257=VECTOR('',#16250,10.);
#5258=VECTOR('',#16251,10.);
#5259=VECTOR('',#16252,10.);
#5260=VECTOR('',#16255,10.);
#5261=VECTOR('',#16256,10.);
#5262=VECTOR('',#16257,10.);
#5263=VECTOR('',#16258,10.);
#5264=VECTOR('',#16261,10.);
#5265=VECTOR('',#16262,10.);
#5266=VECTOR('',#16263,10.);
#5267=VECTOR('',#16266,10.);
#5268=VECTOR('',#16267,10.);
#5269=VECTOR('',#16268,10.);
#5270=VECTOR('',#16271,10.);
#5271=VECTOR('',#16272,10.);
#5272=VECTOR('',#16275,10.);
#5273=VECTOR('',#16278,10.);
#5274=VECTOR('',#16279,10.);
#5275=VECTOR('',#16280,10.);
#5276=VECTOR('',#16281,10.);
#5277=VECTOR('',#16284,10.);
#5278=VECTOR('',#16285,10.);
#5279=VECTOR('',#16286,10.);
#5280=VECTOR('',#16289,10.);
#5281=VECTOR('',#16290,10.);
#5282=VECTOR('',#16291,10.);
#5283=VECTOR('',#16294,10.);
#5284=VECTOR('',#16295,10.);
#5285=VECTOR('',#16296,10.);
#5286=VECTOR('',#16299,10.);
#5287=VECTOR('',#16300,10.);
#5288=VECTOR('',#16301,10.);
#5289=VECTOR('',#16304,10.);
#5290=VECTOR('',#16307,10.);
#5291=VECTOR('',#16308,10.);
#5292=VECTOR('',#16309,10.);
#5293=VECTOR('',#16314,10.);
#5294=VECTOR('',#16317,10.);
#5295=VECTOR('',#16322,10.);
#5296=VECTOR('',#16325,10.);
#5297=VECTOR('',#16330,1.2);
#5298=VECTOR('',#16337,1.2);
#5299=VECTOR('',#16344,1.2);
#5300=VECTOR('',#16351,1.2);
#5301=VECTOR('',#16356,10.);
#5302=VECTOR('',#16357,10.);
#5303=VECTOR('',#16358,10.);
#5304=VECTOR('',#16359,10.);
#5305=VECTOR('',#16362,10.);
#5306=VECTOR('',#16363,10.);
#5307=VECTOR('',#16364,10.);
#5308=VECTOR('',#16367,10.);
#5309=VECTOR('',#16368,10.);
#5310=VECTOR('',#16369,10.);
#5311=VECTOR('',#16372,10.);
#5312=VECTOR('',#16373,10.);
#5313=VECTOR('',#16376,10.);
#5314=VECTOR('',#16377,10.);
#5315=VECTOR('',#16378,10.);
#5316=VECTOR('',#16379,10.);
#5317=VECTOR('',#16382,10.);
#5318=VECTOR('',#16383,10.);
#5319=VECTOR('',#16384,10.);
#5320=VECTOR('',#16387,10.);
#5321=VECTOR('',#16388,10.);
#5322=VECTOR('',#16389,10.);
#5323=VECTOR('',#16392,10.);
#5324=VECTOR('',#16393,10.);
#5325=VECTOR('',#16396,10.);
#5326=VECTOR('',#16397,10.);
#5327=VECTOR('',#16398,10.);
#5328=VECTOR('',#16399,10.);
#5329=VECTOR('',#16402,10.);
#5330=VECTOR('',#16403,10.);
#5331=VECTOR('',#16404,10.);
#5332=VECTOR('',#16407,10.);
#5333=VECTOR('',#16408,10.);
#5334=VECTOR('',#16409,10.);
#5335=VECTOR('',#16412,10.);
#5336=VECTOR('',#16413,10.);
#5337=VECTOR('',#16416,10.);
#5338=VECTOR('',#16417,10.);
#5339=VECTOR('',#16418,10.);
#5340=VECTOR('',#16419,10.);
#5341=VECTOR('',#16422,10.);
#5342=VECTOR('',#16423,10.);
#5343=VECTOR('',#16424,10.);
#5344=VECTOR('',#16427,10.);
#5345=VECTOR('',#16428,10.);
#5346=VECTOR('',#16429,10.);
#5347=VECTOR('',#16432,10.);
#5348=VECTOR('',#16433,10.);
#5349=VECTOR('',#16436,10.);
#5350=VECTOR('',#16437,10.);
#5351=VECTOR('',#16438,10.);
#5352=VECTOR('',#16439,10.);
#5353=VECTOR('',#16442,10.);
#5354=VECTOR('',#16443,10.);
#5355=VECTOR('',#16444,10.);
#5356=VECTOR('',#16447,10.);
#5357=VECTOR('',#16448,10.);
#5358=VECTOR('',#16449,10.);
#5359=VECTOR('',#16452,10.);
#5360=VECTOR('',#16453,10.);
#5361=VECTOR('',#16456,10.);
#5362=VECTOR('',#16457,10.);
#5363=VECTOR('',#16458,10.);
#5364=VECTOR('',#16459,10.);
#5365=VECTOR('',#16462,10.);
#5366=VECTOR('',#16463,10.);
#5367=VECTOR('',#16464,10.);
#5368=VECTOR('',#16467,10.);
#5369=VECTOR('',#16468,10.);
#5370=VECTOR('',#16469,10.);
#5371=VECTOR('',#16472,10.);
#5372=VECTOR('',#16473,10.);
#5373=VECTOR('',#16476,10.);
#5374=VECTOR('',#16477,10.);
#5375=VECTOR('',#16478,10.);
#5376=VECTOR('',#16479,10.);
#5377=VECTOR('',#16482,10.);
#5378=VECTOR('',#16483,10.);
#5379=VECTOR('',#16484,10.);
#5380=VECTOR('',#16487,10.);
#5381=VECTOR('',#16488,10.);
#5382=VECTOR('',#16489,10.);
#5383=VECTOR('',#16492,10.);
#5384=VECTOR('',#16493,10.);
#5385=VECTOR('',#16496,10.);
#5386=VECTOR('',#16497,10.);
#5387=VECTOR('',#16498,10.);
#5388=VECTOR('',#16499,10.);
#5389=VECTOR('',#16502,10.);
#5390=VECTOR('',#16503,10.);
#5391=VECTOR('',#16504,10.);
#5392=VECTOR('',#16507,10.);
#5393=VECTOR('',#16508,10.);
#5394=VECTOR('',#16509,10.);
#5395=VECTOR('',#16512,10.);
#5396=VECTOR('',#16513,10.);
#5397=VECTOR('',#16516,10.);
#5398=VECTOR('',#16517,10.);
#5399=VECTOR('',#16518,10.);
#5400=VECTOR('',#16519,10.);
#5401=VECTOR('',#16522,10.);
#5402=VECTOR('',#16523,10.);
#5403=VECTOR('',#16524,10.);
#5404=VECTOR('',#16527,10.);
#5405=VECTOR('',#16528,10.);
#5406=VECTOR('',#16529,10.);
#5407=VECTOR('',#16532,10.);
#5408=VECTOR('',#16533,10.);
#5409=VECTOR('',#16536,10.);
#5410=VECTOR('',#16537,10.);
#5411=VECTOR('',#16538,10.);
#5412=VECTOR('',#16539,10.);
#5413=VECTOR('',#16542,10.);
#5414=VECTOR('',#16543,10.);
#5415=VECTOR('',#16544,10.);
#5416=VECTOR('',#16547,10.);
#5417=VECTOR('',#16548,10.);
#5418=VECTOR('',#16549,10.);
#5419=VECTOR('',#16552,10.);
#5420=VECTOR('',#16553,10.);
#5421=VECTOR('',#16556,10.);
#5422=VECTOR('',#16557,10.);
#5423=VECTOR('',#16558,10.);
#5424=VECTOR('',#16559,10.);
#5425=VECTOR('',#16562,10.);
#5426=VECTOR('',#16563,10.);
#5427=VECTOR('',#16564,10.);
#5428=VECTOR('',#16567,10.);
#5429=VECTOR('',#16568,10.);
#5430=VECTOR('',#16569,10.);
#5431=VECTOR('',#16572,10.);
#5432=VECTOR('',#16573,10.);
#5433=VECTOR('',#16576,10.);
#5434=VECTOR('',#16577,10.);
#5435=VECTOR('',#16578,10.);
#5436=VECTOR('',#16579,10.);
#5437=VECTOR('',#16582,10.);
#5438=VECTOR('',#16583,10.);
#5439=VECTOR('',#16584,10.);
#5440=VECTOR('',#16587,10.);
#5441=VECTOR('',#16588,10.);
#5442=VECTOR('',#16589,10.);
#5443=VECTOR('',#16592,10.);
#5444=VECTOR('',#16593,10.);
#5445=VECTOR('',#16596,10.);
#5446=VECTOR('',#16597,10.);
#5447=VECTOR('',#16598,10.);
#5448=VECTOR('',#16599,10.);
#5449=VECTOR('',#16602,10.);
#5450=VECTOR('',#16603,10.);
#5451=VECTOR('',#16604,10.);
#5452=VECTOR('',#16607,10.);
#5453=VECTOR('',#16608,10.);
#5454=VECTOR('',#16609,10.);
#5455=VECTOR('',#16612,10.);
#5456=VECTOR('',#16613,10.);
#5457=VECTOR('',#16616,10.);
#5458=VECTOR('',#16617,10.);
#5459=VECTOR('',#16618,10.);
#5460=VECTOR('',#16619,10.);
#5461=VECTOR('',#16622,10.);
#5462=VECTOR('',#16623,10.);
#5463=VECTOR('',#16624,10.);
#5464=VECTOR('',#16627,10.);
#5465=VECTOR('',#16628,10.);
#5466=VECTOR('',#16629,10.);
#5467=VECTOR('',#16632,10.);
#5468=VECTOR('',#16633,10.);
#5469=VECTOR('',#16636,10.);
#5470=VECTOR('',#16637,10.);
#5471=VECTOR('',#16638,10.);
#5472=VECTOR('',#16639,10.);
#5473=VECTOR('',#16642,10.);
#5474=VECTOR('',#16643,10.);
#5475=VECTOR('',#16644,10.);
#5476=VECTOR('',#16647,10.);
#5477=VECTOR('',#16648,10.);
#5478=VECTOR('',#16649,10.);
#5479=VECTOR('',#16652,10.);
#5480=VECTOR('',#16653,10.);
#5481=VECTOR('',#16656,10.);
#5482=VECTOR('',#16657,10.);
#5483=VECTOR('',#16658,10.);
#5484=VECTOR('',#16659,10.);
#5485=VECTOR('',#16662,10.);
#5486=VECTOR('',#16663,10.);
#5487=VECTOR('',#16664,10.);
#5488=VECTOR('',#16667,10.);
#5489=VECTOR('',#16668,10.);
#5490=VECTOR('',#16669,10.);
#5491=VECTOR('',#16672,10.);
#5492=VECTOR('',#16673,10.);
#5493=VECTOR('',#16678,1.2);
#5494=VECTOR('',#16685,1.19999999999999);
#5495=VECTOR('',#16692,1.2);
#5496=VECTOR('',#16697,10.);
#5497=VECTOR('',#16698,10.);
#5498=VECTOR('',#16699,10.);
#5499=VECTOR('',#16702,10.);
#5500=VECTOR('',#16703,10.);
#5501=VECTOR('',#16706,10.);
#5502=VECTOR('',#16707,10.);
#5503=VECTOR('',#16712,10.);
#5504=VECTOR('',#16715,10.);
#5505=VECTOR('',#16720,10.);
#5506=VECTOR('',#16723,10.);
#5507=VECTOR('',#16726,10.);
#5508=VECTOR('',#16727,10.);
#5509=VECTOR('',#16728,10.);
#5510=VECTOR('',#16729,10.);
#5511=VECTOR('',#16732,10.);
#5512=VECTOR('',#16733,10.);
#5513=VECTOR('',#16734,10.);
#5514=VECTOR('',#16735,10.);
#5515=VERTEX_POINT('',#16746);
#5516=VERTEX_POINT('',#16747);
#5517=VERTEX_POINT('',#16749);
#5518=VERTEX_POINT('',#16751);
#5519=VERTEX_POINT('',#16753);
#5520=VERTEX_POINT('',#16755);
#5521=VERTEX_POINT('',#16757);
#5522=VERTEX_POINT('',#16759);
#5523=VERTEX_POINT('',#16761);
#5524=VERTEX_POINT('',#16763);
#5525=VERTEX_POINT('',#16767);
#5526=VERTEX_POINT('',#16769);
#5527=VERTEX_POINT('',#16773);
#5528=VERTEX_POINT('',#16774);
#5529=VERTEX_POINT('',#16776);
#5530=VERTEX_POINT('',#16778);
#5531=VERTEX_POINT('',#16782);
#5532=VERTEX_POINT('',#16784);
#5533=VERTEX_POINT('',#16788);
#5534=VERTEX_POINT('',#16790);
#5535=VERTEX_POINT('',#16794);
#5536=VERTEX_POINT('',#16796);
#5537=VERTEX_POINT('',#16798);
#5538=VERTEX_POINT('',#16803);
#5539=VERTEX_POINT('',#16804);
#5540=VERTEX_POINT('',#16806);
#5541=VERTEX_POINT('',#16808);
#5542=VERTEX_POINT('',#16810);
#5543=VERTEX_POINT('',#16812);
#5544=VERTEX_POINT('',#16814);
#5545=VERTEX_POINT('',#16816);
#5546=VERTEX_POINT('',#16818);
#5547=VERTEX_POINT('',#16820);
#5548=VERTEX_POINT('',#16822);
#5549=VERTEX_POINT('',#16824);
#5550=VERTEX_POINT('',#16826);
#5551=VERTEX_POINT('',#16828);
#5552=VERTEX_POINT('',#16830);
#5553=VERTEX_POINT('',#16832);
#5554=VERTEX_POINT('',#16834);
#5555=VERTEX_POINT('',#16836);
#5556=VERTEX_POINT('',#16838);
#5557=VERTEX_POINT('',#16840);
#5558=VERTEX_POINT('',#16842);
#5559=VERTEX_POINT('',#16844);
#5560=VERTEX_POINT('',#16846);
#5561=VERTEX_POINT('',#16848);
#5562=VERTEX_POINT('',#16850);
#5563=VERTEX_POINT('',#16852);
#5564=VERTEX_POINT('',#16854);
#5565=VERTEX_POINT('',#16856);
#5566=VERTEX_POINT('',#16859);
#5567=VERTEX_POINT('',#16861);
#5568=VERTEX_POINT('',#16865);
#5569=VERTEX_POINT('',#16866);
#5570=VERTEX_POINT('',#16868);
#5571=VERTEX_POINT('',#16870);
#5572=VERTEX_POINT('',#16874);
#5573=VERTEX_POINT('',#16875);
#5574=VERTEX_POINT('',#16877);
#5575=VERTEX_POINT('',#16879);
#5576=VERTEX_POINT('',#16886);
#5577=VERTEX_POINT('',#16888);
#5578=VERTEX_POINT('',#16892);
#5579=VERTEX_POINT('',#16895);
#5580=VERTEX_POINT('',#16897);
#5581=VERTEX_POINT('',#16901);
#5582=VERTEX_POINT('',#16904);
#5583=VERTEX_POINT('',#16906);
#5584=VERTEX_POINT('',#16910);
#5585=VERTEX_POINT('',#16913);
#5586=VERTEX_POINT('',#16917);
#5587=VERTEX_POINT('',#16921);
#5588=VERTEX_POINT('',#16925);
#5589=VERTEX_POINT('',#16927);
#5590=VERTEX_POINT('',#16932);
#5591=VERTEX_POINT('',#16934);
#5592=VERTEX_POINT('',#16939);
#5593=VERTEX_POINT('',#16941);
#5594=VERTEX_POINT('',#16946);
#5595=VERTEX_POINT('',#16948);
#5596=VERTEX_POINT('',#16952);
#5597=VERTEX_POINT('',#16955);
#5598=VERTEX_POINT('',#16957);
#5599=VERTEX_POINT('',#16961);
#5600=VERTEX_POINT('',#16964);
#5601=VERTEX_POINT('',#16966);
#5602=VERTEX_POINT('',#16970);
#5603=VERTEX_POINT('',#16973);
#5604=VERTEX_POINT('',#16975);
#5605=VERTEX_POINT('',#16979);
#5606=VERTEX_POINT('',#16982);
#5607=VERTEX_POINT('',#16986);
#5608=VERTEX_POINT('',#16990);
#5609=VERTEX_POINT('',#16993);
#5610=VERTEX_POINT('',#16994);
#5611=VERTEX_POINT('',#16996);
#5612=VERTEX_POINT('',#16998);
#5613=VERTEX_POINT('',#17002);
#5614=VERTEX_POINT('',#17006);
#5615=VERTEX_POINT('',#17008);
#5616=VERTEX_POINT('',#17012);
#5617=VERTEX_POINT('',#17014);
#5618=VERTEX_POINT('',#17016);
#5619=VERTEX_POINT('',#17020);
#5620=VERTEX_POINT('',#17022);
#5621=VERTEX_POINT('',#17027);
#5622=VERTEX_POINT('',#17029);
#5623=VERTEX_POINT('',#17034);
#5624=VERTEX_POINT('',#17036);
#5625=VERTEX_POINT('',#17041);
#5626=VERTEX_POINT('',#17043);
#5627=VERTEX_POINT('',#17048);
#5628=VERTEX_POINT('',#17049);
#5629=VERTEX_POINT('',#17051);
#5630=VERTEX_POINT('',#17055);
#5631=VERTEX_POINT('',#17056);
#5632=VERTEX_POINT('',#17058);
#5633=VERTEX_POINT('',#17060);
#5634=VERTEX_POINT('',#17062);
#5635=VERTEX_POINT('',#17064);
#5636=VERTEX_POINT('',#17066);
#5637=VERTEX_POINT('',#17068);
#5638=VERTEX_POINT('',#17070);
#5639=VERTEX_POINT('',#17072);
#5640=VERTEX_POINT('',#17074);
#5641=VERTEX_POINT('',#17076);
#5642=VERTEX_POINT('',#17080);
#5643=VERTEX_POINT('',#17081);
#5644=VERTEX_POINT('',#17083);
#5645=VERTEX_POINT('',#17085);
#5646=VERTEX_POINT('',#17089);
#5647=VERTEX_POINT('',#17090);
#5648=VERTEX_POINT('',#17092);
#5649=VERTEX_POINT('',#17094);
#5650=VERTEX_POINT('',#17097);
#5651=VERTEX_POINT('',#17099);
#5652=VERTEX_POINT('',#17101);
#5653=VERTEX_POINT('',#17103);
#5654=VERTEX_POINT('',#17105);
#5655=VERTEX_POINT('',#17107);
#5656=VERTEX_POINT('',#17109);
#5657=VERTEX_POINT('',#17111);
#5658=VERTEX_POINT('',#17113);
#5659=VERTEX_POINT('',#17115);
#5660=VERTEX_POINT('',#17117);
#5661=VERTEX_POINT('',#17119);
#5662=VERTEX_POINT('',#17121);
#5663=VERTEX_POINT('',#17123);
#5664=VERTEX_POINT('',#17125);
#5665=VERTEX_POINT('',#17127);
#5666=VERTEX_POINT('',#17129);
#5667=VERTEX_POINT('',#17131);
#5668=VERTEX_POINT('',#17135);
#5669=VERTEX_POINT('',#17136);
#5670=VERTEX_POINT('',#17138);
#5671=VERTEX_POINT('',#17142);
#5672=VERTEX_POINT('',#17143);
#5673=VERTEX_POINT('',#17146);
#5674=VERTEX_POINT('',#17148);
#5675=VERTEX_POINT('',#17150);
#5676=VERTEX_POINT('',#17152);
#5677=VERTEX_POINT('',#17154);
#5678=VERTEX_POINT('',#17156);
#5679=VERTEX_POINT('',#17158);
#5680=VERTEX_POINT('',#17160);
#5681=VERTEX_POINT('',#17162);
#5682=VERTEX_POINT('',#17164);
#5683=VERTEX_POINT('',#17166);
#5684=VERTEX_POINT('',#17168);
#5685=VERTEX_POINT('',#17172);
#5686=VERTEX_POINT('',#17173);
#5687=VERTEX_POINT('',#17175);
#5688=VERTEX_POINT('',#17179);
#5689=VERTEX_POINT('',#17180);
#5690=VERTEX_POINT('',#17182);
#5691=VERTEX_POINT('',#17184);
#5692=VERTEX_POINT('',#17188);
#5693=VERTEX_POINT('',#17189);
#5694=VERTEX_POINT('',#17191);
#5695=VERTEX_POINT('',#17193);
#5696=VERTEX_POINT('',#17197);
#5697=VERTEX_POINT('',#17199);
#5698=VERTEX_POINT('',#17203);
#5699=VERTEX_POINT('',#17205);
#5700=VERTEX_POINT('',#17209);
#5701=VERTEX_POINT('',#17214);
#5702=VERTEX_POINT('',#17216);
#5703=VERTEX_POINT('',#17220);
#5704=VERTEX_POINT('',#17222);
#5705=VERTEX_POINT('',#17226);
#5706=VERTEX_POINT('',#17227);
#5707=VERTEX_POINT('',#17229);
#5708=VERTEX_POINT('',#17231);
#5709=VERTEX_POINT('',#17237);
#5710=VERTEX_POINT('',#17238);
#5711=VERTEX_POINT('',#17240);
#5712=VERTEX_POINT('',#17242);
#5713=VERTEX_POINT('',#17246);
#5714=VERTEX_POINT('',#17248);
#5715=VERTEX_POINT('',#17252);
#5716=VERTEX_POINT('',#17254);
#5717=VERTEX_POINT('',#17256);
#5718=VERTEX_POINT('',#17260);
#5719=VERTEX_POINT('',#17262);
#5720=VERTEX_POINT('',#17266);
#5721=VERTEX_POINT('',#17268);
#5722=VERTEX_POINT('',#17270);
#5723=VERTEX_POINT('',#17272);
#5724=VERTEX_POINT('',#17274);
#5725=VERTEX_POINT('',#17279);
#5726=VERTEX_POINT('',#17283);
#5727=VERTEX_POINT('',#17285);
#5728=VERTEX_POINT('',#17290);
#5729=VERTEX_POINT('',#17292);
#5730=VERTEX_POINT('',#17296);
#5731=VERTEX_POINT('',#17298);
#5732=VERTEX_POINT('',#17301);
#5733=VERTEX_POINT('',#17303);
#5734=VERTEX_POINT('',#17305);
#5735=VERTEX_POINT('',#17309);
#5736=VERTEX_POINT('',#17311);
#5737=VERTEX_POINT('',#17314);
#5738=VERTEX_POINT('',#17320);
#5739=VERTEX_POINT('',#17322);
#5740=VERTEX_POINT('',#17326);
#5741=VERTEX_POINT('',#17327);
#5742=VERTEX_POINT('',#17329);
#5743=VERTEX_POINT('',#17331);
#5744=VERTEX_POINT('',#17333);
#5745=VERTEX_POINT('',#17336);
#5746=VERTEX_POINT('',#17338);
#5747=VERTEX_POINT('',#17343);
#5748=VERTEX_POINT('',#17347);
#5749=VERTEX_POINT('',#17349);
#5750=VERTEX_POINT('',#17351);
#5751=VERTEX_POINT('',#17353);
#5752=VERTEX_POINT('',#17355);
#5753=VERTEX_POINT('',#17359);
#5754=VERTEX_POINT('',#17361);
#5755=VERTEX_POINT('',#17363);
#5756=VERTEX_POINT('',#17365);
#5757=VERTEX_POINT('',#17367);
#5758=VERTEX_POINT('',#17371);
#5759=VERTEX_POINT('',#17376);
#5760=VERTEX_POINT('',#17378);
#5761=VERTEX_POINT('',#17380);
#5762=VERTEX_POINT('',#17382);
#5763=VERTEX_POINT('',#17387);
#5764=VERTEX_POINT('',#17389);
#5765=VERTEX_POINT('',#17391);
#5766=VERTEX_POINT('',#17393);
#5767=VERTEX_POINT('',#17397);
#5768=VERTEX_POINT('',#17401);
#5769=VERTEX_POINT('',#17403);
#5770=VERTEX_POINT('',#17407);
#5771=VERTEX_POINT('',#17411);
#5772=VERTEX_POINT('',#17413);
#5773=VERTEX_POINT('',#17415);
#5774=VERTEX_POINT('',#17417);
#5775=VERTEX_POINT('',#17419);
#5776=VERTEX_POINT('',#17421);
#5777=VERTEX_POINT('',#17425);
#5778=VERTEX_POINT('',#17426);
#5779=VERTEX_POINT('',#17432);
#5780=VERTEX_POINT('',#17434);
#5781=VERTEX_POINT('',#17436);
#5782=VERTEX_POINT('',#17438);
#5783=VERTEX_POINT('',#17442);
#5784=VERTEX_POINT('',#17444);
#5785=VERTEX_POINT('',#17446);
#5786=VERTEX_POINT('',#17448);
#5787=VERTEX_POINT('',#17450);
#5788=VERTEX_POINT('',#17452);
#5789=VERTEX_POINT('',#17454);
#5790=VERTEX_POINT('',#17460);
#5791=VERTEX_POINT('',#17464);
#5792=VERTEX_POINT('',#17466);
#5793=VERTEX_POINT('',#17468);
#5794=VERTEX_POINT('',#17470);
#5795=VERTEX_POINT('',#17472);
#5796=VERTEX_POINT('',#17476);
#5797=VERTEX_POINT('',#17478);
#5798=VERTEX_POINT('',#17480);
#5799=VERTEX_POINT('',#17482);
#5800=VERTEX_POINT('',#17484);
#5801=VERTEX_POINT('',#17487);
#5802=VERTEX_POINT('',#17489);
#5803=VERTEX_POINT('',#17491);
#5804=VERTEX_POINT('',#17493);
#5805=VERTEX_POINT('',#17496);
#5806=VERTEX_POINT('',#17499);
#5807=VERTEX_POINT('',#17501);
#5808=VERTEX_POINT('',#17503);
#5809=VERTEX_POINT('',#17505);
#5810=VERTEX_POINT('',#17507);
#5811=VERTEX_POINT('',#17509);
#5812=VERTEX_POINT('',#17513);
#5813=VERTEX_POINT('',#17515);
#5814=VERTEX_POINT('',#17517);
#5815=VERTEX_POINT('',#17519);
#5816=VERTEX_POINT('',#17523);
#5817=VERTEX_POINT('',#17527);
#5818=VERTEX_POINT('',#17531);
#5819=VERTEX_POINT('',#17533);
#5820=VERTEX_POINT('',#17539);
#5821=VERTEX_POINT('',#17543);
#5822=VERTEX_POINT('',#17545);
#5823=VERTEX_POINT('',#17547);
#5824=VERTEX_POINT('',#17549);
#5825=VERTEX_POINT('',#17551);
#5826=VERTEX_POINT('',#17555);
#5827=VERTEX_POINT('',#17557);
#5828=VERTEX_POINT('',#17559);
#5829=VERTEX_POINT('',#17561);
#5830=VERTEX_POINT('',#17565);
#5831=VERTEX_POINT('',#17571);
#5832=VERTEX_POINT('',#17573);
#5833=VERTEX_POINT('',#17577);
#5834=VERTEX_POINT('',#17579);
#5835=VERTEX_POINT('',#17581);
#5836=VERTEX_POINT('',#17583);
#5837=VERTEX_POINT('',#17587);
#5838=VERTEX_POINT('',#17589);
#5839=VERTEX_POINT('',#17591);
#5840=VERTEX_POINT('',#17593);
#5841=VERTEX_POINT('',#17595);
#5842=VERTEX_POINT('',#17597);
#5843=VERTEX_POINT('',#17601);
#5844=VERTEX_POINT('',#17603);
#5845=VERTEX_POINT('',#17605);
#5846=VERTEX_POINT('',#17607);
#5847=VERTEX_POINT('',#17609);
#5848=VERTEX_POINT('',#17611);
#5849=VERTEX_POINT('',#17615);
#5850=VERTEX_POINT('',#17617);
#5851=VERTEX_POINT('',#17621);
#5852=VERTEX_POINT('',#17623);
#5853=VERTEX_POINT('',#17625);
#5854=VERTEX_POINT('',#17629);
#5855=VERTEX_POINT('',#17633);
#5856=VERTEX_POINT('',#17635);
#5857=VERTEX_POINT('',#17639);
#5858=VERTEX_POINT('',#17641);
#5859=VERTEX_POINT('',#17643);
#5860=VERTEX_POINT('',#17645);
#5861=VERTEX_POINT('',#17647);
#5862=VERTEX_POINT('',#17651);
#5863=VERTEX_POINT('',#17653);
#5864=VERTEX_POINT('',#17655);
#5865=VERTEX_POINT('',#17657);
#5866=VERTEX_POINT('',#17659);
#5867=VERTEX_POINT('',#17663);
#5868=VERTEX_POINT('',#17665);
#5869=VERTEX_POINT('',#17667);
#5870=VERTEX_POINT('',#17669);
#5871=VERTEX_POINT('',#17671);
#5872=VERTEX_POINT('',#17673);
#5873=VERTEX_POINT('',#17677);
#5874=VERTEX_POINT('',#17679);
#5875=VERTEX_POINT('',#17683);
#5876=VERTEX_POINT('',#17687);
#5877=VERTEX_POINT('',#17688);
#5878=VERTEX_POINT('',#17694);
#5879=VERTEX_POINT('',#17697);
#5880=VERTEX_POINT('',#17699);
#5881=VERTEX_POINT('',#17701);
#5882=VERTEX_POINT('',#17705);
#5883=VERTEX_POINT('',#17708);
#5884=VERTEX_POINT('',#17710);
#5885=VERTEX_POINT('',#17714);
#5886=VERTEX_POINT('',#17720);
#5887=VERTEX_POINT('',#17726);
#5888=VERTEX_POINT('',#17729);
#5889=VERTEX_POINT('',#17732);
#5890=VERTEX_POINT('',#17734);
#5891=VERTEX_POINT('',#17736);
#5892=VERTEX_POINT('',#17738);
#5893=VERTEX_POINT('',#17740);
#5894=VERTEX_POINT('',#17744);
#5895=VERTEX_POINT('',#17748);
#5896=VERTEX_POINT('',#17750);
#5897=VERTEX_POINT('',#17756);
#5898=VERTEX_POINT('',#17760);
#5899=VERTEX_POINT('',#17762);
#5900=VERTEX_POINT('',#17764);
#5901=VERTEX_POINT('',#17766);
#5902=VERTEX_POINT('',#17770);
#5903=VERTEX_POINT('',#17772);
#5904=VERTEX_POINT('',#17776);
#5905=VERTEX_POINT('',#17778);
#5906=VERTEX_POINT('',#17780);
#5907=VERTEX_POINT('',#17782);
#5908=VERTEX_POINT('',#17784);
#5909=VERTEX_POINT('',#17788);
#5910=VERTEX_POINT('',#17792);
#5911=VERTEX_POINT('',#17794);
#5912=VERTEX_POINT('',#17796);
#5913=VERTEX_POINT('',#17798);
#5914=VERTEX_POINT('',#17802);
#5915=VERTEX_POINT('',#17804);
#5916=VERTEX_POINT('',#17806);
#5917=VERTEX_POINT('',#17810);
#5918=VERTEX_POINT('',#17812);
#5919=VERTEX_POINT('',#17817);
#5920=VERTEX_POINT('',#17821);
#5921=VERTEX_POINT('',#17823);
#5922=VERTEX_POINT('',#17830);
#5923=VERTEX_POINT('',#17832);
#5924=VERTEX_POINT('',#17834);
#5925=VERTEX_POINT('',#17840);
#5926=VERTEX_POINT('',#17843);
#5927=VERTEX_POINT('',#17847);
#5928=VERTEX_POINT('',#17849);
#5929=VERTEX_POINT('',#17853);
#5930=VERTEX_POINT('',#17857);
#5931=VERTEX_POINT('',#17866);
#5932=VERTEX_POINT('',#17870);
#5933=VERTEX_POINT('',#17872);
#5934=VERTEX_POINT('',#17877);
#5935=VERTEX_POINT('',#17879);
#5936=VERTEX_POINT('',#17883);
#5937=VERTEX_POINT('',#17888);
#5938=VERTEX_POINT('',#17890);
#5939=VERTEX_POINT('',#17894);
#5940=VERTEX_POINT('',#17896);
#5941=VERTEX_POINT('',#17899);
#5942=VERTEX_POINT('',#17903);
#5943=VERTEX_POINT('',#17905);
#5944=VERTEX_POINT('',#17907);
#5945=VERTEX_POINT('',#17909);
#5946=VERTEX_POINT('',#17911);
#5947=VERTEX_POINT('',#17913);
#5948=VERTEX_POINT('',#17917);
#5949=VERTEX_POINT('',#17919);
#5950=VERTEX_POINT('',#17923);
#5951=VERTEX_POINT('',#17927);
#5952=VERTEX_POINT('',#17929);
#5953=VERTEX_POINT('',#17941);
#5954=VERTEX_POINT('',#17945);
#5955=VERTEX_POINT('',#17947);
#5956=VERTEX_POINT('',#17949);
#5957=VERTEX_POINT('',#17951);
#5958=VERTEX_POINT('',#17953);
#5959=VERTEX_POINT('',#17955);
#5960=VERTEX_POINT('',#17957);
#5961=VERTEX_POINT('',#17959);
#5962=VERTEX_POINT('',#17961);
#5963=VERTEX_POINT('',#17963);
#5964=VERTEX_POINT('',#17966);
#5965=VERTEX_POINT('',#17967);
#5966=VERTEX_POINT('',#17969);
#5967=VERTEX_POINT('',#17973);
#5968=VERTEX_POINT('',#17974);
#5969=VERTEX_POINT('',#17976);
#5970=VERTEX_POINT('',#17978);
#5971=VERTEX_POINT('',#17982);
#5972=VERTEX_POINT('',#17983);
#5973=VERTEX_POINT('',#17985);
#5974=VERTEX_POINT('',#17987);
#5975=VERTEX_POINT('',#17991);
#5976=VERTEX_POINT('',#17994);
#5977=VERTEX_POINT('',#17997);
#5978=VERTEX_POINT('',#17999);
#5979=VERTEX_POINT('',#18001);
#5980=VERTEX_POINT('',#18005);
#5981=VERTEX_POINT('',#18009);
#5982=VERTEX_POINT('',#18013);
#5983=VERTEX_POINT('',#18015);
#5984=VERTEX_POINT('',#18019);
#5985=VERTEX_POINT('',#18022);
#5986=VERTEX_POINT('',#18024);
#5987=VERTEX_POINT('',#18026);
#5988=VERTEX_POINT('',#18031);
#5989=VERTEX_POINT('',#18033);
#5990=VERTEX_POINT('',#18035);
#5991=VERTEX_POINT('',#18039);
#5992=VERTEX_POINT('',#18045);
#5993=VERTEX_POINT('',#18046);
#5994=VERTEX_POINT('',#18050);
#5995=VERTEX_POINT('',#18052);
#5996=VERTEX_POINT('',#18054);
#5997=VERTEX_POINT('',#18056);
#5998=VERTEX_POINT('',#18058);
#5999=VERTEX_POINT('',#18061);
#6000=VERTEX_POINT('',#18062);
#6001=VERTEX_POINT('',#18064);
#6002=VERTEX_POINT('',#18070);
#6003=VERTEX_POINT('',#18071);
#6004=VERTEX_POINT('',#18073);
#6005=VERTEX_POINT('',#18076);
#6006=VERTEX_POINT('',#18078);
#6007=VERTEX_POINT('',#18080);
#6008=VERTEX_POINT('',#18082);
#6009=VERTEX_POINT('',#18084);
#6010=VERTEX_POINT('',#18086);
#6011=VERTEX_POINT('',#18088);
#6012=VERTEX_POINT('',#18093);
#6013=VERTEX_POINT('',#18095);
#6014=VERTEX_POINT('',#18098);
#6015=VERTEX_POINT('',#18100);
#6016=VERTEX_POINT('',#18102);
#6017=VERTEX_POINT('',#18104);
#6018=VERTEX_POINT('',#18106);
#6019=VERTEX_POINT('',#18108);
#6020=VERTEX_POINT('',#18110);
#6021=VERTEX_POINT('',#18112);
#6022=VERTEX_POINT('',#18114);
#6023=VERTEX_POINT('',#18116);
#6024=VERTEX_POINT('',#18119);
#6025=VERTEX_POINT('',#18121);
#6026=VERTEX_POINT('',#18123);
#6027=VERTEX_POINT('',#18125);
#6028=VERTEX_POINT('',#18127);
#6029=VERTEX_POINT('',#18129);
#6030=VERTEX_POINT('',#18132);
#6031=VERTEX_POINT('',#18135);
#6032=VERTEX_POINT('',#18137);
#6033=VERTEX_POINT('',#18139);
#6034=VERTEX_POINT('',#18141);
#6035=VERTEX_POINT('',#18143);
#6036=VERTEX_POINT('',#18146);
#6037=VERTEX_POINT('',#18148);
#6038=VERTEX_POINT('',#18150);
#6039=VERTEX_POINT('',#18152);
#6040=VERTEX_POINT('',#18154);
#6041=VERTEX_POINT('',#18156);
#6042=VERTEX_POINT('',#18159);
#6043=VERTEX_POINT('',#18162);
#6044=VERTEX_POINT('',#18164);
#6045=VERTEX_POINT('',#18166);
#6046=VERTEX_POINT('',#18168);
#6047=VERTEX_POINT('',#18172);
#6048=VERTEX_POINT('',#18175);
#6049=VERTEX_POINT('',#18177);
#6050=VERTEX_POINT('',#18179);
#6051=VERTEX_POINT('',#18181);
#6052=VERTEX_POINT('',#18183);
#6053=VERTEX_POINT('',#18185);
#6054=VERTEX_POINT('',#18188);
#6055=VERTEX_POINT('',#18190);
#6056=VERTEX_POINT('',#18193);
#6057=VERTEX_POINT('',#18196);
#6058=VERTEX_POINT('',#18199);
#6059=VERTEX_POINT('',#18202);
#6060=VERTEX_POINT('',#18204);
#6061=VERTEX_POINT('',#18206);
#6062=VERTEX_POINT('',#18208);
#6063=VERTEX_POINT('',#18210);
#6064=VERTEX_POINT('',#18212);
#6065=VERTEX_POINT('',#18214);
#6066=VERTEX_POINT('',#18216);
#6067=VERTEX_POINT('',#18219);
#6068=VERTEX_POINT('',#18221);
#6069=VERTEX_POINT('',#18223);
#6070=VERTEX_POINT('',#18226);
#6071=VERTEX_POINT('',#18228);
#6072=VERTEX_POINT('',#18230);
#6073=VERTEX_POINT('',#18232);
#6074=VERTEX_POINT('',#18234);
#6075=VERTEX_POINT('',#18236);
#6076=VERTEX_POINT('',#18238);
#6077=VERTEX_POINT('',#18240);
#6078=VERTEX_POINT('',#18242);
#6079=VERTEX_POINT('',#18244);
#6080=VERTEX_POINT('',#18248);
#6081=VERTEX_POINT('',#18251);
#6082=VERTEX_POINT('',#18253);
#6083=VERTEX_POINT('',#18255);
#6084=VERTEX_POINT('',#18257);
#6085=VERTEX_POINT('',#18259);
#6086=VERTEX_POINT('',#18261);
#6087=VERTEX_POINT('',#18263);
#6088=VERTEX_POINT('',#18266);
#6089=VERTEX_POINT('',#18269);
#6090=VERTEX_POINT('',#18270);
#6091=VERTEX_POINT('',#18272);
#6092=VERTEX_POINT('',#18274);
#6093=VERTEX_POINT('',#18276);
#6094=VERTEX_POINT('',#18278);
#6095=VERTEX_POINT('',#18280);
#6096=VERTEX_POINT('',#18282);
#6097=VERTEX_POINT('',#18284);
#6098=VERTEX_POINT('',#18286);
#6099=VERTEX_POINT('',#18288);
#6100=VERTEX_POINT('',#18290);
#6101=VERTEX_POINT('',#18292);
#6102=VERTEX_POINT('',#18294);
#6103=VERTEX_POINT('',#18296);
#6104=VERTEX_POINT('',#18298);
#6105=VERTEX_POINT('',#18301);
#6106=VERTEX_POINT('',#18302);
#6107=VERTEX_POINT('',#18304);
#6108=VERTEX_POINT('',#18306);
#6109=VERTEX_POINT('',#18308);
#6110=VERTEX_POINT('',#18310);
#6111=VERTEX_POINT('',#18313);
#6112=VERTEX_POINT('',#18314);
#6113=VERTEX_POINT('',#18316);
#6114=VERTEX_POINT('',#18318);
#6115=VERTEX_POINT('',#18320);
#6116=VERTEX_POINT('',#18322);
#6117=VERTEX_POINT('',#18324);
#6118=VERTEX_POINT('',#18326);
#6119=VERTEX_POINT('',#18328);
#6120=VERTEX_POINT('',#18330);
#6121=VERTEX_POINT('',#18333);
#6122=VERTEX_POINT('',#18334);
#6123=VERTEX_POINT('',#18336);
#6124=VERTEX_POINT('',#18338);
#6125=VERTEX_POINT('',#18340);
#6126=VERTEX_POINT('',#18342);
#6127=VERTEX_POINT('',#18344);
#6128=VERTEX_POINT('',#18346);
#6129=VERTEX_POINT('',#18348);
#6130=VERTEX_POINT('',#18350);
#6131=VERTEX_POINT('',#18352);
#6132=VERTEX_POINT('',#18354);
#6133=VERTEX_POINT('',#18356);
#6134=VERTEX_POINT('',#18358);
#6135=VERTEX_POINT('',#18360);
#6136=VERTEX_POINT('',#18362);
#6137=VERTEX_POINT('',#18364);
#6138=VERTEX_POINT('',#18366);
#6139=VERTEX_POINT('',#18368);
#6140=VERTEX_POINT('',#18370);
#6141=VERTEX_POINT('',#18372);
#6142=VERTEX_POINT('',#18374);
#6143=VERTEX_POINT('',#18376);
#6144=VERTEX_POINT('',#18378);
#6145=VERTEX_POINT('',#18381);
#6146=VERTEX_POINT('',#18382);
#6147=VERTEX_POINT('',#18384);
#6148=VERTEX_POINT('',#18386);
#6149=VERTEX_POINT('',#18388);
#6150=VERTEX_POINT('',#18390);
#6151=VERTEX_POINT('',#18392);
#6152=VERTEX_POINT('',#18395);
#6153=VERTEX_POINT('',#18396);
#6154=VERTEX_POINT('',#18398);
#6155=VERTEX_POINT('',#18400);
#6156=VERTEX_POINT('',#18402);
#6157=VERTEX_POINT('',#18404);
#6158=VERTEX_POINT('',#18407);
#6159=VERTEX_POINT('',#18408);
#6160=VERTEX_POINT('',#18410);
#6161=VERTEX_POINT('',#18412);
#6162=VERTEX_POINT('',#18414);
#6163=VERTEX_POINT('',#18417);
#6164=VERTEX_POINT('',#18418);
#6165=VERTEX_POINT('',#18420);
#6166=VERTEX_POINT('',#18422);
#6167=VERTEX_POINT('',#18424);
#6168=VERTEX_POINT('',#18426);
#6169=VERTEX_POINT('',#18429);
#6170=VERTEX_POINT('',#18430);
#6171=VERTEX_POINT('',#18432);
#6172=VERTEX_POINT('',#18434);
#6173=VERTEX_POINT('',#18436);
#6174=VERTEX_POINT('',#18438);
#6175=VERTEX_POINT('',#18441);
#6176=VERTEX_POINT('',#18442);
#6177=VERTEX_POINT('',#18444);
#6178=VERTEX_POINT('',#18446);
#6179=VERTEX_POINT('',#18448);
#6180=VERTEX_POINT('',#18450);
#6181=VERTEX_POINT('',#18453);
#6182=VERTEX_POINT('',#18454);
#6183=VERTEX_POINT('',#18456);
#6184=VERTEX_POINT('',#18458);
#6185=VERTEX_POINT('',#18460);
#6186=VERTEX_POINT('',#18462);
#6187=VERTEX_POINT('',#18465);
#6188=VERTEX_POINT('',#18466);
#6189=VERTEX_POINT('',#18468);
#6190=VERTEX_POINT('',#18470);
#6191=VERTEX_POINT('',#18473);
#6192=VERTEX_POINT('',#18474);
#6193=VERTEX_POINT('',#18476);
#6194=VERTEX_POINT('',#18478);
#6195=VERTEX_POINT('',#18480);
#6196=VERTEX_POINT('',#18482);
#6197=VERTEX_POINT('',#18484);
#6198=VERTEX_POINT('',#18487);
#6199=VERTEX_POINT('',#18488);
#6200=VERTEX_POINT('',#18490);
#6201=VERTEX_POINT('',#18492);
#6202=VERTEX_POINT('',#18494);
#6203=VERTEX_POINT('',#18496);
#6204=VERTEX_POINT('',#18499);
#6205=VERTEX_POINT('',#18500);
#6206=VERTEX_POINT('',#18502);
#6207=VERTEX_POINT('',#18504);
#6208=VERTEX_POINT('',#18506);
#6209=VERTEX_POINT('',#18508);
#6210=VERTEX_POINT('',#18511);
#6211=VERTEX_POINT('',#18512);
#6212=VERTEX_POINT('',#18514);
#6213=VERTEX_POINT('',#18516);
#6214=VERTEX_POINT('',#18518);
#6215=VERTEX_POINT('',#18520);
#6216=VERTEX_POINT('',#18523);
#6217=VERTEX_POINT('',#18524);
#6218=VERTEX_POINT('',#18526);
#6219=VERTEX_POINT('',#18528);
#6220=VERTEX_POINT('',#18530);
#6221=VERTEX_POINT('',#18532);
#6222=VERTEX_POINT('',#18534);
#6223=VERTEX_POINT('',#18536);
#6224=VERTEX_POINT('',#18538);
#6225=VERTEX_POINT('',#18540);
#6226=VERTEX_POINT('',#18542);
#6227=VERTEX_POINT('',#18544);
#6228=VERTEX_POINT('',#18546);
#6229=VERTEX_POINT('',#18548);
#6230=VERTEX_POINT('',#18551);
#6231=VERTEX_POINT('',#18552);
#6232=VERTEX_POINT('',#18554);
#6233=VERTEX_POINT('',#18556);
#6234=VERTEX_POINT('',#18558);
#6235=VERTEX_POINT('',#18560);
#6236=VERTEX_POINT('',#18562);
#6237=VERTEX_POINT('',#18564);
#6238=VERTEX_POINT('',#18566);
#6239=VERTEX_POINT('',#18568);
#6240=VERTEX_POINT('',#18570);
#6241=VERTEX_POINT('',#18572);
#6242=VERTEX_POINT('',#18575);
#6243=VERTEX_POINT('',#18576);
#6244=VERTEX_POINT('',#18578);
#6245=VERTEX_POINT('',#18580);
#6246=VERTEX_POINT('',#18582);
#6247=VERTEX_POINT('',#18584);
#6248=VERTEX_POINT('',#18588);
#6249=VERTEX_POINT('',#18592);
#6250=VERTEX_POINT('',#18596);
#6251=VERTEX_POINT('',#18600);
#6252=VERTEX_POINT('',#18602);
#6253=VERTEX_POINT('',#18604);
#6254=VERTEX_POINT('',#18611);
#6255=VERTEX_POINT('',#18613);
#6256=VERTEX_POINT('',#18615);
#6257=VERTEX_POINT('',#18617);
#6258=VERTEX_POINT('',#18621);
#6259=VERTEX_POINT('',#18625);
#6260=VERTEX_POINT('',#18629);
#6261=VERTEX_POINT('',#18631);
#6262=VERTEX_POINT('',#18635);
#6263=VERTEX_POINT('',#18637);
#6264=VERTEX_POINT('',#18639);
#6265=VERTEX_POINT('',#18645);
#6266=VERTEX_POINT('',#18649);
#6267=VERTEX_POINT('',#18654);
#6268=VERTEX_POINT('',#18658);
#6269=VERTEX_POINT('',#18663);
#6270=VERTEX_POINT('',#18664);
#6271=VERTEX_POINT('',#18666);
#6272=VERTEX_POINT('',#18670);
#6273=VERTEX_POINT('',#18674);
#6274=VERTEX_POINT('',#18677);
#6275=VERTEX_POINT('',#18686);
#6276=VERTEX_POINT('',#18691);
#6277=VERTEX_POINT('',#18695);
#6278=VERTEX_POINT('',#18699);
#6279=VERTEX_POINT('',#18701);
#6280=VERTEX_POINT('',#18704);
#6281=VERTEX_POINT('',#18707);
#6282=VERTEX_POINT('',#18709);
#6283=VERTEX_POINT('',#18711);
#6284=VERTEX_POINT('',#18713);
#6285=VERTEX_POINT('',#18715);
#6286=VERTEX_POINT('',#18717);
#6287=VERTEX_POINT('',#18719);
#6288=VERTEX_POINT('',#18721);
#6289=VERTEX_POINT('',#18723);
#6290=VERTEX_POINT('',#18725);
#6291=VERTEX_POINT('',#18727);
#6292=VERTEX_POINT('',#18729);
#6293=VERTEX_POINT('',#18731);
#6294=VERTEX_POINT('',#18733);
#6295=VERTEX_POINT('',#18737);
#6296=VERTEX_POINT('',#18739);
#6297=VERTEX_POINT('',#18741);
#6298=VERTEX_POINT('',#18743);
#6299=VERTEX_POINT('',#18745);
#6300=VERTEX_POINT('',#18748);
#6301=VERTEX_POINT('',#18751);
#6302=VERTEX_POINT('',#18754);
#6303=VERTEX_POINT('',#18756);
#6304=VERTEX_POINT('',#18758);
#6305=VERTEX_POINT('',#18760);
#6306=VERTEX_POINT('',#18762);
#6307=VERTEX_POINT('',#18766);
#6308=VERTEX_POINT('',#18768);
#6309=VERTEX_POINT('',#18770);
#6310=VERTEX_POINT('',#18772);
#6311=VERTEX_POINT('',#18774);
#6312=VERTEX_POINT('',#18776);
#6313=VERTEX_POINT('',#18782);
#6314=VERTEX_POINT('',#18784);
#6315=VERTEX_POINT('',#18787);
#6316=VERTEX_POINT('',#18789);
#6317=VERTEX_POINT('',#18791);
#6318=VERTEX_POINT('',#18793);
#6319=VERTEX_POINT('',#18797);
#6320=VERTEX_POINT('',#18798);
#6321=VERTEX_POINT('',#18800);
#6322=VERTEX_POINT('',#18802);
#6323=VERTEX_POINT('',#18804);
#6324=VERTEX_POINT('',#18806);
#6325=VERTEX_POINT('',#18809);
#6326=VERTEX_POINT('',#18810);
#6327=VERTEX_POINT('',#18812);
#6328=VERTEX_POINT('',#18814);
#6329=VERTEX_POINT('',#18816);
#6330=VERTEX_POINT('',#18818);
#6331=VERTEX_POINT('',#18821);
#6332=VERTEX_POINT('',#18822);
#6333=VERTEX_POINT('',#18824);
#6334=VERTEX_POINT('',#18826);
#6335=VERTEX_POINT('',#18828);
#6336=VERTEX_POINT('',#18830);
#6337=VERTEX_POINT('',#18832);
#6338=VERTEX_POINT('',#18835);
#6339=VERTEX_POINT('',#18836);
#6340=VERTEX_POINT('',#18838);
#6341=VERTEX_POINT('',#18840);
#6342=VERTEX_POINT('',#18842);
#6343=VERTEX_POINT('',#18844);
#6344=VERTEX_POINT('',#18846);
#6345=VERTEX_POINT('',#18848);
#6346=VERTEX_POINT('',#18850);
#6347=VERTEX_POINT('',#18854);
#6348=VERTEX_POINT('',#18855);
#6349=VERTEX_POINT('',#18857);
#6350=VERTEX_POINT('',#18859);
#6351=VERTEX_POINT('',#18861);
#6352=VERTEX_POINT('',#18863);
#6353=VERTEX_POINT('',#18866);
#6354=VERTEX_POINT('',#18867);
#6355=VERTEX_POINT('',#18869);
#6356=VERTEX_POINT('',#18871);
#6357=VERTEX_POINT('',#18873);
#6358=VERTEX_POINT('',#18875);
#6359=VERTEX_POINT('',#18880);
#6360=VERTEX_POINT('',#18881);
#6361=VERTEX_POINT('',#18883);
#6362=VERTEX_POINT('',#18885);
#6363=VERTEX_POINT('',#18887);
#6364=VERTEX_POINT('',#18889);
#6365=VERTEX_POINT('',#18891);
#6366=VERTEX_POINT('',#18893);
#6367=VERTEX_POINT('',#18895);
#6368=VERTEX_POINT('',#18897);
#6369=VERTEX_POINT('',#18899);
#6370=VERTEX_POINT('',#18901);
#6371=VERTEX_POINT('',#18903);
#6372=VERTEX_POINT('',#18905);
#6373=VERTEX_POINT('',#18907);
#6374=VERTEX_POINT('',#18909);
#6375=VERTEX_POINT('',#18912);
#6376=VERTEX_POINT('',#18916);
#6377=VERTEX_POINT('',#18917);
#6378=VERTEX_POINT('',#18919);
#6379=VERTEX_POINT('',#18921);
#6380=VERTEX_POINT('',#18923);
#6381=VERTEX_POINT('',#18926);
#6382=VERTEX_POINT('',#18927);
#6383=VERTEX_POINT('',#18929);
#6384=VERTEX_POINT('',#18931);
#6385=VERTEX_POINT('',#18933);
#6386=VERTEX_POINT('',#18935);
#6387=VERTEX_POINT('',#18937);
#6388=VERTEX_POINT('',#18939);
#6389=VERTEX_POINT('',#18941);
#6390=VERTEX_POINT('',#18943);
#6391=VERTEX_POINT('',#18945);
#6392=VERTEX_POINT('',#18947);
#6393=VERTEX_POINT('',#18949);
#6394=VERTEX_POINT('',#18951);
#6395=VERTEX_POINT('',#18954);
#6396=VERTEX_POINT('',#18955);
#6397=VERTEX_POINT('',#18957);
#6398=VERTEX_POINT('',#18959);
#6399=VERTEX_POINT('',#18961);
#6400=VERTEX_POINT('',#18963);
#6401=VERTEX_POINT('',#18965);
#6402=VERTEX_POINT('',#18967);
#6403=VERTEX_POINT('',#18969);
#6404=VERTEX_POINT('',#18971);
#6405=VERTEX_POINT('',#18973);
#6406=VERTEX_POINT('',#18976);
#6407=VERTEX_POINT('',#18977);
#6408=VERTEX_POINT('',#18979);
#6409=VERTEX_POINT('',#18981);
#6410=VERTEX_POINT('',#18983);
#6411=VERTEX_POINT('',#18985);
#6412=VERTEX_POINT('',#18987);
#6413=VERTEX_POINT('',#18989);
#6414=VERTEX_POINT('',#18991);
#6415=VERTEX_POINT('',#18993);
#6416=VERTEX_POINT('',#18995);
#6417=VERTEX_POINT('',#18997);
#6418=VERTEX_POINT('',#19000);
#6419=VERTEX_POINT('',#19001);
#6420=VERTEX_POINT('',#19003);
#6421=VERTEX_POINT('',#19005);
#6422=VERTEX_POINT('',#19007);
#6423=VERTEX_POINT('',#19009);
#6424=VERTEX_POINT('',#19011);
#6425=VERTEX_POINT('',#19013);
#6426=VERTEX_POINT('',#19015);
#6427=VERTEX_POINT('',#19017);
#6428=VERTEX_POINT('',#19019);
#6429=VERTEX_POINT('',#19021);
#6430=VERTEX_POINT('',#19023);
#6431=VERTEX_POINT('',#19025);
#6432=VERTEX_POINT('',#19027);
#6433=VERTEX_POINT('',#19029);
#6434=VERTEX_POINT('',#19032);
#6435=VERTEX_POINT('',#19033);
#6436=VERTEX_POINT('',#19035);
#6437=VERTEX_POINT('',#19037);
#6438=VERTEX_POINT('',#19039);
#6439=VERTEX_POINT('',#19041);
#6440=VERTEX_POINT('',#19043);
#6441=VERTEX_POINT('',#19046);
#6442=VERTEX_POINT('',#19047);
#6443=VERTEX_POINT('',#19049);
#6444=VERTEX_POINT('',#19051);
#6445=VERTEX_POINT('',#19053);
#6446=VERTEX_POINT('',#19055);
#6447=VERTEX_POINT('',#19057);
#6448=VERTEX_POINT('',#19059);
#6449=VERTEX_POINT('',#19061);
#6450=VERTEX_POINT('',#19063);
#6451=VERTEX_POINT('',#19065);
#6452=VERTEX_POINT('',#19067);
#6453=VERTEX_POINT('',#19069);
#6454=VERTEX_POINT('',#19071);
#6455=VERTEX_POINT('',#19073);
#6456=VERTEX_POINT('',#19075);
#6457=VERTEX_POINT('',#19077);
#6458=VERTEX_POINT('',#19079);
#6459=VERTEX_POINT('',#19081);
#6460=VERTEX_POINT('',#19083);
#6461=VERTEX_POINT('',#19085);
#6462=VERTEX_POINT('',#19087);
#6463=VERTEX_POINT('',#19089);
#6464=VERTEX_POINT('',#19091);
#6465=VERTEX_POINT('',#19093);
#6466=VERTEX_POINT('',#19095);
#6467=VERTEX_POINT('',#19097);
#6468=VERTEX_POINT('',#19100);
#6469=VERTEX_POINT('',#19101);
#6470=VERTEX_POINT('',#19103);
#6471=VERTEX_POINT('',#19105);
#6472=VERTEX_POINT('',#19107);
#6473=VERTEX_POINT('',#19109);
#6474=VERTEX_POINT('',#19112);
#6475=VERTEX_POINT('',#19114);
#6476=VERTEX_POINT('',#19116);
#6477=VERTEX_POINT('',#19118);
#6478=VERTEX_POINT('',#19120);
#6479=VERTEX_POINT('',#19122);
#6480=VERTEX_POINT('',#19124);
#6481=VERTEX_POINT('',#19126);
#6482=VERTEX_POINT('',#19130);
#6483=VERTEX_POINT('',#19132);
#6484=VERTEX_POINT('',#19134);
#6485=VERTEX_POINT('',#19136);
#6486=VERTEX_POINT('',#19138);
#6487=VERTEX_POINT('',#19142);
#6488=VERTEX_POINT('',#19144);
#6489=VERTEX_POINT('',#19146);
#6490=VERTEX_POINT('',#19149);
#6491=VERTEX_POINT('',#19151);
#6492=VERTEX_POINT('',#19153);
#6493=VERTEX_POINT('',#19155);
#6494=VERTEX_POINT('',#19158);
#6495=VERTEX_POINT('',#19160);
#6496=VERTEX_POINT('',#19162);
#6497=VERTEX_POINT('',#19164);
#6498=VERTEX_POINT('',#19166);
#6499=VERTEX_POINT('',#19168);
#6500=VERTEX_POINT('',#19170);
#6501=VERTEX_POINT('',#19172);
#6502=VERTEX_POINT('',#19174);
#6503=VERTEX_POINT('',#19176);
#6504=VERTEX_POINT('',#19178);
#6505=VERTEX_POINT('',#19180);
#6506=VERTEX_POINT('',#19182);
#6507=VERTEX_POINT('',#19184);
#6508=VERTEX_POINT('',#19187);
#6509=VERTEX_POINT('',#19201);
#6510=VERTEX_POINT('',#19270);
#6511=VERTEX_POINT('',#19273);
#6512=VERTEX_POINT('',#19310);
#6513=VERTEX_POINT('',#19368);
#6514=VERTEX_POINT('',#19370);
#6515=VERTEX_POINT('',#19392);
#6516=VERTEX_POINT('',#19394);
#6517=VERTEX_POINT('',#19398);
#6518=VERTEX_POINT('',#19409);
#6519=VERTEX_POINT('',#19411);
#6520=VERTEX_POINT('',#19470);
#6521=VERTEX_POINT('',#19472);
#6522=VERTEX_POINT('',#19499);
#6523=VERTEX_POINT('',#19504);
#6524=VERTEX_POINT('',#19506);
#6525=VERTEX_POINT('',#19508);
#6526=VERTEX_POINT('',#19513);
#6527=VERTEX_POINT('',#19615);
#6528=VERTEX_POINT('',#19619);
#6529=VERTEX_POINT('',#19697);
#6530=VERTEX_POINT('',#19699);
#6531=VERTEX_POINT('',#19701);
#6532=VERTEX_POINT('',#19705);
#6533=VERTEX_POINT('',#19755);
#6534=VERTEX_POINT('',#19756);
#6535=VERTEX_POINT('',#19758);
#6536=VERTEX_POINT('',#19760);
#6537=VERTEX_POINT('',#19764);
#6538=VERTEX_POINT('',#19765);
#6539=VERTEX_POINT('',#19767);
#6540=VERTEX_POINT('',#19769);
#6541=VERTEX_POINT('',#19773);
#6542=VERTEX_POINT('',#19774);
#6543=VERTEX_POINT('',#19776);
#6544=VERTEX_POINT('',#19778);
#6545=VERTEX_POINT('',#19788);
#6546=VERTEX_POINT('',#19789);
#6547=VERTEX_POINT('',#19791);
#6548=VERTEX_POINT('',#19793);
#6549=VERTEX_POINT('',#19797);
#6550=VERTEX_POINT('',#19798);
#6551=VERTEX_POINT('',#19800);
#6552=VERTEX_POINT('',#19802);
#6553=VERTEX_POINT('',#19806);
#6554=VERTEX_POINT('',#19807);
#6555=VERTEX_POINT('',#19809);
#6556=VERTEX_POINT('',#19811);
#6557=VERTEX_POINT('',#19827);
#6558=VERTEX_POINT('',#19828);
#6559=VERTEX_POINT('',#19830);
#6560=VERTEX_POINT('',#19832);
#6561=VERTEX_POINT('',#19836);
#6562=VERTEX_POINT('',#19837);
#6563=VERTEX_POINT('',#19839);
#6564=VERTEX_POINT('',#19841);
#6565=VERTEX_POINT('',#19845);
#6566=VERTEX_POINT('',#19847);
#6567=VERTEX_POINT('',#19851);
#6568=VERTEX_POINT('',#19853);
#6569=VERTEX_POINT('',#19862);
#6570=VERTEX_POINT('',#19863);
#6571=VERTEX_POINT('',#19865);
#6572=VERTEX_POINT('',#19867);
#6573=VERTEX_POINT('',#19871);
#6574=VERTEX_POINT('',#19873);
#6575=VERTEX_POINT('',#19877);
#6576=VERTEX_POINT('',#19879);
#6577=VERTEX_POINT('',#19883);
#6578=VERTEX_POINT('',#19885);
#6579=VERTEX_POINT('',#19889);
#6580=VERTEX_POINT('',#19891);
#6581=VERTEX_POINT('',#19897);
#6582=VERTEX_POINT('',#19899);
#6583=VERTEX_POINT('',#19903);
#6584=VERTEX_POINT('',#19904);
#6585=VERTEX_POINT('',#19906);
#6586=VERTEX_POINT('',#19908);
#6587=VERTEX_POINT('',#19912);
#6588=VERTEX_POINT('',#19913);
#6589=VERTEX_POINT('',#19915);
#6590=VERTEX_POINT('',#19917);
#6591=VERTEX_POINT('',#19921);
#6592=VERTEX_POINT('',#19923);
#6593=VERTEX_POINT('',#19927);
#6594=VERTEX_POINT('',#19929);
#6595=VERTEX_POINT('',#19933);
#6596=VERTEX_POINT('',#19935);
#6597=VERTEX_POINT('',#19939);
#6598=VERTEX_POINT('',#19941);
#6599=VERTEX_POINT('',#19945);
#6600=VERTEX_POINT('',#19946);
#6601=VERTEX_POINT('',#19948);
#6602=VERTEX_POINT('',#19950);
#6603=VERTEX_POINT('',#19954);
#6604=VERTEX_POINT('',#19956);
#6605=VERTEX_POINT('',#19960);
#6606=VERTEX_POINT('',#19962);
#6607=VERTEX_POINT('',#19969);
#6608=VERTEX_POINT('',#19970);
#6609=VERTEX_POINT('',#19972);
#6610=VERTEX_POINT('',#19974);
#6611=VERTEX_POINT('',#19978);
#6612=VERTEX_POINT('',#19980);
#6613=VERTEX_POINT('',#19984);
#6614=VERTEX_POINT('',#19986);
#6615=VERTEX_POINT('',#19993);
#6616=VERTEX_POINT('',#19994);
#6617=VERTEX_POINT('',#19996);
#6618=VERTEX_POINT('',#19998);
#6619=VERTEX_POINT('',#20002);
#6620=VERTEX_POINT('',#20004);
#6621=VERTEX_POINT('',#20008);
#6622=VERTEX_POINT('',#20010);
#6623=VERTEX_POINT('',#20017);
#6624=VERTEX_POINT('',#20018);
#6625=VERTEX_POINT('',#20020);
#6626=VERTEX_POINT('',#20022);
#6627=VERTEX_POINT('',#20026);
#6628=VERTEX_POINT('',#20028);
#6629=VERTEX_POINT('',#20032);
#6630=VERTEX_POINT('',#20034);
#6631=VERTEX_POINT('',#20041);
#6632=VERTEX_POINT('',#20042);
#6633=VERTEX_POINT('',#20044);
#6634=VERTEX_POINT('',#20046);
#6635=VERTEX_POINT('',#20050);
#6636=VERTEX_POINT('',#20052);
#6637=VERTEX_POINT('',#20056);
#6638=VERTEX_POINT('',#20058);
#6639=VERTEX_POINT('',#20065);
#6640=VERTEX_POINT('',#20066);
#6641=VERTEX_POINT('',#20068);
#6642=VERTEX_POINT('',#20070);
#6643=VERTEX_POINT('',#20074);
#6644=VERTEX_POINT('',#20076);
#6645=VERTEX_POINT('',#20080);
#6646=VERTEX_POINT('',#20082);
#6647=VERTEX_POINT('',#20089);
#6648=VERTEX_POINT('',#20090);
#6649=VERTEX_POINT('',#20092);
#6650=VERTEX_POINT('',#20094);
#6651=VERTEX_POINT('',#20098);
#6652=VERTEX_POINT('',#20100);
#6653=VERTEX_POINT('',#20104);
#6654=VERTEX_POINT('',#20106);
#6655=VERTEX_POINT('',#20113);
#6656=VERTEX_POINT('',#20114);
#6657=VERTEX_POINT('',#20116);
#6658=VERTEX_POINT('',#20118);
#6659=VERTEX_POINT('',#20122);
#6660=VERTEX_POINT('',#20124);
#6661=VERTEX_POINT('',#20128);
#6662=VERTEX_POINT('',#20130);
#6663=VERTEX_POINT('',#20137);
#6664=VERTEX_POINT('',#20138);
#6665=VERTEX_POINT('',#20140);
#6666=VERTEX_POINT('',#20142);
#6667=VERTEX_POINT('',#20146);
#6668=VERTEX_POINT('',#20148);
#6669=VERTEX_POINT('',#20152);
#6670=VERTEX_POINT('',#20154);
#6671=VERTEX_POINT('',#20161);
#6672=VERTEX_POINT('',#20162);
#6673=VERTEX_POINT('',#20164);
#6674=VERTEX_POINT('',#20166);
#6675=VERTEX_POINT('',#20170);
#6676=VERTEX_POINT('',#20172);
#6677=VERTEX_POINT('',#20176);
#6678=VERTEX_POINT('',#20178);
#6679=VERTEX_POINT('',#20185);
#6680=VERTEX_POINT('',#20186);
#6681=VERTEX_POINT('',#20188);
#6682=VERTEX_POINT('',#20190);
#6683=VERTEX_POINT('',#20194);
#6684=VERTEX_POINT('',#20196);
#6685=VERTEX_POINT('',#20200);
#6686=VERTEX_POINT('',#20202);
#6687=VERTEX_POINT('',#20209);
#6688=VERTEX_POINT('',#20210);
#6689=VERTEX_POINT('',#20212);
#6690=VERTEX_POINT('',#20214);
#6691=VERTEX_POINT('',#20218);
#6692=VERTEX_POINT('',#20220);
#6693=VERTEX_POINT('',#20224);
#6694=VERTEX_POINT('',#20226);
#6695=VERTEX_POINT('',#20233);
#6696=VERTEX_POINT('',#20234);
#6697=VERTEX_POINT('',#20236);
#6698=VERTEX_POINT('',#20238);
#6699=VERTEX_POINT('',#20242);
#6700=VERTEX_POINT('',#20244);
#6701=VERTEX_POINT('',#20248);
#6702=VERTEX_POINT('',#20250);
#6703=VERTEX_POINT('',#20257);
#6704=VERTEX_POINT('',#20258);
#6705=VERTEX_POINT('',#20260);
#6706=VERTEX_POINT('',#20262);
#6707=VERTEX_POINT('',#20266);
#6708=VERTEX_POINT('',#20268);
#6709=VERTEX_POINT('',#20272);
#6710=VERTEX_POINT('',#20274);
#6711=VERTEX_POINT('',#20281);
#6712=VERTEX_POINT('',#20282);
#6713=VERTEX_POINT('',#20284);
#6714=VERTEX_POINT('',#20286);
#6715=VERTEX_POINT('',#20290);
#6716=VERTEX_POINT('',#20292);
#6717=VERTEX_POINT('',#20296);
#6718=VERTEX_POINT('',#20298);
#6719=VERTEX_POINT('',#20305);
#6720=VERTEX_POINT('',#20306);
#6721=VERTEX_POINT('',#20308);
#6722=VERTEX_POINT('',#20310);
#6723=VERTEX_POINT('',#20314);
#6724=VERTEX_POINT('',#20316);
#6725=VERTEX_POINT('',#20320);
#6726=VERTEX_POINT('',#20322);
#6727=VERTEX_POINT('',#20329);
#6728=VERTEX_POINT('',#20331);
#6729=VERTEX_POINT('',#20335);
#6730=VERTEX_POINT('',#20337);
#6731=VERTEX_POINT('',#20341);
#6732=VERTEX_POINT('',#20343);
#6733=VERTEX_POINT('',#20348);
#6734=VERTEX_POINT('',#20352);
#6735=VERTEX_POINT('',#20359);
#6736=VERTEX_POINT('',#20360);
#6737=VERTEX_POINT('',#20362);
#6738=VERTEX_POINT('',#20364);
#6739=VERTEX_POINT('',#20368);
#6740=VERTEX_POINT('',#20369);
#6741=VERTEX_POINT('',#20371);
#6742=VERTEX_POINT('',#20373);
#6743=EDGE_CURVE('',#5515,#5516,#2093,.T.);
#6744=EDGE_CURVE('',#5515,#5517,#2056,.T.);
#6745=EDGE_CURVE('',#5518,#5517,#2094,.T.);
#6746=EDGE_CURVE('',#5518,#5519,#1960,.T.);
#6747=EDGE_CURVE('',#5520,#5519,#2057,.T.);
#6748=EDGE_CURVE('',#5520,#5521,#1961,.T.);
#6749=EDGE_CURVE('',#5522,#5521,#2058,.T.);
#6750=EDGE_CURVE('',#5522,#5523,#1962,.T.);
#6751=EDGE_CURVE('',#5524,#5523,#2059,.T.);
#6752=EDGE_CURVE('',#5516,#5524,#1963,.T.);
#6753=EDGE_CURVE('',#5525,#5525,#1964,.T.);
#6754=EDGE_CURVE('',#5525,#5526,#2095,.T.);
#6755=EDGE_CURVE('',#5526,#5526,#1965,.T.);
#6756=EDGE_CURVE('',#5527,#5528,#2096,.T.);
#6757=EDGE_CURVE('',#5527,#5529,#2097,.T.);
#6758=EDGE_CURVE('',#5530,#5529,#2098,.T.);
#6759=EDGE_CURVE('',#5528,#5530,#2099,.T.);
#6760=EDGE_CURVE('',#5528,#5531,#2100,.T.);
#6761=EDGE_CURVE('',#5532,#5530,#2101,.T.);
#6762=EDGE_CURVE('',#5532,#5531,#2102,.T.);
#6763=EDGE_CURVE('',#5531,#5533,#2103,.T.);
#6764=EDGE_CURVE('',#5534,#5532,#2104,.T.);
#6765=EDGE_CURVE('',#5534,#5533,#2105,.T.);
#6766=EDGE_CURVE('',#5535,#5527,#2106,.T.);
#6767=EDGE_CURVE('',#5536,#5535,#2107,.T.);
#6768=EDGE_CURVE('',#5537,#5536,#2108,.T.);
#6769=EDGE_CURVE('',#5533,#5537,#2109,.T.);
#6770=EDGE_CURVE('',#5529,#5534,#2110,.T.);
#6771=EDGE_CURVE('',#5538,#5539,#2111,.T.);
#6772=EDGE_CURVE('',#5540,#5539,#2112,.T.);
#6773=EDGE_CURVE('',#5540,#5541,#2113,.T.);
#6774=EDGE_CURVE('',#5542,#5541,#2114,.T.);
#6775=EDGE_CURVE('',#5542,#5543,#2115,.T.);
#6776=EDGE_CURVE('',#5544,#5543,#2116,.T.);
#6777=EDGE_CURVE('',#5544,#5545,#2117,.T.);
#6778=EDGE_CURVE('',#5545,#5546,#2118,.T.);
#6779=EDGE_CURVE('',#5546,#5547,#2119,.T.);
#6780=EDGE_CURVE('',#5547,#5548,#2120,.T.);
#6781=EDGE_CURVE('',#5548,#5549,#2121,.T.);
#6782=EDGE_CURVE('',#5550,#5549,#2122,.T.);
#6783=EDGE_CURVE('',#5550,#5551,#2123,.T.);
#6784=EDGE_CURVE('',#5551,#5552,#2124,.T.);
#6785=EDGE_CURVE('',#5553,#5552,#2125,.T.);
#6786=EDGE_CURVE('',#5553,#5554,#2126,.T.);
#6787=EDGE_CURVE('',#5554,#5555,#2127,.T.);
#6788=EDGE_CURVE('',#5555,#5556,#2128,.T.);
#6789=EDGE_CURVE('',#5556,#5557,#2129,.T.);
#6790=EDGE_CURVE('',#5558,#5557,#2130,.T.);
#6791=EDGE_CURVE('',#5558,#5559,#2131,.T.);
#6792=EDGE_CURVE('',#5559,#5560,#2132,.T.);
#6793=EDGE_CURVE('',#5560,#5561,#2133,.T.);
#6794=EDGE_CURVE('',#5561,#5562,#2134,.T.);
#6795=EDGE_CURVE('',#5563,#5562,#2135,.T.);
#6796=EDGE_CURVE('',#5563,#5564,#2136,.T.);
#6797=EDGE_CURVE('',#5564,#5565,#2137,.T.);
#6798=EDGE_CURVE('',#5565,#5538,#2138,.T.);
#6799=EDGE_CURVE('',#5537,#5566,#2139,.T.);
#6800=EDGE_CURVE('',#5566,#5567,#2140,.T.);
#6801=EDGE_CURVE('',#5567,#5535,#2141,.T.);
#6802=EDGE_CURVE('',#5568,#5569,#2142,.T.);
#6803=EDGE_CURVE('',#5568,#5570,#2143,.T.);
#6804=EDGE_CURVE('',#5571,#5570,#2144,.T.);
#6805=EDGE_CURVE('',#5569,#5571,#2145,.T.);
#6806=EDGE_CURVE('',#5572,#5573,#2146,.T.);
#6807=EDGE_CURVE('',#5574,#5572,#2147,.T.);
#6808=EDGE_CURVE('',#5575,#5574,#2148,.T.);
#6809=EDGE_CURVE('',#5575,#5573,#2149,.T.);
#6810=EDGE_CURVE('',#5573,#5568,#2150,.T.);
#6811=EDGE_CURVE('',#5570,#5575,#2151,.T.);
#6812=EDGE_CURVE('',#5576,#5576,#1966,.T.);
#6813=EDGE_CURVE('',#5576,#5577,#2152,.T.);
#6814=EDGE_CURVE('',#5577,#5577,#2060,.T.);
#6815=EDGE_CURVE('',#5578,#5578,#1967,.T.);
#6816=EDGE_CURVE('',#5579,#5579,#1968,.T.);
#6817=EDGE_CURVE('',#5579,#5580,#2153,.T.);
#6818=EDGE_CURVE('',#5580,#5580,#2061,.T.);
#6819=EDGE_CURVE('',#5581,#5581,#1969,.T.);
#6820=EDGE_CURVE('',#5582,#5582,#1970,.T.);
#6821=EDGE_CURVE('',#5582,#5583,#2154,.T.);
#6822=EDGE_CURVE('',#5583,#5583,#2062,.T.);
#6823=EDGE_CURVE('',#5584,#5584,#1971,.T.);
#6824=EDGE_CURVE('',#5585,#5585,#1972,.T.);
#6825=EDGE_CURVE('',#5585,#5578,#2155,.T.);
#6826=EDGE_CURVE('',#5586,#5586,#1973,.T.);
#6827=EDGE_CURVE('',#5586,#5581,#2156,.T.);
#6828=EDGE_CURVE('',#5587,#5587,#1974,.T.);
#6829=EDGE_CURVE('',#5587,#5584,#2157,.T.);
#6830=EDGE_CURVE('',#5588,#5588,#1975,.T.);
#6831=EDGE_CURVE('',#5588,#5589,#2158,.T.);
#6832=EDGE_CURVE('',#5589,#5589,#1976,.T.);
#6833=EDGE_CURVE('',#5590,#5590,#1977,.T.);
#6834=EDGE_CURVE('',#5590,#5591,#2159,.T.);
#6835=EDGE_CURVE('',#5591,#5591,#1978,.T.);
#6836=EDGE_CURVE('',#5592,#5592,#1979,.T.);
#6837=EDGE_CURVE('',#5592,#5593,#2160,.T.);
#6838=EDGE_CURVE('',#5593,#5593,#1980,.T.);
#6839=EDGE_CURVE('',#5594,#5594,#1981,.T.);
#6840=EDGE_CURVE('',#5594,#5595,#2161,.T.);
#6841=EDGE_CURVE('',#5595,#5595,#2063,.T.);
#6842=EDGE_CURVE('',#5596,#5596,#1982,.T.);
#6843=EDGE_CURVE('',#5597,#5597,#1983,.T.);
#6844=EDGE_CURVE('',#5597,#5598,#2162,.T.);
#6845=EDGE_CURVE('',#5598,#5598,#2064,.T.);
#6846=EDGE_CURVE('',#5599,#5599,#1984,.T.);
#6847=EDGE_CURVE('',#5600,#5600,#1985,.T.);
#6848=EDGE_CURVE('',#5600,#5601,#2163,.T.);
#6849=EDGE_CURVE('',#5601,#5601,#2065,.T.);
#6850=EDGE_CURVE('',#5602,#5602,#1986,.T.);
#6851=EDGE_CURVE('',#5603,#5603,#1987,.T.);
#6852=EDGE_CURVE('',#5603,#5604,#2164,.T.);
#6853=EDGE_CURVE('',#5604,#5604,#2066,.T.);
#6854=EDGE_CURVE('',#5605,#5605,#1988,.T.);
#6855=EDGE_CURVE('',#5606,#5606,#1989,.T.);
#6856=EDGE_CURVE('',#5606,#5596,#2165,.T.);
#6857=EDGE_CURVE('',#5607,#5607,#1990,.T.);
#6858=EDGE_CURVE('',#5607,#5599,#2166,.T.);
#6859=EDGE_CURVE('',#5608,#5608,#1991,.T.);
#6860=EDGE_CURVE('',#5608,#5602,#2167,.T.);
#6861=EDGE_CURVE('',#5609,#5610,#1992,.T.);
#6862=EDGE_CURVE('',#5611,#5609,#2168,.T.);
#6863=EDGE_CURVE('',#5612,#5611,#1993,.T.);
#6864=EDGE_CURVE('',#5610,#5612,#2169,.T.);
#6865=EDGE_CURVE('',#5613,#5613,#1994,.T.);
#6866=EDGE_CURVE('',#5613,#5605,#2170,.T.);
#6867=EDGE_CURVE('',#5614,#5611,#2171,.T.);
#6868=EDGE_CURVE('',#5615,#5614,#1995,.T.);
#6869=EDGE_CURVE('',#5612,#5615,#2172,.T.);
#6870=EDGE_CURVE('',#5616,#5609,#2173,.T.);
#6871=EDGE_CURVE('',#5616,#5617,#2174,.T.);
#6872=EDGE_CURVE('',#5618,#5617,#2175,.T.);
#6873=EDGE_CURVE('',#5614,#5618,#2176,.T.);
#6874=EDGE_CURVE('',#5619,#5619,#1996,.T.);
#6875=EDGE_CURVE('',#5619,#5620,#2177,.T.);
#6876=EDGE_CURVE('',#5620,#5620,#1997,.T.);
#6877=EDGE_CURVE('',#5621,#5621,#1998,.T.);
#6878=EDGE_CURVE('',#5621,#5622,#2178,.T.);
#6879=EDGE_CURVE('',#5622,#5622,#1999,.T.);
#6880=EDGE_CURVE('',#5623,#5623,#2000,.T.);
#6881=EDGE_CURVE('',#5623,#5624,#2179,.T.);
#6882=EDGE_CURVE('',#5624,#5624,#2001,.T.);
#6883=EDGE_CURVE('',#5625,#5625,#2002,.T.);
#6884=EDGE_CURVE('',#5625,#5626,#2180,.T.);
#6885=EDGE_CURVE('',#5626,#5626,#2003,.T.);
#6886=EDGE_CURVE('',#5627,#5628,#2181,.T.);
#6887=EDGE_CURVE('',#5627,#5629,#2182,.T.);
#6888=EDGE_CURVE('',#5628,#5629,#2183,.T.);
#6889=EDGE_CURVE('',#5630,#5631,#2184,.T.);
#6890=EDGE_CURVE('',#5632,#5630,#2185,.T.);
#6891=EDGE_CURVE('',#5633,#5632,#2186,.T.);
#6892=EDGE_CURVE('',#5633,#5634,#2187,.T.);
#6893=EDGE_CURVE('',#5634,#5635,#2188,.T.);
#6894=EDGE_CURVE('',#5635,#5636,#2189,.T.);
#6895=EDGE_CURVE('',#5637,#5636,#2190,.T.);
#6896=EDGE_CURVE('',#5637,#5638,#2191,.T.);
#6897=EDGE_CURVE('',#5639,#5638,#2192,.T.);
#6898=EDGE_CURVE('',#5640,#5639,#2193,.T.);
#6899=EDGE_CURVE('',#5641,#5640,#2194,.T.);
#6900=EDGE_CURVE('',#5641,#5631,#2195,.T.);
#6901=EDGE_CURVE('',#5642,#5643,#2196,.T.);
#6902=EDGE_CURVE('',#5644,#5642,#2197,.T.);
#6903=EDGE_CURVE('',#5645,#5644,#2198,.T.);
#6904=EDGE_CURVE('',#5645,#5643,#2199,.T.);
#6905=EDGE_CURVE('',#5646,#5647,#2200,.T.);
#6906=EDGE_CURVE('',#5648,#5646,#2201,.T.);
#6907=EDGE_CURVE('',#5649,#5648,#2202,.T.);
#6908=EDGE_CURVE('',#5649,#5637,#2203,.T.);
#6909=EDGE_CURVE('',#5636,#5650,#2204,.T.);
#6910=EDGE_CURVE('',#5651,#5650,#2205,.T.);
#6911=EDGE_CURVE('',#5651,#5652,#2206,.T.);
#6912=EDGE_CURVE('',#5653,#5652,#2207,.T.);
#6913=EDGE_CURVE('',#5654,#5653,#2208,.T.);
#6914=EDGE_CURVE('',#5655,#5654,#2209,.T.);
#6915=EDGE_CURVE('',#5655,#5656,#2210,.T.);
#6916=EDGE_CURVE('',#5657,#5656,#2211,.T.);
#6917=EDGE_CURVE('',#5658,#5657,#2212,.T.);
#6918=EDGE_CURVE('',#5659,#5658,#2213,.T.);
#6919=EDGE_CURVE('',#5659,#5660,#2214,.T.);
#6920=EDGE_CURVE('',#5661,#5660,#2215,.T.);
#6921=EDGE_CURVE('',#5662,#5661,#2216,.T.);
#6922=EDGE_CURVE('',#5663,#5662,#2217,.T.);
#6923=EDGE_CURVE('',#5663,#5664,#2218,.T.);
#6924=EDGE_CURVE('',#5665,#5664,#2219,.T.);
#6925=EDGE_CURVE('',#5666,#5665,#2220,.T.);
#6926=EDGE_CURVE('',#5667,#5666,#2221,.T.);
#6927=EDGE_CURVE('',#5667,#5647,#2222,.T.);
#6928=EDGE_CURVE('',#5668,#5669,#2223,.T.);
#6929=EDGE_CURVE('',#5668,#5670,#2224,.T.);
#6930=EDGE_CURVE('',#5669,#5670,#2225,.T.);
#6931=EDGE_CURVE('',#5671,#5672,#2226,.T.);
#6932=EDGE_CURVE('',#5671,#5651,#2227,.T.);
#6933=EDGE_CURVE('',#5650,#5673,#2228,.T.);
#6934=EDGE_CURVE('',#5674,#5673,#2229,.T.);
#6935=EDGE_CURVE('',#5674,#5675,#2230,.T.);
#6936=EDGE_CURVE('',#5676,#5675,#2231,.T.);
#6937=EDGE_CURVE('',#5677,#5676,#2232,.T.);
#6938=EDGE_CURVE('',#5678,#5677,#2233,.T.);
#6939=EDGE_CURVE('',#5678,#5679,#2234,.T.);
#6940=EDGE_CURVE('',#5680,#5679,#2235,.T.);
#6941=EDGE_CURVE('',#5681,#5680,#2236,.T.);
#6942=EDGE_CURVE('',#5682,#5681,#2237,.T.);
#6943=EDGE_CURVE('',#5682,#5683,#2238,.T.);
#6944=EDGE_CURVE('',#5684,#5683,#2239,.T.);
#6945=EDGE_CURVE('',#5672,#5684,#2240,.T.);
#6946=EDGE_CURVE('',#5685,#5686,#2241,.T.);
#6947=EDGE_CURVE('',#5687,#5685,#2242,.T.);
#6948=EDGE_CURVE('',#5687,#5686,#2243,.T.);
#6949=EDGE_CURVE('',#5688,#5689,#2244,.T.);
#6950=EDGE_CURVE('',#5690,#5688,#2245,.T.);
#6951=EDGE_CURVE('',#5691,#5690,#2246,.T.);
#6952=EDGE_CURVE('',#5689,#5691,#2247,.T.);
#6953=EDGE_CURVE('',#5692,#5693,#2248,.T.);
#6954=EDGE_CURVE('',#5694,#5692,#2249,.T.);
#6955=EDGE_CURVE('',#5695,#5694,#2250,.T.);
#6956=EDGE_CURVE('',#5693,#5695,#2251,.T.);
#6957=EDGE_CURVE('',#5643,#5696,#2252,.T.);
#6958=EDGE_CURVE('',#5697,#5645,#2253,.T.);
#6959=EDGE_CURVE('',#5696,#5697,#2254,.T.);
#6960=EDGE_CURVE('',#5664,#5698,#2255,.T.);
#6961=EDGE_CURVE('',#5699,#5663,#2256,.T.);
#6962=EDGE_CURVE('',#5698,#5699,#2257,.T.);
#6963=EDGE_CURVE('',#5647,#5700,#2258,.T.);
#6964=EDGE_CURVE('',#5519,#5667,#2259,.T.);
#6965=EDGE_CURVE('',#5700,#5518,#2260,.T.);
#6966=EDGE_CURVE('',#5656,#5701,#2261,.T.);
#6967=EDGE_CURVE('',#5702,#5655,#2262,.T.);
#6968=EDGE_CURVE('',#5701,#5702,#2263,.T.);
#6969=EDGE_CURVE('',#5703,#5659,#2264,.T.);
#6970=EDGE_CURVE('',#5704,#5703,#2265,.T.);
#6971=EDGE_CURVE('',#5660,#5704,#2266,.T.);
#6972=EDGE_CURVE('',#5705,#5706,#2267,.T.);
#6973=EDGE_CURVE('',#5707,#5705,#2268,.T.);
#6974=EDGE_CURVE('',#5708,#5707,#2269,.T.);
#6975=EDGE_CURVE('',#5706,#5708,#2270,.T.);
#6976=EDGE_CURVE('',#5638,#5649,#2004,.T.);
#6977=EDGE_CURVE('',#5709,#5710,#2271,.T.);
#6978=EDGE_CURVE('',#5711,#5709,#2272,.T.);
#6979=EDGE_CURVE('',#5712,#5711,#2273,.T.);
#6980=EDGE_CURVE('',#5710,#5712,#2274,.T.);
#6981=EDGE_CURVE('',#5631,#5713,#2275,.T.);
#6982=EDGE_CURVE('',#5714,#5641,#2276,.T.);
#6983=EDGE_CURVE('',#5713,#5714,#2277,.T.);
#6984=EDGE_CURVE('',#5679,#5715,#2278,.T.);
#6985=EDGE_CURVE('',#5716,#5678,#2279,.T.);
#6986=EDGE_CURVE('',#5717,#5716,#2280,.T.);
#6987=EDGE_CURVE('',#5715,#5717,#2005,.T.);
#6988=EDGE_CURVE('',#5683,#5718,#2281,.T.);
#6989=EDGE_CURVE('',#5719,#5682,#2282,.T.);
#6990=EDGE_CURVE('',#5718,#5719,#2283,.T.);
#6991=EDGE_CURVE('',#5686,#5720,#2284,.T.);
#6992=EDGE_CURVE('',#5721,#5687,#2285,.T.);
#6993=EDGE_CURVE('',#5722,#5721,#2286,.T.);
#6994=EDGE_CURVE('',#5723,#5722,#2287,.T.);
#6995=EDGE_CURVE('',#5724,#5723,#2288,.T.);
#6996=EDGE_CURVE('',#5652,#5724,#2289,.T.);
#6997=EDGE_CURVE('',#5720,#5671,#2006,.T.);
#6998=EDGE_CURVE('',#5725,#5566,#2290,.T.);
#6999=EDGE_CURVE('',#5567,#5725,#2291,.T.);
#7000=EDGE_CURVE('',#5561,#5726,#2292,.T.);
#7001=EDGE_CURVE('',#5727,#5560,#2293,.T.);
#7002=EDGE_CURVE('',#5629,#5727,#2294,.T.);
#7003=EDGE_CURVE('',#5726,#5627,#2295,.T.);
#7004=EDGE_CURVE('',#5728,#5554,#2296,.T.);
#7005=EDGE_CURVE('',#5729,#5728,#2297,.T.);
#7006=EDGE_CURVE('',#5555,#5729,#2298,.T.);
#7007=EDGE_CURVE('',#5730,#5546,#2299,.T.);
#7008=EDGE_CURVE('',#5731,#5730,#2300,.T.);
#7009=EDGE_CURVE('',#5634,#5731,#2301,.T.);
#7010=EDGE_CURVE('',#5732,#5633,#2007,.T.);
#7011=EDGE_CURVE('',#5733,#5732,#2302,.T.);
#7012=EDGE_CURVE('',#5734,#5733,#2303,.T.);
#7013=EDGE_CURVE('',#5547,#5734,#2304,.T.);
#7014=EDGE_CURVE('',#5551,#5735,#2305,.T.);
#7015=EDGE_CURVE('',#5736,#5550,#2306,.T.);
#7016=EDGE_CURVE('',#5670,#5736,#2307,.T.);
#7017=EDGE_CURVE('',#5737,#5668,#2308,.T.);
#7018=EDGE_CURVE('',#5675,#5737,#2008,.T.);
#7019=EDGE_CURVE('',#5735,#5674,#2309,.T.);
#7020=EDGE_CURVE('',#5673,#5635,#2310,.T.);
#7021=EDGE_CURVE('',#5549,#5738,#2311,.T.);
#7022=EDGE_CURVE('',#5739,#5548,#2312,.T.);
#7023=EDGE_CURVE('',#5738,#5739,#2313,.T.);
#7024=EDGE_CURVE('',#5740,#5741,#2314,.T.);
#7025=EDGE_CURVE('',#5740,#5742,#2315,.T.);
#7026=EDGE_CURVE('',#5743,#5742,#2316,.T.);
#7027=EDGE_CURVE('',#5744,#5743,#2317,.T.);
#7028=EDGE_CURVE('',#5735,#5744,#2318,.T.);
#7029=EDGE_CURVE('',#5745,#5731,#2319,.T.);
#7030=EDGE_CURVE('',#5746,#5745,#2320,.T.);
#7031=EDGE_CURVE('',#5741,#5746,#2321,.T.);
#7032=EDGE_CURVE('',#5538,#5740,#2322,.T.);
#7033=EDGE_CURVE('',#5747,#5565,#2323,.T.);
#7034=EDGE_CURVE('',#5742,#5747,#2324,.T.);
#7035=EDGE_CURVE('',#5741,#5748,#2325,.T.);
#7036=EDGE_CURVE('',#5749,#5748,#2326,.T.);
#7037=EDGE_CURVE('',#5750,#5749,#2327,.T.);
#7038=EDGE_CURVE('',#5751,#5750,#2328,.T.);
#7039=EDGE_CURVE('',#5751,#5752,#2329,.T.);
#7040=EDGE_CURVE('',#5539,#5752,#2330,.T.);
#7041=EDGE_CURVE('',#5744,#5753,#2331,.T.);
#7042=EDGE_CURVE('',#5754,#5753,#2332,.T.);
#7043=EDGE_CURVE('',#5755,#5754,#2333,.T.);
#7044=EDGE_CURVE('',#5756,#5755,#2334,.T.);
#7045=EDGE_CURVE('',#5756,#5757,#2335,.T.);
#7046=EDGE_CURVE('',#5552,#5757,#2336,.T.);
#7047=EDGE_CURVE('',#5758,#5743,#2337,.T.);
#7048=EDGE_CURVE('',#5753,#5758,#2338,.T.);
#7049=EDGE_CURVE('',#5564,#5747,#2339,.T.);
#7050=EDGE_CURVE('',#5759,#5563,#2340,.T.);
#7051=EDGE_CURVE('',#5760,#5759,#2341,.T.);
#7052=EDGE_CURVE('',#5761,#5760,#2342,.T.);
#7053=EDGE_CURVE('',#5761,#5762,#2343,.T.);
#7054=EDGE_CURVE('',#5758,#5762,#2344,.T.);
#7055=EDGE_CURVE('',#5763,#5726,#2345,.T.);
#7056=EDGE_CURVE('',#5764,#5763,#2346,.T.);
#7057=EDGE_CURVE('',#5765,#5764,#2347,.T.);
#7058=EDGE_CURVE('',#5766,#5765,#2348,.T.);
#7059=EDGE_CURVE('',#5562,#5766,#2349,.T.);
#7060=EDGE_CURVE('',#5767,#5628,#2350,.T.);
#7061=EDGE_CURVE('',#5763,#5767,#2351,.T.);
#7062=EDGE_CURVE('',#5768,#5720,#2067,.T.);
#7063=EDGE_CURVE('',#5769,#5768,#2352,.T.);
#7064=EDGE_CURVE('',#5769,#5685,#2353,.T.);
#7065=EDGE_CURVE('',#5672,#5770,#2068,.T.);
#7066=EDGE_CURVE('',#5770,#5768,#2354,.T.);
#7067=EDGE_CURVE('',#5771,#5718,#2355,.T.);
#7068=EDGE_CURVE('',#5772,#5771,#2356,.T.);
#7069=EDGE_CURVE('',#5773,#5772,#2357,.T.);
#7070=EDGE_CURVE('',#5774,#5773,#2358,.T.);
#7071=EDGE_CURVE('',#5774,#5775,#2359,.T.);
#7072=EDGE_CURVE('',#5776,#5775,#2360,.T.);
#7073=EDGE_CURVE('',#5776,#5684,#2361,.T.);
#7074=EDGE_CURVE('',#5777,#5778,#2362,.T.);
#7075=EDGE_CURVE('',#5777,#5778,#2069,.T.);
#7076=EDGE_CURVE('',#5770,#5776,#2363,.T.);
#7077=EDGE_CURVE('',#5715,#5779,#2070,.T.);
#7078=EDGE_CURVE('',#5780,#5779,#2364,.T.);
#7079=EDGE_CURVE('',#5780,#5781,#2365,.T.);
#7080=EDGE_CURVE('',#5782,#5781,#2366,.T.);
#7081=EDGE_CURVE('',#5782,#5680,#2367,.T.);
#7082=EDGE_CURVE('',#5717,#5783,#2368,.T.);
#7083=EDGE_CURVE('',#5783,#5784,#2071,.T.);
#7084=EDGE_CURVE('',#5785,#5784,#2369,.T.);
#7085=EDGE_CURVE('',#5786,#5785,#2009,.T.);
#7086=EDGE_CURVE('',#5787,#5786,#2072,.T.);
#7087=EDGE_CURVE('',#5787,#5788,#2010,.T.);
#7088=EDGE_CURVE('',#5789,#5788,#2073,.T.);
#7089=EDGE_CURVE('',#5789,#5779,#2011,.T.);
#7090=EDGE_CURVE('',#5783,#5784,#2370,.T.);
#7091=EDGE_CURVE('',#5790,#5782,#2371,.T.);
#7092=EDGE_CURVE('',#5681,#5790,#2372,.T.);
#7093=EDGE_CURVE('',#5791,#5710,#2373,.T.);
#7094=EDGE_CURVE('',#5792,#5791,#2374,.T.);
#7095=EDGE_CURVE('',#5793,#5792,#2375,.T.);
#7096=EDGE_CURVE('',#5794,#5793,#2376,.T.);
#7097=EDGE_CURVE('',#5795,#5794,#2377,.T.);
#7098=EDGE_CURVE('',#5795,#5709,#2378,.T.);
#7099=EDGE_CURVE('',#5569,#5796,#2379,.T.);
#7100=EDGE_CURVE('',#5796,#5797,#2380,.T.);
#7101=EDGE_CURVE('',#5797,#5798,#2381,.T.);
#7102=EDGE_CURVE('',#5798,#5799,#2382,.T.);
#7103=EDGE_CURVE('',#5799,#5800,#2383,.T.);
#7104=EDGE_CURVE('',#5800,#5713,#2384,.T.);
#7105=EDGE_CURVE('',#5714,#5801,#2385,.T.);
#7106=EDGE_CURVE('',#5801,#5802,#2386,.T.);
#7107=EDGE_CURVE('',#5802,#5803,#2387,.T.);
#7108=EDGE_CURVE('',#5804,#5803,#2388,.T.);
#7109=EDGE_CURVE('',#5804,#5739,#2389,.T.);
#7110=EDGE_CURVE('',#5734,#5805,#2390,.T.);
#7111=EDGE_CURVE('',#5791,#5805,#2391,.T.);
#7112=EDGE_CURVE('',#5712,#5806,#2392,.T.);
#7113=EDGE_CURVE('',#5806,#5807,#2393,.T.);
#7114=EDGE_CURVE('',#5808,#5807,#2394,.T.);
#7115=EDGE_CURVE('',#5808,#5809,#2395,.T.);
#7116=EDGE_CURVE('',#5809,#5810,#2396,.T.);
#7117=EDGE_CURVE('',#5810,#5811,#2397,.T.);
#7118=EDGE_CURVE('',#5811,#5572,#2398,.T.);
#7119=EDGE_CURVE('',#5812,#5733,#2399,.T.);
#7120=EDGE_CURVE('',#5813,#5812,#2400,.T.);
#7121=EDGE_CURVE('',#5814,#5813,#2401,.T.);
#7122=EDGE_CURVE('',#5814,#5815,#2402,.T.);
#7123=EDGE_CURVE('',#5805,#5815,#2403,.T.);
#7124=EDGE_CURVE('',#5816,#5732,#2074,.T.);
#7125=EDGE_CURVE('',#5812,#5816,#2404,.T.);
#7126=EDGE_CURVE('',#5632,#5817,#2075,.T.);
#7127=EDGE_CURVE('',#5817,#5816,#2405,.T.);
#7128=EDGE_CURVE('',#5745,#5818,#2076,.T.);
#7129=EDGE_CURVE('',#5819,#5818,#2406,.T.);
#7130=EDGE_CURVE('',#5819,#5746,#2077,.T.);
#7131=EDGE_CURVE('',#5748,#5819,#2407,.T.);
#7132=EDGE_CURVE('',#5820,#5630,#2408,.T.);
#7133=EDGE_CURVE('',#5817,#5820,#2409,.T.);
#7134=EDGE_CURVE('',#5640,#5821,#2410,.T.);
#7135=EDGE_CURVE('',#5822,#5821,#2411,.T.);
#7136=EDGE_CURVE('',#5823,#5822,#2412,.T.);
#7137=EDGE_CURVE('',#5824,#5823,#2413,.T.);
#7138=EDGE_CURVE('',#5824,#5825,#2414,.T.);
#7139=EDGE_CURVE('',#5825,#5801,#2415,.T.);
#7140=EDGE_CURVE('',#5648,#5826,#2078,.T.);
#7141=EDGE_CURVE('',#5826,#5827,#2416,.T.);
#7142=EDGE_CURVE('',#5828,#5827,#2012,.T.);
#7143=EDGE_CURVE('',#5829,#5828,#2417,.T.);
#7144=EDGE_CURVE('',#5829,#5639,#2079,.T.);
#7145=EDGE_CURVE('',#5830,#5646,#2418,.T.);
#7146=EDGE_CURVE('',#5826,#5830,#2419,.T.);
#7147=EDGE_CURVE('',#5821,#5829,#2420,.T.);
#7148=EDGE_CURVE('',#5831,#5708,#2421,.T.);
#7149=EDGE_CURVE('',#5832,#5831,#2422,.T.);
#7150=EDGE_CURVE('',#5832,#5706,#2423,.T.);
#7151=EDGE_CURVE('',#5833,#5707,#2424,.T.);
#7152=EDGE_CURVE('',#5834,#5833,#2425,.T.);
#7153=EDGE_CURVE('',#5835,#5834,#2426,.T.);
#7154=EDGE_CURVE('',#5836,#5835,#2427,.T.);
#7155=EDGE_CURVE('',#5831,#5836,#2428,.T.);
#7156=EDGE_CURVE('',#5658,#5837,#2429,.T.);
#7157=EDGE_CURVE('',#5838,#5837,#2430,.T.);
#7158=EDGE_CURVE('',#5839,#5838,#2431,.T.);
#7159=EDGE_CURVE('',#5840,#5839,#2432,.T.);
#7160=EDGE_CURVE('',#5840,#5841,#2433,.T.);
#7161=EDGE_CURVE('',#5842,#5841,#2434,.T.);
#7162=EDGE_CURVE('',#5703,#5842,#2435,.T.);
#7163=EDGE_CURVE('',#5654,#5843,#2436,.T.);
#7164=EDGE_CURVE('',#5844,#5843,#2437,.T.);
#7165=EDGE_CURVE('',#5845,#5844,#2438,.T.);
#7166=EDGE_CURVE('',#5846,#5845,#2439,.T.);
#7167=EDGE_CURVE('',#5846,#5847,#2440,.T.);
#7168=EDGE_CURVE('',#5848,#5847,#2441,.T.);
#7169=EDGE_CURVE('',#5702,#5848,#2442,.T.);
#7170=EDGE_CURVE('',#5849,#5516,#2013,.T.);
#7171=EDGE_CURVE('',#5850,#5849,#2443,.T.);
#7172=EDGE_CURVE('',#5850,#5515,#2080,.T.);
#7173=EDGE_CURVE('',#5666,#5851,#2444,.T.);
#7174=EDGE_CURVE('',#5852,#5851,#2445,.T.);
#7175=EDGE_CURVE('',#5853,#5852,#2446,.T.);
#7176=EDGE_CURVE('',#5520,#5853,#2447,.T.);
#7177=EDGE_CURVE('',#5854,#5665,#2448,.T.);
#7178=EDGE_CURVE('',#5851,#5854,#2449,.T.);
#7179=EDGE_CURVE('',#5855,#5661,#2450,.T.);
#7180=EDGE_CURVE('',#5856,#5855,#2451,.T.);
#7181=EDGE_CURVE('',#5662,#5856,#2452,.T.);
#7182=EDGE_CURVE('',#5857,#5704,#2453,.T.);
#7183=EDGE_CURVE('',#5858,#5857,#2454,.T.);
#7184=EDGE_CURVE('',#5859,#5858,#2455,.T.);
#7185=EDGE_CURVE('',#5860,#5859,#2456,.T.);
#7186=EDGE_CURVE('',#5860,#5861,#2457,.T.);
#7187=EDGE_CURVE('',#5855,#5861,#2458,.T.);
#7188=EDGE_CURVE('',#5862,#5644,#2459,.T.);
#7189=EDGE_CURVE('',#5863,#5862,#2460,.T.);
#7190=EDGE_CURVE('',#5864,#5863,#2461,.T.);
#7191=EDGE_CURVE('',#5864,#5865,#2462,.T.);
#7192=EDGE_CURVE('',#5866,#5865,#2463,.T.);
#7193=EDGE_CURVE('',#5697,#5866,#2464,.T.);
#7194=EDGE_CURVE('',#5677,#5867,#2465,.T.);
#7195=EDGE_CURVE('',#5868,#5867,#2466,.T.);
#7196=EDGE_CURVE('',#5869,#5868,#2467,.T.);
#7197=EDGE_CURVE('',#5870,#5869,#2468,.T.);
#7198=EDGE_CURVE('',#5870,#5871,#2469,.T.);
#7199=EDGE_CURVE('',#5872,#5871,#2470,.T.);
#7200=EDGE_CURVE('',#5716,#5872,#2471,.T.);
#7201=EDGE_CURVE('',#5737,#5873,#2081,.T.);
#7202=EDGE_CURVE('',#5874,#5873,#2472,.T.);
#7203=EDGE_CURVE('',#5874,#5676,#2082,.T.);
#7204=EDGE_CURVE('',#5875,#5669,#2473,.T.);
#7205=EDGE_CURVE('',#5873,#5875,#2474,.T.);
#7206=EDGE_CURVE('',#5876,#5877,#2475,.T.);
#7207=EDGE_CURVE('',#5876,#5877,#2083,.T.);
#7208=EDGE_CURVE('',#5867,#5874,#2476,.T.);
#7209=EDGE_CURVE('',#5878,#5736,#2477,.T.);
#7210=EDGE_CURVE('',#5757,#5878,#2478,.T.);
#7211=EDGE_CURVE('',#5879,#5756,#2479,.T.);
#7212=EDGE_CURVE('',#5880,#5879,#2480,.T.);
#7213=EDGE_CURVE('',#5881,#5880,#2481,.T.);
#7214=EDGE_CURVE('',#5875,#5881,#2482,.T.);
#7215=EDGE_CURVE('',#5882,#5690,#2483,.T.);
#7216=EDGE_CURVE('',#5881,#5882,#2484,.T.);
#7217=EDGE_CURVE('',#5880,#5883,#2485,.T.);
#7218=EDGE_CURVE('',#5884,#5883,#2486,.T.);
#7219=EDGE_CURVE('',#5691,#5884,#2487,.T.);
#7220=EDGE_CURVE('',#5885,#5657,#2488,.T.);
#7221=EDGE_CURVE('',#5837,#5885,#2489,.T.);
#7222=EDGE_CURVE('',#5542,#5541,#2084,.T.);
#7223=EDGE_CURVE('',#5886,#5653,#2490,.T.);
#7224=EDGE_CURVE('',#5843,#5886,#2491,.T.);
#7225=EDGE_CURVE('',#5850,#5517,#2492,.T.);
#7226=EDGE_CURVE('',#5887,#5887,#2085,.T.);
#7227=EDGE_CURVE('',#5888,#5888,#2086,.T.);
#7228=EDGE_CURVE('',#5889,#5698,#2493,.T.);
#7229=EDGE_CURVE('',#5890,#5889,#2494,.T.);
#7230=EDGE_CURVE('',#5891,#5890,#2495,.T.);
#7231=EDGE_CURVE('',#5892,#5891,#2496,.T.);
#7232=EDGE_CURVE('',#5892,#5893,#2497,.T.);
#7233=EDGE_CURVE('',#5854,#5893,#2498,.T.);
#7234=EDGE_CURVE('',#5894,#5730,#2499,.T.);
#7235=EDGE_CURVE('',#5818,#5894,#2500,.T.);
#7236=EDGE_CURVE('',#5895,#5545,#2501,.T.);
#7237=EDGE_CURVE('',#5896,#5895,#2502,.T.);
#7238=EDGE_CURVE('',#5894,#5896,#2503,.T.);
#7239=EDGE_CURVE('',#5543,#5540,#2014,.T.);
#7240=EDGE_CURVE('',#5897,#5688,#2504,.T.);
#7241=EDGE_CURVE('',#5882,#5897,#2505,.T.);
#7242=EDGE_CURVE('',#5898,#5689,#2506,.T.);
#7243=EDGE_CURVE('',#5899,#5898,#2507,.T.);
#7244=EDGE_CURVE('',#5900,#5899,#2508,.T.);
#7245=EDGE_CURVE('',#5901,#5900,#2509,.T.);
#7246=EDGE_CURVE('',#5897,#5901,#2510,.T.);
#7247=EDGE_CURVE('',#5902,#5877,#2511,.T.);
#7248=EDGE_CURVE('',#5903,#5902,#2015,.T.);
#7249=EDGE_CURVE('',#5876,#5903,#2512,.T.);
#7250=EDGE_CURVE('',#5904,#5694,#2513,.T.);
#7251=EDGE_CURVE('',#5905,#5904,#2514,.T.);
#7252=EDGE_CURVE('',#5906,#5905,#2515,.T.);
#7253=EDGE_CURVE('',#5906,#5907,#2516,.T.);
#7254=EDGE_CURVE('',#5908,#5907,#2517,.T.);
#7255=EDGE_CURVE('',#5695,#5908,#2518,.T.);
#7256=EDGE_CURVE('',#5909,#5692,#2519,.T.);
#7257=EDGE_CURVE('',#5904,#5909,#2520,.T.);
#7258=EDGE_CURVE('',#5910,#5693,#2521,.T.);
#7259=EDGE_CURVE('',#5911,#5910,#2522,.T.);
#7260=EDGE_CURVE('',#5912,#5911,#2523,.T.);
#7261=EDGE_CURVE('',#5913,#5912,#2524,.T.);
#7262=EDGE_CURVE('',#5909,#5913,#2525,.T.);
#7263=EDGE_CURVE('',#5914,#5701,#2526,.T.);
#7264=EDGE_CURVE('',#5914,#5915,#2527,.T.);
#7265=EDGE_CURVE('',#5915,#5916,#2528,.T.);
#7266=EDGE_CURVE('',#5885,#5916,#2529,.T.);
#7267=EDGE_CURVE('',#5917,#5832,#2530,.T.);
#7268=EDGE_CURVE('',#5918,#5917,#2531,.T.);
#7269=EDGE_CURVE('',#5915,#5918,#2532,.T.);
#7270=EDGE_CURVE('',#5705,#5914,#2533,.T.);
#7271=EDGE_CURVE('',#5919,#5727,#2534,.T.);
#7272=EDGE_CURVE('',#5767,#5919,#2535,.T.);
#7273=EDGE_CURVE('',#5920,#5559,#2536,.T.);
#7274=EDGE_CURVE('',#5921,#5920,#2537,.T.);
#7275=EDGE_CURVE('',#5919,#5921,#2538,.T.);
#7276=EDGE_CURVE('',#5536,#5725,#2539,.T.);
#7277=EDGE_CURVE('',#5922,#5729,#2540,.T.);
#7278=EDGE_CURVE('',#5923,#5922,#2541,.T.);
#7279=EDGE_CURVE('',#5924,#5923,#2542,.T.);
#7280=EDGE_CURVE('',#5924,#5556,#2543,.T.);
#7281=EDGE_CURVE('',#5781,#5868,#2544,.T.);
#7282=EDGE_CURVE('',#5901,#5905,#2545,.T.);
#7283=EDGE_CURVE('',#5913,#5925,#2546,.T.);
#7284=EDGE_CURVE('',#5925,#5769,#2547,.T.);
#7285=EDGE_CURVE('',#5775,#5926,#2548,.T.);
#7286=EDGE_CURVE('',#5926,#5790,#2549,.T.);
#7287=EDGE_CURVE('',#5927,#5778,#2550,.T.);
#7288=EDGE_CURVE('',#5928,#5927,#2016,.T.);
#7289=EDGE_CURVE('',#5777,#5928,#2551,.T.);
#7290=EDGE_CURVE('',#5722,#5929,#2552,.T.);
#7291=EDGE_CURVE('',#5927,#5929,#2553,.T.);
#7292=EDGE_CURVE('',#5771,#5928,#2554,.T.);
#7293=EDGE_CURVE('',#5719,#5930,#2555,.T.);
#7294=EDGE_CURVE('',#5785,#5930,#2556,.T.);
#7295=EDGE_CURVE('',#5910,#5872,#2557,.T.);
#7296=EDGE_CURVE('',#5902,#5908,#2558,.T.);
#7297=EDGE_CURVE('',#5898,#5903,#2559,.T.);
#7298=EDGE_CURVE('',#5878,#5884,#2560,.T.);
#7299=EDGE_CURVE('',#5723,#5738,#2561,.T.);
#7300=EDGE_CURVE('',#5931,#5804,#2562,.T.);
#7301=EDGE_CURVE('',#5931,#5700,#2563,.T.);
#7302=EDGE_CURVE('',#5889,#5849,#2564,.T.);
#7303=EDGE_CURVE('',#5699,#5932,#2565,.T.);
#7304=EDGE_CURVE('',#5933,#5932,#2566,.T.);
#7305=EDGE_CURVE('',#5933,#5696,#2567,.T.);
#7306=EDGE_CURVE('',#5857,#5866,#2568,.T.);
#7307=EDGE_CURVE('',#5833,#5842,#2569,.T.);
#7308=EDGE_CURVE('',#5934,#5848,#2570,.T.);
#7309=EDGE_CURVE('',#5934,#5935,#2571,.T.);
#7310=EDGE_CURVE('',#5935,#5724,#2572,.T.);
#7311=EDGE_CURVE('',#5893,#5936,#2573,.T.);
#7312=EDGE_CURVE('',#5936,#5856,#2574,.T.);
#7313=EDGE_CURVE('',#5861,#5838,#2575,.T.);
#7314=EDGE_CURVE('',#5916,#5844,#2576,.T.);
#7315=EDGE_CURVE('',#5886,#5937,#2577,.T.);
#7316=EDGE_CURVE('',#5937,#5938,#2578,.T.);
#7317=EDGE_CURVE('',#5938,#5917,#2579,.T.);
#7318=EDGE_CURVE('',#5836,#5863,#2580,.T.);
#7319=EDGE_CURVE('',#5862,#5939,#2581,.T.);
#7320=EDGE_CURVE('',#5939,#5940,#2582,.T.);
#7321=EDGE_CURVE('',#5940,#5827,#2583,.T.);
#7322=EDGE_CURVE('',#5830,#5941,#2584,.T.);
#7323=EDGE_CURVE('',#5941,#5852,#2585,.T.);
#7324=EDGE_CURVE('',#5617,#5942,#2586,.T.);
#7325=EDGE_CURVE('',#5943,#5616,#2587,.T.);
#7326=EDGE_CURVE('',#5943,#5944,#2588,.T.);
#7327=EDGE_CURVE('',#5945,#5944,#2589,.T.);
#7328=EDGE_CURVE('',#5946,#5945,#2590,.T.);
#7329=EDGE_CURVE('',#5947,#5946,#2591,.T.);
#7330=EDGE_CURVE('',#5942,#5947,#2592,.T.);
#7331=EDGE_CURVE('',#5944,#5948,#2593,.T.);
#7332=EDGE_CURVE('',#5949,#5943,#2594,.T.);
#7333=EDGE_CURVE('',#5948,#5949,#2595,.T.);
#7334=EDGE_CURVE('',#5610,#5950,#2596,.T.);
#7335=EDGE_CURVE('',#5949,#5950,#2597,.T.);
#7336=EDGE_CURVE('',#5951,#5615,#2598,.T.);
#7337=EDGE_CURVE('',#5952,#5951,#2599,.T.);
#7338=EDGE_CURVE('',#5950,#5952,#2600,.T.);
#7339=EDGE_CURVE('',#5811,#5947,#2601,.T.);
#7340=EDGE_CURVE('',#5942,#5810,#2602,.T.);
#7341=EDGE_CURVE('',#5946,#5796,#2603,.T.);
#7342=EDGE_CURVE('',#5574,#5571,#2604,.T.);
#7343=EDGE_CURVE('',#5797,#5945,#2605,.T.);
#7344=EDGE_CURVE('',#5948,#5953,#2606,.T.);
#7345=EDGE_CURVE('',#5953,#5798,#2607,.T.);
#7346=EDGE_CURVE('',#5954,#5952,#2608,.T.);
#7347=EDGE_CURVE('',#5955,#5954,#2609,.T.);
#7348=EDGE_CURVE('',#5956,#5955,#2610,.T.);
#7349=EDGE_CURVE('',#5957,#5956,#2611,.T.);
#7350=EDGE_CURVE('',#5957,#5958,#2612,.T.);
#7351=EDGE_CURVE('',#5959,#5958,#2613,.T.);
#7352=EDGE_CURVE('',#5960,#5959,#2614,.T.);
#7353=EDGE_CURVE('',#5961,#5960,#2615,.T.);
#7354=EDGE_CURVE('',#5962,#5961,#2616,.T.);
#7355=EDGE_CURVE('',#5962,#5963,#2617,.T.);
#7356=EDGE_CURVE('',#5963,#5953,#2618,.T.);
#7357=EDGE_CURVE('',#5964,#5965,#2619,.T.);
#7358=EDGE_CURVE('',#5966,#5964,#2620,.T.);
#7359=EDGE_CURVE('',#5965,#5966,#2621,.T.);
#7360=EDGE_CURVE('',#5967,#5968,#2622,.T.);
#7361=EDGE_CURVE('',#5969,#5967,#2623,.T.);
#7362=EDGE_CURVE('',#5970,#5969,#2624,.T.);
#7363=EDGE_CURVE('',#5968,#5970,#2625,.T.);
#7364=EDGE_CURVE('',#5971,#5972,#2626,.T.);
#7365=EDGE_CURVE('',#5973,#5971,#2627,.T.);
#7366=EDGE_CURVE('',#5973,#5974,#2628,.T.);
#7367=EDGE_CURVE('',#5972,#5974,#2629,.T.);
#7368=EDGE_CURVE('',#5975,#5967,#2017,.T.);
#7369=EDGE_CURVE('',#5975,#5802,#2630,.T.);
#7370=EDGE_CURVE('',#5825,#5976,#2631,.T.);
#7371=EDGE_CURVE('',#5800,#5976,#2632,.T.);
#7372=EDGE_CURVE('',#5799,#5977,#2633,.T.);
#7373=EDGE_CURVE('',#5977,#5978,#2634,.T.);
#7374=EDGE_CURVE('',#5978,#5979,#2635,.T.);
#7375=EDGE_CURVE('',#5979,#5969,#2636,.T.);
#7376=EDGE_CURVE('',#5970,#5980,#2637,.T.);
#7377=EDGE_CURVE('',#5980,#5979,#2638,.T.);
#7378=EDGE_CURVE('',#5980,#5981,#2639,.T.);
#7379=EDGE_CURVE('',#5981,#5978,#2640,.T.);
#7380=EDGE_CURVE('',#5972,#5982,#2018,.T.);
#7381=EDGE_CURVE('',#5974,#5983,#2641,.T.);
#7382=EDGE_CURVE('',#5983,#5982,#2642,.T.);
#7383=EDGE_CURVE('',#5888,#5984,#2643,.T.);
#7384=EDGE_CURVE('',#5984,#5971,#2019,.T.);
#7385=EDGE_CURVE('',#5982,#5985,#2644,.T.);
#7386=EDGE_CURVE('',#5986,#5985,#2087,.T.);
#7387=EDGE_CURVE('',#5987,#5986,#2020,.T.);
#7388=EDGE_CURVE('',#5987,#5975,#2645,.T.);
#7389=EDGE_CURVE('',#5968,#5984,#2021,.T.);
#7390=EDGE_CURVE('',#5976,#5988,#2646,.T.);
#7391=EDGE_CURVE('',#5989,#5988,#2647,.T.);
#7392=EDGE_CURVE('',#5989,#5990,#2648,.T.);
#7393=EDGE_CURVE('',#5820,#5990,#2649,.T.);
#7394=EDGE_CURVE('',#5963,#5991,#2650,.T.);
#7395=EDGE_CURVE('',#5991,#5977,#2651,.T.);
#7396=EDGE_CURVE('',#5803,#5987,#2652,.T.);
#7397=EDGE_CURVE('',#5992,#5993,#2653,.T.);
#7398=EDGE_CURVE('',#5992,#5983,#2654,.T.);
#7399=EDGE_CURVE('',#5981,#5973,#2655,.T.);
#7400=EDGE_CURVE('',#5991,#5994,#2656,.T.);
#7401=EDGE_CURVE('',#5995,#5994,#2657,.T.);
#7402=EDGE_CURVE('',#5996,#5995,#2658,.T.);
#7403=EDGE_CURVE('',#5997,#5996,#2659,.T.);
#7404=EDGE_CURVE('',#5997,#5998,#2660,.T.);
#7405=EDGE_CURVE('',#5993,#5998,#2661,.T.);
#7406=EDGE_CURVE('',#5999,#6000,#2662,.T.);
#7407=EDGE_CURVE('',#6001,#5999,#2663,.T.);
#7408=EDGE_CURVE('',#6000,#6001,#2664,.T.);
#7409=EDGE_CURVE('',#5824,#5988,#2665,.T.);
#7410=EDGE_CURVE('',#6002,#6003,#2666,.T.);
#7411=EDGE_CURVE('',#6002,#6004,#2667,.T.);
#7412=EDGE_CURVE('',#5985,#6004,#2668,.T.);
#7413=EDGE_CURVE('',#6005,#5992,#2669,.T.);
#7414=EDGE_CURVE('',#6006,#6005,#2670,.T.);
#7415=EDGE_CURVE('',#6007,#6006,#2671,.T.);
#7416=EDGE_CURVE('',#6008,#6007,#2672,.T.);
#7417=EDGE_CURVE('',#6009,#6008,#2673,.T.);
#7418=EDGE_CURVE('',#6009,#6010,#2674,.T.);
#7419=EDGE_CURVE('',#6011,#6010,#2675,.T.);
#7420=EDGE_CURVE('',#6003,#6011,#2676,.T.);
#7421=EDGE_CURVE('',#5986,#6012,#2677,.T.);
#7422=EDGE_CURVE('',#6012,#6013,#2678,.T.);
#7423=EDGE_CURVE('',#6013,#6003,#2679,.T.);
#7424=EDGE_CURVE('',#6011,#6014,#2680,.T.);
#7425=EDGE_CURVE('',#6014,#6015,#2681,.T.);
#7426=EDGE_CURVE('',#6015,#6016,#2682,.T.);
#7427=EDGE_CURVE('',#6016,#6017,#2683,.T.);
#7428=EDGE_CURVE('',#6017,#6018,#2684,.T.);
#7429=EDGE_CURVE('',#6018,#6019,#2685,.T.);
#7430=EDGE_CURVE('',#6019,#6020,#2686,.T.);
#7431=EDGE_CURVE('',#6020,#6021,#2687,.T.);
#7432=EDGE_CURVE('',#6021,#6022,#2688,.T.);
#7433=EDGE_CURVE('',#6022,#6023,#2689,.T.);
#7434=EDGE_CURVE('',#6023,#6005,#2690,.T.);
#7435=EDGE_CURVE('',#5993,#6024,#2691,.T.);
#7436=EDGE_CURVE('',#6024,#6025,#2692,.T.);
#7437=EDGE_CURVE('',#6025,#6026,#2693,.T.);
#7438=EDGE_CURVE('',#6026,#6027,#2694,.T.);
#7439=EDGE_CURVE('',#6027,#6028,#2695,.T.);
#7440=EDGE_CURVE('',#6028,#6029,#2696,.T.);
#7441=EDGE_CURVE('',#6029,#6000,#2697,.T.);
#7442=EDGE_CURVE('',#6001,#6030,#2698,.T.);
#7443=EDGE_CURVE('',#6030,#5996,#2699,.T.);
#7444=EDGE_CURVE('',#5995,#6031,#2700,.T.);
#7445=EDGE_CURVE('',#6031,#6032,#2701,.T.);
#7446=EDGE_CURVE('',#6032,#6033,#2702,.T.);
#7447=EDGE_CURVE('',#6033,#6034,#2703,.T.);
#7448=EDGE_CURVE('',#6034,#6035,#2704,.T.);
#7449=EDGE_CURVE('',#6035,#5961,#2705,.T.);
#7450=EDGE_CURVE('',#5960,#6036,#2706,.T.);
#7451=EDGE_CURVE('',#6036,#6037,#2707,.T.);
#7452=EDGE_CURVE('',#6037,#6038,#2708,.T.);
#7453=EDGE_CURVE('',#6038,#6039,#2709,.T.);
#7454=EDGE_CURVE('',#6039,#6040,#2710,.T.);
#7455=EDGE_CURVE('',#6040,#6041,#2711,.T.);
#7456=EDGE_CURVE('',#6041,#5964,#2712,.T.);
#7457=EDGE_CURVE('',#5965,#6042,#2713,.T.);
#7458=EDGE_CURVE('',#6042,#5956,#2714,.T.);
#7459=EDGE_CURVE('',#5955,#6043,#2715,.T.);
#7460=EDGE_CURVE('',#6043,#6044,#2022,.T.);
#7461=EDGE_CURVE('',#6044,#6045,#2716,.T.);
#7462=EDGE_CURVE('',#6045,#6046,#2717,.T.);
#7463=EDGE_CURVE('',#6046,#5792,#2718,.T.);
#7464=EDGE_CURVE('',#5815,#5544,#2719,.T.);
#7465=EDGE_CURVE('',#5752,#6047,#2720,.T.);
#7466=EDGE_CURVE('',#6047,#5759,#2721,.T.);
#7467=EDGE_CURVE('',#5766,#6048,#2722,.T.);
#7468=EDGE_CURVE('',#6048,#6049,#2723,.T.);
#7469=EDGE_CURVE('',#6049,#6050,#2724,.T.);
#7470=EDGE_CURVE('',#6050,#6051,#2725,.T.);
#7471=EDGE_CURVE('',#6051,#6052,#2726,.T.);
#7472=EDGE_CURVE('',#6052,#6053,#2727,.T.);
#7473=EDGE_CURVE('',#6053,#5558,#2728,.T.);
#7474=EDGE_CURVE('',#5557,#6054,#2729,.T.);
#7475=EDGE_CURVE('',#6054,#6055,#2730,.T.);
#7476=EDGE_CURVE('',#6055,#5553,#2731,.T.);
#7477=EDGE_CURVE('',#5883,#6056,#2732,.T.);
#7478=EDGE_CURVE('',#6056,#5899,#2733,.T.);
#7479=EDGE_CURVE('',#5907,#6057,#2734,.T.);
#7480=EDGE_CURVE('',#6057,#5911,#2735,.T.);
#7481=EDGE_CURVE('',#5871,#6058,#2736,.T.);
#7482=EDGE_CURVE('',#6058,#5786,#2737,.T.);
#7483=EDGE_CURVE('',#5930,#6059,#2738,.T.);
#7484=EDGE_CURVE('',#6059,#6060,#2739,.T.);
#7485=EDGE_CURVE('',#6060,#6061,#2740,.T.);
#7486=EDGE_CURVE('',#6061,#6062,#2741,.T.);
#7487=EDGE_CURVE('',#6062,#6063,#2742,.T.);
#7488=EDGE_CURVE('',#6063,#6064,#2743,.T.);
#7489=EDGE_CURVE('',#6064,#6065,#2744,.T.);
#7490=EDGE_CURVE('',#6065,#6066,#2745,.T.);
#7491=EDGE_CURVE('',#6066,#5772,#2746,.T.);
#7492=EDGE_CURVE('',#5929,#6067,#2747,.T.);
#7493=EDGE_CURVE('',#6067,#6068,#2748,.T.);
#7494=EDGE_CURVE('',#6068,#6069,#2749,.T.);
#7495=EDGE_CURVE('',#6069,#5934,#2750,.T.);
#7496=EDGE_CURVE('',#5847,#6070,#2751,.T.);
#7497=EDGE_CURVE('',#6070,#6071,#2752,.T.);
#7498=EDGE_CURVE('',#6071,#6072,#2753,.T.);
#7499=EDGE_CURVE('',#6072,#6073,#2754,.T.);
#7500=EDGE_CURVE('',#6073,#6074,#2755,.T.);
#7501=EDGE_CURVE('',#6074,#6075,#2756,.T.);
#7502=EDGE_CURVE('',#6075,#6076,#2757,.T.);
#7503=EDGE_CURVE('',#6076,#6077,#2758,.T.);
#7504=EDGE_CURVE('',#6077,#6078,#2759,.T.);
#7505=EDGE_CURVE('',#6078,#6079,#2760,.T.);
#7506=EDGE_CURVE('',#6079,#5834,#2761,.T.);
#7507=EDGE_CURVE('',#5841,#5858,#2762,.T.);
#7508=EDGE_CURVE('',#5865,#6080,#2763,.T.);
#7509=EDGE_CURVE('',#6080,#5933,#2764,.T.);
#7510=EDGE_CURVE('',#5932,#6081,#2765,.T.);
#7511=EDGE_CURVE('',#6081,#6082,#2766,.T.);
#7512=EDGE_CURVE('',#6082,#6083,#2767,.T.);
#7513=EDGE_CURVE('',#6083,#6084,#2768,.T.);
#7514=EDGE_CURVE('',#6084,#6085,#2769,.T.);
#7515=EDGE_CURVE('',#6085,#6086,#2770,.T.);
#7516=EDGE_CURVE('',#6086,#6087,#2771,.T.);
#7517=EDGE_CURVE('',#6087,#5890,#2772,.T.);
#7518=EDGE_CURVE('',#5524,#6088,#2773,.T.);
#7519=EDGE_CURVE('',#6088,#5931,#2774,.T.);
#7520=EDGE_CURVE('',#6089,#6090,#2775,.T.);
#7521=EDGE_CURVE('',#6090,#6091,#2776,.T.);
#7522=EDGE_CURVE('',#6091,#6092,#2777,.T.);
#7523=EDGE_CURVE('',#6092,#6093,#2778,.T.);
#7524=EDGE_CURVE('',#6093,#6094,#2779,.T.);
#7525=EDGE_CURVE('',#6094,#6095,#2780,.T.);
#7526=EDGE_CURVE('',#6095,#6096,#2781,.T.);
#7527=EDGE_CURVE('',#6096,#6097,#2782,.T.);
#7528=EDGE_CURVE('',#6097,#6098,#2783,.T.);
#7529=EDGE_CURVE('',#6098,#6099,#2784,.T.);
#7530=EDGE_CURVE('',#6099,#6100,#2785,.T.);
#7531=EDGE_CURVE('',#6100,#6101,#2786,.T.);
#7532=EDGE_CURVE('',#6101,#6102,#2787,.T.);
#7533=EDGE_CURVE('',#6102,#6103,#2788,.T.);
#7534=EDGE_CURVE('',#6103,#6104,#2789,.T.);
#7535=EDGE_CURVE('',#6104,#6089,#2790,.T.);
#7536=EDGE_CURVE('',#6105,#6106,#2791,.T.);
#7537=EDGE_CURVE('',#6106,#6107,#2792,.T.);
#7538=EDGE_CURVE('',#6107,#6108,#2793,.T.);
#7539=EDGE_CURVE('',#6108,#6109,#2794,.T.);
#7540=EDGE_CURVE('',#6109,#6110,#2795,.T.);
#7541=EDGE_CURVE('',#6110,#6105,#2796,.T.);
#7542=EDGE_CURVE('',#6111,#6112,#2797,.T.);
#7543=EDGE_CURVE('',#6112,#6113,#2798,.T.);
#7544=EDGE_CURVE('',#6113,#6114,#2799,.T.);
#7545=EDGE_CURVE('',#6114,#6115,#2800,.T.);
#7546=EDGE_CURVE('',#6115,#6116,#2801,.T.);
#7547=EDGE_CURVE('',#6116,#6117,#2802,.T.);
#7548=EDGE_CURVE('',#6117,#6118,#2803,.T.);
#7549=EDGE_CURVE('',#6118,#6119,#2804,.T.);
#7550=EDGE_CURVE('',#6119,#6120,#2805,.T.);
#7551=EDGE_CURVE('',#6120,#6111,#2806,.T.);
#7552=EDGE_CURVE('',#6121,#6122,#2807,.T.);
#7553=EDGE_CURVE('',#6122,#6123,#2808,.T.);
#7554=EDGE_CURVE('',#6123,#6124,#2809,.T.);
#7555=EDGE_CURVE('',#6124,#6125,#2810,.T.);
#7556=EDGE_CURVE('',#6125,#6126,#2811,.T.);
#7557=EDGE_CURVE('',#6126,#6127,#2812,.T.);
#7558=EDGE_CURVE('',#6127,#6128,#2813,.T.);
#7559=EDGE_CURVE('',#6128,#6129,#2814,.T.);
#7560=EDGE_CURVE('',#6129,#6130,#2815,.T.);
#7561=EDGE_CURVE('',#6130,#6131,#2816,.T.);
#7562=EDGE_CURVE('',#6131,#6132,#2817,.T.);
#7563=EDGE_CURVE('',#6132,#6133,#2818,.T.);
#7564=EDGE_CURVE('',#6133,#6134,#2819,.T.);
#7565=EDGE_CURVE('',#6134,#6135,#2820,.T.);
#7566=EDGE_CURVE('',#6135,#6136,#2821,.T.);
#7567=EDGE_CURVE('',#6136,#6137,#2822,.T.);
#7568=EDGE_CURVE('',#6137,#6138,#2823,.T.);
#7569=EDGE_CURVE('',#6138,#6139,#2824,.T.);
#7570=EDGE_CURVE('',#6139,#6140,#2825,.T.);
#7571=EDGE_CURVE('',#6140,#6141,#2826,.T.);
#7572=EDGE_CURVE('',#6141,#6142,#2827,.T.);
#7573=EDGE_CURVE('',#6142,#6143,#2828,.T.);
#7574=EDGE_CURVE('',#6143,#6144,#2829,.T.);
#7575=EDGE_CURVE('',#6144,#6121,#2830,.T.);
#7576=EDGE_CURVE('',#6145,#6146,#2831,.T.);
#7577=EDGE_CURVE('',#6146,#6147,#2832,.T.);
#7578=EDGE_CURVE('',#6147,#6148,#2833,.T.);
#7579=EDGE_CURVE('',#6148,#6149,#2834,.T.);
#7580=EDGE_CURVE('',#6149,#6150,#2835,.T.);
#7581=EDGE_CURVE('',#6150,#6151,#2836,.T.);
#7582=EDGE_CURVE('',#6151,#6145,#2837,.T.);
#7583=EDGE_CURVE('',#6152,#6153,#2838,.T.);
#7584=EDGE_CURVE('',#6153,#6154,#2839,.T.);
#7585=EDGE_CURVE('',#6154,#6155,#2840,.T.);
#7586=EDGE_CURVE('',#6155,#6156,#2841,.T.);
#7587=EDGE_CURVE('',#6156,#6157,#2842,.T.);
#7588=EDGE_CURVE('',#6157,#6152,#2843,.T.);
#7589=EDGE_CURVE('',#6158,#6159,#2844,.T.);
#7590=EDGE_CURVE('',#6159,#6160,#2845,.T.);
#7591=EDGE_CURVE('',#6160,#6161,#2846,.T.);
#7592=EDGE_CURVE('',#6161,#6162,#2847,.T.);
#7593=EDGE_CURVE('',#6162,#6158,#2848,.T.);
#7594=EDGE_CURVE('',#6163,#6164,#2849,.T.);
#7595=EDGE_CURVE('',#6164,#6165,#2850,.T.);
#7596=EDGE_CURVE('',#6165,#6166,#2851,.T.);
#7597=EDGE_CURVE('',#6166,#6167,#2852,.T.);
#7598=EDGE_CURVE('',#6167,#6168,#2853,.T.);
#7599=EDGE_CURVE('',#6168,#6163,#2854,.T.);
#7600=EDGE_CURVE('',#6169,#6170,#2855,.T.);
#7601=EDGE_CURVE('',#6170,#6171,#2856,.T.);
#7602=EDGE_CURVE('',#6171,#6172,#2857,.T.);
#7603=EDGE_CURVE('',#6172,#6173,#2858,.T.);
#7604=EDGE_CURVE('',#6173,#6174,#2859,.T.);
#7605=EDGE_CURVE('',#6174,#6169,#2860,.T.);
#7606=EDGE_CURVE('',#6175,#6176,#2861,.T.);
#7607=EDGE_CURVE('',#6176,#6177,#2862,.T.);
#7608=EDGE_CURVE('',#6177,#6178,#2863,.T.);
#7609=EDGE_CURVE('',#6178,#6179,#2864,.T.);
#7610=EDGE_CURVE('',#6179,#6180,#2865,.T.);
#7611=EDGE_CURVE('',#6180,#6175,#2866,.T.);
#7612=EDGE_CURVE('',#6181,#6182,#2867,.T.);
#7613=EDGE_CURVE('',#6182,#6183,#2868,.T.);
#7614=EDGE_CURVE('',#6183,#6184,#2869,.T.);
#7615=EDGE_CURVE('',#6184,#6185,#2870,.T.);
#7616=EDGE_CURVE('',#6185,#6186,#2871,.T.);
#7617=EDGE_CURVE('',#6186,#6181,#2872,.T.);
#7618=EDGE_CURVE('',#6187,#6188,#2873,.T.);
#7619=EDGE_CURVE('',#6188,#6189,#2874,.T.);
#7620=EDGE_CURVE('',#6189,#6190,#2875,.T.);
#7621=EDGE_CURVE('',#6190,#6187,#2876,.T.);
#7622=EDGE_CURVE('',#6191,#6192,#2877,.T.);
#7623=EDGE_CURVE('',#6192,#6193,#2878,.T.);
#7624=EDGE_CURVE('',#6193,#6194,#2879,.T.);
#7625=EDGE_CURVE('',#6194,#6195,#2880,.T.);
#7626=EDGE_CURVE('',#6195,#6196,#2881,.T.);
#7627=EDGE_CURVE('',#6196,#6197,#2882,.T.);
#7628=EDGE_CURVE('',#6197,#6191,#2883,.T.);
#7629=EDGE_CURVE('',#6198,#6199,#2884,.T.);
#7630=EDGE_CURVE('',#6199,#6200,#2885,.T.);
#7631=EDGE_CURVE('',#6200,#6201,#2886,.T.);
#7632=EDGE_CURVE('',#6201,#6202,#2887,.T.);
#7633=EDGE_CURVE('',#6202,#6203,#2888,.T.);
#7634=EDGE_CURVE('',#6203,#6198,#2889,.T.);
#7635=EDGE_CURVE('',#6204,#6205,#2890,.T.);
#7636=EDGE_CURVE('',#6205,#6206,#2891,.T.);
#7637=EDGE_CURVE('',#6206,#6207,#2892,.T.);
#7638=EDGE_CURVE('',#6207,#6208,#2893,.T.);
#7639=EDGE_CURVE('',#6208,#6209,#2894,.T.);
#7640=EDGE_CURVE('',#6209,#6204,#2895,.T.);
#7641=EDGE_CURVE('',#6210,#6211,#2896,.T.);
#7642=EDGE_CURVE('',#6211,#6212,#2897,.T.);
#7643=EDGE_CURVE('',#6212,#6213,#2898,.T.);
#7644=EDGE_CURVE('',#6213,#6214,#2899,.T.);
#7645=EDGE_CURVE('',#6214,#6215,#2900,.T.);
#7646=EDGE_CURVE('',#6215,#6210,#2901,.T.);
#7647=EDGE_CURVE('',#6216,#6217,#2902,.T.);
#7648=EDGE_CURVE('',#6217,#6218,#2903,.T.);
#7649=EDGE_CURVE('',#6218,#6219,#2904,.T.);
#7650=EDGE_CURVE('',#6219,#6220,#2905,.T.);
#7651=EDGE_CURVE('',#6220,#6221,#2906,.T.);
#7652=EDGE_CURVE('',#6221,#6222,#2907,.T.);
#7653=EDGE_CURVE('',#6222,#6223,#2908,.T.);
#7654=EDGE_CURVE('',#6223,#6224,#2909,.T.);
#7655=EDGE_CURVE('',#6224,#6225,#2910,.T.);
#7656=EDGE_CURVE('',#6225,#6226,#2911,.T.);
#7657=EDGE_CURVE('',#6226,#6227,#2912,.T.);
#7658=EDGE_CURVE('',#6227,#6228,#2913,.T.);
#7659=EDGE_CURVE('',#6228,#6229,#2914,.T.);
#7660=EDGE_CURVE('',#6229,#6216,#2915,.T.);
#7661=EDGE_CURVE('',#6230,#6231,#2916,.T.);
#7662=EDGE_CURVE('',#6231,#6232,#2917,.T.);
#7663=EDGE_CURVE('',#6232,#6233,#2918,.T.);
#7664=EDGE_CURVE('',#6233,#6234,#2919,.T.);
#7665=EDGE_CURVE('',#6234,#6235,#2920,.T.);
#7666=EDGE_CURVE('',#6235,#6236,#2921,.T.);
#7667=EDGE_CURVE('',#6236,#6237,#2922,.T.);
#7668=EDGE_CURVE('',#6237,#6238,#2923,.T.);
#7669=EDGE_CURVE('',#6238,#6239,#2924,.T.);
#7670=EDGE_CURVE('',#6239,#6240,#2925,.T.);
#7671=EDGE_CURVE('',#6240,#6241,#2926,.T.);
#7672=EDGE_CURVE('',#6241,#6230,#2927,.T.);
#7673=EDGE_CURVE('',#6242,#6243,#2928,.T.);
#7674=EDGE_CURVE('',#6243,#6244,#2929,.T.);
#7675=EDGE_CURVE('',#6244,#6245,#2930,.T.);
#7676=EDGE_CURVE('',#6245,#6246,#2931,.T.);
#7677=EDGE_CURVE('',#6246,#6247,#2932,.T.);
#7678=EDGE_CURVE('',#6247,#6242,#2933,.T.);
#7679=EDGE_CURVE('',#6248,#6004,#2934,.T.);
#7680=EDGE_CURVE('',#6248,#6012,#2935,.T.);
#7681=EDGE_CURVE('',#6249,#5998,#2936,.T.);
#7682=EDGE_CURVE('',#6249,#6024,#2937,.T.);
#7683=EDGE_CURVE('',#6250,#6010,#2938,.T.);
#7684=EDGE_CURVE('',#6250,#6014,#2939,.T.);
#7685=EDGE_CURVE('',#6251,#6029,#2940,.T.);
#7686=EDGE_CURVE('',#6252,#6251,#2941,.T.);
#7687=EDGE_CURVE('',#6252,#6253,#2942,.T.);
#7688=EDGE_CURVE('',#6253,#5999,#2943,.T.);
#7689=EDGE_CURVE('',#6253,#6030,#2944,.T.);
#7690=EDGE_CURVE('',#5997,#6252,#2945,.T.);
#7691=EDGE_CURVE('',#6007,#6254,#2946,.T.);
#7692=EDGE_CURVE('',#6254,#6255,#2947,.T.);
#7693=EDGE_CURVE('',#6255,#6256,#2948,.T.);
#7694=EDGE_CURVE('',#6256,#6257,#2949,.T.);
#7695=EDGE_CURVE('',#6257,#6008,#2950,.T.);
#7696=EDGE_CURVE('',#5809,#6258,#2951,.T.);
#7697=EDGE_CURVE('',#5618,#6258,#2023,.T.);
#7698=EDGE_CURVE('',#6259,#5951,#2024,.T.);
#7699=EDGE_CURVE('',#6259,#5954,#2952,.T.);
#7700=EDGE_CURVE('',#5887,#6260,#2953,.T.);
#7701=EDGE_CURVE('',#6260,#6261,#2025,.T.);
#7702=EDGE_CURVE('',#6044,#6261,#2088,.T.);
#7703=EDGE_CURVE('',#6043,#6259,#2954,.T.);
#7704=EDGE_CURVE('',#6258,#6262,#2955,.T.);
#7705=EDGE_CURVE('',#6263,#6262,#2026,.T.);
#7706=EDGE_CURVE('',#6264,#6263,#2089,.T.);
#7707=EDGE_CURVE('',#6264,#6260,#2027,.T.);
#7708=EDGE_CURVE('',#6262,#5808,#2956,.T.);
#7709=EDGE_CURVE('',#6265,#6041,#2957,.T.);
#7710=EDGE_CURVE('',#6265,#5966,#2958,.T.);
#7711=EDGE_CURVE('',#6266,#5958,#2959,.T.);
#7712=EDGE_CURVE('',#6266,#6037,#2960,.T.);
#7713=EDGE_CURVE('',#5959,#6036,#2961,.T.);
#7714=EDGE_CURVE('',#6267,#6035,#2962,.T.);
#7715=EDGE_CURVE('',#5962,#6267,#2963,.T.);
#7716=EDGE_CURVE('',#6268,#5994,#2964,.T.);
#7717=EDGE_CURVE('',#6268,#6031,#2965,.T.);
#7718=EDGE_CURVE('',#6269,#6270,#2966,.T.);
#7719=EDGE_CURVE('',#6269,#6271,#2967,.T.);
#7720=EDGE_CURVE('',#6271,#6270,#2968,.T.);
#7721=EDGE_CURVE('',#6270,#6272,#2969,.T.);
#7722=EDGE_CURVE('',#6271,#6272,#2970,.T.);
#7723=EDGE_CURVE('',#6273,#6272,#2971,.T.);
#7724=EDGE_CURVE('',#6273,#6164,#2972,.T.);
#7725=EDGE_CURVE('',#6274,#6163,#2973,.T.);
#7726=EDGE_CURVE('',#6269,#6274,#2974,.T.);
#7727=EDGE_CURVE('',#5807,#6263,#2975,.T.);
#7728=EDGE_CURVE('',#5869,#5788,#2976,.T.);
#7729=EDGE_CURVE('',#5789,#5780,#2977,.T.);
#7730=EDGE_CURVE('',#6275,#6058,#2978,.T.);
#7731=EDGE_CURVE('',#5787,#6275,#2979,.T.);
#7732=EDGE_CURVE('',#5853,#5521,#2980,.T.);
#7733=EDGE_CURVE('',#6276,#5941,#2981,.T.);
#7734=EDGE_CURVE('',#5522,#6276,#2982,.T.);
#7735=EDGE_CURVE('',#6277,#5523,#2983,.T.);
#7736=EDGE_CURVE('',#6277,#6088,#2984,.T.);
#7737=EDGE_CURVE('',#6264,#6278,#2985,.T.);
#7738=EDGE_CURVE('',#6278,#6279,#2986,.T.);
#7739=EDGE_CURVE('',#5828,#6279,#2987,.T.);
#7740=EDGE_CURVE('',#5940,#6280,#2988,.T.);
#7741=EDGE_CURVE('',#6280,#5864,#2989,.T.);
#7742=EDGE_CURVE('',#5835,#6281,#2990,.T.);
#7743=EDGE_CURVE('',#6281,#6282,#2991,.T.);
#7744=EDGE_CURVE('',#6282,#6283,#2992,.T.);
#7745=EDGE_CURVE('',#6283,#6284,#2993,.T.);
#7746=EDGE_CURVE('',#6284,#6285,#2994,.T.);
#7747=EDGE_CURVE('',#6285,#6286,#2995,.T.);
#7748=EDGE_CURVE('',#6286,#6287,#2996,.T.);
#7749=EDGE_CURVE('',#6287,#6288,#2997,.T.);
#7750=EDGE_CURVE('',#6288,#6289,#2998,.T.);
#7751=EDGE_CURVE('',#6289,#6290,#2999,.T.);
#7752=EDGE_CURVE('',#6290,#6291,#3000,.T.);
#7753=EDGE_CURVE('',#6291,#6292,#3001,.T.);
#7754=EDGE_CURVE('',#6292,#6293,#3002,.T.);
#7755=EDGE_CURVE('',#6293,#6294,#3003,.T.);
#7756=EDGE_CURVE('',#6294,#5846,#3004,.T.);
#7757=EDGE_CURVE('',#5845,#5918,#3005,.T.);
#7758=EDGE_CURVE('',#5938,#6295,#2028,.T.);
#7759=EDGE_CURVE('',#6295,#6296,#3006,.T.);
#7760=EDGE_CURVE('',#6296,#6297,#3007,.T.);
#7761=EDGE_CURVE('',#6297,#6298,#3008,.T.);
#7762=EDGE_CURVE('',#6298,#6299,#3009,.T.);
#7763=EDGE_CURVE('',#6299,#5925,#3010,.T.);
#7764=EDGE_CURVE('',#5912,#6300,#3011,.T.);
#7765=EDGE_CURVE('',#6300,#5906,#3012,.T.);
#7766=EDGE_CURVE('',#5900,#6301,#3013,.T.);
#7767=EDGE_CURVE('',#6301,#5879,#3014,.T.);
#7768=EDGE_CURVE('',#5755,#6302,#3015,.T.);
#7769=EDGE_CURVE('',#6302,#6303,#2029,.T.);
#7770=EDGE_CURVE('',#6304,#6303,#3016,.T.);
#7771=EDGE_CURVE('',#6304,#6305,#3017,.T.);
#7772=EDGE_CURVE('',#6305,#6306,#3018,.T.);
#7773=EDGE_CURVE('',#6306,#5924,#3019,.T.);
#7774=EDGE_CURVE('',#5921,#5923,#3020,.T.);
#7775=EDGE_CURVE('',#5920,#6307,#3021,.T.);
#7776=EDGE_CURVE('',#6307,#6308,#3022,.T.);
#7777=EDGE_CURVE('',#6308,#6309,#3023,.T.);
#7778=EDGE_CURVE('',#6309,#6310,#3024,.T.);
#7779=EDGE_CURVE('',#6310,#6311,#3025,.T.);
#7780=EDGE_CURVE('',#6311,#6312,#3026,.T.);
#7781=EDGE_CURVE('',#6312,#5765,#3027,.T.);
#7782=EDGE_CURVE('',#5896,#5764,#3028,.T.);
#7783=EDGE_CURVE('',#5895,#5814,#3029,.T.);
#7784=EDGE_CURVE('',#5794,#5813,#3030,.T.);
#7785=EDGE_CURVE('',#5793,#6313,#3031,.T.);
#7786=EDGE_CURVE('',#6313,#6314,#3032,.T.);
#7787=EDGE_CURVE('',#6314,#6261,#3033,.T.);
#7788=EDGE_CURVE('',#6274,#6315,#3034,.T.);
#7789=EDGE_CURVE('',#6315,#6316,#3035,.T.);
#7790=EDGE_CURVE('',#6316,#6317,#3036,.T.);
#7791=EDGE_CURVE('',#6317,#6318,#3037,.T.);
#7792=EDGE_CURVE('',#6318,#6273,#3038,.T.);
#7793=EDGE_CURVE('',#6275,#5870,#3039,.T.);
#7794=EDGE_CURVE('',#6319,#6320,#3040,.T.);
#7795=EDGE_CURVE('',#6320,#6321,#3041,.T.);
#7796=EDGE_CURVE('',#6321,#6322,#3042,.T.);
#7797=EDGE_CURVE('',#6322,#6323,#3043,.T.);
#7798=EDGE_CURVE('',#6323,#6324,#3044,.T.);
#7799=EDGE_CURVE('',#6324,#6319,#3045,.T.);
#7800=EDGE_CURVE('',#6325,#6326,#3046,.T.);
#7801=EDGE_CURVE('',#6326,#6327,#3047,.T.);
#7802=EDGE_CURVE('',#6327,#6328,#3048,.T.);
#7803=EDGE_CURVE('',#6328,#6329,#3049,.T.);
#7804=EDGE_CURVE('',#6329,#6330,#3050,.T.);
#7805=EDGE_CURVE('',#6330,#6325,#3051,.T.);
#7806=EDGE_CURVE('',#6331,#6332,#3052,.T.);
#7807=EDGE_CURVE('',#6332,#6333,#3053,.T.);
#7808=EDGE_CURVE('',#6333,#6334,#3054,.T.);
#7809=EDGE_CURVE('',#6334,#6335,#3055,.T.);
#7810=EDGE_CURVE('',#6335,#6336,#3056,.T.);
#7811=EDGE_CURVE('',#6336,#6337,#3057,.T.);
#7812=EDGE_CURVE('',#6337,#6331,#3058,.T.);
#7813=EDGE_CURVE('',#6338,#6339,#3059,.T.);
#7814=EDGE_CURVE('',#6339,#6340,#3060,.T.);
#7815=EDGE_CURVE('',#6340,#6341,#3061,.T.);
#7816=EDGE_CURVE('',#6341,#6342,#3062,.T.);
#7817=EDGE_CURVE('',#6342,#6343,#3063,.T.);
#7818=EDGE_CURVE('',#6343,#6344,#3064,.T.);
#7819=EDGE_CURVE('',#6344,#6345,#3065,.T.);
#7820=EDGE_CURVE('',#6345,#6346,#3066,.T.);
#7821=EDGE_CURVE('',#6346,#5774,#3067,.T.);
#7822=EDGE_CURVE('',#5773,#6338,#3068,.T.);
#7823=EDGE_CURVE('',#6347,#6348,#3069,.T.);
#7824=EDGE_CURVE('',#6348,#6349,#3070,.T.);
#7825=EDGE_CURVE('',#6349,#6350,#3071,.T.);
#7826=EDGE_CURVE('',#6350,#6351,#3072,.T.);
#7827=EDGE_CURVE('',#6351,#6352,#3073,.T.);
#7828=EDGE_CURVE('',#6352,#6347,#3074,.T.);
#7829=EDGE_CURVE('',#6353,#6354,#3075,.T.);
#7830=EDGE_CURVE('',#6354,#6355,#3076,.T.);
#7831=EDGE_CURVE('',#6355,#6356,#3077,.T.);
#7832=EDGE_CURVE('',#6356,#6357,#3078,.T.);
#7833=EDGE_CURVE('',#6357,#6358,#3079,.T.);
#7834=EDGE_CURVE('',#6358,#6353,#3080,.T.);
#7835=EDGE_CURVE('',#5859,#5840,#3081,.T.);
#7836=EDGE_CURVE('',#5839,#5860,#3082,.T.);
#7837=EDGE_CURVE('',#6359,#6360,#3083,.T.);
#7838=EDGE_CURVE('',#6360,#6361,#3084,.T.);
#7839=EDGE_CURVE('',#6361,#6362,#3085,.T.);
#7840=EDGE_CURVE('',#6362,#6363,#3086,.T.);
#7841=EDGE_CURVE('',#6363,#6364,#3087,.T.);
#7842=EDGE_CURVE('',#6364,#6365,#3088,.T.);
#7843=EDGE_CURVE('',#6365,#6366,#3089,.T.);
#7844=EDGE_CURVE('',#6366,#6367,#3090,.T.);
#7845=EDGE_CURVE('',#6367,#6368,#3091,.T.);
#7846=EDGE_CURVE('',#6368,#6369,#3092,.T.);
#7847=EDGE_CURVE('',#6369,#6370,#3093,.T.);
#7848=EDGE_CURVE('',#6370,#6371,#3094,.T.);
#7849=EDGE_CURVE('',#6371,#6372,#3095,.T.);
#7850=EDGE_CURVE('',#6372,#6373,#3096,.T.);
#7851=EDGE_CURVE('',#6373,#6374,#3097,.T.);
#7852=EDGE_CURVE('',#6374,#6359,#3098,.T.);
#7853=EDGE_CURVE('',#6375,#5751,#3099,.T.);
#7854=EDGE_CURVE('',#5750,#5761,#3100,.T.);
#7855=EDGE_CURVE('',#5760,#6375,#3101,.T.);
#7856=EDGE_CURVE('',#6376,#6377,#3102,.T.);
#7857=EDGE_CURVE('',#6377,#6378,#3103,.T.);
#7858=EDGE_CURVE('',#6378,#6379,#3104,.T.);
#7859=EDGE_CURVE('',#6379,#6380,#3105,.T.);
#7860=EDGE_CURVE('',#6380,#6376,#3106,.T.);
#7861=EDGE_CURVE('',#6381,#6382,#3107,.T.);
#7862=EDGE_CURVE('',#6382,#6383,#3108,.T.);
#7863=EDGE_CURVE('',#6383,#6384,#3109,.T.);
#7864=EDGE_CURVE('',#6384,#6385,#3110,.T.);
#7865=EDGE_CURVE('',#6385,#6386,#3111,.T.);
#7866=EDGE_CURVE('',#6386,#6387,#3112,.T.);
#7867=EDGE_CURVE('',#6387,#6388,#3113,.T.);
#7868=EDGE_CURVE('',#6388,#6389,#3114,.T.);
#7869=EDGE_CURVE('',#6389,#6390,#3115,.T.);
#7870=EDGE_CURVE('',#6390,#6391,#3116,.T.);
#7871=EDGE_CURVE('',#6391,#6392,#3117,.T.);
#7872=EDGE_CURVE('',#6392,#6393,#3118,.T.);
#7873=EDGE_CURVE('',#6393,#6394,#3119,.T.);
#7874=EDGE_CURVE('',#6394,#6381,#3120,.T.);
#7875=EDGE_CURVE('',#6395,#6396,#3121,.T.);
#7876=EDGE_CURVE('',#6396,#6397,#3122,.T.);
#7877=EDGE_CURVE('',#6397,#6398,#3123,.T.);
#7878=EDGE_CURVE('',#6398,#6399,#3124,.T.);
#7879=EDGE_CURVE('',#6399,#6400,#3125,.T.);
#7880=EDGE_CURVE('',#6400,#6401,#3126,.T.);
#7881=EDGE_CURVE('',#6401,#6402,#3127,.T.);
#7882=EDGE_CURVE('',#6402,#6403,#3128,.T.);
#7883=EDGE_CURVE('',#6403,#6404,#3129,.T.);
#7884=EDGE_CURVE('',#6404,#6405,#3130,.T.);
#7885=EDGE_CURVE('',#6405,#6395,#3131,.T.);
#7886=EDGE_CURVE('',#6406,#6407,#3132,.T.);
#7887=EDGE_CURVE('',#6407,#6408,#3133,.T.);
#7888=EDGE_CURVE('',#6408,#6409,#3134,.T.);
#7889=EDGE_CURVE('',#6409,#6410,#3135,.T.);
#7890=EDGE_CURVE('',#6410,#6411,#3136,.T.);
#7891=EDGE_CURVE('',#6411,#6412,#3137,.T.);
#7892=EDGE_CURVE('',#6412,#6413,#3138,.T.);
#7893=EDGE_CURVE('',#6413,#6414,#3139,.T.);
#7894=EDGE_CURVE('',#6414,#6415,#3140,.T.);
#7895=EDGE_CURVE('',#6415,#6416,#3141,.T.);
#7896=EDGE_CURVE('',#6416,#6417,#3142,.T.);
#7897=EDGE_CURVE('',#6417,#6406,#3143,.T.);
#7898=EDGE_CURVE('',#6418,#6419,#3144,.T.);
#7899=EDGE_CURVE('',#6419,#6420,#3145,.T.);
#7900=EDGE_CURVE('',#6420,#6421,#3146,.T.);
#7901=EDGE_CURVE('',#6421,#6422,#3147,.T.);
#7902=EDGE_CURVE('',#6422,#6423,#3148,.T.);
#7903=EDGE_CURVE('',#6423,#6424,#3149,.T.);
#7904=EDGE_CURVE('',#6424,#6425,#3150,.T.);
#7905=EDGE_CURVE('',#6425,#6426,#3151,.T.);
#7906=EDGE_CURVE('',#6426,#6427,#3152,.T.);
#7907=EDGE_CURVE('',#6427,#6428,#3153,.T.);
#7908=EDGE_CURVE('',#6428,#6429,#3154,.T.);
#7909=EDGE_CURVE('',#6429,#6430,#3155,.T.);
#7910=EDGE_CURVE('',#6430,#6431,#3156,.T.);
#7911=EDGE_CURVE('',#6431,#6432,#3157,.T.);
#7912=EDGE_CURVE('',#6432,#6433,#3158,.T.);
#7913=EDGE_CURVE('',#6433,#6418,#3159,.T.);
#7914=EDGE_CURVE('',#6434,#6435,#3160,.T.);
#7915=EDGE_CURVE('',#6435,#6436,#3161,.T.);
#7916=EDGE_CURVE('',#6436,#6437,#3162,.T.);
#7917=EDGE_CURVE('',#6437,#6438,#3163,.T.);
#7918=EDGE_CURVE('',#6438,#6439,#3164,.T.);
#7919=EDGE_CURVE('',#6439,#6440,#3165,.T.);
#7920=EDGE_CURVE('',#6440,#6434,#3166,.T.);
#7921=EDGE_CURVE('',#6441,#6442,#3167,.T.);
#7922=EDGE_CURVE('',#6442,#6443,#3168,.T.);
#7923=EDGE_CURVE('',#6443,#6444,#3169,.T.);
#7924=EDGE_CURVE('',#6444,#6445,#3170,.T.);
#7925=EDGE_CURVE('',#6445,#6446,#3171,.T.);
#7926=EDGE_CURVE('',#6446,#6447,#3172,.T.);
#7927=EDGE_CURVE('',#6447,#6448,#3173,.T.);
#7928=EDGE_CURVE('',#6448,#6449,#3174,.T.);
#7929=EDGE_CURVE('',#6449,#6450,#3175,.T.);
#7930=EDGE_CURVE('',#6450,#6451,#3176,.T.);
#7931=EDGE_CURVE('',#6451,#6452,#3177,.T.);
#7932=EDGE_CURVE('',#6452,#6453,#3178,.T.);
#7933=EDGE_CURVE('',#6453,#6454,#3179,.T.);
#7934=EDGE_CURVE('',#6454,#6455,#3180,.T.);
#7935=EDGE_CURVE('',#6455,#6456,#3181,.T.);
#7936=EDGE_CURVE('',#6456,#6457,#3182,.T.);
#7937=EDGE_CURVE('',#6457,#6458,#3183,.T.);
#7938=EDGE_CURVE('',#6458,#6459,#3184,.T.);
#7939=EDGE_CURVE('',#6459,#6460,#3185,.T.);
#7940=EDGE_CURVE('',#6460,#6461,#3186,.T.);
#7941=EDGE_CURVE('',#6461,#6462,#3187,.T.);
#7942=EDGE_CURVE('',#6462,#6463,#3188,.T.);
#7943=EDGE_CURVE('',#6463,#6464,#3189,.T.);
#7944=EDGE_CURVE('',#6464,#6465,#3190,.T.);
#7945=EDGE_CURVE('',#6465,#6466,#3191,.T.);
#7946=EDGE_CURVE('',#6466,#6467,#3192,.T.);
#7947=EDGE_CURVE('',#6467,#6441,#3193,.T.);
#7948=EDGE_CURVE('',#6468,#6469,#3194,.T.);
#7949=EDGE_CURVE('',#6469,#6470,#3195,.T.);
#7950=EDGE_CURVE('',#6470,#6471,#3196,.T.);
#7951=EDGE_CURVE('',#6471,#6472,#3197,.T.);
#7952=EDGE_CURVE('',#6472,#6473,#3198,.T.);
#7953=EDGE_CURVE('',#6473,#6468,#3199,.T.);
#7954=EDGE_CURVE('',#5891,#6474,#3200,.T.);
#7955=EDGE_CURVE('',#6474,#6475,#3201,.T.);
#7956=EDGE_CURVE('',#6475,#6476,#3202,.T.);
#7957=EDGE_CURVE('',#6476,#6477,#3203,.T.);
#7958=EDGE_CURVE('',#6477,#6478,#3204,.T.);
#7959=EDGE_CURVE('',#6478,#6479,#3205,.T.);
#7960=EDGE_CURVE('',#6479,#6480,#3206,.T.);
#7961=EDGE_CURVE('',#6480,#6481,#3207,.T.);
#7962=EDGE_CURVE('',#6481,#5892,#3208,.T.);
#7963=EDGE_CURVE('',#6276,#6277,#3209,.T.);
#7964=EDGE_CURVE('',#5957,#6482,#3210,.T.);
#7965=EDGE_CURVE('',#6482,#6483,#3211,.T.);
#7966=EDGE_CURVE('',#6483,#6484,#3212,.T.);
#7967=EDGE_CURVE('',#6484,#6485,#3213,.T.);
#7968=EDGE_CURVE('',#6485,#6486,#3214,.T.);
#7969=EDGE_CURVE('',#6486,#6266,#3215,.T.);
#7970=EDGE_CURVE('',#5823,#5989,#3216,.T.);
#7971=EDGE_CURVE('',#6267,#6487,#3217,.T.);
#7972=EDGE_CURVE('',#6487,#6488,#3218,.T.);
#7973=EDGE_CURVE('',#6488,#6489,#3219,.T.);
#7974=EDGE_CURVE('',#6489,#6268,#3220,.T.);
#7975=EDGE_CURVE('',#6251,#6490,#3221,.T.);
#7976=EDGE_CURVE('',#6490,#6491,#3222,.T.);
#7977=EDGE_CURVE('',#6491,#6492,#3223,.T.);
#7978=EDGE_CURVE('',#6492,#6493,#3224,.T.);
#7979=EDGE_CURVE('',#6493,#6249,#3225,.T.);
#7980=EDGE_CURVE('',#6009,#6494,#3226,.T.);
#7981=EDGE_CURVE('',#6494,#6495,#3227,.T.);
#7982=EDGE_CURVE('',#6495,#6496,#3228,.T.);
#7983=EDGE_CURVE('',#6496,#6497,#3229,.T.);
#7984=EDGE_CURVE('',#6497,#6498,#3230,.T.);
#7985=EDGE_CURVE('',#6498,#6499,#3231,.T.);
#7986=EDGE_CURVE('',#6499,#6500,#3232,.T.);
#7987=EDGE_CURVE('',#6500,#6501,#3233,.T.);
#7988=EDGE_CURVE('',#6501,#6502,#3234,.T.);
#7989=EDGE_CURVE('',#6502,#6503,#3235,.T.);
#7990=EDGE_CURVE('',#6503,#6504,#3236,.T.);
#7991=EDGE_CURVE('',#6504,#6505,#3237,.T.);
#7992=EDGE_CURVE('',#6505,#6506,#3238,.T.);
#7993=EDGE_CURVE('',#6506,#6507,#3239,.T.);
#7994=EDGE_CURVE('',#6507,#6250,#3240,.T.);
#7995=EDGE_CURVE('',#6002,#6508,#3241,.T.);
#7996=EDGE_CURVE('',#6508,#6248,#3242,.T.);
#7997=EDGE_CURVE('',#6278,#5806,#3243,.T.);
#7998=EDGE_CURVE('',#6314,#6045,#3244,.T.);
#7999=EDGE_CURVE('',#6508,#6013,#3245,.T.);
#8000=EDGE_CURVE('',#6313,#6046,#3246,.T.);
#8001=EDGE_CURVE('',#6509,#5795,#3247,.T.);
#8002=EDGE_CURVE('',#6509,#5711,#3248,.T.);
#8003=EDGE_CURVE('',#6279,#6509,#3249,.T.);
#8004=EDGE_CURVE('',#6504,#6018,#3250,.T.);
#8005=EDGE_CURVE('',#6505,#6017,#3251,.T.);
#8006=EDGE_CURVE('',#6495,#6256,#3252,.T.);
#8007=EDGE_CURVE('',#6257,#6494,#3253,.T.);
#8008=EDGE_CURVE('',#6019,#6503,#3254,.T.);
#8009=EDGE_CURVE('',#6497,#6254,#3255,.T.);
#8010=EDGE_CURVE('',#6496,#6255,#3256,.T.);
#8011=EDGE_CURVE('',#6506,#6016,#3257,.T.);
#8012=EDGE_CURVE('',#6499,#6023,#3258,.T.);
#8013=EDGE_CURVE('',#6498,#6006,#3259,.T.);
#8014=EDGE_CURVE('',#6502,#6020,#3260,.T.);
#8015=EDGE_CURVE('',#6501,#6021,#3261,.T.);
#8016=EDGE_CURVE('',#6500,#6022,#3262,.T.);
#8017=EDGE_CURVE('',#6483,#6265,#3263,.T.);
#8018=EDGE_CURVE('',#6482,#6042,#3264,.T.);
#8019=EDGE_CURVE('',#6484,#6040,#3265,.T.);
#8020=EDGE_CURVE('',#6474,#6087,#3266,.T.);
#8021=EDGE_CURVE('',#6082,#6479,#3267,.T.);
#8022=EDGE_CURVE('',#6480,#6081,#3268,.T.);
#8023=EDGE_CURVE('',#6481,#5936,#3269,.T.);
#8024=EDGE_CURVE('',#6475,#6086,#3270,.T.);
#8025=EDGE_CURVE('',#5939,#5642,#3271,.T.);
#8026=EDGE_CURVE('',#6493,#6025,#3272,.T.);
#8027=EDGE_CURVE('',#6492,#6026,#3273,.T.);
#8028=EDGE_CURVE('',#6491,#6027,#3274,.T.);
#8029=EDGE_CURVE('',#6490,#6028,#3275,.T.);
#8030=EDGE_CURVE('',#6486,#6038,#3276,.T.);
#8031=EDGE_CURVE('',#6485,#6039,#3277,.T.);
#8032=EDGE_CURVE('',#6307,#6053,#3278,.T.);
#8033=EDGE_CURVE('',#6308,#6052,#3279,.T.);
#8034=EDGE_CURVE('',#5922,#6510,#3280,.T.);
#8035=EDGE_CURVE('',#6510,#6304,#3281,.T.);
#8036=EDGE_CURVE('',#6511,#6303,#3282,.T.);
#8037=EDGE_CURVE('',#6511,#5754,#3283,.T.);
#8038=EDGE_CURVE('',#5762,#5749,#3284,.T.);
#8039=EDGE_CURVE('',#6309,#6051,#3285,.T.);
#8040=EDGE_CURVE('',#6360,#6089,#3286,.T.);
#8041=EDGE_CURVE('',#6090,#6359,#3287,.T.);
#8042=EDGE_CURVE('',#6361,#6104,#3288,.T.);
#8043=EDGE_CURVE('',#6362,#6103,#3289,.T.);
#8044=EDGE_CURVE('',#6096,#6369,#3290,.T.);
#8045=EDGE_CURVE('',#6370,#6095,#3291,.T.);
#8046=EDGE_CURVE('',#6363,#6102,#3292,.T.);
#8047=EDGE_CURVE('',#6374,#6091,#3293,.T.);
#8048=EDGE_CURVE('',#6368,#6097,#3294,.T.);
#8049=EDGE_CURVE('',#6323,#6245,#3295,.T.);
#8050=EDGE_CURVE('',#6322,#6246,#3296,.T.);
#8051=EDGE_CURVE('',#6321,#6247,#3297,.T.);
#8052=EDGE_CURVE('',#6320,#6242,#3298,.T.);
#8053=EDGE_CURVE('',#6319,#6243,#3299,.T.);
#8054=EDGE_CURVE('',#6324,#6244,#3300,.T.);
#8055=EDGE_CURVE('',#6302,#6511,#2090,.T.);
#8056=EDGE_CURVE('',#6512,#6230,#3301,.T.);
#8057=EDGE_CURVE('',#6231,#6512,#3302,.T.);
#8058=EDGE_CURVE('',#6397,#6240,#3303,.T.);
#8059=EDGE_CURVE('',#6396,#6241,#3304,.T.);
#8060=EDGE_CURVE('',#6512,#6395,#3305,.T.);
#8061=EDGE_CURVE('',#6400,#6237,#3306,.T.);
#8062=EDGE_CURVE('',#6399,#6238,#3307,.T.);
#8063=EDGE_CURVE('',#6398,#6239,#3308,.T.);
#8064=EDGE_CURVE('',#6405,#6232,#3309,.T.);
#8065=EDGE_CURVE('',#6472,#6108,#3310,.T.);
#8066=EDGE_CURVE('',#6471,#6109,#3311,.T.);
#8067=EDGE_CURVE('',#6470,#6110,#3312,.T.);
#8068=EDGE_CURVE('',#6469,#6105,#3313,.T.);
#8069=EDGE_CURVE('',#6468,#6106,#3314,.T.);
#8070=EDGE_CURVE('',#6473,#6107,#3315,.T.);
#8071=EDGE_CURVE('',#6382,#6216,#3316,.T.);
#8072=EDGE_CURVE('',#6217,#6381,#3317,.T.);
#8073=EDGE_CURVE('',#6386,#6226,#3318,.T.);
#8074=EDGE_CURVE('',#6385,#6227,#3319,.T.);
#8075=EDGE_CURVE('',#6384,#6228,#3320,.T.);
#8076=EDGE_CURVE('',#6383,#6229,#3321,.T.);
#8077=EDGE_CURVE('',#6394,#6218,#3322,.T.);
#8078=EDGE_CURVE('',#6419,#6111,#3323,.T.);
#8079=EDGE_CURVE('',#6112,#6418,#3324,.T.);
#8080=EDGE_CURVE('',#6423,#6117,#3325,.T.);
#8081=EDGE_CURVE('',#6422,#6118,#3326,.T.);
#8082=EDGE_CURVE('',#6421,#6119,#3327,.T.);
#8083=EDGE_CURVE('',#6420,#6120,#3328,.T.);
#8084=EDGE_CURVE('',#6433,#6113,#3329,.T.);
#8085=EDGE_CURVE('',#6408,#6213,#3330,.T.);
#8086=EDGE_CURVE('',#6407,#6214,#3331,.T.);
#8087=EDGE_CURVE('',#6513,#6406,#3332,.T.);
#8088=EDGE_CURVE('',#6514,#6513,#3333,.T.);
#8089=EDGE_CURVE('',#6514,#6215,#3334,.T.);
#8090=EDGE_CURVE('',#6412,#6514,#3335,.T.);
#8091=EDGE_CURVE('',#6411,#6210,#3336,.T.);
#8092=EDGE_CURVE('',#6410,#6211,#3337,.T.);
#8093=EDGE_CURVE('',#6409,#6212,#3338,.T.);
#8094=EDGE_CURVE('',#6513,#6154,#3339,.T.);
#8095=EDGE_CURVE('',#6413,#6153,#3340,.T.);
#8096=EDGE_CURVE('',#6441,#6122,#3341,.T.);
#8097=EDGE_CURVE('',#6467,#6123,#3342,.T.);
#8098=EDGE_CURVE('',#6466,#6124,#3343,.T.);
#8099=EDGE_CURVE('',#6465,#6125,#3344,.T.);
#8100=EDGE_CURVE('',#6515,#6126,#3345,.T.);
#8101=EDGE_CURVE('',#6516,#6515,#3346,.T.);
#8102=EDGE_CURVE('',#6127,#6516,#3347,.T.);
#8103=EDGE_CURVE('',#6517,#6464,#3348,.T.);
#8104=EDGE_CURVE('',#6515,#6517,#3349,.T.);
#8105=EDGE_CURVE('',#6442,#6121,#3350,.T.);
#8106=EDGE_CURVE('',#6516,#6128,#3351,.T.);
#8107=EDGE_CURVE('',#6517,#6129,#3352,.T.);
#8108=EDGE_CURVE('',#6427,#6208,#3353,.T.);
#8109=EDGE_CURVE('',#6518,#6426,#3354,.T.);
#8110=EDGE_CURVE('',#6519,#6518,#3355,.T.);
#8111=EDGE_CURVE('',#6519,#6209,#3356,.T.);
#8112=EDGE_CURVE('',#6428,#6207,#3357,.T.);
#8113=EDGE_CURVE('',#6432,#6519,#3358,.T.);
#8114=EDGE_CURVE('',#6431,#6204,#3359,.T.);
#8115=EDGE_CURVE('',#6430,#6205,#3360,.T.);
#8116=EDGE_CURVE('',#6429,#6206,#3361,.T.);
#8117=EDGE_CURVE('',#6282,#6078,#3362,.T.);
#8118=EDGE_CURVE('',#6283,#6077,#3363,.T.);
#8119=EDGE_CURVE('',#6281,#6079,#3364,.T.);
#8120=EDGE_CURVE('',#6284,#6076,#3365,.T.);
#8121=EDGE_CURVE('',#6328,#6202,#3366,.T.);
#8122=EDGE_CURVE('',#6329,#6201,#3367,.T.);
#8123=EDGE_CURVE('',#6330,#6200,#3368,.T.);
#8124=EDGE_CURVE('',#6325,#6199,#3369,.T.);
#8125=EDGE_CURVE('',#6326,#6198,#3370,.T.);
#8126=EDGE_CURVE('',#6327,#6203,#3371,.T.);
#8127=EDGE_CURVE('',#6456,#6137,#3372,.T.);
#8128=EDGE_CURVE('',#6457,#6136,#3373,.T.);
#8129=EDGE_CURVE('',#6458,#6135,#3374,.T.);
#8130=EDGE_CURVE('',#6459,#6134,#3375,.T.);
#8131=EDGE_CURVE('',#6460,#6133,#3376,.T.);
#8132=EDGE_CURVE('',#6461,#6132,#3377,.T.);
#8133=EDGE_CURVE('',#6138,#6455,#3378,.T.);
#8134=EDGE_CURVE('',#6462,#6131,#3379,.T.);
#8135=EDGE_CURVE('',#6510,#5728,#3380,.T.);
#8136=EDGE_CURVE('',#6306,#6054,#3381,.T.);
#8137=EDGE_CURVE('',#6305,#6055,#3382,.T.);
#8138=EDGE_CURVE('',#6294,#6070,#3383,.T.);
#8139=EDGE_CURVE('',#6293,#6071,#3384,.T.);
#8140=EDGE_CURVE('',#6520,#6292,#3385,.T.);
#8141=EDGE_CURVE('',#6521,#6520,#3386,.T.);
#8142=EDGE_CURVE('',#6521,#6072,#3387,.T.);
#8143=EDGE_CURVE('',#6286,#6074,#3388,.T.);
#8144=EDGE_CURVE('',#6075,#6285,#3389,.T.);
#8145=EDGE_CURVE('',#6288,#6521,#3390,.T.);
#8146=EDGE_CURVE('',#6287,#6073,#3391,.T.);
#8147=EDGE_CURVE('',#6335,#6195,#3392,.T.);
#8148=EDGE_CURVE('',#6336,#6194,#3393,.T.);
#8149=EDGE_CURVE('',#6337,#6193,#3394,.T.);
#8150=EDGE_CURVE('',#6331,#6192,#3395,.T.);
#8151=EDGE_CURVE('',#6332,#6191,#3396,.T.);
#8152=EDGE_CURVE('',#6334,#6196,#3397,.T.);
#8153=EDGE_CURVE('',#6333,#6197,#3398,.T.);
#8154=EDGE_CURVE('',#6522,#6295,#2091,.T.);
#8155=EDGE_CURVE('',#6296,#6522,#3399,.T.);
#8156=EDGE_CURVE('',#6299,#5721,#3400,.T.);
#8157=EDGE_CURVE('',#6298,#6523,#3401,.T.);
#8158=EDGE_CURVE('',#6524,#6523,#3402,.T.);
#8159=EDGE_CURVE('',#6525,#6524,#3403,.T.);
#8160=EDGE_CURVE('',#6525,#6067,#3404,.T.);
#8161=EDGE_CURVE('',#6526,#6525,#3405,.T.);
#8162=EDGE_CURVE('',#6523,#6526,#3406,.T.);
#8163=EDGE_CURVE('',#6297,#6068,#3407,.T.);
#8164=EDGE_CURVE('',#6069,#5935,#3408,.T.);
#8165=EDGE_CURVE('',#5937,#6522,#2092,.T.);
#8166=EDGE_CURVE('',#6291,#6526,#3409,.T.);
#8167=EDGE_CURVE('',#6524,#6190,#3410,.T.);
#8168=EDGE_CURVE('',#6520,#6189,#3411,.T.);
#8169=EDGE_CURVE('',#6338,#6066,#3412,.T.);
#8170=EDGE_CURVE('',#6346,#5926,#3413,.T.);
#8171=EDGE_CURVE('',#6059,#6345,#3414,.T.);
#8172=EDGE_CURVE('',#6339,#6065,#3415,.T.);
#8173=EDGE_CURVE('',#6300,#6057,#3416,.T.);
#8174=EDGE_CURVE('',#6301,#6056,#3417,.T.);
#8175=EDGE_CURVE('',#6290,#6187,#3418,.T.);
#8176=EDGE_CURVE('',#6289,#6188,#3419,.T.);
#8177=EDGE_CURVE('',#6438,#6149,#3420,.T.);
#8178=EDGE_CURVE('',#6437,#6150,#3421,.T.);
#8179=EDGE_CURVE('',#6436,#6151,#3422,.T.);
#8180=EDGE_CURVE('',#6435,#6145,#3423,.T.);
#8181=EDGE_CURVE('',#6434,#6146,#3424,.T.);
#8182=EDGE_CURVE('',#6440,#6147,#3425,.T.);
#8183=EDGE_CURVE('',#6439,#6148,#3426,.T.);
#8184=EDGE_CURVE('',#6344,#6060,#3427,.T.);
#8185=EDGE_CURVE('',#6343,#6061,#3428,.T.);
#8186=EDGE_CURVE('',#6342,#6062,#3429,.T.);
#8187=EDGE_CURVE('',#6341,#6063,#3430,.T.);
#8188=EDGE_CURVE('',#6340,#6064,#3431,.T.);
#8189=EDGE_CURVE('',#6351,#6184,#3432,.T.);
#8190=EDGE_CURVE('',#6350,#6185,#3433,.T.);
#8191=EDGE_CURVE('',#6349,#6186,#3434,.T.);
#8192=EDGE_CURVE('',#6348,#6181,#3435,.T.);
#8193=EDGE_CURVE('',#6347,#6182,#3436,.T.);
#8194=EDGE_CURVE('',#6352,#6183,#3437,.T.);
#8195=EDGE_CURVE('',#6463,#6130,#3438,.T.);
#8196=EDGE_CURVE('',#6454,#6139,#3439,.T.);
#8197=EDGE_CURVE('',#6140,#6453,#3440,.T.);
#8198=EDGE_CURVE('',#6357,#6178,#3441,.T.);
#8199=EDGE_CURVE('',#6356,#6179,#3442,.T.);
#8200=EDGE_CURVE('',#6355,#6180,#3443,.T.);
#8201=EDGE_CURVE('',#6354,#6175,#3444,.T.);
#8202=EDGE_CURVE('',#6353,#6176,#3445,.T.);
#8203=EDGE_CURVE('',#6358,#6177,#3446,.T.);
#8204=EDGE_CURVE('',#6425,#6115,#3447,.T.);
#8205=EDGE_CURVE('',#6518,#6114,#3448,.T.);
#8206=EDGE_CURVE('',#6424,#6116,#3449,.T.);
#8207=EDGE_CURVE('',#6452,#6141,#3450,.T.);
#8208=EDGE_CURVE('',#6451,#6142,#3451,.T.);
#8209=EDGE_CURVE('',#6527,#6450,#3452,.T.);
#8210=EDGE_CURVE('',#6527,#6143,#3453,.T.);
#8211=EDGE_CURVE('',#6528,#6527,#3454,.T.);
#8212=EDGE_CURVE('',#6444,#6528,#3455,.T.);
#8213=EDGE_CURVE('',#6443,#6144,#3456,.T.);
#8214=EDGE_CURVE('',#6528,#6172,#3457,.T.);
#8215=EDGE_CURVE('',#6445,#6171,#3458,.T.);
#8216=EDGE_CURVE('',#6417,#6155,#3459,.T.);
#8217=EDGE_CURVE('',#6416,#6156,#3460,.T.);
#8218=EDGE_CURVE('',#6415,#6157,#3461,.T.);
#8219=EDGE_CURVE('',#6414,#6152,#3462,.T.);
#8220=EDGE_CURVE('',#6402,#6235,#3463,.T.);
#8221=EDGE_CURVE('',#6401,#6236,#3464,.T.);
#8222=EDGE_CURVE('',#6404,#6233,#3465,.T.);
#8223=EDGE_CURVE('',#6403,#6234,#3466,.T.);
#8224=EDGE_CURVE('',#6449,#6173,#3467,.T.);
#8225=EDGE_CURVE('',#6448,#6174,#3468,.T.);
#8226=EDGE_CURVE('',#6447,#6169,#3469,.T.);
#8227=EDGE_CURVE('',#6446,#6170,#3470,.T.);
#8228=EDGE_CURVE('',#6373,#6092,#3471,.T.);
#8229=EDGE_CURVE('',#6372,#6093,#3472,.T.);
#8230=EDGE_CURVE('',#6371,#6094,#3473,.T.);
#8231=EDGE_CURVE('',#6392,#6220,#3474,.T.);
#8232=EDGE_CURVE('',#6221,#6391,#3475,.T.);
#8233=EDGE_CURVE('',#6393,#6219,#3476,.T.);
#8234=EDGE_CURVE('',#6390,#6222,#3477,.T.);
#8235=EDGE_CURVE('',#6387,#6225,#3478,.T.);
#8236=EDGE_CURVE('',#6389,#6223,#3479,.T.);
#8237=EDGE_CURVE('',#6388,#6224,#3480,.T.);
#8238=EDGE_CURVE('',#6367,#6098,#3481,.T.);
#8239=EDGE_CURVE('',#6366,#6099,#3482,.T.);
#8240=EDGE_CURVE('',#6365,#6100,#3483,.T.);
#8241=EDGE_CURVE('',#6364,#6101,#3484,.T.);
#8242=EDGE_CURVE('',#6280,#6080,#3485,.T.);
#8243=EDGE_CURVE('',#6316,#6167,#3486,.T.);
#8244=EDGE_CURVE('',#6317,#6166,#3487,.T.);
#8245=EDGE_CURVE('',#6318,#6165,#3488,.T.);
#8246=EDGE_CURVE('',#6315,#6529,#3489,.T.);
#8247=EDGE_CURVE('',#6530,#6529,#3490,.T.);
#8248=EDGE_CURVE('',#6531,#6530,#3491,.T.);
#8249=EDGE_CURVE('',#6531,#6168,#3492,.T.);
#8250=EDGE_CURVE('',#6532,#6531,#3493,.T.);
#8251=EDGE_CURVE('',#6529,#6532,#3494,.T.);
#8252=EDGE_CURVE('',#6310,#6530,#3495,.T.);
#8253=EDGE_CURVE('',#6532,#6050,#3496,.T.);
#8254=EDGE_CURVE('',#6487,#6034,#3497,.T.);
#8255=EDGE_CURVE('',#6488,#6033,#3498,.T.);
#8256=EDGE_CURVE('',#6489,#6032,#3499,.T.);
#8257=EDGE_CURVE('',#6477,#6084,#3500,.T.);
#8258=EDGE_CURVE('',#6478,#6083,#3501,.T.);
#8259=EDGE_CURVE('',#6476,#6085,#3502,.T.);
#8260=EDGE_CURVE('',#6311,#6049,#3503,.T.);
#8261=EDGE_CURVE('',#6312,#6048,#3504,.T.);
#8262=EDGE_CURVE('',#6375,#6047,#3505,.T.);
#8263=EDGE_CURVE('',#6379,#6161,#3506,.T.);
#8264=EDGE_CURVE('',#6378,#6162,#3507,.T.);
#8265=EDGE_CURVE('',#6377,#6158,#3508,.T.);
#8266=EDGE_CURVE('',#6376,#6159,#3509,.T.);
#8267=EDGE_CURVE('',#6380,#6160,#3510,.T.);
#8268=EDGE_CURVE('',#6507,#6015,#3511,.T.);
#8269=EDGE_CURVE('',#5990,#5822,#3512,.T.);
#8270=EDGE_CURVE('',#6533,#6534,#3513,.T.);
#8271=EDGE_CURVE('',#6535,#6533,#3514,.T.);
#8272=EDGE_CURVE('',#6536,#6535,#3515,.T.);
#8273=EDGE_CURVE('',#6534,#6536,#3516,.T.);
#8274=EDGE_CURVE('',#6537,#6538,#3517,.T.);
#8275=EDGE_CURVE('',#6537,#6539,#3518,.T.);
#8276=EDGE_CURVE('',#6540,#6539,#3519,.T.);
#8277=EDGE_CURVE('',#6538,#6540,#3520,.T.);
#8278=EDGE_CURVE('',#6541,#6542,#3521,.T.);
#8279=EDGE_CURVE('',#6541,#6543,#3522,.T.);
#8280=EDGE_CURVE('',#6544,#6543,#3523,.T.);
#8281=EDGE_CURVE('',#6542,#6544,#3524,.T.);
#8282=EDGE_CURVE('',#6534,#6541,#3525,.T.);
#8283=EDGE_CURVE('',#6543,#6536,#3526,.T.);
#8284=EDGE_CURVE('',#6542,#6537,#3527,.T.);
#8285=EDGE_CURVE('',#6539,#6544,#3528,.T.);
#8286=EDGE_CURVE('',#6545,#6546,#3529,.T.);
#8287=EDGE_CURVE('',#6547,#6545,#3530,.T.);
#8288=EDGE_CURVE('',#6548,#6547,#3531,.T.);
#8289=EDGE_CURVE('',#6546,#6548,#3532,.T.);
#8290=EDGE_CURVE('',#6549,#6550,#3533,.T.);
#8291=EDGE_CURVE('',#6549,#6551,#3534,.T.);
#8292=EDGE_CURVE('',#6552,#6551,#3535,.T.);
#8293=EDGE_CURVE('',#6550,#6552,#3536,.T.);
#8294=EDGE_CURVE('',#6553,#6554,#3537,.T.);
#8295=EDGE_CURVE('',#6553,#6555,#3538,.T.);
#8296=EDGE_CURVE('',#6556,#6555,#3539,.T.);
#8297=EDGE_CURVE('',#6554,#6556,#3540,.T.);
#8298=EDGE_CURVE('',#6546,#6553,#3541,.T.);
#8299=EDGE_CURVE('',#6555,#6548,#3542,.T.);
#8300=EDGE_CURVE('',#6554,#6549,#3543,.T.);
#8301=EDGE_CURVE('',#6551,#6556,#3544,.T.);
#8302=EDGE_CURVE('',#6535,#6540,#2030,.T.);
#8303=EDGE_CURVE('',#6538,#6533,#2031,.T.);
#8304=EDGE_CURVE('',#6547,#6552,#2032,.T.);
#8305=EDGE_CURVE('',#6550,#6545,#2033,.T.);
#8306=EDGE_CURVE('',#6557,#6558,#3545,.T.);
#8307=EDGE_CURVE('',#6557,#6559,#3546,.T.);
#8308=EDGE_CURVE('',#6559,#6560,#3547,.T.);
#8309=EDGE_CURVE('',#6558,#6560,#3548,.T.);
#8310=EDGE_CURVE('',#6561,#6562,#3549,.T.);
#8311=EDGE_CURVE('',#6561,#6563,#3550,.T.);
#8312=EDGE_CURVE('',#6563,#6564,#3551,.T.);
#8313=EDGE_CURVE('',#6562,#6564,#3552,.T.);
#8314=EDGE_CURVE('',#6558,#6565,#3553,.T.);
#8315=EDGE_CURVE('',#6560,#6566,#3554,.T.);
#8316=EDGE_CURVE('',#6565,#6566,#3555,.T.);
#8317=EDGE_CURVE('',#6567,#6557,#3556,.T.);
#8318=EDGE_CURVE('',#6567,#6568,#3557,.T.);
#8319=EDGE_CURVE('',#6568,#6559,#3558,.T.);
#8320=EDGE_CURVE('',#6562,#6567,#3559,.T.);
#8321=EDGE_CURVE('',#6564,#6568,#3560,.T.);
#8322=EDGE_CURVE('',#6566,#6563,#3561,.T.);
#8323=EDGE_CURVE('',#6569,#6570,#3562,.T.);
#8324=EDGE_CURVE('',#6569,#6571,#3563,.T.);
#8325=EDGE_CURVE('',#6571,#6572,#3564,.T.);
#8326=EDGE_CURVE('',#6570,#6572,#3565,.T.);
#8327=EDGE_CURVE('',#6570,#6573,#3566,.T.);
#8328=EDGE_CURVE('',#6572,#6574,#3567,.T.);
#8329=EDGE_CURVE('',#6573,#6574,#3568,.T.);
#8330=EDGE_CURVE('',#6573,#6575,#3569,.T.);
#8331=EDGE_CURVE('',#6574,#6576,#3570,.T.);
#8332=EDGE_CURVE('',#6575,#6576,#3571,.T.);
#8333=EDGE_CURVE('',#6577,#6569,#3572,.T.);
#8334=EDGE_CURVE('',#6577,#6578,#3573,.T.);
#8335=EDGE_CURVE('',#6578,#6571,#3574,.T.);
#8336=EDGE_CURVE('',#6579,#6577,#3575,.T.);
#8337=EDGE_CURVE('',#6579,#6580,#3576,.T.);
#8338=EDGE_CURVE('',#6580,#6578,#3577,.T.);
#8339=EDGE_CURVE('',#6576,#6580,#3578,.T.);
#8340=EDGE_CURVE('',#6563,#6581,#3579,.T.);
#8341=EDGE_CURVE('',#6582,#6581,#3580,.T.);
#8342=EDGE_CURVE('',#6566,#6582,#3581,.T.);
#8343=EDGE_CURVE('',#6583,#6584,#2034,.T.);
#8344=EDGE_CURVE('',#6585,#6583,#3582,.T.);
#8345=EDGE_CURVE('',#6586,#6585,#2035,.T.);
#8346=EDGE_CURVE('',#6586,#6584,#3583,.T.);
#8347=EDGE_CURVE('',#6587,#6588,#2036,.T.);
#8348=EDGE_CURVE('',#6589,#6587,#3584,.T.);
#8349=EDGE_CURVE('',#6590,#6589,#2037,.T.);
#8350=EDGE_CURVE('',#6590,#6588,#3585,.T.);
#8351=EDGE_CURVE('',#6591,#6591,#2038,.T.);
#8352=EDGE_CURVE('',#6591,#6592,#3586,.T.);
#8353=EDGE_CURVE('',#6592,#6592,#2039,.T.);
#8354=EDGE_CURVE('',#6593,#6593,#2040,.T.);
#8355=EDGE_CURVE('',#6593,#6594,#3587,.T.);
#8356=EDGE_CURVE('',#6594,#6594,#2041,.T.);
#8357=EDGE_CURVE('',#6595,#6595,#2042,.T.);
#8358=EDGE_CURVE('',#6595,#6596,#3588,.T.);
#8359=EDGE_CURVE('',#6596,#6596,#2043,.T.);
#8360=EDGE_CURVE('',#6597,#6597,#2044,.T.);
#8361=EDGE_CURVE('',#6597,#6598,#3589,.T.);
#8362=EDGE_CURVE('',#6598,#6598,#2045,.T.);
#8363=EDGE_CURVE('',#6599,#6600,#3590,.T.);
#8364=EDGE_CURVE('',#6599,#6601,#3591,.T.);
#8365=EDGE_CURVE('',#6602,#6601,#3592,.T.);
#8366=EDGE_CURVE('',#6600,#6602,#3593,.T.);
#8367=EDGE_CURVE('',#6600,#6603,#3594,.T.);
#8368=EDGE_CURVE('',#6604,#6602,#3595,.T.);
#8369=EDGE_CURVE('',#6603,#6604,#3596,.T.);
#8370=EDGE_CURVE('',#6603,#6605,#3597,.T.);
#8371=EDGE_CURVE('',#6606,#6604,#3598,.T.);
#8372=EDGE_CURVE('',#6605,#6606,#3599,.T.);
#8373=EDGE_CURVE('',#6605,#6599,#3600,.T.);
#8374=EDGE_CURVE('',#6601,#6606,#3601,.T.);
#8375=EDGE_CURVE('',#6607,#6608,#3602,.T.);
#8376=EDGE_CURVE('',#6607,#6609,#3603,.T.);
#8377=EDGE_CURVE('',#6610,#6609,#3604,.T.);
#8378=EDGE_CURVE('',#6608,#6610,#3605,.T.);
#8379=EDGE_CURVE('',#6608,#6611,#3606,.T.);
#8380=EDGE_CURVE('',#6612,#6610,#3607,.T.);
#8381=EDGE_CURVE('',#6611,#6612,#3608,.T.);
#8382=EDGE_CURVE('',#6611,#6613,#3609,.T.);
#8383=EDGE_CURVE('',#6614,#6612,#3610,.T.);
#8384=EDGE_CURVE('',#6613,#6614,#3611,.T.);
#8385=EDGE_CURVE('',#6613,#6607,#3612,.T.);
#8386=EDGE_CURVE('',#6609,#6614,#3613,.T.);
#8387=EDGE_CURVE('',#6615,#6616,#3614,.T.);
#8388=EDGE_CURVE('',#6615,#6617,#3615,.T.);
#8389=EDGE_CURVE('',#6618,#6617,#3616,.T.);
#8390=EDGE_CURVE('',#6616,#6618,#3617,.T.);
#8391=EDGE_CURVE('',#6616,#6619,#3618,.T.);
#8392=EDGE_CURVE('',#6620,#6618,#3619,.T.);
#8393=EDGE_CURVE('',#6619,#6620,#3620,.T.);
#8394=EDGE_CURVE('',#6619,#6621,#3621,.T.);
#8395=EDGE_CURVE('',#6622,#6620,#3622,.T.);
#8396=EDGE_CURVE('',#6621,#6622,#3623,.T.);
#8397=EDGE_CURVE('',#6621,#6615,#3624,.T.);
#8398=EDGE_CURVE('',#6617,#6622,#3625,.T.);
#8399=EDGE_CURVE('',#6623,#6624,#3626,.T.);
#8400=EDGE_CURVE('',#6623,#6625,#3627,.T.);
#8401=EDGE_CURVE('',#6626,#6625,#3628,.T.);
#8402=EDGE_CURVE('',#6624,#6626,#3629,.T.);
#8403=EDGE_CURVE('',#6624,#6627,#3630,.T.);
#8404=EDGE_CURVE('',#6628,#6626,#3631,.T.);
#8405=EDGE_CURVE('',#6627,#6628,#3632,.T.);
#8406=EDGE_CURVE('',#6627,#6629,#3633,.T.);
#8407=EDGE_CURVE('',#6630,#6628,#3634,.T.);
#8408=EDGE_CURVE('',#6629,#6630,#3635,.T.);
#8409=EDGE_CURVE('',#6629,#6623,#3636,.T.);
#8410=EDGE_CURVE('',#6625,#6630,#3637,.T.);
#8411=EDGE_CURVE('',#6631,#6632,#3638,.T.);
#8412=EDGE_CURVE('',#6631,#6633,#3639,.T.);
#8413=EDGE_CURVE('',#6634,#6633,#3640,.T.);
#8414=EDGE_CURVE('',#6632,#6634,#3641,.T.);
#8415=EDGE_CURVE('',#6632,#6635,#3642,.T.);
#8416=EDGE_CURVE('',#6636,#6634,#3643,.T.);
#8417=EDGE_CURVE('',#6635,#6636,#3644,.T.);
#8418=EDGE_CURVE('',#6635,#6637,#3645,.T.);
#8419=EDGE_CURVE('',#6638,#6636,#3646,.T.);
#8420=EDGE_CURVE('',#6637,#6638,#3647,.T.);
#8421=EDGE_CURVE('',#6637,#6631,#3648,.T.);
#8422=EDGE_CURVE('',#6633,#6638,#3649,.T.);
#8423=EDGE_CURVE('',#6639,#6640,#3650,.T.);
#8424=EDGE_CURVE('',#6639,#6641,#3651,.T.);
#8425=EDGE_CURVE('',#6642,#6641,#3652,.T.);
#8426=EDGE_CURVE('',#6640,#6642,#3653,.T.);
#8427=EDGE_CURVE('',#6640,#6643,#3654,.T.);
#8428=EDGE_CURVE('',#6644,#6642,#3655,.T.);
#8429=EDGE_CURVE('',#6643,#6644,#3656,.T.);
#8430=EDGE_CURVE('',#6643,#6645,#3657,.T.);
#8431=EDGE_CURVE('',#6646,#6644,#3658,.T.);
#8432=EDGE_CURVE('',#6645,#6646,#3659,.T.);
#8433=EDGE_CURVE('',#6645,#6639,#3660,.T.);
#8434=EDGE_CURVE('',#6641,#6646,#3661,.T.);
#8435=EDGE_CURVE('',#6647,#6648,#3662,.T.);
#8436=EDGE_CURVE('',#6647,#6649,#3663,.T.);
#8437=EDGE_CURVE('',#6650,#6649,#3664,.T.);
#8438=EDGE_CURVE('',#6648,#6650,#3665,.T.);
#8439=EDGE_CURVE('',#6648,#6651,#3666,.T.);
#8440=EDGE_CURVE('',#6652,#6650,#3667,.T.);
#8441=EDGE_CURVE('',#6651,#6652,#3668,.T.);
#8442=EDGE_CURVE('',#6651,#6653,#3669,.T.);
#8443=EDGE_CURVE('',#6654,#6652,#3670,.T.);
#8444=EDGE_CURVE('',#6653,#6654,#3671,.T.);
#8445=EDGE_CURVE('',#6653,#6647,#3672,.T.);
#8446=EDGE_CURVE('',#6649,#6654,#3673,.T.);
#8447=EDGE_CURVE('',#6655,#6656,#3674,.T.);
#8448=EDGE_CURVE('',#6655,#6657,#3675,.T.);
#8449=EDGE_CURVE('',#6658,#6657,#3676,.T.);
#8450=EDGE_CURVE('',#6656,#6658,#3677,.T.);
#8451=EDGE_CURVE('',#6656,#6659,#3678,.T.);
#8452=EDGE_CURVE('',#6660,#6658,#3679,.T.);
#8453=EDGE_CURVE('',#6659,#6660,#3680,.T.);
#8454=EDGE_CURVE('',#6659,#6661,#3681,.T.);
#8455=EDGE_CURVE('',#6662,#6660,#3682,.T.);
#8456=EDGE_CURVE('',#6661,#6662,#3683,.T.);
#8457=EDGE_CURVE('',#6661,#6655,#3684,.T.);
#8458=EDGE_CURVE('',#6657,#6662,#3685,.T.);
#8459=EDGE_CURVE('',#6663,#6664,#3686,.T.);
#8460=EDGE_CURVE('',#6663,#6665,#3687,.T.);
#8461=EDGE_CURVE('',#6666,#6665,#3688,.T.);
#8462=EDGE_CURVE('',#6664,#6666,#3689,.T.);
#8463=EDGE_CURVE('',#6664,#6667,#3690,.T.);
#8464=EDGE_CURVE('',#6668,#6666,#3691,.T.);
#8465=EDGE_CURVE('',#6667,#6668,#3692,.T.);
#8466=EDGE_CURVE('',#6667,#6669,#3693,.T.);
#8467=EDGE_CURVE('',#6670,#6668,#3694,.T.);
#8468=EDGE_CURVE('',#6669,#6670,#3695,.T.);
#8469=EDGE_CURVE('',#6669,#6663,#3696,.T.);
#8470=EDGE_CURVE('',#6665,#6670,#3697,.T.);
#8471=EDGE_CURVE('',#6671,#6672,#3698,.T.);
#8472=EDGE_CURVE('',#6671,#6673,#3699,.T.);
#8473=EDGE_CURVE('',#6674,#6673,#3700,.T.);
#8474=EDGE_CURVE('',#6672,#6674,#3701,.T.);
#8475=EDGE_CURVE('',#6672,#6675,#3702,.T.);
#8476=EDGE_CURVE('',#6676,#6674,#3703,.T.);
#8477=EDGE_CURVE('',#6675,#6676,#3704,.T.);
#8478=EDGE_CURVE('',#6675,#6677,#3705,.T.);
#8479=EDGE_CURVE('',#6678,#6676,#3706,.T.);
#8480=EDGE_CURVE('',#6677,#6678,#3707,.T.);
#8481=EDGE_CURVE('',#6677,#6671,#3708,.T.);
#8482=EDGE_CURVE('',#6673,#6678,#3709,.T.);
#8483=EDGE_CURVE('',#6679,#6680,#3710,.T.);
#8484=EDGE_CURVE('',#6679,#6681,#3711,.T.);
#8485=EDGE_CURVE('',#6682,#6681,#3712,.T.);
#8486=EDGE_CURVE('',#6680,#6682,#3713,.T.);
#8487=EDGE_CURVE('',#6680,#6683,#3714,.T.);
#8488=EDGE_CURVE('',#6684,#6682,#3715,.T.);
#8489=EDGE_CURVE('',#6683,#6684,#3716,.T.);
#8490=EDGE_CURVE('',#6683,#6685,#3717,.T.);
#8491=EDGE_CURVE('',#6686,#6684,#3718,.T.);
#8492=EDGE_CURVE('',#6685,#6686,#3719,.T.);
#8493=EDGE_CURVE('',#6685,#6679,#3720,.T.);
#8494=EDGE_CURVE('',#6681,#6686,#3721,.T.);
#8495=EDGE_CURVE('',#6687,#6688,#3722,.T.);
#8496=EDGE_CURVE('',#6687,#6689,#3723,.T.);
#8497=EDGE_CURVE('',#6690,#6689,#3724,.T.);
#8498=EDGE_CURVE('',#6688,#6690,#3725,.T.);
#8499=EDGE_CURVE('',#6688,#6691,#3726,.T.);
#8500=EDGE_CURVE('',#6692,#6690,#3727,.T.);
#8501=EDGE_CURVE('',#6691,#6692,#3728,.T.);
#8502=EDGE_CURVE('',#6691,#6693,#3729,.T.);
#8503=EDGE_CURVE('',#6694,#6692,#3730,.T.);
#8504=EDGE_CURVE('',#6693,#6694,#3731,.T.);
#8505=EDGE_CURVE('',#6693,#6687,#3732,.T.);
#8506=EDGE_CURVE('',#6689,#6694,#3733,.T.);
#8507=EDGE_CURVE('',#6695,#6696,#3734,.T.);
#8508=EDGE_CURVE('',#6695,#6697,#3735,.T.);
#8509=EDGE_CURVE('',#6698,#6697,#3736,.T.);
#8510=EDGE_CURVE('',#6696,#6698,#3737,.T.);
#8511=EDGE_CURVE('',#6696,#6699,#3738,.T.);
#8512=EDGE_CURVE('',#6700,#6698,#3739,.T.);
#8513=EDGE_CURVE('',#6699,#6700,#3740,.T.);
#8514=EDGE_CURVE('',#6699,#6701,#3741,.T.);
#8515=EDGE_CURVE('',#6702,#6700,#3742,.T.);
#8516=EDGE_CURVE('',#6701,#6702,#3743,.T.);
#8517=EDGE_CURVE('',#6701,#6695,#3744,.T.);
#8518=EDGE_CURVE('',#6697,#6702,#3745,.T.);
#8519=EDGE_CURVE('',#6703,#6704,#3746,.T.);
#8520=EDGE_CURVE('',#6703,#6705,#3747,.T.);
#8521=EDGE_CURVE('',#6706,#6705,#3748,.T.);
#8522=EDGE_CURVE('',#6704,#6706,#3749,.T.);
#8523=EDGE_CURVE('',#6704,#6707,#3750,.T.);
#8524=EDGE_CURVE('',#6708,#6706,#3751,.T.);
#8525=EDGE_CURVE('',#6707,#6708,#3752,.T.);
#8526=EDGE_CURVE('',#6707,#6709,#3753,.T.);
#8527=EDGE_CURVE('',#6710,#6708,#3754,.T.);
#8528=EDGE_CURVE('',#6709,#6710,#3755,.T.);
#8529=EDGE_CURVE('',#6709,#6703,#3756,.T.);
#8530=EDGE_CURVE('',#6705,#6710,#3757,.T.);
#8531=EDGE_CURVE('',#6711,#6712,#3758,.T.);
#8532=EDGE_CURVE('',#6711,#6713,#3759,.T.);
#8533=EDGE_CURVE('',#6714,#6713,#3760,.T.);
#8534=EDGE_CURVE('',#6712,#6714,#3761,.T.);
#8535=EDGE_CURVE('',#6712,#6715,#3762,.T.);
#8536=EDGE_CURVE('',#6716,#6714,#3763,.T.);
#8537=EDGE_CURVE('',#6715,#6716,#3764,.T.);
#8538=EDGE_CURVE('',#6715,#6717,#3765,.T.);
#8539=EDGE_CURVE('',#6718,#6716,#3766,.T.);
#8540=EDGE_CURVE('',#6717,#6718,#3767,.T.);
#8541=EDGE_CURVE('',#6717,#6711,#3768,.T.);
#8542=EDGE_CURVE('',#6713,#6718,#3769,.T.);
#8543=EDGE_CURVE('',#6719,#6720,#3770,.T.);
#8544=EDGE_CURVE('',#6719,#6721,#3771,.T.);
#8545=EDGE_CURVE('',#6722,#6721,#3772,.T.);
#8546=EDGE_CURVE('',#6720,#6722,#3773,.T.);
#8547=EDGE_CURVE('',#6720,#6723,#3774,.T.);
#8548=EDGE_CURVE('',#6724,#6722,#3775,.T.);
#8549=EDGE_CURVE('',#6723,#6724,#3776,.T.);
#8550=EDGE_CURVE('',#6723,#6725,#3777,.T.);
#8551=EDGE_CURVE('',#6726,#6724,#3778,.T.);
#8552=EDGE_CURVE('',#6725,#6726,#3779,.T.);
#8553=EDGE_CURVE('',#6725,#6719,#3780,.T.);
#8554=EDGE_CURVE('',#6721,#6726,#3781,.T.);
#8555=EDGE_CURVE('',#6727,#6727,#2046,.T.);
#8556=EDGE_CURVE('',#6727,#6728,#3782,.T.);
#8557=EDGE_CURVE('',#6728,#6728,#2047,.T.);
#8558=EDGE_CURVE('',#6729,#6729,#2048,.T.);
#8559=EDGE_CURVE('',#6729,#6730,#3783,.T.);
#8560=EDGE_CURVE('',#6730,#6730,#2049,.T.);
#8561=EDGE_CURVE('',#6731,#6731,#2050,.T.);
#8562=EDGE_CURVE('',#6731,#6732,#3784,.T.);
#8563=EDGE_CURVE('',#6732,#6732,#2051,.T.);
#8564=EDGE_CURVE('',#6565,#6579,#3785,.T.);
#8565=EDGE_CURVE('',#6733,#6582,#3786,.T.);
#8566=EDGE_CURVE('',#6580,#6733,#3787,.T.);
#8567=EDGE_CURVE('',#6734,#6733,#3788,.T.);
#8568=EDGE_CURVE('',#6576,#6734,#3789,.T.);
#8569=EDGE_CURVE('',#6575,#6561,#3790,.T.);
#8570=EDGE_CURVE('',#6581,#6734,#3791,.T.);
#8571=EDGE_CURVE('',#6735,#6736,#2052,.T.);
#8572=EDGE_CURVE('',#6737,#6735,#3792,.T.);
#8573=EDGE_CURVE('',#6738,#6737,#2053,.T.);
#8574=EDGE_CURVE('',#6738,#6736,#3793,.T.);
#8575=EDGE_CURVE('',#6739,#6740,#2054,.T.);
#8576=EDGE_CURVE('',#6741,#6739,#3794,.T.);
#8577=EDGE_CURVE('',#6742,#6741,#2055,.T.);
#8578=EDGE_CURVE('',#6742,#6740,#3795,.T.);
#8579=EDGE_CURVE('',#6585,#6590,#3796,.T.);
#8580=EDGE_CURVE('',#6589,#6738,#3797,.T.);
#8581=EDGE_CURVE('',#6737,#6742,#3798,.T.);
#8582=EDGE_CURVE('',#6741,#6586,#3799,.T.);
#8583=EDGE_CURVE('',#6739,#6584,#3800,.T.);
#8584=EDGE_CURVE('',#6735,#6740,#3801,.T.);
#8585=EDGE_CURVE('',#6587,#6736,#3802,.T.);
#8586=EDGE_CURVE('',#6583,#6588,#3803,.T.);
#8587=ORIENTED_EDGE('',*,*,#6743,.F.);
#8588=ORIENTED_EDGE('',*,*,#6744,.T.);
#8589=ORIENTED_EDGE('',*,*,#6745,.F.);
#8590=ORIENTED_EDGE('',*,*,#6746,.T.);
#8591=ORIENTED_EDGE('',*,*,#6747,.F.);
#8592=ORIENTED_EDGE('',*,*,#6748,.T.);
#8593=ORIENTED_EDGE('',*,*,#6749,.F.);
#8594=ORIENTED_EDGE('',*,*,#6750,.T.);
#8595=ORIENTED_EDGE('',*,*,#6751,.F.);
#8596=ORIENTED_EDGE('',*,*,#6752,.F.);
#8597=ORIENTED_EDGE('',*,*,#6753,.F.);
#8598=ORIENTED_EDGE('',*,*,#6754,.T.);
#8599=ORIENTED_EDGE('',*,*,#6755,.F.);
#8600=ORIENTED_EDGE('',*,*,#6754,.F.);
#8601=ORIENTED_EDGE('',*,*,#6756,.F.);
#8602=ORIENTED_EDGE('',*,*,#6757,.T.);
#8603=ORIENTED_EDGE('',*,*,#6758,.F.);
#8604=ORIENTED_EDGE('',*,*,#6759,.F.);
#8605=ORIENTED_EDGE('',*,*,#6760,.F.);
#8606=ORIENTED_EDGE('',*,*,#6759,.T.);
#8607=ORIENTED_EDGE('',*,*,#6761,.F.);
#8608=ORIENTED_EDGE('',*,*,#6762,.T.);
#8609=ORIENTED_EDGE('',*,*,#6763,.F.);
#8610=ORIENTED_EDGE('',*,*,#6762,.F.);
#8611=ORIENTED_EDGE('',*,*,#6764,.F.);
#8612=ORIENTED_EDGE('',*,*,#6765,.T.);
#8613=ORIENTED_EDGE('',*,*,#6766,.F.);
#8614=ORIENTED_EDGE('',*,*,#6767,.F.);
#8615=ORIENTED_EDGE('',*,*,#6768,.F.);
#8616=ORIENTED_EDGE('',*,*,#6769,.F.);
#8617=ORIENTED_EDGE('',*,*,#6765,.F.);
#8618=ORIENTED_EDGE('',*,*,#6770,.F.);
#8619=ORIENTED_EDGE('',*,*,#6757,.F.);
#8620=ORIENTED_EDGE('',*,*,#6771,.T.);
#8621=ORIENTED_EDGE('',*,*,#6772,.F.);
#8622=ORIENTED_EDGE('',*,*,#6773,.T.);
#8623=ORIENTED_EDGE('',*,*,#6774,.F.);
#8624=ORIENTED_EDGE('',*,*,#6775,.T.);
#8625=ORIENTED_EDGE('',*,*,#6776,.F.);
#8626=ORIENTED_EDGE('',*,*,#6777,.T.);
#8627=ORIENTED_EDGE('',*,*,#6778,.T.);
#8628=ORIENTED_EDGE('',*,*,#6779,.T.);
#8629=ORIENTED_EDGE('',*,*,#6780,.T.);
#8630=ORIENTED_EDGE('',*,*,#6781,.T.);
#8631=ORIENTED_EDGE('',*,*,#6782,.F.);
#8632=ORIENTED_EDGE('',*,*,#6783,.T.);
#8633=ORIENTED_EDGE('',*,*,#6784,.T.);
#8634=ORIENTED_EDGE('',*,*,#6785,.F.);
#8635=ORIENTED_EDGE('',*,*,#6786,.T.);
#8636=ORIENTED_EDGE('',*,*,#6787,.T.);
#8637=ORIENTED_EDGE('',*,*,#6788,.T.);
#8638=ORIENTED_EDGE('',*,*,#6789,.T.);
#8639=ORIENTED_EDGE('',*,*,#6790,.F.);
#8640=ORIENTED_EDGE('',*,*,#6791,.T.);
#8641=ORIENTED_EDGE('',*,*,#6792,.T.);
#8642=ORIENTED_EDGE('',*,*,#6793,.T.);
#8643=ORIENTED_EDGE('',*,*,#6794,.T.);
#8644=ORIENTED_EDGE('',*,*,#6795,.F.);
#8645=ORIENTED_EDGE('',*,*,#6796,.T.);
#8646=ORIENTED_EDGE('',*,*,#6797,.T.);
#8647=ORIENTED_EDGE('',*,*,#6798,.T.);
#8648=ORIENTED_EDGE('',*,*,#6766,.T.);
#8649=ORIENTED_EDGE('',*,*,#6756,.T.);
#8650=ORIENTED_EDGE('',*,*,#6760,.T.);
#8651=ORIENTED_EDGE('',*,*,#6763,.T.);
#8652=ORIENTED_EDGE('',*,*,#6769,.T.);
#8653=ORIENTED_EDGE('',*,*,#6799,.T.);
#8654=ORIENTED_EDGE('',*,*,#6800,.T.);
#8655=ORIENTED_EDGE('',*,*,#6801,.T.);
#8656=ORIENTED_EDGE('',*,*,#6802,.F.);
#8657=ORIENTED_EDGE('',*,*,#6803,.T.);
#8658=ORIENTED_EDGE('',*,*,#6804,.F.);
#8659=ORIENTED_EDGE('',*,*,#6805,.F.);
#8660=ORIENTED_EDGE('',*,*,#6806,.F.);
#8661=ORIENTED_EDGE('',*,*,#6807,.F.);
#8662=ORIENTED_EDGE('',*,*,#6808,.F.);
#8663=ORIENTED_EDGE('',*,*,#6809,.T.);
#8664=ORIENTED_EDGE('',*,*,#6810,.F.);
#8665=ORIENTED_EDGE('',*,*,#6809,.F.);
#8666=ORIENTED_EDGE('',*,*,#6811,.F.);
#8667=ORIENTED_EDGE('',*,*,#6803,.F.);
#8668=ORIENTED_EDGE('',*,*,#6812,.F.);
#8669=ORIENTED_EDGE('',*,*,#6813,.T.);
#8670=ORIENTED_EDGE('',*,*,#6814,.F.);
#8671=ORIENTED_EDGE('',*,*,#6813,.F.);
#8672=ORIENTED_EDGE('',*,*,#6812,.T.);
#8673=ORIENTED_EDGE('',*,*,#6815,.F.);
#8674=ORIENTED_EDGE('',*,*,#6816,.F.);
#8675=ORIENTED_EDGE('',*,*,#6817,.T.);
#8676=ORIENTED_EDGE('',*,*,#6818,.F.);
#8677=ORIENTED_EDGE('',*,*,#6817,.F.);
#8678=ORIENTED_EDGE('',*,*,#6816,.T.);
#8679=ORIENTED_EDGE('',*,*,#6819,.F.);
#8680=ORIENTED_EDGE('',*,*,#6820,.F.);
#8681=ORIENTED_EDGE('',*,*,#6821,.T.);
#8682=ORIENTED_EDGE('',*,*,#6822,.F.);
#8683=ORIENTED_EDGE('',*,*,#6821,.F.);
#8684=ORIENTED_EDGE('',*,*,#6820,.T.);
#8685=ORIENTED_EDGE('',*,*,#6823,.F.);
#8686=ORIENTED_EDGE('',*,*,#6824,.F.);
#8687=ORIENTED_EDGE('',*,*,#6825,.T.);
#8688=ORIENTED_EDGE('',*,*,#6815,.T.);
#8689=ORIENTED_EDGE('',*,*,#6825,.F.);
#8690=ORIENTED_EDGE('',*,*,#6826,.F.);
#8691=ORIENTED_EDGE('',*,*,#6827,.T.);
#8692=ORIENTED_EDGE('',*,*,#6819,.T.);
#8693=ORIENTED_EDGE('',*,*,#6827,.F.);
#8694=ORIENTED_EDGE('',*,*,#6828,.F.);
#8695=ORIENTED_EDGE('',*,*,#6829,.T.);
#8696=ORIENTED_EDGE('',*,*,#6823,.T.);
#8697=ORIENTED_EDGE('',*,*,#6829,.F.);
#8698=ORIENTED_EDGE('',*,*,#6830,.F.);
#8699=ORIENTED_EDGE('',*,*,#6831,.T.);
#8700=ORIENTED_EDGE('',*,*,#6832,.T.);
#8701=ORIENTED_EDGE('',*,*,#6831,.F.);
#8702=ORIENTED_EDGE('',*,*,#6832,.F.);
#8703=ORIENTED_EDGE('',*,*,#6824,.T.);
#8704=ORIENTED_EDGE('',*,*,#6833,.F.);
#8705=ORIENTED_EDGE('',*,*,#6834,.T.);
#8706=ORIENTED_EDGE('',*,*,#6835,.T.);
#8707=ORIENTED_EDGE('',*,*,#6834,.F.);
#8708=ORIENTED_EDGE('',*,*,#6835,.F.);
#8709=ORIENTED_EDGE('',*,*,#6826,.T.);
#8710=ORIENTED_EDGE('',*,*,#6836,.F.);
#8711=ORIENTED_EDGE('',*,*,#6837,.T.);
#8712=ORIENTED_EDGE('',*,*,#6838,.T.);
#8713=ORIENTED_EDGE('',*,*,#6837,.F.);
#8714=ORIENTED_EDGE('',*,*,#6838,.F.);
#8715=ORIENTED_EDGE('',*,*,#6828,.T.);
#8716=ORIENTED_EDGE('',*,*,#6839,.F.);
#8717=ORIENTED_EDGE('',*,*,#6840,.T.);
#8718=ORIENTED_EDGE('',*,*,#6841,.F.);
#8719=ORIENTED_EDGE('',*,*,#6840,.F.);
#8720=ORIENTED_EDGE('',*,*,#6839,.T.);
#8721=ORIENTED_EDGE('',*,*,#6842,.F.);
#8722=ORIENTED_EDGE('',*,*,#6843,.F.);
#8723=ORIENTED_EDGE('',*,*,#6844,.T.);
#8724=ORIENTED_EDGE('',*,*,#6845,.F.);
#8725=ORIENTED_EDGE('',*,*,#6844,.F.);
#8726=ORIENTED_EDGE('',*,*,#6843,.T.);
#8727=ORIENTED_EDGE('',*,*,#6846,.F.);
#8728=ORIENTED_EDGE('',*,*,#6847,.F.);
#8729=ORIENTED_EDGE('',*,*,#6848,.T.);
#8730=ORIENTED_EDGE('',*,*,#6849,.F.);
#8731=ORIENTED_EDGE('',*,*,#6848,.F.);
#8732=ORIENTED_EDGE('',*,*,#6847,.T.);
#8733=ORIENTED_EDGE('',*,*,#6850,.F.);
#8734=ORIENTED_EDGE('',*,*,#6851,.F.);
#8735=ORIENTED_EDGE('',*,*,#6852,.T.);
#8736=ORIENTED_EDGE('',*,*,#6853,.F.);
#8737=ORIENTED_EDGE('',*,*,#6852,.F.);
#8738=ORIENTED_EDGE('',*,*,#6851,.T.);
#8739=ORIENTED_EDGE('',*,*,#6854,.F.);
#8740=ORIENTED_EDGE('',*,*,#6855,.F.);
#8741=ORIENTED_EDGE('',*,*,#6856,.T.);
#8742=ORIENTED_EDGE('',*,*,#6842,.T.);
#8743=ORIENTED_EDGE('',*,*,#6856,.F.);
#8744=ORIENTED_EDGE('',*,*,#6857,.F.);
#8745=ORIENTED_EDGE('',*,*,#6858,.T.);
#8746=ORIENTED_EDGE('',*,*,#6846,.T.);
#8747=ORIENTED_EDGE('',*,*,#6858,.F.);
#8748=ORIENTED_EDGE('',*,*,#6859,.F.);
#8749=ORIENTED_EDGE('',*,*,#6860,.T.);
#8750=ORIENTED_EDGE('',*,*,#6850,.T.);
#8751=ORIENTED_EDGE('',*,*,#6860,.F.);
#8752=ORIENTED_EDGE('',*,*,#6861,.F.);
#8753=ORIENTED_EDGE('',*,*,#6862,.F.);
#8754=ORIENTED_EDGE('',*,*,#6863,.F.);
#8755=ORIENTED_EDGE('',*,*,#6864,.F.);
#8756=ORIENTED_EDGE('',*,*,#6865,.F.);
#8757=ORIENTED_EDGE('',*,*,#6866,.T.);
#8758=ORIENTED_EDGE('',*,*,#6854,.T.);
#8759=ORIENTED_EDGE('',*,*,#6866,.F.);
#8760=ORIENTED_EDGE('',*,*,#6863,.T.);
#8761=ORIENTED_EDGE('',*,*,#6867,.F.);
#8762=ORIENTED_EDGE('',*,*,#6868,.F.);
#8763=ORIENTED_EDGE('',*,*,#6869,.F.);
#8764=ORIENTED_EDGE('',*,*,#6862,.T.);
#8765=ORIENTED_EDGE('',*,*,#6870,.F.);
#8766=ORIENTED_EDGE('',*,*,#6871,.T.);
#8767=ORIENTED_EDGE('',*,*,#6872,.F.);
#8768=ORIENTED_EDGE('',*,*,#6873,.F.);
#8769=ORIENTED_EDGE('',*,*,#6867,.T.);
#8770=ORIENTED_EDGE('',*,*,#6874,.F.);
#8771=ORIENTED_EDGE('',*,*,#6875,.T.);
#8772=ORIENTED_EDGE('',*,*,#6876,.T.);
#8773=ORIENTED_EDGE('',*,*,#6875,.F.);
#8774=ORIENTED_EDGE('',*,*,#6876,.F.);
#8775=ORIENTED_EDGE('',*,*,#6855,.T.);
#8776=ORIENTED_EDGE('',*,*,#6877,.F.);
#8777=ORIENTED_EDGE('',*,*,#6878,.T.);
#8778=ORIENTED_EDGE('',*,*,#6879,.T.);
#8779=ORIENTED_EDGE('',*,*,#6878,.F.);
#8780=ORIENTED_EDGE('',*,*,#6879,.F.);
#8781=ORIENTED_EDGE('',*,*,#6857,.T.);
#8782=ORIENTED_EDGE('',*,*,#6880,.F.);
#8783=ORIENTED_EDGE('',*,*,#6881,.T.);
#8784=ORIENTED_EDGE('',*,*,#6882,.T.);
#8785=ORIENTED_EDGE('',*,*,#6881,.F.);
#8786=ORIENTED_EDGE('',*,*,#6882,.F.);
#8787=ORIENTED_EDGE('',*,*,#6859,.T.);
#8788=ORIENTED_EDGE('',*,*,#6883,.F.);
#8789=ORIENTED_EDGE('',*,*,#6884,.T.);
#8790=ORIENTED_EDGE('',*,*,#6885,.T.);
#8791=ORIENTED_EDGE('',*,*,#6884,.F.);
#8792=ORIENTED_EDGE('',*,*,#6885,.F.);
#8793=ORIENTED_EDGE('',*,*,#6865,.T.);
#8794=ORIENTED_EDGE('',*,*,#6886,.F.);
#8795=ORIENTED_EDGE('',*,*,#6887,.T.);
#8796=ORIENTED_EDGE('',*,*,#6888,.F.);
#8797=ORIENTED_EDGE('',*,*,#6889,.F.);
#8798=ORIENTED_EDGE('',*,*,#6890,.F.);
#8799=ORIENTED_EDGE('',*,*,#6891,.F.);
#8800=ORIENTED_EDGE('',*,*,#6892,.T.);
#8801=ORIENTED_EDGE('',*,*,#6893,.T.);
#8802=ORIENTED_EDGE('',*,*,#6894,.T.);
#8803=ORIENTED_EDGE('',*,*,#6895,.F.);
#8804=ORIENTED_EDGE('',*,*,#6896,.T.);
#8805=ORIENTED_EDGE('',*,*,#6897,.F.);
#8806=ORIENTED_EDGE('',*,*,#6898,.F.);
#8807=ORIENTED_EDGE('',*,*,#6899,.F.);
#8808=ORIENTED_EDGE('',*,*,#6900,.T.);
#8809=ORIENTED_EDGE('',*,*,#6901,.F.);
#8810=ORIENTED_EDGE('',*,*,#6902,.F.);
#8811=ORIENTED_EDGE('',*,*,#6903,.F.);
#8812=ORIENTED_EDGE('',*,*,#6904,.T.);
#8813=ORIENTED_EDGE('',*,*,#6905,.F.);
#8814=ORIENTED_EDGE('',*,*,#6906,.F.);
#8815=ORIENTED_EDGE('',*,*,#6907,.F.);
#8816=ORIENTED_EDGE('',*,*,#6908,.T.);
#8817=ORIENTED_EDGE('',*,*,#6895,.T.);
#8818=ORIENTED_EDGE('',*,*,#6909,.T.);
#8819=ORIENTED_EDGE('',*,*,#6910,.F.);
#8820=ORIENTED_EDGE('',*,*,#6911,.T.);
#8821=ORIENTED_EDGE('',*,*,#6912,.F.);
#8822=ORIENTED_EDGE('',*,*,#6913,.F.);
#8823=ORIENTED_EDGE('',*,*,#6914,.F.);
#8824=ORIENTED_EDGE('',*,*,#6915,.T.);
#8825=ORIENTED_EDGE('',*,*,#6916,.F.);
#8826=ORIENTED_EDGE('',*,*,#6917,.F.);
#8827=ORIENTED_EDGE('',*,*,#6918,.F.);
#8828=ORIENTED_EDGE('',*,*,#6919,.T.);
#8829=ORIENTED_EDGE('',*,*,#6920,.F.);
#8830=ORIENTED_EDGE('',*,*,#6921,.F.);
#8831=ORIENTED_EDGE('',*,*,#6922,.F.);
#8832=ORIENTED_EDGE('',*,*,#6923,.T.);
#8833=ORIENTED_EDGE('',*,*,#6924,.F.);
#8834=ORIENTED_EDGE('',*,*,#6925,.F.);
#8835=ORIENTED_EDGE('',*,*,#6926,.F.);
#8836=ORIENTED_EDGE('',*,*,#6927,.T.);
#8837=ORIENTED_EDGE('',*,*,#6928,.F.);
#8838=ORIENTED_EDGE('',*,*,#6929,.T.);
#8839=ORIENTED_EDGE('',*,*,#6930,.F.);
#8840=ORIENTED_EDGE('',*,*,#6931,.F.);
#8841=ORIENTED_EDGE('',*,*,#6932,.T.);
#8842=ORIENTED_EDGE('',*,*,#6910,.T.);
#8843=ORIENTED_EDGE('',*,*,#6933,.T.);
#8844=ORIENTED_EDGE('',*,*,#6934,.F.);
#8845=ORIENTED_EDGE('',*,*,#6935,.T.);
#8846=ORIENTED_EDGE('',*,*,#6936,.F.);
#8847=ORIENTED_EDGE('',*,*,#6937,.F.);
#8848=ORIENTED_EDGE('',*,*,#6938,.F.);
#8849=ORIENTED_EDGE('',*,*,#6939,.T.);
#8850=ORIENTED_EDGE('',*,*,#6940,.F.);
#8851=ORIENTED_EDGE('',*,*,#6941,.F.);
#8852=ORIENTED_EDGE('',*,*,#6942,.F.);
#8853=ORIENTED_EDGE('',*,*,#6943,.T.);
#8854=ORIENTED_EDGE('',*,*,#6944,.F.);
#8855=ORIENTED_EDGE('',*,*,#6945,.F.);
#8856=ORIENTED_EDGE('',*,*,#6946,.F.);
#8857=ORIENTED_EDGE('',*,*,#6947,.F.);
#8858=ORIENTED_EDGE('',*,*,#6948,.T.);
#8859=ORIENTED_EDGE('',*,*,#6949,.F.);
#8860=ORIENTED_EDGE('',*,*,#6950,.F.);
#8861=ORIENTED_EDGE('',*,*,#6951,.F.);
#8862=ORIENTED_EDGE('',*,*,#6952,.F.);
#8863=ORIENTED_EDGE('',*,*,#6953,.F.);
#8864=ORIENTED_EDGE('',*,*,#6954,.F.);
#8865=ORIENTED_EDGE('',*,*,#6955,.F.);
#8866=ORIENTED_EDGE('',*,*,#6956,.F.);
#8867=ORIENTED_EDGE('',*,*,#6957,.F.);
#8868=ORIENTED_EDGE('',*,*,#6904,.F.);
#8869=ORIENTED_EDGE('',*,*,#6958,.F.);
#8870=ORIENTED_EDGE('',*,*,#6959,.F.);
#8871=ORIENTED_EDGE('',*,*,#6960,.F.);
#8872=ORIENTED_EDGE('',*,*,#6923,.F.);
#8873=ORIENTED_EDGE('',*,*,#6961,.F.);
#8874=ORIENTED_EDGE('',*,*,#6962,.F.);
#8875=ORIENTED_EDGE('',*,*,#6963,.F.);
#8876=ORIENTED_EDGE('',*,*,#6927,.F.);
#8877=ORIENTED_EDGE('',*,*,#6964,.F.);
#8878=ORIENTED_EDGE('',*,*,#6746,.F.);
#8879=ORIENTED_EDGE('',*,*,#6965,.F.);
#8880=ORIENTED_EDGE('',*,*,#6966,.F.);
#8881=ORIENTED_EDGE('',*,*,#6915,.F.);
#8882=ORIENTED_EDGE('',*,*,#6967,.F.);
#8883=ORIENTED_EDGE('',*,*,#6968,.F.);
#8884=ORIENTED_EDGE('',*,*,#6969,.F.);
#8885=ORIENTED_EDGE('',*,*,#6970,.F.);
#8886=ORIENTED_EDGE('',*,*,#6971,.F.);
#8887=ORIENTED_EDGE('',*,*,#6919,.F.);
#8888=ORIENTED_EDGE('',*,*,#6972,.F.);
#8889=ORIENTED_EDGE('',*,*,#6973,.F.);
#8890=ORIENTED_EDGE('',*,*,#6974,.F.);
#8891=ORIENTED_EDGE('',*,*,#6975,.F.);
#8892=ORIENTED_EDGE('',*,*,#6976,.F.);
#8893=ORIENTED_EDGE('',*,*,#6896,.F.);
#8894=ORIENTED_EDGE('',*,*,#6908,.F.);
#8895=ORIENTED_EDGE('',*,*,#6977,.F.);
#8896=ORIENTED_EDGE('',*,*,#6978,.F.);
#8897=ORIENTED_EDGE('',*,*,#6979,.F.);
#8898=ORIENTED_EDGE('',*,*,#6980,.F.);
#8899=ORIENTED_EDGE('',*,*,#6981,.F.);
#8900=ORIENTED_EDGE('',*,*,#6900,.F.);
#8901=ORIENTED_EDGE('',*,*,#6982,.F.);
#8902=ORIENTED_EDGE('',*,*,#6983,.F.);
#8903=ORIENTED_EDGE('',*,*,#6984,.F.);
#8904=ORIENTED_EDGE('',*,*,#6939,.F.);
#8905=ORIENTED_EDGE('',*,*,#6985,.F.);
#8906=ORIENTED_EDGE('',*,*,#6986,.F.);
#8907=ORIENTED_EDGE('',*,*,#6987,.F.);
#8908=ORIENTED_EDGE('',*,*,#6988,.F.);
#8909=ORIENTED_EDGE('',*,*,#6943,.F.);
#8910=ORIENTED_EDGE('',*,*,#6989,.F.);
#8911=ORIENTED_EDGE('',*,*,#6990,.F.);
#8912=ORIENTED_EDGE('',*,*,#6991,.F.);
#8913=ORIENTED_EDGE('',*,*,#6948,.F.);
#8914=ORIENTED_EDGE('',*,*,#6992,.F.);
#8915=ORIENTED_EDGE('',*,*,#6993,.F.);
#8916=ORIENTED_EDGE('',*,*,#6994,.F.);
#8917=ORIENTED_EDGE('',*,*,#6995,.F.);
#8918=ORIENTED_EDGE('',*,*,#6996,.F.);
#8919=ORIENTED_EDGE('',*,*,#6911,.F.);
#8920=ORIENTED_EDGE('',*,*,#6932,.F.);
#8921=ORIENTED_EDGE('',*,*,#6997,.F.);
#8922=ORIENTED_EDGE('',*,*,#6998,.F.);
#8923=ORIENTED_EDGE('',*,*,#6999,.F.);
#8924=ORIENTED_EDGE('',*,*,#6800,.F.);
#8925=ORIENTED_EDGE('',*,*,#7000,.F.);
#8926=ORIENTED_EDGE('',*,*,#6793,.F.);
#8927=ORIENTED_EDGE('',*,*,#7001,.F.);
#8928=ORIENTED_EDGE('',*,*,#7002,.F.);
#8929=ORIENTED_EDGE('',*,*,#6887,.F.);
#8930=ORIENTED_EDGE('',*,*,#7003,.F.);
#8931=ORIENTED_EDGE('',*,*,#7004,.F.);
#8932=ORIENTED_EDGE('',*,*,#7005,.F.);
#8933=ORIENTED_EDGE('',*,*,#7006,.F.);
#8934=ORIENTED_EDGE('',*,*,#6787,.F.);
#8935=ORIENTED_EDGE('',*,*,#7007,.F.);
#8936=ORIENTED_EDGE('',*,*,#7008,.F.);
#8937=ORIENTED_EDGE('',*,*,#7009,.F.);
#8938=ORIENTED_EDGE('',*,*,#6892,.F.);
#8939=ORIENTED_EDGE('',*,*,#7010,.F.);
#8940=ORIENTED_EDGE('',*,*,#7011,.F.);
#8941=ORIENTED_EDGE('',*,*,#7012,.F.);
#8942=ORIENTED_EDGE('',*,*,#7013,.F.);
#8943=ORIENTED_EDGE('',*,*,#6779,.F.);
#8944=ORIENTED_EDGE('',*,*,#7014,.F.);
#8945=ORIENTED_EDGE('',*,*,#6783,.F.);
#8946=ORIENTED_EDGE('',*,*,#7015,.F.);
#8947=ORIENTED_EDGE('',*,*,#7016,.F.);
#8948=ORIENTED_EDGE('',*,*,#6929,.F.);
#8949=ORIENTED_EDGE('',*,*,#7017,.F.);
#8950=ORIENTED_EDGE('',*,*,#7018,.F.);
#8951=ORIENTED_EDGE('',*,*,#6935,.F.);
#8952=ORIENTED_EDGE('',*,*,#7019,.F.);
#8953=ORIENTED_EDGE('',*,*,#6894,.F.);
#8954=ORIENTED_EDGE('',*,*,#7020,.F.);
#8955=ORIENTED_EDGE('',*,*,#6933,.F.);
#8956=ORIENTED_EDGE('',*,*,#6909,.F.);
#8957=ORIENTED_EDGE('',*,*,#7021,.F.);
#8958=ORIENTED_EDGE('',*,*,#6781,.F.);
#8959=ORIENTED_EDGE('',*,*,#7022,.F.);
#8960=ORIENTED_EDGE('',*,*,#7023,.F.);
#8961=ORIENTED_EDGE('',*,*,#7024,.F.);
#8962=ORIENTED_EDGE('',*,*,#7025,.T.);
#8963=ORIENTED_EDGE('',*,*,#7026,.F.);
#8964=ORIENTED_EDGE('',*,*,#7027,.F.);
#8965=ORIENTED_EDGE('',*,*,#7028,.F.);
#8966=ORIENTED_EDGE('',*,*,#7019,.T.);
#8967=ORIENTED_EDGE('',*,*,#6934,.T.);
#8968=ORIENTED_EDGE('',*,*,#7020,.T.);
#8969=ORIENTED_EDGE('',*,*,#6893,.F.);
#8970=ORIENTED_EDGE('',*,*,#7009,.T.);
#8971=ORIENTED_EDGE('',*,*,#7029,.F.);
#8972=ORIENTED_EDGE('',*,*,#7030,.F.);
#8973=ORIENTED_EDGE('',*,*,#7031,.F.);
#8974=ORIENTED_EDGE('',*,*,#7032,.F.);
#8975=ORIENTED_EDGE('',*,*,#6798,.F.);
#8976=ORIENTED_EDGE('',*,*,#7033,.F.);
#8977=ORIENTED_EDGE('',*,*,#7034,.F.);
#8978=ORIENTED_EDGE('',*,*,#7025,.F.);
#8979=ORIENTED_EDGE('',*,*,#7032,.T.);
#8980=ORIENTED_EDGE('',*,*,#7024,.T.);
#8981=ORIENTED_EDGE('',*,*,#7035,.T.);
#8982=ORIENTED_EDGE('',*,*,#7036,.F.);
#8983=ORIENTED_EDGE('',*,*,#7037,.F.);
#8984=ORIENTED_EDGE('',*,*,#7038,.F.);
#8985=ORIENTED_EDGE('',*,*,#7039,.T.);
#8986=ORIENTED_EDGE('',*,*,#7040,.F.);
#8987=ORIENTED_EDGE('',*,*,#6771,.F.);
#8988=ORIENTED_EDGE('',*,*,#7014,.T.);
#8989=ORIENTED_EDGE('',*,*,#7028,.T.);
#8990=ORIENTED_EDGE('',*,*,#7041,.T.);
#8991=ORIENTED_EDGE('',*,*,#7042,.F.);
#8992=ORIENTED_EDGE('',*,*,#7043,.F.);
#8993=ORIENTED_EDGE('',*,*,#7044,.F.);
#8994=ORIENTED_EDGE('',*,*,#7045,.T.);
#8995=ORIENTED_EDGE('',*,*,#7046,.F.);
#8996=ORIENTED_EDGE('',*,*,#6784,.F.);
#8997=ORIENTED_EDGE('',*,*,#7027,.T.);
#8998=ORIENTED_EDGE('',*,*,#7047,.F.);
#8999=ORIENTED_EDGE('',*,*,#7048,.F.);
#9000=ORIENTED_EDGE('',*,*,#7041,.F.);
#9001=ORIENTED_EDGE('',*,*,#7026,.T.);
#9002=ORIENTED_EDGE('',*,*,#7034,.T.);
#9003=ORIENTED_EDGE('',*,*,#7049,.F.);
#9004=ORIENTED_EDGE('',*,*,#6796,.F.);
#9005=ORIENTED_EDGE('',*,*,#7050,.F.);
#9006=ORIENTED_EDGE('',*,*,#7051,.F.);
#9007=ORIENTED_EDGE('',*,*,#7052,.F.);
#9008=ORIENTED_EDGE('',*,*,#7053,.T.);
#9009=ORIENTED_EDGE('',*,*,#7054,.F.);
#9010=ORIENTED_EDGE('',*,*,#7047,.T.);
#9011=ORIENTED_EDGE('',*,*,#7033,.T.);
#9012=ORIENTED_EDGE('',*,*,#6797,.F.);
#9013=ORIENTED_EDGE('',*,*,#7049,.T.);
#9014=ORIENTED_EDGE('',*,*,#7000,.T.);
#9015=ORIENTED_EDGE('',*,*,#7055,.F.);
#9016=ORIENTED_EDGE('',*,*,#7056,.F.);
#9017=ORIENTED_EDGE('',*,*,#7057,.F.);
#9018=ORIENTED_EDGE('',*,*,#7058,.F.);
#9019=ORIENTED_EDGE('',*,*,#7059,.F.);
#9020=ORIENTED_EDGE('',*,*,#6794,.F.);
#9021=ORIENTED_EDGE('',*,*,#7003,.T.);
#9022=ORIENTED_EDGE('',*,*,#6886,.T.);
#9023=ORIENTED_EDGE('',*,*,#7060,.F.);
#9024=ORIENTED_EDGE('',*,*,#7061,.F.);
#9025=ORIENTED_EDGE('',*,*,#7055,.T.);
#9026=ORIENTED_EDGE('',*,*,#6946,.T.);
#9027=ORIENTED_EDGE('',*,*,#6991,.T.);
#9028=ORIENTED_EDGE('',*,*,#7062,.F.);
#9029=ORIENTED_EDGE('',*,*,#7063,.F.);
#9030=ORIENTED_EDGE('',*,*,#7064,.T.);
#9031=ORIENTED_EDGE('',*,*,#6997,.T.);
#9032=ORIENTED_EDGE('',*,*,#6931,.T.);
#9033=ORIENTED_EDGE('',*,*,#7065,.T.);
#9034=ORIENTED_EDGE('',*,*,#7066,.T.);
#9035=ORIENTED_EDGE('',*,*,#7062,.T.);
#9036=ORIENTED_EDGE('',*,*,#6944,.T.);
#9037=ORIENTED_EDGE('',*,*,#6988,.T.);
#9038=ORIENTED_EDGE('',*,*,#7067,.F.);
#9039=ORIENTED_EDGE('',*,*,#7068,.F.);
#9040=ORIENTED_EDGE('',*,*,#7069,.F.);
#9041=ORIENTED_EDGE('',*,*,#7070,.F.);
#9042=ORIENTED_EDGE('',*,*,#7071,.T.);
#9043=ORIENTED_EDGE('',*,*,#7072,.F.);
#9044=ORIENTED_EDGE('',*,*,#7073,.T.);
#9045=ORIENTED_EDGE('',*,*,#7074,.T.);
#9046=ORIENTED_EDGE('',*,*,#7075,.F.);
#9047=ORIENTED_EDGE('',*,*,#6822,.T.);
#9048=ORIENTED_EDGE('',*,*,#6945,.T.);
#9049=ORIENTED_EDGE('',*,*,#7073,.F.);
#9050=ORIENTED_EDGE('',*,*,#7076,.F.);
#9051=ORIENTED_EDGE('',*,*,#7065,.F.);
#9052=ORIENTED_EDGE('',*,*,#6940,.T.);
#9053=ORIENTED_EDGE('',*,*,#6984,.T.);
#9054=ORIENTED_EDGE('',*,*,#7077,.T.);
#9055=ORIENTED_EDGE('',*,*,#7078,.F.);
#9056=ORIENTED_EDGE('',*,*,#7079,.T.);
#9057=ORIENTED_EDGE('',*,*,#7080,.F.);
#9058=ORIENTED_EDGE('',*,*,#7081,.T.);
#9059=ORIENTED_EDGE('',*,*,#6987,.T.);
#9060=ORIENTED_EDGE('',*,*,#7082,.T.);
#9061=ORIENTED_EDGE('',*,*,#7083,.T.);
#9062=ORIENTED_EDGE('',*,*,#7084,.F.);
#9063=ORIENTED_EDGE('',*,*,#7085,.F.);
#9064=ORIENTED_EDGE('',*,*,#7086,.F.);
#9065=ORIENTED_EDGE('',*,*,#7087,.T.);
#9066=ORIENTED_EDGE('',*,*,#7088,.F.);
#9067=ORIENTED_EDGE('',*,*,#7089,.T.);
#9068=ORIENTED_EDGE('',*,*,#7077,.F.);
#9069=ORIENTED_EDGE('',*,*,#7090,.T.);
#9070=ORIENTED_EDGE('',*,*,#7083,.F.);
#9071=ORIENTED_EDGE('',*,*,#6818,.T.);
#9072=ORIENTED_EDGE('',*,*,#6941,.T.);
#9073=ORIENTED_EDGE('',*,*,#7081,.F.);
#9074=ORIENTED_EDGE('',*,*,#7091,.F.);
#9075=ORIENTED_EDGE('',*,*,#7092,.F.);
#9076=ORIENTED_EDGE('',*,*,#6977,.T.);
#9077=ORIENTED_EDGE('',*,*,#7093,.F.);
#9078=ORIENTED_EDGE('',*,*,#7094,.F.);
#9079=ORIENTED_EDGE('',*,*,#7095,.F.);
#9080=ORIENTED_EDGE('',*,*,#7096,.F.);
#9081=ORIENTED_EDGE('',*,*,#7097,.F.);
#9082=ORIENTED_EDGE('',*,*,#7098,.T.);
#9083=ORIENTED_EDGE('',*,*,#6802,.T.);
#9084=ORIENTED_EDGE('',*,*,#7099,.T.);
#9085=ORIENTED_EDGE('',*,*,#7100,.T.);
#9086=ORIENTED_EDGE('',*,*,#7101,.T.);
#9087=ORIENTED_EDGE('',*,*,#7102,.T.);
#9088=ORIENTED_EDGE('',*,*,#7103,.T.);
#9089=ORIENTED_EDGE('',*,*,#7104,.T.);
#9090=ORIENTED_EDGE('',*,*,#6983,.T.);
#9091=ORIENTED_EDGE('',*,*,#7105,.T.);
#9092=ORIENTED_EDGE('',*,*,#7106,.T.);
#9093=ORIENTED_EDGE('',*,*,#7107,.T.);
#9094=ORIENTED_EDGE('',*,*,#7108,.F.);
#9095=ORIENTED_EDGE('',*,*,#7109,.T.);
#9096=ORIENTED_EDGE('',*,*,#7022,.T.);
#9097=ORIENTED_EDGE('',*,*,#6780,.F.);
#9098=ORIENTED_EDGE('',*,*,#7013,.T.);
#9099=ORIENTED_EDGE('',*,*,#7110,.T.);
#9100=ORIENTED_EDGE('',*,*,#7111,.F.);
#9101=ORIENTED_EDGE('',*,*,#7093,.T.);
#9102=ORIENTED_EDGE('',*,*,#6980,.T.);
#9103=ORIENTED_EDGE('',*,*,#7112,.T.);
#9104=ORIENTED_EDGE('',*,*,#7113,.T.);
#9105=ORIENTED_EDGE('',*,*,#7114,.F.);
#9106=ORIENTED_EDGE('',*,*,#7115,.T.);
#9107=ORIENTED_EDGE('',*,*,#7116,.T.);
#9108=ORIENTED_EDGE('',*,*,#7117,.T.);
#9109=ORIENTED_EDGE('',*,*,#7118,.T.);
#9110=ORIENTED_EDGE('',*,*,#6806,.T.);
#9111=ORIENTED_EDGE('',*,*,#6810,.T.);
#9112=ORIENTED_EDGE('',*,*,#7012,.T.);
#9113=ORIENTED_EDGE('',*,*,#7119,.F.);
#9114=ORIENTED_EDGE('',*,*,#7120,.F.);
#9115=ORIENTED_EDGE('',*,*,#7121,.F.);
#9116=ORIENTED_EDGE('',*,*,#7122,.T.);
#9117=ORIENTED_EDGE('',*,*,#7123,.F.);
#9118=ORIENTED_EDGE('',*,*,#7110,.F.);
#9119=ORIENTED_EDGE('',*,*,#7011,.T.);
#9120=ORIENTED_EDGE('',*,*,#7124,.F.);
#9121=ORIENTED_EDGE('',*,*,#7125,.F.);
#9122=ORIENTED_EDGE('',*,*,#7119,.T.);
#9123=ORIENTED_EDGE('',*,*,#7010,.T.);
#9124=ORIENTED_EDGE('',*,*,#6891,.T.);
#9125=ORIENTED_EDGE('',*,*,#7126,.T.);
#9126=ORIENTED_EDGE('',*,*,#7127,.T.);
#9127=ORIENTED_EDGE('',*,*,#7124,.T.);
#9128=ORIENTED_EDGE('',*,*,#7030,.T.);
#9129=ORIENTED_EDGE('',*,*,#7128,.T.);
#9130=ORIENTED_EDGE('',*,*,#7129,.F.);
#9131=ORIENTED_EDGE('',*,*,#7130,.T.);
#9132=ORIENTED_EDGE('',*,*,#7031,.T.);
#9133=ORIENTED_EDGE('',*,*,#7130,.F.);
#9134=ORIENTED_EDGE('',*,*,#7131,.F.);
#9135=ORIENTED_EDGE('',*,*,#7035,.F.);
#9136=ORIENTED_EDGE('',*,*,#6890,.T.);
#9137=ORIENTED_EDGE('',*,*,#7132,.F.);
#9138=ORIENTED_EDGE('',*,*,#7133,.F.);
#9139=ORIENTED_EDGE('',*,*,#7126,.F.);
#9140=ORIENTED_EDGE('',*,*,#6982,.T.);
#9141=ORIENTED_EDGE('',*,*,#6899,.T.);
#9142=ORIENTED_EDGE('',*,*,#7134,.T.);
#9143=ORIENTED_EDGE('',*,*,#7135,.F.);
#9144=ORIENTED_EDGE('',*,*,#7136,.F.);
#9145=ORIENTED_EDGE('',*,*,#7137,.F.);
#9146=ORIENTED_EDGE('',*,*,#7138,.T.);
#9147=ORIENTED_EDGE('',*,*,#7139,.T.);
#9148=ORIENTED_EDGE('',*,*,#7105,.F.);
#9149=ORIENTED_EDGE('',*,*,#6897,.T.);
#9150=ORIENTED_EDGE('',*,*,#6976,.T.);
#9151=ORIENTED_EDGE('',*,*,#6907,.T.);
#9152=ORIENTED_EDGE('',*,*,#7140,.T.);
#9153=ORIENTED_EDGE('',*,*,#7141,.T.);
#9154=ORIENTED_EDGE('',*,*,#7142,.F.);
#9155=ORIENTED_EDGE('',*,*,#7143,.F.);
#9156=ORIENTED_EDGE('',*,*,#7144,.T.);
#9157=ORIENTED_EDGE('',*,*,#6906,.T.);
#9158=ORIENTED_EDGE('',*,*,#7145,.F.);
#9159=ORIENTED_EDGE('',*,*,#7146,.F.);
#9160=ORIENTED_EDGE('',*,*,#7140,.F.);
#9161=ORIENTED_EDGE('',*,*,#6898,.T.);
#9162=ORIENTED_EDGE('',*,*,#7144,.F.);
#9163=ORIENTED_EDGE('',*,*,#7147,.F.);
#9164=ORIENTED_EDGE('',*,*,#7134,.F.);
#9165=ORIENTED_EDGE('',*,*,#6975,.T.);
#9166=ORIENTED_EDGE('',*,*,#7148,.F.);
#9167=ORIENTED_EDGE('',*,*,#7149,.F.);
#9168=ORIENTED_EDGE('',*,*,#7150,.T.);
#9169=ORIENTED_EDGE('',*,*,#6974,.T.);
#9170=ORIENTED_EDGE('',*,*,#7151,.F.);
#9171=ORIENTED_EDGE('',*,*,#7152,.F.);
#9172=ORIENTED_EDGE('',*,*,#7153,.F.);
#9173=ORIENTED_EDGE('',*,*,#7154,.F.);
#9174=ORIENTED_EDGE('',*,*,#7155,.F.);
#9175=ORIENTED_EDGE('',*,*,#7148,.T.);
#9176=ORIENTED_EDGE('',*,*,#6969,.T.);
#9177=ORIENTED_EDGE('',*,*,#6918,.T.);
#9178=ORIENTED_EDGE('',*,*,#7156,.T.);
#9179=ORIENTED_EDGE('',*,*,#7157,.F.);
#9180=ORIENTED_EDGE('',*,*,#7158,.F.);
#9181=ORIENTED_EDGE('',*,*,#7159,.F.);
#9182=ORIENTED_EDGE('',*,*,#7160,.T.);
#9183=ORIENTED_EDGE('',*,*,#7161,.F.);
#9184=ORIENTED_EDGE('',*,*,#7162,.F.);
#9185=ORIENTED_EDGE('',*,*,#6967,.T.);
#9186=ORIENTED_EDGE('',*,*,#6914,.T.);
#9187=ORIENTED_EDGE('',*,*,#7163,.T.);
#9188=ORIENTED_EDGE('',*,*,#7164,.F.);
#9189=ORIENTED_EDGE('',*,*,#7165,.F.);
#9190=ORIENTED_EDGE('',*,*,#7166,.F.);
#9191=ORIENTED_EDGE('',*,*,#7167,.T.);
#9192=ORIENTED_EDGE('',*,*,#7168,.F.);
#9193=ORIENTED_EDGE('',*,*,#7169,.F.);
#9194=ORIENTED_EDGE('',*,*,#6743,.T.);
#9195=ORIENTED_EDGE('',*,*,#7170,.F.);
#9196=ORIENTED_EDGE('',*,*,#7171,.F.);
#9197=ORIENTED_EDGE('',*,*,#7172,.T.);
#9198=ORIENTED_EDGE('',*,*,#6964,.T.);
#9199=ORIENTED_EDGE('',*,*,#6926,.T.);
#9200=ORIENTED_EDGE('',*,*,#7173,.T.);
#9201=ORIENTED_EDGE('',*,*,#7174,.F.);
#9202=ORIENTED_EDGE('',*,*,#7175,.F.);
#9203=ORIENTED_EDGE('',*,*,#7176,.F.);
#9204=ORIENTED_EDGE('',*,*,#6747,.T.);
#9205=ORIENTED_EDGE('',*,*,#6925,.T.);
#9206=ORIENTED_EDGE('',*,*,#7177,.F.);
#9207=ORIENTED_EDGE('',*,*,#7178,.F.);
#9208=ORIENTED_EDGE('',*,*,#7173,.F.);
#9209=ORIENTED_EDGE('',*,*,#6921,.T.);
#9210=ORIENTED_EDGE('',*,*,#7179,.F.);
#9211=ORIENTED_EDGE('',*,*,#7180,.F.);
#9212=ORIENTED_EDGE('',*,*,#7181,.F.);
#9213=ORIENTED_EDGE('',*,*,#6920,.T.);
#9214=ORIENTED_EDGE('',*,*,#6971,.T.);
#9215=ORIENTED_EDGE('',*,*,#7182,.F.);
#9216=ORIENTED_EDGE('',*,*,#7183,.F.);
#9217=ORIENTED_EDGE('',*,*,#7184,.F.);
#9218=ORIENTED_EDGE('',*,*,#7185,.F.);
#9219=ORIENTED_EDGE('',*,*,#7186,.T.);
#9220=ORIENTED_EDGE('',*,*,#7187,.F.);
#9221=ORIENTED_EDGE('',*,*,#7179,.T.);
#9222=ORIENTED_EDGE('',*,*,#6958,.T.);
#9223=ORIENTED_EDGE('',*,*,#6903,.T.);
#9224=ORIENTED_EDGE('',*,*,#7188,.F.);
#9225=ORIENTED_EDGE('',*,*,#7189,.F.);
#9226=ORIENTED_EDGE('',*,*,#7190,.F.);
#9227=ORIENTED_EDGE('',*,*,#7191,.T.);
#9228=ORIENTED_EDGE('',*,*,#7192,.F.);
#9229=ORIENTED_EDGE('',*,*,#7193,.F.);
#9230=ORIENTED_EDGE('',*,*,#6985,.T.);
#9231=ORIENTED_EDGE('',*,*,#6938,.T.);
#9232=ORIENTED_EDGE('',*,*,#7194,.T.);
#9233=ORIENTED_EDGE('',*,*,#7195,.F.);
#9234=ORIENTED_EDGE('',*,*,#7196,.F.);
#9235=ORIENTED_EDGE('',*,*,#7197,.F.);
#9236=ORIENTED_EDGE('',*,*,#7198,.T.);
#9237=ORIENTED_EDGE('',*,*,#7199,.F.);
#9238=ORIENTED_EDGE('',*,*,#7200,.F.);
#9239=ORIENTED_EDGE('',*,*,#6936,.T.);
#9240=ORIENTED_EDGE('',*,*,#7018,.T.);
#9241=ORIENTED_EDGE('',*,*,#7201,.T.);
#9242=ORIENTED_EDGE('',*,*,#7202,.F.);
#9243=ORIENTED_EDGE('',*,*,#7203,.T.);
#9244=ORIENTED_EDGE('',*,*,#7017,.T.);
#9245=ORIENTED_EDGE('',*,*,#6928,.T.);
#9246=ORIENTED_EDGE('',*,*,#7204,.F.);
#9247=ORIENTED_EDGE('',*,*,#7205,.F.);
#9248=ORIENTED_EDGE('',*,*,#7201,.F.);
#9249=ORIENTED_EDGE('',*,*,#7206,.T.);
#9250=ORIENTED_EDGE('',*,*,#7207,.F.);
#9251=ORIENTED_EDGE('',*,*,#6814,.T.);
#9252=ORIENTED_EDGE('',*,*,#6937,.T.);
#9253=ORIENTED_EDGE('',*,*,#7203,.F.);
#9254=ORIENTED_EDGE('',*,*,#7208,.F.);
#9255=ORIENTED_EDGE('',*,*,#7194,.F.);
#9256=ORIENTED_EDGE('',*,*,#6930,.T.);
#9257=ORIENTED_EDGE('',*,*,#7016,.T.);
#9258=ORIENTED_EDGE('',*,*,#7209,.F.);
#9259=ORIENTED_EDGE('',*,*,#7210,.F.);
#9260=ORIENTED_EDGE('',*,*,#7045,.F.);
#9261=ORIENTED_EDGE('',*,*,#7211,.F.);
#9262=ORIENTED_EDGE('',*,*,#7212,.F.);
#9263=ORIENTED_EDGE('',*,*,#7213,.F.);
#9264=ORIENTED_EDGE('',*,*,#7214,.F.);
#9265=ORIENTED_EDGE('',*,*,#7204,.T.);
#9266=ORIENTED_EDGE('',*,*,#6951,.T.);
#9267=ORIENTED_EDGE('',*,*,#7215,.F.);
#9268=ORIENTED_EDGE('',*,*,#7216,.F.);
#9269=ORIENTED_EDGE('',*,*,#7213,.T.);
#9270=ORIENTED_EDGE('',*,*,#7217,.T.);
#9271=ORIENTED_EDGE('',*,*,#7218,.F.);
#9272=ORIENTED_EDGE('',*,*,#7219,.F.);
#9273=ORIENTED_EDGE('',*,*,#6917,.T.);
#9274=ORIENTED_EDGE('',*,*,#7220,.F.);
#9275=ORIENTED_EDGE('',*,*,#7221,.F.);
#9276=ORIENTED_EDGE('',*,*,#7156,.F.);
#9277=ORIENTED_EDGE('',*,*,#6774,.T.);
#9278=ORIENTED_EDGE('',*,*,#7222,.F.);
#9279=ORIENTED_EDGE('',*,*,#6841,.T.);
#9280=ORIENTED_EDGE('',*,*,#6913,.T.);
#9281=ORIENTED_EDGE('',*,*,#7223,.F.);
#9282=ORIENTED_EDGE('',*,*,#7224,.F.);
#9283=ORIENTED_EDGE('',*,*,#7163,.F.);
#9284=ORIENTED_EDGE('',*,*,#7225,.T.);
#9285=ORIENTED_EDGE('',*,*,#6744,.F.);
#9286=ORIENTED_EDGE('',*,*,#7172,.F.);
#9287=ORIENTED_EDGE('',*,*,#6845,.T.);
#9288=ORIENTED_EDGE('',*,*,#7226,.F.);
#9289=ORIENTED_EDGE('',*,*,#6849,.T.);
#9290=ORIENTED_EDGE('',*,*,#7227,.F.);
#9291=ORIENTED_EDGE('',*,*,#6853,.T.);
#9292=ORIENTED_EDGE('',*,*,#6960,.T.);
#9293=ORIENTED_EDGE('',*,*,#7228,.F.);
#9294=ORIENTED_EDGE('',*,*,#7229,.F.);
#9295=ORIENTED_EDGE('',*,*,#7230,.F.);
#9296=ORIENTED_EDGE('',*,*,#7231,.F.);
#9297=ORIENTED_EDGE('',*,*,#7232,.T.);
#9298=ORIENTED_EDGE('',*,*,#7233,.F.);
#9299=ORIENTED_EDGE('',*,*,#7177,.T.);
#9300=ORIENTED_EDGE('',*,*,#6924,.T.);
#9301=ORIENTED_EDGE('',*,*,#7008,.T.);
#9302=ORIENTED_EDGE('',*,*,#7234,.F.);
#9303=ORIENTED_EDGE('',*,*,#7235,.F.);
#9304=ORIENTED_EDGE('',*,*,#7128,.F.);
#9305=ORIENTED_EDGE('',*,*,#7029,.T.);
#9306=ORIENTED_EDGE('',*,*,#7007,.T.);
#9307=ORIENTED_EDGE('',*,*,#6778,.F.);
#9308=ORIENTED_EDGE('',*,*,#7236,.F.);
#9309=ORIENTED_EDGE('',*,*,#7237,.F.);
#9310=ORIENTED_EDGE('',*,*,#7238,.F.);
#9311=ORIENTED_EDGE('',*,*,#7234,.T.);
#9312=ORIENTED_EDGE('',*,*,#7222,.T.);
#9313=ORIENTED_EDGE('',*,*,#6773,.F.);
#9314=ORIENTED_EDGE('',*,*,#7239,.F.);
#9315=ORIENTED_EDGE('',*,*,#6775,.F.);
#9316=ORIENTED_EDGE('',*,*,#6950,.T.);
#9317=ORIENTED_EDGE('',*,*,#7240,.F.);
#9318=ORIENTED_EDGE('',*,*,#7241,.F.);
#9319=ORIENTED_EDGE('',*,*,#7215,.T.);
#9320=ORIENTED_EDGE('',*,*,#6949,.T.);
#9321=ORIENTED_EDGE('',*,*,#7242,.F.);
#9322=ORIENTED_EDGE('',*,*,#7243,.F.);
#9323=ORIENTED_EDGE('',*,*,#7244,.F.);
#9324=ORIENTED_EDGE('',*,*,#7245,.F.);
#9325=ORIENTED_EDGE('',*,*,#7246,.F.);
#9326=ORIENTED_EDGE('',*,*,#7240,.T.);
#9327=ORIENTED_EDGE('',*,*,#7207,.T.);
#9328=ORIENTED_EDGE('',*,*,#7247,.F.);
#9329=ORIENTED_EDGE('',*,*,#7248,.F.);
#9330=ORIENTED_EDGE('',*,*,#7249,.F.);
#9331=ORIENTED_EDGE('',*,*,#6955,.T.);
#9332=ORIENTED_EDGE('',*,*,#7250,.F.);
#9333=ORIENTED_EDGE('',*,*,#7251,.F.);
#9334=ORIENTED_EDGE('',*,*,#7252,.F.);
#9335=ORIENTED_EDGE('',*,*,#7253,.T.);
#9336=ORIENTED_EDGE('',*,*,#7254,.F.);
#9337=ORIENTED_EDGE('',*,*,#7255,.F.);
#9338=ORIENTED_EDGE('',*,*,#6954,.T.);
#9339=ORIENTED_EDGE('',*,*,#7256,.F.);
#9340=ORIENTED_EDGE('',*,*,#7257,.F.);
#9341=ORIENTED_EDGE('',*,*,#7250,.T.);
#9342=ORIENTED_EDGE('',*,*,#6953,.T.);
#9343=ORIENTED_EDGE('',*,*,#7258,.F.);
#9344=ORIENTED_EDGE('',*,*,#7259,.F.);
#9345=ORIENTED_EDGE('',*,*,#7260,.F.);
#9346=ORIENTED_EDGE('',*,*,#7261,.F.);
#9347=ORIENTED_EDGE('',*,*,#7262,.F.);
#9348=ORIENTED_EDGE('',*,*,#7256,.T.);
#9349=ORIENTED_EDGE('',*,*,#6966,.T.);
#9350=ORIENTED_EDGE('',*,*,#7263,.F.);
#9351=ORIENTED_EDGE('',*,*,#7264,.T.);
#9352=ORIENTED_EDGE('',*,*,#7265,.T.);
#9353=ORIENTED_EDGE('',*,*,#7266,.F.);
#9354=ORIENTED_EDGE('',*,*,#7220,.T.);
#9355=ORIENTED_EDGE('',*,*,#6916,.T.);
#9356=ORIENTED_EDGE('',*,*,#6972,.T.);
#9357=ORIENTED_EDGE('',*,*,#7150,.F.);
#9358=ORIENTED_EDGE('',*,*,#7267,.F.);
#9359=ORIENTED_EDGE('',*,*,#7268,.F.);
#9360=ORIENTED_EDGE('',*,*,#7269,.F.);
#9361=ORIENTED_EDGE('',*,*,#7264,.F.);
#9362=ORIENTED_EDGE('',*,*,#7270,.F.);
#9363=ORIENTED_EDGE('',*,*,#7002,.T.);
#9364=ORIENTED_EDGE('',*,*,#7271,.F.);
#9365=ORIENTED_EDGE('',*,*,#7272,.F.);
#9366=ORIENTED_EDGE('',*,*,#7060,.T.);
#9367=ORIENTED_EDGE('',*,*,#6888,.T.);
#9368=ORIENTED_EDGE('',*,*,#7001,.T.);
#9369=ORIENTED_EDGE('',*,*,#6792,.F.);
#9370=ORIENTED_EDGE('',*,*,#7273,.F.);
#9371=ORIENTED_EDGE('',*,*,#7274,.F.);
#9372=ORIENTED_EDGE('',*,*,#7275,.F.);
#9373=ORIENTED_EDGE('',*,*,#7271,.T.);
#9374=ORIENTED_EDGE('',*,*,#6767,.T.);
#9375=ORIENTED_EDGE('',*,*,#6801,.F.);
#9376=ORIENTED_EDGE('',*,*,#6999,.T.);
#9377=ORIENTED_EDGE('',*,*,#7276,.F.);
#9378=ORIENTED_EDGE('',*,*,#6768,.T.);
#9379=ORIENTED_EDGE('',*,*,#7276,.T.);
#9380=ORIENTED_EDGE('',*,*,#6998,.T.);
#9381=ORIENTED_EDGE('',*,*,#6799,.F.);
#9382=ORIENTED_EDGE('',*,*,#7006,.T.);
#9383=ORIENTED_EDGE('',*,*,#7277,.F.);
#9384=ORIENTED_EDGE('',*,*,#7278,.F.);
#9385=ORIENTED_EDGE('',*,*,#7279,.F.);
#9386=ORIENTED_EDGE('',*,*,#7280,.T.);
#9387=ORIENTED_EDGE('',*,*,#6788,.F.);
#9388=ORIENTED_EDGE('',*,*,#7091,.T.);
#9389=ORIENTED_EDGE('',*,*,#7080,.T.);
#9390=ORIENTED_EDGE('',*,*,#7281,.T.);
#9391=ORIENTED_EDGE('',*,*,#7195,.T.);
#9392=ORIENTED_EDGE('',*,*,#7208,.T.);
#9393=ORIENTED_EDGE('',*,*,#7202,.T.);
#9394=ORIENTED_EDGE('',*,*,#7205,.T.);
#9395=ORIENTED_EDGE('',*,*,#7214,.T.);
#9396=ORIENTED_EDGE('',*,*,#7216,.T.);
#9397=ORIENTED_EDGE('',*,*,#7241,.T.);
#9398=ORIENTED_EDGE('',*,*,#7246,.T.);
#9399=ORIENTED_EDGE('',*,*,#7282,.T.);
#9400=ORIENTED_EDGE('',*,*,#7251,.T.);
#9401=ORIENTED_EDGE('',*,*,#7257,.T.);
#9402=ORIENTED_EDGE('',*,*,#7262,.T.);
#9403=ORIENTED_EDGE('',*,*,#7283,.T.);
#9404=ORIENTED_EDGE('',*,*,#7284,.T.);
#9405=ORIENTED_EDGE('',*,*,#7063,.T.);
#9406=ORIENTED_EDGE('',*,*,#7066,.F.);
#9407=ORIENTED_EDGE('',*,*,#7076,.T.);
#9408=ORIENTED_EDGE('',*,*,#7072,.T.);
#9409=ORIENTED_EDGE('',*,*,#7285,.T.);
#9410=ORIENTED_EDGE('',*,*,#7286,.T.);
#9411=ORIENTED_EDGE('',*,*,#7075,.T.);
#9412=ORIENTED_EDGE('',*,*,#7287,.F.);
#9413=ORIENTED_EDGE('',*,*,#7288,.F.);
#9414=ORIENTED_EDGE('',*,*,#7289,.F.);
#9415=ORIENTED_EDGE('',*,*,#7290,.T.);
#9416=ORIENTED_EDGE('',*,*,#7291,.F.);
#9417=ORIENTED_EDGE('',*,*,#7287,.T.);
#9418=ORIENTED_EDGE('',*,*,#7074,.F.);
#9419=ORIENTED_EDGE('',*,*,#7289,.T.);
#9420=ORIENTED_EDGE('',*,*,#7292,.F.);
#9421=ORIENTED_EDGE('',*,*,#7067,.T.);
#9422=ORIENTED_EDGE('',*,*,#6990,.T.);
#9423=ORIENTED_EDGE('',*,*,#7293,.T.);
#9424=ORIENTED_EDGE('',*,*,#7294,.F.);
#9425=ORIENTED_EDGE('',*,*,#7084,.T.);
#9426=ORIENTED_EDGE('',*,*,#7090,.F.);
#9427=ORIENTED_EDGE('',*,*,#7082,.F.);
#9428=ORIENTED_EDGE('',*,*,#6986,.T.);
#9429=ORIENTED_EDGE('',*,*,#7200,.T.);
#9430=ORIENTED_EDGE('',*,*,#7295,.F.);
#9431=ORIENTED_EDGE('',*,*,#7258,.T.);
#9432=ORIENTED_EDGE('',*,*,#6956,.T.);
#9433=ORIENTED_EDGE('',*,*,#7255,.T.);
#9434=ORIENTED_EDGE('',*,*,#7296,.F.);
#9435=ORIENTED_EDGE('',*,*,#7247,.T.);
#9436=ORIENTED_EDGE('',*,*,#7206,.F.);
#9437=ORIENTED_EDGE('',*,*,#7249,.T.);
#9438=ORIENTED_EDGE('',*,*,#7297,.F.);
#9439=ORIENTED_EDGE('',*,*,#7242,.T.);
#9440=ORIENTED_EDGE('',*,*,#6952,.T.);
#9441=ORIENTED_EDGE('',*,*,#7219,.T.);
#9442=ORIENTED_EDGE('',*,*,#7298,.F.);
#9443=ORIENTED_EDGE('',*,*,#7209,.T.);
#9444=ORIENTED_EDGE('',*,*,#7015,.T.);
#9445=ORIENTED_EDGE('',*,*,#6782,.T.);
#9446=ORIENTED_EDGE('',*,*,#7021,.T.);
#9447=ORIENTED_EDGE('',*,*,#7299,.F.);
#9448=ORIENTED_EDGE('',*,*,#6994,.T.);
#9449=ORIENTED_EDGE('',*,*,#7109,.F.);
#9450=ORIENTED_EDGE('',*,*,#7300,.F.);
#9451=ORIENTED_EDGE('',*,*,#7301,.T.);
#9452=ORIENTED_EDGE('',*,*,#6965,.T.);
#9453=ORIENTED_EDGE('',*,*,#6745,.T.);
#9454=ORIENTED_EDGE('',*,*,#7225,.F.);
#9455=ORIENTED_EDGE('',*,*,#7171,.T.);
#9456=ORIENTED_EDGE('',*,*,#7302,.F.);
#9457=ORIENTED_EDGE('',*,*,#7228,.T.);
#9458=ORIENTED_EDGE('',*,*,#6962,.T.);
#9459=ORIENTED_EDGE('',*,*,#7303,.T.);
#9460=ORIENTED_EDGE('',*,*,#7304,.F.);
#9461=ORIENTED_EDGE('',*,*,#7305,.T.);
#9462=ORIENTED_EDGE('',*,*,#6959,.T.);
#9463=ORIENTED_EDGE('',*,*,#7193,.T.);
#9464=ORIENTED_EDGE('',*,*,#7306,.F.);
#9465=ORIENTED_EDGE('',*,*,#7182,.T.);
#9466=ORIENTED_EDGE('',*,*,#6970,.T.);
#9467=ORIENTED_EDGE('',*,*,#7162,.T.);
#9468=ORIENTED_EDGE('',*,*,#7307,.F.);
#9469=ORIENTED_EDGE('',*,*,#7151,.T.);
#9470=ORIENTED_EDGE('',*,*,#6973,.T.);
#9471=ORIENTED_EDGE('',*,*,#7270,.T.);
#9472=ORIENTED_EDGE('',*,*,#7263,.T.);
#9473=ORIENTED_EDGE('',*,*,#6968,.T.);
#9474=ORIENTED_EDGE('',*,*,#7169,.T.);
#9475=ORIENTED_EDGE('',*,*,#7308,.F.);
#9476=ORIENTED_EDGE('',*,*,#7309,.T.);
#9477=ORIENTED_EDGE('',*,*,#7310,.T.);
#9478=ORIENTED_EDGE('',*,*,#6995,.T.);
#9479=ORIENTED_EDGE('',*,*,#7299,.T.);
#9480=ORIENTED_EDGE('',*,*,#7023,.T.);
#9481=ORIENTED_EDGE('',*,*,#6753,.T.);
#9482=ORIENTED_EDGE('',*,*,#7178,.T.);
#9483=ORIENTED_EDGE('',*,*,#7233,.T.);
#9484=ORIENTED_EDGE('',*,*,#7311,.T.);
#9485=ORIENTED_EDGE('',*,*,#7312,.T.);
#9486=ORIENTED_EDGE('',*,*,#7180,.T.);
#9487=ORIENTED_EDGE('',*,*,#7187,.T.);
#9488=ORIENTED_EDGE('',*,*,#7313,.T.);
#9489=ORIENTED_EDGE('',*,*,#7157,.T.);
#9490=ORIENTED_EDGE('',*,*,#7221,.T.);
#9491=ORIENTED_EDGE('',*,*,#7266,.T.);
#9492=ORIENTED_EDGE('',*,*,#7314,.T.);
#9493=ORIENTED_EDGE('',*,*,#7164,.T.);
#9494=ORIENTED_EDGE('',*,*,#7224,.T.);
#9495=ORIENTED_EDGE('',*,*,#7315,.T.);
#9496=ORIENTED_EDGE('',*,*,#7316,.T.);
#9497=ORIENTED_EDGE('',*,*,#7317,.T.);
#9498=ORIENTED_EDGE('',*,*,#7267,.T.);
#9499=ORIENTED_EDGE('',*,*,#7149,.T.);
#9500=ORIENTED_EDGE('',*,*,#7155,.T.);
#9501=ORIENTED_EDGE('',*,*,#7318,.T.);
#9502=ORIENTED_EDGE('',*,*,#7189,.T.);
#9503=ORIENTED_EDGE('',*,*,#7319,.T.);
#9504=ORIENTED_EDGE('',*,*,#7320,.T.);
#9505=ORIENTED_EDGE('',*,*,#7321,.T.);
#9506=ORIENTED_EDGE('',*,*,#7141,.F.);
#9507=ORIENTED_EDGE('',*,*,#7146,.T.);
#9508=ORIENTED_EDGE('',*,*,#7322,.T.);
#9509=ORIENTED_EDGE('',*,*,#7323,.T.);
#9510=ORIENTED_EDGE('',*,*,#7174,.T.);
#9511=ORIENTED_EDGE('',*,*,#6755,.T.);
#9512=ORIENTED_EDGE('',*,*,#7324,.F.);
#9513=ORIENTED_EDGE('',*,*,#6871,.F.);
#9514=ORIENTED_EDGE('',*,*,#7325,.F.);
#9515=ORIENTED_EDGE('',*,*,#7326,.T.);
#9516=ORIENTED_EDGE('',*,*,#7327,.F.);
#9517=ORIENTED_EDGE('',*,*,#7328,.F.);
#9518=ORIENTED_EDGE('',*,*,#7329,.F.);
#9519=ORIENTED_EDGE('',*,*,#7330,.F.);
#9520=ORIENTED_EDGE('',*,*,#7331,.F.);
#9521=ORIENTED_EDGE('',*,*,#7326,.F.);
#9522=ORIENTED_EDGE('',*,*,#7332,.F.);
#9523=ORIENTED_EDGE('',*,*,#7333,.F.);
#9524=ORIENTED_EDGE('',*,*,#6861,.T.);
#9525=ORIENTED_EDGE('',*,*,#7334,.T.);
#9526=ORIENTED_EDGE('',*,*,#7335,.F.);
#9527=ORIENTED_EDGE('',*,*,#7332,.T.);
#9528=ORIENTED_EDGE('',*,*,#7325,.T.);
#9529=ORIENTED_EDGE('',*,*,#6870,.T.);
#9530=ORIENTED_EDGE('',*,*,#6864,.T.);
#9531=ORIENTED_EDGE('',*,*,#6869,.T.);
#9532=ORIENTED_EDGE('',*,*,#7336,.F.);
#9533=ORIENTED_EDGE('',*,*,#7337,.F.);
#9534=ORIENTED_EDGE('',*,*,#7338,.F.);
#9535=ORIENTED_EDGE('',*,*,#7334,.F.);
#9536=ORIENTED_EDGE('',*,*,#7330,.T.);
#9537=ORIENTED_EDGE('',*,*,#7339,.F.);
#9538=ORIENTED_EDGE('',*,*,#7117,.F.);
#9539=ORIENTED_EDGE('',*,*,#7340,.F.);
#9540=ORIENTED_EDGE('',*,*,#7329,.T.);
#9541=ORIENTED_EDGE('',*,*,#7341,.T.);
#9542=ORIENTED_EDGE('',*,*,#7099,.F.);
#9543=ORIENTED_EDGE('',*,*,#6805,.T.);
#9544=ORIENTED_EDGE('',*,*,#7342,.F.);
#9545=ORIENTED_EDGE('',*,*,#6807,.T.);
#9546=ORIENTED_EDGE('',*,*,#7118,.F.);
#9547=ORIENTED_EDGE('',*,*,#7339,.T.);
#9548=ORIENTED_EDGE('',*,*,#7328,.T.);
#9549=ORIENTED_EDGE('',*,*,#7343,.F.);
#9550=ORIENTED_EDGE('',*,*,#7100,.F.);
#9551=ORIENTED_EDGE('',*,*,#7341,.F.);
#9552=ORIENTED_EDGE('',*,*,#7327,.T.);
#9553=ORIENTED_EDGE('',*,*,#7331,.T.);
#9554=ORIENTED_EDGE('',*,*,#7344,.T.);
#9555=ORIENTED_EDGE('',*,*,#7345,.T.);
#9556=ORIENTED_EDGE('',*,*,#7101,.F.);
#9557=ORIENTED_EDGE('',*,*,#7343,.T.);
#9558=ORIENTED_EDGE('',*,*,#7333,.T.);
#9559=ORIENTED_EDGE('',*,*,#7335,.T.);
#9560=ORIENTED_EDGE('',*,*,#7338,.T.);
#9561=ORIENTED_EDGE('',*,*,#7346,.F.);
#9562=ORIENTED_EDGE('',*,*,#7347,.F.);
#9563=ORIENTED_EDGE('',*,*,#7348,.F.);
#9564=ORIENTED_EDGE('',*,*,#7349,.F.);
#9565=ORIENTED_EDGE('',*,*,#7350,.T.);
#9566=ORIENTED_EDGE('',*,*,#7351,.F.);
#9567=ORIENTED_EDGE('',*,*,#7352,.F.);
#9568=ORIENTED_EDGE('',*,*,#7353,.F.);
#9569=ORIENTED_EDGE('',*,*,#7354,.F.);
#9570=ORIENTED_EDGE('',*,*,#7355,.T.);
#9571=ORIENTED_EDGE('',*,*,#7356,.T.);
#9572=ORIENTED_EDGE('',*,*,#7344,.F.);
#9573=ORIENTED_EDGE('',*,*,#7357,.F.);
#9574=ORIENTED_EDGE('',*,*,#7358,.F.);
#9575=ORIENTED_EDGE('',*,*,#7359,.F.);
#9576=ORIENTED_EDGE('',*,*,#7360,.F.);
#9577=ORIENTED_EDGE('',*,*,#7361,.F.);
#9578=ORIENTED_EDGE('',*,*,#7362,.F.);
#9579=ORIENTED_EDGE('',*,*,#7363,.F.);
#9580=ORIENTED_EDGE('',*,*,#7364,.F.);
#9581=ORIENTED_EDGE('',*,*,#7365,.F.);
#9582=ORIENTED_EDGE('',*,*,#7366,.T.);
#9583=ORIENTED_EDGE('',*,*,#7367,.F.);
#9584=ORIENTED_EDGE('',*,*,#7368,.F.);
#9585=ORIENTED_EDGE('',*,*,#7369,.T.);
#9586=ORIENTED_EDGE('',*,*,#7106,.F.);
#9587=ORIENTED_EDGE('',*,*,#7139,.F.);
#9588=ORIENTED_EDGE('',*,*,#7370,.T.);
#9589=ORIENTED_EDGE('',*,*,#7371,.F.);
#9590=ORIENTED_EDGE('',*,*,#7103,.F.);
#9591=ORIENTED_EDGE('',*,*,#7372,.T.);
#9592=ORIENTED_EDGE('',*,*,#7373,.T.);
#9593=ORIENTED_EDGE('',*,*,#7374,.T.);
#9594=ORIENTED_EDGE('',*,*,#7375,.T.);
#9595=ORIENTED_EDGE('',*,*,#7361,.T.);
#9596=ORIENTED_EDGE('',*,*,#7376,.F.);
#9597=ORIENTED_EDGE('',*,*,#7362,.T.);
#9598=ORIENTED_EDGE('',*,*,#7375,.F.);
#9599=ORIENTED_EDGE('',*,*,#7377,.F.);
#9600=ORIENTED_EDGE('',*,*,#7378,.F.);
#9601=ORIENTED_EDGE('',*,*,#7377,.T.);
#9602=ORIENTED_EDGE('',*,*,#7374,.F.);
#9603=ORIENTED_EDGE('',*,*,#7379,.F.);
#9604=ORIENTED_EDGE('',*,*,#7380,.F.);
#9605=ORIENTED_EDGE('',*,*,#7367,.T.);
#9606=ORIENTED_EDGE('',*,*,#7381,.T.);
#9607=ORIENTED_EDGE('',*,*,#7382,.T.);
#9608=ORIENTED_EDGE('',*,*,#7227,.T.);
#9609=ORIENTED_EDGE('',*,*,#7383,.T.);
#9610=ORIENTED_EDGE('',*,*,#7384,.T.);
#9611=ORIENTED_EDGE('',*,*,#7364,.T.);
#9612=ORIENTED_EDGE('',*,*,#7380,.T.);
#9613=ORIENTED_EDGE('',*,*,#7385,.T.);
#9614=ORIENTED_EDGE('',*,*,#7386,.F.);
#9615=ORIENTED_EDGE('',*,*,#7387,.F.);
#9616=ORIENTED_EDGE('',*,*,#7388,.T.);
#9617=ORIENTED_EDGE('',*,*,#7368,.T.);
#9618=ORIENTED_EDGE('',*,*,#7360,.T.);
#9619=ORIENTED_EDGE('',*,*,#7389,.T.);
#9620=ORIENTED_EDGE('',*,*,#7383,.F.);
#9621=ORIENTED_EDGE('',*,*,#6981,.T.);
#9622=ORIENTED_EDGE('',*,*,#7104,.F.);
#9623=ORIENTED_EDGE('',*,*,#7371,.T.);
#9624=ORIENTED_EDGE('',*,*,#7390,.T.);
#9625=ORIENTED_EDGE('',*,*,#7391,.F.);
#9626=ORIENTED_EDGE('',*,*,#7392,.T.);
#9627=ORIENTED_EDGE('',*,*,#7393,.F.);
#9628=ORIENTED_EDGE('',*,*,#7132,.T.);
#9629=ORIENTED_EDGE('',*,*,#6889,.T.);
#9630=ORIENTED_EDGE('',*,*,#7356,.F.);
#9631=ORIENTED_EDGE('',*,*,#7394,.T.);
#9632=ORIENTED_EDGE('',*,*,#7395,.T.);
#9633=ORIENTED_EDGE('',*,*,#7372,.F.);
#9634=ORIENTED_EDGE('',*,*,#7102,.F.);
#9635=ORIENTED_EDGE('',*,*,#7345,.F.);
#9636=ORIENTED_EDGE('',*,*,#7107,.F.);
#9637=ORIENTED_EDGE('',*,*,#7369,.F.);
#9638=ORIENTED_EDGE('',*,*,#7388,.F.);
#9639=ORIENTED_EDGE('',*,*,#7396,.F.);
#9640=ORIENTED_EDGE('',*,*,#7397,.F.);
#9641=ORIENTED_EDGE('',*,*,#7398,.T.);
#9642=ORIENTED_EDGE('',*,*,#7381,.F.);
#9643=ORIENTED_EDGE('',*,*,#7366,.F.);
#9644=ORIENTED_EDGE('',*,*,#7399,.F.);
#9645=ORIENTED_EDGE('',*,*,#7379,.T.);
#9646=ORIENTED_EDGE('',*,*,#7373,.F.);
#9647=ORIENTED_EDGE('',*,*,#7395,.F.);
#9648=ORIENTED_EDGE('',*,*,#7400,.T.);
#9649=ORIENTED_EDGE('',*,*,#7401,.F.);
#9650=ORIENTED_EDGE('',*,*,#7402,.F.);
#9651=ORIENTED_EDGE('',*,*,#7403,.F.);
#9652=ORIENTED_EDGE('',*,*,#7404,.T.);
#9653=ORIENTED_EDGE('',*,*,#7405,.F.);
#9654=ORIENTED_EDGE('',*,*,#7406,.F.);
#9655=ORIENTED_EDGE('',*,*,#7407,.F.);
#9656=ORIENTED_EDGE('',*,*,#7408,.F.);
#9657=ORIENTED_EDGE('',*,*,#7390,.F.);
#9658=ORIENTED_EDGE('',*,*,#7370,.F.);
#9659=ORIENTED_EDGE('',*,*,#7138,.F.);
#9660=ORIENTED_EDGE('',*,*,#7409,.T.);
#9661=ORIENTED_EDGE('',*,*,#7410,.F.);
#9662=ORIENTED_EDGE('',*,*,#7411,.T.);
#9663=ORIENTED_EDGE('',*,*,#7412,.F.);
#9664=ORIENTED_EDGE('',*,*,#7385,.F.);
#9665=ORIENTED_EDGE('',*,*,#7382,.F.);
#9666=ORIENTED_EDGE('',*,*,#7398,.F.);
#9667=ORIENTED_EDGE('',*,*,#7413,.F.);
#9668=ORIENTED_EDGE('',*,*,#7414,.F.);
#9669=ORIENTED_EDGE('',*,*,#7415,.F.);
#9670=ORIENTED_EDGE('',*,*,#7416,.F.);
#9671=ORIENTED_EDGE('',*,*,#7417,.F.);
#9672=ORIENTED_EDGE('',*,*,#7418,.T.);
#9673=ORIENTED_EDGE('',*,*,#7419,.F.);
#9674=ORIENTED_EDGE('',*,*,#7420,.F.);
#9675=ORIENTED_EDGE('',*,*,#7365,.T.);
#9676=ORIENTED_EDGE('',*,*,#7384,.F.);
#9677=ORIENTED_EDGE('',*,*,#7389,.F.);
#9678=ORIENTED_EDGE('',*,*,#7363,.T.);
#9679=ORIENTED_EDGE('',*,*,#7376,.T.);
#9680=ORIENTED_EDGE('',*,*,#7378,.T.);
#9681=ORIENTED_EDGE('',*,*,#7399,.T.);
#9682=ORIENTED_EDGE('',*,*,#7396,.T.);
#9683=ORIENTED_EDGE('',*,*,#7387,.T.);
#9684=ORIENTED_EDGE('',*,*,#7421,.T.);
#9685=ORIENTED_EDGE('',*,*,#7422,.T.);
#9686=ORIENTED_EDGE('',*,*,#7423,.T.);
#9687=ORIENTED_EDGE('',*,*,#7420,.T.);
#9688=ORIENTED_EDGE('',*,*,#7424,.T.);
#9689=ORIENTED_EDGE('',*,*,#7425,.T.);
#9690=ORIENTED_EDGE('',*,*,#7426,.T.);
#9691=ORIENTED_EDGE('',*,*,#7427,.T.);
#9692=ORIENTED_EDGE('',*,*,#7428,.T.);
#9693=ORIENTED_EDGE('',*,*,#7429,.T.);
#9694=ORIENTED_EDGE('',*,*,#7430,.T.);
#9695=ORIENTED_EDGE('',*,*,#7431,.T.);
#9696=ORIENTED_EDGE('',*,*,#7432,.T.);
#9697=ORIENTED_EDGE('',*,*,#7433,.T.);
#9698=ORIENTED_EDGE('',*,*,#7434,.T.);
#9699=ORIENTED_EDGE('',*,*,#7413,.T.);
#9700=ORIENTED_EDGE('',*,*,#7397,.T.);
#9701=ORIENTED_EDGE('',*,*,#7435,.T.);
#9702=ORIENTED_EDGE('',*,*,#7436,.T.);
#9703=ORIENTED_EDGE('',*,*,#7437,.T.);
#9704=ORIENTED_EDGE('',*,*,#7438,.T.);
#9705=ORIENTED_EDGE('',*,*,#7439,.T.);
#9706=ORIENTED_EDGE('',*,*,#7440,.T.);
#9707=ORIENTED_EDGE('',*,*,#7441,.T.);
#9708=ORIENTED_EDGE('',*,*,#7408,.T.);
#9709=ORIENTED_EDGE('',*,*,#7442,.T.);
#9710=ORIENTED_EDGE('',*,*,#7443,.T.);
#9711=ORIENTED_EDGE('',*,*,#7402,.T.);
#9712=ORIENTED_EDGE('',*,*,#7444,.T.);
#9713=ORIENTED_EDGE('',*,*,#7445,.T.);
#9714=ORIENTED_EDGE('',*,*,#7446,.T.);
#9715=ORIENTED_EDGE('',*,*,#7447,.T.);
#9716=ORIENTED_EDGE('',*,*,#7448,.T.);
#9717=ORIENTED_EDGE('',*,*,#7449,.T.);
#9718=ORIENTED_EDGE('',*,*,#7353,.T.);
#9719=ORIENTED_EDGE('',*,*,#7450,.T.);
#9720=ORIENTED_EDGE('',*,*,#7451,.T.);
#9721=ORIENTED_EDGE('',*,*,#7452,.T.);
#9722=ORIENTED_EDGE('',*,*,#7453,.T.);
#9723=ORIENTED_EDGE('',*,*,#7454,.T.);
#9724=ORIENTED_EDGE('',*,*,#7455,.T.);
#9725=ORIENTED_EDGE('',*,*,#7456,.T.);
#9726=ORIENTED_EDGE('',*,*,#7357,.T.);
#9727=ORIENTED_EDGE('',*,*,#7457,.T.);
#9728=ORIENTED_EDGE('',*,*,#7458,.T.);
#9729=ORIENTED_EDGE('',*,*,#7348,.T.);
#9730=ORIENTED_EDGE('',*,*,#7459,.T.);
#9731=ORIENTED_EDGE('',*,*,#7460,.T.);
#9732=ORIENTED_EDGE('',*,*,#7461,.T.);
#9733=ORIENTED_EDGE('',*,*,#7462,.T.);
#9734=ORIENTED_EDGE('',*,*,#7463,.T.);
#9735=ORIENTED_EDGE('',*,*,#7094,.T.);
#9736=ORIENTED_EDGE('',*,*,#7111,.T.);
#9737=ORIENTED_EDGE('',*,*,#7123,.T.);
#9738=ORIENTED_EDGE('',*,*,#7464,.T.);
#9739=ORIENTED_EDGE('',*,*,#6776,.T.);
#9740=ORIENTED_EDGE('',*,*,#7239,.T.);
#9741=ORIENTED_EDGE('',*,*,#6772,.T.);
#9742=ORIENTED_EDGE('',*,*,#7040,.T.);
#9743=ORIENTED_EDGE('',*,*,#7465,.T.);
#9744=ORIENTED_EDGE('',*,*,#7466,.T.);
#9745=ORIENTED_EDGE('',*,*,#7050,.T.);
#9746=ORIENTED_EDGE('',*,*,#6795,.T.);
#9747=ORIENTED_EDGE('',*,*,#7059,.T.);
#9748=ORIENTED_EDGE('',*,*,#7467,.T.);
#9749=ORIENTED_EDGE('',*,*,#7468,.T.);
#9750=ORIENTED_EDGE('',*,*,#7469,.T.);
#9751=ORIENTED_EDGE('',*,*,#7470,.T.);
#9752=ORIENTED_EDGE('',*,*,#7471,.T.);
#9753=ORIENTED_EDGE('',*,*,#7472,.T.);
#9754=ORIENTED_EDGE('',*,*,#7473,.T.);
#9755=ORIENTED_EDGE('',*,*,#6790,.T.);
#9756=ORIENTED_EDGE('',*,*,#7474,.T.);
#9757=ORIENTED_EDGE('',*,*,#7475,.T.);
#9758=ORIENTED_EDGE('',*,*,#7476,.T.);
#9759=ORIENTED_EDGE('',*,*,#6785,.T.);
#9760=ORIENTED_EDGE('',*,*,#7046,.T.);
#9761=ORIENTED_EDGE('',*,*,#7210,.T.);
#9762=ORIENTED_EDGE('',*,*,#7298,.T.);
#9763=ORIENTED_EDGE('',*,*,#7218,.T.);
#9764=ORIENTED_EDGE('',*,*,#7477,.T.);
#9765=ORIENTED_EDGE('',*,*,#7478,.T.);
#9766=ORIENTED_EDGE('',*,*,#7243,.T.);
#9767=ORIENTED_EDGE('',*,*,#7297,.T.);
#9768=ORIENTED_EDGE('',*,*,#7248,.T.);
#9769=ORIENTED_EDGE('',*,*,#7296,.T.);
#9770=ORIENTED_EDGE('',*,*,#7254,.T.);
#9771=ORIENTED_EDGE('',*,*,#7479,.T.);
#9772=ORIENTED_EDGE('',*,*,#7480,.T.);
#9773=ORIENTED_EDGE('',*,*,#7259,.T.);
#9774=ORIENTED_EDGE('',*,*,#7295,.T.);
#9775=ORIENTED_EDGE('',*,*,#7199,.T.);
#9776=ORIENTED_EDGE('',*,*,#7481,.T.);
#9777=ORIENTED_EDGE('',*,*,#7482,.T.);
#9778=ORIENTED_EDGE('',*,*,#7085,.T.);
#9779=ORIENTED_EDGE('',*,*,#7294,.T.);
#9780=ORIENTED_EDGE('',*,*,#7483,.T.);
#9781=ORIENTED_EDGE('',*,*,#7484,.T.);
#9782=ORIENTED_EDGE('',*,*,#7485,.T.);
#9783=ORIENTED_EDGE('',*,*,#7486,.T.);
#9784=ORIENTED_EDGE('',*,*,#7487,.T.);
#9785=ORIENTED_EDGE('',*,*,#7488,.T.);
#9786=ORIENTED_EDGE('',*,*,#7489,.T.);
#9787=ORIENTED_EDGE('',*,*,#7490,.T.);
#9788=ORIENTED_EDGE('',*,*,#7491,.T.);
#9789=ORIENTED_EDGE('',*,*,#7068,.T.);
#9790=ORIENTED_EDGE('',*,*,#7292,.T.);
#9791=ORIENTED_EDGE('',*,*,#7288,.T.);
#9792=ORIENTED_EDGE('',*,*,#7291,.T.);
#9793=ORIENTED_EDGE('',*,*,#7492,.T.);
#9794=ORIENTED_EDGE('',*,*,#7493,.T.);
#9795=ORIENTED_EDGE('',*,*,#7494,.T.);
#9796=ORIENTED_EDGE('',*,*,#7495,.T.);
#9797=ORIENTED_EDGE('',*,*,#7308,.T.);
#9798=ORIENTED_EDGE('',*,*,#7168,.T.);
#9799=ORIENTED_EDGE('',*,*,#7496,.T.);
#9800=ORIENTED_EDGE('',*,*,#7497,.T.);
#9801=ORIENTED_EDGE('',*,*,#7498,.T.);
#9802=ORIENTED_EDGE('',*,*,#7499,.T.);
#9803=ORIENTED_EDGE('',*,*,#7500,.T.);
#9804=ORIENTED_EDGE('',*,*,#7501,.T.);
#9805=ORIENTED_EDGE('',*,*,#7502,.T.);
#9806=ORIENTED_EDGE('',*,*,#7503,.T.);
#9807=ORIENTED_EDGE('',*,*,#7504,.T.);
#9808=ORIENTED_EDGE('',*,*,#7505,.T.);
#9809=ORIENTED_EDGE('',*,*,#7506,.T.);
#9810=ORIENTED_EDGE('',*,*,#7152,.T.);
#9811=ORIENTED_EDGE('',*,*,#7307,.T.);
#9812=ORIENTED_EDGE('',*,*,#7161,.T.);
#9813=ORIENTED_EDGE('',*,*,#7507,.T.);
#9814=ORIENTED_EDGE('',*,*,#7183,.T.);
#9815=ORIENTED_EDGE('',*,*,#7306,.T.);
#9816=ORIENTED_EDGE('',*,*,#7192,.T.);
#9817=ORIENTED_EDGE('',*,*,#7508,.T.);
#9818=ORIENTED_EDGE('',*,*,#7509,.T.);
#9819=ORIENTED_EDGE('',*,*,#7304,.T.);
#9820=ORIENTED_EDGE('',*,*,#7510,.T.);
#9821=ORIENTED_EDGE('',*,*,#7511,.T.);
#9822=ORIENTED_EDGE('',*,*,#7512,.T.);
#9823=ORIENTED_EDGE('',*,*,#7513,.T.);
#9824=ORIENTED_EDGE('',*,*,#7514,.T.);
#9825=ORIENTED_EDGE('',*,*,#7515,.T.);
#9826=ORIENTED_EDGE('',*,*,#7516,.T.);
#9827=ORIENTED_EDGE('',*,*,#7517,.T.);
#9828=ORIENTED_EDGE('',*,*,#7229,.T.);
#9829=ORIENTED_EDGE('',*,*,#7302,.T.);
#9830=ORIENTED_EDGE('',*,*,#7170,.T.);
#9831=ORIENTED_EDGE('',*,*,#6752,.T.);
#9832=ORIENTED_EDGE('',*,*,#7518,.T.);
#9833=ORIENTED_EDGE('',*,*,#7519,.T.);
#9834=ORIENTED_EDGE('',*,*,#7300,.T.);
#9835=ORIENTED_EDGE('',*,*,#7108,.T.);
#9836=ORIENTED_EDGE('',*,*,#7520,.T.);
#9837=ORIENTED_EDGE('',*,*,#7521,.T.);
#9838=ORIENTED_EDGE('',*,*,#7522,.T.);
#9839=ORIENTED_EDGE('',*,*,#7523,.T.);
#9840=ORIENTED_EDGE('',*,*,#7524,.T.);
#9841=ORIENTED_EDGE('',*,*,#7525,.T.);
#9842=ORIENTED_EDGE('',*,*,#7526,.T.);
#9843=ORIENTED_EDGE('',*,*,#7527,.T.);
#9844=ORIENTED_EDGE('',*,*,#7528,.T.);
#9845=ORIENTED_EDGE('',*,*,#7529,.T.);
#9846=ORIENTED_EDGE('',*,*,#7530,.T.);
#9847=ORIENTED_EDGE('',*,*,#7531,.T.);
#9848=ORIENTED_EDGE('',*,*,#7532,.T.);
#9849=ORIENTED_EDGE('',*,*,#7533,.T.);
#9850=ORIENTED_EDGE('',*,*,#7534,.T.);
#9851=ORIENTED_EDGE('',*,*,#7535,.T.);
#9852=ORIENTED_EDGE('',*,*,#7536,.T.);
#9853=ORIENTED_EDGE('',*,*,#7537,.T.);
#9854=ORIENTED_EDGE('',*,*,#7538,.T.);
#9855=ORIENTED_EDGE('',*,*,#7539,.T.);
#9856=ORIENTED_EDGE('',*,*,#7540,.T.);
#9857=ORIENTED_EDGE('',*,*,#7541,.T.);
#9858=ORIENTED_EDGE('',*,*,#7542,.T.);
#9859=ORIENTED_EDGE('',*,*,#7543,.T.);
#9860=ORIENTED_EDGE('',*,*,#7544,.T.);
#9861=ORIENTED_EDGE('',*,*,#7545,.T.);
#9862=ORIENTED_EDGE('',*,*,#7546,.T.);
#9863=ORIENTED_EDGE('',*,*,#7547,.T.);
#9864=ORIENTED_EDGE('',*,*,#7548,.T.);
#9865=ORIENTED_EDGE('',*,*,#7549,.T.);
#9866=ORIENTED_EDGE('',*,*,#7550,.T.);
#9867=ORIENTED_EDGE('',*,*,#7551,.T.);
#9868=ORIENTED_EDGE('',*,*,#7552,.T.);
#9869=ORIENTED_EDGE('',*,*,#7553,.T.);
#9870=ORIENTED_EDGE('',*,*,#7554,.T.);
#9871=ORIENTED_EDGE('',*,*,#7555,.T.);
#9872=ORIENTED_EDGE('',*,*,#7556,.T.);
#9873=ORIENTED_EDGE('',*,*,#7557,.T.);
#9874=ORIENTED_EDGE('',*,*,#7558,.T.);
#9875=ORIENTED_EDGE('',*,*,#7559,.T.);
#9876=ORIENTED_EDGE('',*,*,#7560,.T.);
#9877=ORIENTED_EDGE('',*,*,#7561,.T.);
#9878=ORIENTED_EDGE('',*,*,#7562,.T.);
#9879=ORIENTED_EDGE('',*,*,#7563,.T.);
#9880=ORIENTED_EDGE('',*,*,#7564,.T.);
#9881=ORIENTED_EDGE('',*,*,#7565,.T.);
#9882=ORIENTED_EDGE('',*,*,#7566,.T.);
#9883=ORIENTED_EDGE('',*,*,#7567,.T.);
#9884=ORIENTED_EDGE('',*,*,#7568,.T.);
#9885=ORIENTED_EDGE('',*,*,#7569,.T.);
#9886=ORIENTED_EDGE('',*,*,#7570,.T.);
#9887=ORIENTED_EDGE('',*,*,#7571,.T.);
#9888=ORIENTED_EDGE('',*,*,#7572,.T.);
#9889=ORIENTED_EDGE('',*,*,#7573,.T.);
#9890=ORIENTED_EDGE('',*,*,#7574,.T.);
#9891=ORIENTED_EDGE('',*,*,#7575,.T.);
#9892=ORIENTED_EDGE('',*,*,#7576,.T.);
#9893=ORIENTED_EDGE('',*,*,#7577,.T.);
#9894=ORIENTED_EDGE('',*,*,#7578,.T.);
#9895=ORIENTED_EDGE('',*,*,#7579,.T.);
#9896=ORIENTED_EDGE('',*,*,#7580,.T.);
#9897=ORIENTED_EDGE('',*,*,#7581,.T.);
#9898=ORIENTED_EDGE('',*,*,#7582,.T.);
#9899=ORIENTED_EDGE('',*,*,#7583,.T.);
#9900=ORIENTED_EDGE('',*,*,#7584,.T.);
#9901=ORIENTED_EDGE('',*,*,#7585,.T.);
#9902=ORIENTED_EDGE('',*,*,#7586,.T.);
#9903=ORIENTED_EDGE('',*,*,#7587,.T.);
#9904=ORIENTED_EDGE('',*,*,#7588,.T.);
#9905=ORIENTED_EDGE('',*,*,#7589,.T.);
#9906=ORIENTED_EDGE('',*,*,#7590,.T.);
#9907=ORIENTED_EDGE('',*,*,#7591,.T.);
#9908=ORIENTED_EDGE('',*,*,#7592,.T.);
#9909=ORIENTED_EDGE('',*,*,#7593,.T.);
#9910=ORIENTED_EDGE('',*,*,#7594,.T.);
#9911=ORIENTED_EDGE('',*,*,#7595,.T.);
#9912=ORIENTED_EDGE('',*,*,#7596,.T.);
#9913=ORIENTED_EDGE('',*,*,#7597,.T.);
#9914=ORIENTED_EDGE('',*,*,#7598,.T.);
#9915=ORIENTED_EDGE('',*,*,#7599,.T.);
#9916=ORIENTED_EDGE('',*,*,#7600,.T.);
#9917=ORIENTED_EDGE('',*,*,#7601,.T.);
#9918=ORIENTED_EDGE('',*,*,#7602,.T.);
#9919=ORIENTED_EDGE('',*,*,#7603,.T.);
#9920=ORIENTED_EDGE('',*,*,#7604,.T.);
#9921=ORIENTED_EDGE('',*,*,#7605,.T.);
#9922=ORIENTED_EDGE('',*,*,#7606,.T.);
#9923=ORIENTED_EDGE('',*,*,#7607,.T.);
#9924=ORIENTED_EDGE('',*,*,#7608,.T.);
#9925=ORIENTED_EDGE('',*,*,#7609,.T.);
#9926=ORIENTED_EDGE('',*,*,#7610,.T.);
#9927=ORIENTED_EDGE('',*,*,#7611,.T.);
#9928=ORIENTED_EDGE('',*,*,#7612,.T.);
#9929=ORIENTED_EDGE('',*,*,#7613,.T.);
#9930=ORIENTED_EDGE('',*,*,#7614,.T.);
#9931=ORIENTED_EDGE('',*,*,#7615,.T.);
#9932=ORIENTED_EDGE('',*,*,#7616,.T.);
#9933=ORIENTED_EDGE('',*,*,#7617,.T.);
#9934=ORIENTED_EDGE('',*,*,#7618,.T.);
#9935=ORIENTED_EDGE('',*,*,#7619,.T.);
#9936=ORIENTED_EDGE('',*,*,#7620,.T.);
#9937=ORIENTED_EDGE('',*,*,#7621,.T.);
#9938=ORIENTED_EDGE('',*,*,#7622,.T.);
#9939=ORIENTED_EDGE('',*,*,#7623,.T.);
#9940=ORIENTED_EDGE('',*,*,#7624,.T.);
#9941=ORIENTED_EDGE('',*,*,#7625,.T.);
#9942=ORIENTED_EDGE('',*,*,#7626,.T.);
#9943=ORIENTED_EDGE('',*,*,#7627,.T.);
#9944=ORIENTED_EDGE('',*,*,#7628,.T.);
#9945=ORIENTED_EDGE('',*,*,#7629,.T.);
#9946=ORIENTED_EDGE('',*,*,#7630,.T.);
#9947=ORIENTED_EDGE('',*,*,#7631,.T.);
#9948=ORIENTED_EDGE('',*,*,#7632,.T.);
#9949=ORIENTED_EDGE('',*,*,#7633,.T.);
#9950=ORIENTED_EDGE('',*,*,#7634,.T.);
#9951=ORIENTED_EDGE('',*,*,#7635,.T.);
#9952=ORIENTED_EDGE('',*,*,#7636,.T.);
#9953=ORIENTED_EDGE('',*,*,#7637,.T.);
#9954=ORIENTED_EDGE('',*,*,#7638,.T.);
#9955=ORIENTED_EDGE('',*,*,#7639,.T.);
#9956=ORIENTED_EDGE('',*,*,#7640,.T.);
#9957=ORIENTED_EDGE('',*,*,#7641,.T.);
#9958=ORIENTED_EDGE('',*,*,#7642,.T.);
#9959=ORIENTED_EDGE('',*,*,#7643,.T.);
#9960=ORIENTED_EDGE('',*,*,#7644,.T.);
#9961=ORIENTED_EDGE('',*,*,#7645,.T.);
#9962=ORIENTED_EDGE('',*,*,#7646,.T.);
#9963=ORIENTED_EDGE('',*,*,#7647,.T.);
#9964=ORIENTED_EDGE('',*,*,#7648,.T.);
#9965=ORIENTED_EDGE('',*,*,#7649,.T.);
#9966=ORIENTED_EDGE('',*,*,#7650,.T.);
#9967=ORIENTED_EDGE('',*,*,#7651,.T.);
#9968=ORIENTED_EDGE('',*,*,#7652,.T.);
#9969=ORIENTED_EDGE('',*,*,#7653,.T.);
#9970=ORIENTED_EDGE('',*,*,#7654,.T.);
#9971=ORIENTED_EDGE('',*,*,#7655,.T.);
#9972=ORIENTED_EDGE('',*,*,#7656,.T.);
#9973=ORIENTED_EDGE('',*,*,#7657,.T.);
#9974=ORIENTED_EDGE('',*,*,#7658,.T.);
#9975=ORIENTED_EDGE('',*,*,#7659,.T.);
#9976=ORIENTED_EDGE('',*,*,#7660,.T.);
#9977=ORIENTED_EDGE('',*,*,#7661,.T.);
#9978=ORIENTED_EDGE('',*,*,#7662,.T.);
#9979=ORIENTED_EDGE('',*,*,#7663,.T.);
#9980=ORIENTED_EDGE('',*,*,#7664,.T.);
#9981=ORIENTED_EDGE('',*,*,#7665,.T.);
#9982=ORIENTED_EDGE('',*,*,#7666,.T.);
#9983=ORIENTED_EDGE('',*,*,#7667,.T.);
#9984=ORIENTED_EDGE('',*,*,#7668,.T.);
#9985=ORIENTED_EDGE('',*,*,#7669,.T.);
#9986=ORIENTED_EDGE('',*,*,#7670,.T.);
#9987=ORIENTED_EDGE('',*,*,#7671,.T.);
#9988=ORIENTED_EDGE('',*,*,#7672,.T.);
#9989=ORIENTED_EDGE('',*,*,#7673,.T.);
#9990=ORIENTED_EDGE('',*,*,#7674,.T.);
#9991=ORIENTED_EDGE('',*,*,#7675,.T.);
#9992=ORIENTED_EDGE('',*,*,#7676,.T.);
#9993=ORIENTED_EDGE('',*,*,#7677,.T.);
#9994=ORIENTED_EDGE('',*,*,#7678,.T.);
#9995=ORIENTED_EDGE('',*,*,#7412,.T.);
#9996=ORIENTED_EDGE('',*,*,#7679,.F.);
#9997=ORIENTED_EDGE('',*,*,#7680,.T.);
#9998=ORIENTED_EDGE('',*,*,#7421,.F.);
#9999=ORIENTED_EDGE('',*,*,#7386,.T.);
#10000=ORIENTED_EDGE('',*,*,#7405,.T.);
#10001=ORIENTED_EDGE('',*,*,#7681,.F.);
#10002=ORIENTED_EDGE('',*,*,#7682,.T.);
#10003=ORIENTED_EDGE('',*,*,#7435,.F.);
#10004=ORIENTED_EDGE('',*,*,#7419,.T.);
#10005=ORIENTED_EDGE('',*,*,#7683,.F.);
#10006=ORIENTED_EDGE('',*,*,#7684,.T.);
#10007=ORIENTED_EDGE('',*,*,#7424,.F.);
#10008=ORIENTED_EDGE('',*,*,#7406,.T.);
#10009=ORIENTED_EDGE('',*,*,#7441,.F.);
#10010=ORIENTED_EDGE('',*,*,#7685,.F.);
#10011=ORIENTED_EDGE('',*,*,#7686,.F.);
#10012=ORIENTED_EDGE('',*,*,#7687,.T.);
#10013=ORIENTED_EDGE('',*,*,#7688,.T.);
#10014=ORIENTED_EDGE('',*,*,#7403,.T.);
#10015=ORIENTED_EDGE('',*,*,#7443,.F.);
#10016=ORIENTED_EDGE('',*,*,#7689,.F.);
#10017=ORIENTED_EDGE('',*,*,#7687,.F.);
#10018=ORIENTED_EDGE('',*,*,#7690,.F.);
#10019=ORIENTED_EDGE('',*,*,#7416,.T.);
#10020=ORIENTED_EDGE('',*,*,#7691,.T.);
#10021=ORIENTED_EDGE('',*,*,#7692,.T.);
#10022=ORIENTED_EDGE('',*,*,#7693,.T.);
#10023=ORIENTED_EDGE('',*,*,#7694,.T.);
#10024=ORIENTED_EDGE('',*,*,#7695,.T.);
#10025=ORIENTED_EDGE('',*,*,#7324,.T.);
#10026=ORIENTED_EDGE('',*,*,#7340,.T.);
#10027=ORIENTED_EDGE('',*,*,#7116,.F.);
#10028=ORIENTED_EDGE('',*,*,#7696,.T.);
#10029=ORIENTED_EDGE('',*,*,#7697,.F.);
#10030=ORIENTED_EDGE('',*,*,#6872,.T.);
#10031=ORIENTED_EDGE('',*,*,#7337,.T.);
#10032=ORIENTED_EDGE('',*,*,#7698,.F.);
#10033=ORIENTED_EDGE('',*,*,#7699,.T.);
#10034=ORIENTED_EDGE('',*,*,#7346,.T.);
#10035=ORIENTED_EDGE('',*,*,#7226,.T.);
#10036=ORIENTED_EDGE('',*,*,#7700,.T.);
#10037=ORIENTED_EDGE('',*,*,#7701,.T.);
#10038=ORIENTED_EDGE('',*,*,#7702,.F.);
#10039=ORIENTED_EDGE('',*,*,#7460,.F.);
#10040=ORIENTED_EDGE('',*,*,#7703,.T.);
#10041=ORIENTED_EDGE('',*,*,#7698,.T.);
#10042=ORIENTED_EDGE('',*,*,#7336,.T.);
#10043=ORIENTED_EDGE('',*,*,#6868,.T.);
#10044=ORIENTED_EDGE('',*,*,#6873,.T.);
#10045=ORIENTED_EDGE('',*,*,#7697,.T.);
#10046=ORIENTED_EDGE('',*,*,#7704,.T.);
#10047=ORIENTED_EDGE('',*,*,#7705,.F.);
#10048=ORIENTED_EDGE('',*,*,#7706,.F.);
#10049=ORIENTED_EDGE('',*,*,#7707,.T.);
#10050=ORIENTED_EDGE('',*,*,#7700,.F.);
#10051=ORIENTED_EDGE('',*,*,#7115,.F.);
#10052=ORIENTED_EDGE('',*,*,#7708,.F.);
#10053=ORIENTED_EDGE('',*,*,#7704,.F.);
#10054=ORIENTED_EDGE('',*,*,#7696,.F.);
#10055=ORIENTED_EDGE('',*,*,#7358,.T.);
#10056=ORIENTED_EDGE('',*,*,#7456,.F.);
#10057=ORIENTED_EDGE('',*,*,#7709,.F.);
#10058=ORIENTED_EDGE('',*,*,#7710,.T.);
#10059=ORIENTED_EDGE('',*,*,#7351,.T.);
#10060=ORIENTED_EDGE('',*,*,#7711,.F.);
#10061=ORIENTED_EDGE('',*,*,#7712,.T.);
#10062=ORIENTED_EDGE('',*,*,#7451,.F.);
#10063=ORIENTED_EDGE('',*,*,#7713,.F.);
#10064=ORIENTED_EDGE('',*,*,#7354,.T.);
#10065=ORIENTED_EDGE('',*,*,#7449,.F.);
#10066=ORIENTED_EDGE('',*,*,#7714,.F.);
#10067=ORIENTED_EDGE('',*,*,#7715,.F.);
#10068=ORIENTED_EDGE('',*,*,#7401,.T.);
#10069=ORIENTED_EDGE('',*,*,#7716,.F.);
#10070=ORIENTED_EDGE('',*,*,#7717,.T.);
#10071=ORIENTED_EDGE('',*,*,#7444,.F.);
#10072=ORIENTED_EDGE('',*,*,#7703,.F.);
#10073=ORIENTED_EDGE('',*,*,#7459,.F.);
#10074=ORIENTED_EDGE('',*,*,#7347,.T.);
#10075=ORIENTED_EDGE('',*,*,#7699,.F.);
#10076=ORIENTED_EDGE('',*,*,#7718,.F.);
#10077=ORIENTED_EDGE('',*,*,#7719,.T.);
#10078=ORIENTED_EDGE('',*,*,#7720,.T.);
#10079=ORIENTED_EDGE('',*,*,#7721,.F.);
#10080=ORIENTED_EDGE('',*,*,#7720,.F.);
#10081=ORIENTED_EDGE('',*,*,#7722,.T.);
#10082=ORIENTED_EDGE('',*,*,#7721,.T.);
#10083=ORIENTED_EDGE('',*,*,#7723,.F.);
#10084=ORIENTED_EDGE('',*,*,#7724,.T.);
#10085=ORIENTED_EDGE('',*,*,#7594,.F.);
#10086=ORIENTED_EDGE('',*,*,#7725,.F.);
#10087=ORIENTED_EDGE('',*,*,#7726,.F.);
#10088=ORIENTED_EDGE('',*,*,#7718,.T.);
#10089=ORIENTED_EDGE('',*,*,#7708,.T.);
#10090=ORIENTED_EDGE('',*,*,#7114,.T.);
#10091=ORIENTED_EDGE('',*,*,#7727,.T.);
#10092=ORIENTED_EDGE('',*,*,#7705,.T.);
#10093=ORIENTED_EDGE('',*,*,#7088,.T.);
#10094=ORIENTED_EDGE('',*,*,#7728,.F.);
#10095=ORIENTED_EDGE('',*,*,#7196,.T.);
#10096=ORIENTED_EDGE('',*,*,#7281,.F.);
#10097=ORIENTED_EDGE('',*,*,#7079,.F.);
#10098=ORIENTED_EDGE('',*,*,#7729,.F.);
#10099=ORIENTED_EDGE('',*,*,#7086,.T.);
#10100=ORIENTED_EDGE('',*,*,#7482,.F.);
#10101=ORIENTED_EDGE('',*,*,#7730,.F.);
#10102=ORIENTED_EDGE('',*,*,#7731,.F.);
#10103=ORIENTED_EDGE('',*,*,#6749,.T.);
#10104=ORIENTED_EDGE('',*,*,#7732,.F.);
#10105=ORIENTED_EDGE('',*,*,#7175,.T.);
#10106=ORIENTED_EDGE('',*,*,#7323,.F.);
#10107=ORIENTED_EDGE('',*,*,#7733,.F.);
#10108=ORIENTED_EDGE('',*,*,#7734,.F.);
#10109=ORIENTED_EDGE('',*,*,#6751,.T.);
#10110=ORIENTED_EDGE('',*,*,#7735,.F.);
#10111=ORIENTED_EDGE('',*,*,#7736,.T.);
#10112=ORIENTED_EDGE('',*,*,#7518,.F.);
#10113=ORIENTED_EDGE('',*,*,#7737,.T.);
#10114=ORIENTED_EDGE('',*,*,#7738,.T.);
#10115=ORIENTED_EDGE('',*,*,#7739,.F.);
#10116=ORIENTED_EDGE('',*,*,#7142,.T.);
#10117=ORIENTED_EDGE('',*,*,#7321,.F.);
#10118=ORIENTED_EDGE('',*,*,#7740,.T.);
#10119=ORIENTED_EDGE('',*,*,#7741,.T.);
#10120=ORIENTED_EDGE('',*,*,#7190,.T.);
#10121=ORIENTED_EDGE('',*,*,#7318,.F.);
#10122=ORIENTED_EDGE('',*,*,#7154,.T.);
#10123=ORIENTED_EDGE('',*,*,#7742,.T.);
#10124=ORIENTED_EDGE('',*,*,#7743,.T.);
#10125=ORIENTED_EDGE('',*,*,#7744,.T.);
#10126=ORIENTED_EDGE('',*,*,#7745,.T.);
#10127=ORIENTED_EDGE('',*,*,#7746,.T.);
#10128=ORIENTED_EDGE('',*,*,#7747,.T.);
#10129=ORIENTED_EDGE('',*,*,#7748,.T.);
#10130=ORIENTED_EDGE('',*,*,#7749,.T.);
#10131=ORIENTED_EDGE('',*,*,#7750,.T.);
#10132=ORIENTED_EDGE('',*,*,#7751,.T.);
#10133=ORIENTED_EDGE('',*,*,#7752,.T.);
#10134=ORIENTED_EDGE('',*,*,#7753,.T.);
#10135=ORIENTED_EDGE('',*,*,#7754,.T.);
#10136=ORIENTED_EDGE('',*,*,#7755,.T.);
#10137=ORIENTED_EDGE('',*,*,#7756,.T.);
#10138=ORIENTED_EDGE('',*,*,#7166,.T.);
#10139=ORIENTED_EDGE('',*,*,#7757,.T.);
#10140=ORIENTED_EDGE('',*,*,#7268,.T.);
#10141=ORIENTED_EDGE('',*,*,#7317,.F.);
#10142=ORIENTED_EDGE('',*,*,#7758,.T.);
#10143=ORIENTED_EDGE('',*,*,#7759,.T.);
#10144=ORIENTED_EDGE('',*,*,#7760,.T.);
#10145=ORIENTED_EDGE('',*,*,#7761,.T.);
#10146=ORIENTED_EDGE('',*,*,#7762,.T.);
#10147=ORIENTED_EDGE('',*,*,#7763,.T.);
#10148=ORIENTED_EDGE('',*,*,#7283,.F.);
#10149=ORIENTED_EDGE('',*,*,#7261,.T.);
#10150=ORIENTED_EDGE('',*,*,#7764,.T.);
#10151=ORIENTED_EDGE('',*,*,#7765,.T.);
#10152=ORIENTED_EDGE('',*,*,#7252,.T.);
#10153=ORIENTED_EDGE('',*,*,#7282,.F.);
#10154=ORIENTED_EDGE('',*,*,#7245,.T.);
#10155=ORIENTED_EDGE('',*,*,#7766,.T.);
#10156=ORIENTED_EDGE('',*,*,#7767,.T.);
#10157=ORIENTED_EDGE('',*,*,#7211,.T.);
#10158=ORIENTED_EDGE('',*,*,#7044,.T.);
#10159=ORIENTED_EDGE('',*,*,#7768,.T.);
#10160=ORIENTED_EDGE('',*,*,#7769,.T.);
#10161=ORIENTED_EDGE('',*,*,#7770,.F.);
#10162=ORIENTED_EDGE('',*,*,#7771,.T.);
#10163=ORIENTED_EDGE('',*,*,#7772,.T.);
#10164=ORIENTED_EDGE('',*,*,#7773,.T.);
#10165=ORIENTED_EDGE('',*,*,#7279,.T.);
#10166=ORIENTED_EDGE('',*,*,#7774,.F.);
#10167=ORIENTED_EDGE('',*,*,#7274,.T.);
#10168=ORIENTED_EDGE('',*,*,#7775,.T.);
#10169=ORIENTED_EDGE('',*,*,#7776,.T.);
#10170=ORIENTED_EDGE('',*,*,#7777,.T.);
#10171=ORIENTED_EDGE('',*,*,#7778,.T.);
#10172=ORIENTED_EDGE('',*,*,#7779,.T.);
#10173=ORIENTED_EDGE('',*,*,#7780,.T.);
#10174=ORIENTED_EDGE('',*,*,#7781,.T.);
#10175=ORIENTED_EDGE('',*,*,#7057,.T.);
#10176=ORIENTED_EDGE('',*,*,#7782,.F.);
#10177=ORIENTED_EDGE('',*,*,#7237,.T.);
#10178=ORIENTED_EDGE('',*,*,#7783,.T.);
#10179=ORIENTED_EDGE('',*,*,#7121,.T.);
#10180=ORIENTED_EDGE('',*,*,#7784,.F.);
#10181=ORIENTED_EDGE('',*,*,#7096,.T.);
#10182=ORIENTED_EDGE('',*,*,#7785,.T.);
#10183=ORIENTED_EDGE('',*,*,#7786,.T.);
#10184=ORIENTED_EDGE('',*,*,#7787,.T.);
#10185=ORIENTED_EDGE('',*,*,#7701,.F.);
#10186=ORIENTED_EDGE('',*,*,#7707,.F.);
#10187=ORIENTED_EDGE('',*,*,#6874,.T.);
#10188=ORIENTED_EDGE('',*,*,#6877,.T.);
#10189=ORIENTED_EDGE('',*,*,#7722,.F.);
#10190=ORIENTED_EDGE('',*,*,#7719,.F.);
#10191=ORIENTED_EDGE('',*,*,#7726,.T.);
#10192=ORIENTED_EDGE('',*,*,#7788,.T.);
#10193=ORIENTED_EDGE('',*,*,#7789,.T.);
#10194=ORIENTED_EDGE('',*,*,#7790,.T.);
#10195=ORIENTED_EDGE('',*,*,#7791,.T.);
#10196=ORIENTED_EDGE('',*,*,#7792,.T.);
#10197=ORIENTED_EDGE('',*,*,#7723,.T.);
#10198=ORIENTED_EDGE('',*,*,#7087,.F.);
#10199=ORIENTED_EDGE('',*,*,#7731,.T.);
#10200=ORIENTED_EDGE('',*,*,#7793,.T.);
#10201=ORIENTED_EDGE('',*,*,#7197,.T.);
#10202=ORIENTED_EDGE('',*,*,#7728,.T.);
#10203=ORIENTED_EDGE('',*,*,#6748,.F.);
#10204=ORIENTED_EDGE('',*,*,#7176,.T.);
#10205=ORIENTED_EDGE('',*,*,#7732,.T.);
#10206=ORIENTED_EDGE('',*,*,#7794,.T.);
#10207=ORIENTED_EDGE('',*,*,#7795,.T.);
#10208=ORIENTED_EDGE('',*,*,#7796,.T.);
#10209=ORIENTED_EDGE('',*,*,#7797,.T.);
#10210=ORIENTED_EDGE('',*,*,#7798,.T.);
#10211=ORIENTED_EDGE('',*,*,#7799,.T.);
#10212=ORIENTED_EDGE('',*,*,#7800,.T.);
#10213=ORIENTED_EDGE('',*,*,#7801,.T.);
#10214=ORIENTED_EDGE('',*,*,#7802,.T.);
#10215=ORIENTED_EDGE('',*,*,#7803,.T.);
#10216=ORIENTED_EDGE('',*,*,#7804,.T.);
#10217=ORIENTED_EDGE('',*,*,#7805,.T.);
#10218=ORIENTED_EDGE('',*,*,#7806,.T.);
#10219=ORIENTED_EDGE('',*,*,#7807,.T.);
#10220=ORIENTED_EDGE('',*,*,#7808,.T.);
#10221=ORIENTED_EDGE('',*,*,#7809,.T.);
#10222=ORIENTED_EDGE('',*,*,#7810,.T.);
#10223=ORIENTED_EDGE('',*,*,#7811,.T.);
#10224=ORIENTED_EDGE('',*,*,#7812,.T.);
#10225=ORIENTED_EDGE('',*,*,#7813,.T.);
#10226=ORIENTED_EDGE('',*,*,#7814,.T.);
#10227=ORIENTED_EDGE('',*,*,#7815,.T.);
#10228=ORIENTED_EDGE('',*,*,#7816,.T.);
#10229=ORIENTED_EDGE('',*,*,#7817,.T.);
#10230=ORIENTED_EDGE('',*,*,#7818,.T.);
#10231=ORIENTED_EDGE('',*,*,#7819,.T.);
#10232=ORIENTED_EDGE('',*,*,#7820,.T.);
#10233=ORIENTED_EDGE('',*,*,#7821,.T.);
#10234=ORIENTED_EDGE('',*,*,#7070,.T.);
#10235=ORIENTED_EDGE('',*,*,#7822,.T.);
#10236=ORIENTED_EDGE('',*,*,#7823,.T.);
#10237=ORIENTED_EDGE('',*,*,#7824,.T.);
#10238=ORIENTED_EDGE('',*,*,#7825,.T.);
#10239=ORIENTED_EDGE('',*,*,#7826,.T.);
#10240=ORIENTED_EDGE('',*,*,#7827,.T.);
#10241=ORIENTED_EDGE('',*,*,#7828,.T.);
#10242=ORIENTED_EDGE('',*,*,#7829,.T.);
#10243=ORIENTED_EDGE('',*,*,#7830,.T.);
#10244=ORIENTED_EDGE('',*,*,#7831,.T.);
#10245=ORIENTED_EDGE('',*,*,#7832,.T.);
#10246=ORIENTED_EDGE('',*,*,#7833,.T.);
#10247=ORIENTED_EDGE('',*,*,#7834,.T.);
#10248=ORIENTED_EDGE('',*,*,#7835,.T.);
#10249=ORIENTED_EDGE('',*,*,#7159,.T.);
#10250=ORIENTED_EDGE('',*,*,#7836,.T.);
#10251=ORIENTED_EDGE('',*,*,#7185,.T.);
#10252=ORIENTED_EDGE('',*,*,#7837,.T.);
#10253=ORIENTED_EDGE('',*,*,#7838,.T.);
#10254=ORIENTED_EDGE('',*,*,#7839,.T.);
#10255=ORIENTED_EDGE('',*,*,#7840,.T.);
#10256=ORIENTED_EDGE('',*,*,#7841,.T.);
#10257=ORIENTED_EDGE('',*,*,#7842,.T.);
#10258=ORIENTED_EDGE('',*,*,#7843,.T.);
#10259=ORIENTED_EDGE('',*,*,#7844,.T.);
#10260=ORIENTED_EDGE('',*,*,#7845,.T.);
#10261=ORIENTED_EDGE('',*,*,#7846,.T.);
#10262=ORIENTED_EDGE('',*,*,#7847,.T.);
#10263=ORIENTED_EDGE('',*,*,#7848,.T.);
#10264=ORIENTED_EDGE('',*,*,#7849,.T.);
#10265=ORIENTED_EDGE('',*,*,#7850,.T.);
#10266=ORIENTED_EDGE('',*,*,#7851,.T.);
#10267=ORIENTED_EDGE('',*,*,#7852,.T.);
#10268=ORIENTED_EDGE('',*,*,#7853,.T.);
#10269=ORIENTED_EDGE('',*,*,#7038,.T.);
#10270=ORIENTED_EDGE('',*,*,#7854,.T.);
#10271=ORIENTED_EDGE('',*,*,#7052,.T.);
#10272=ORIENTED_EDGE('',*,*,#7855,.T.);
#10273=ORIENTED_EDGE('',*,*,#7856,.T.);
#10274=ORIENTED_EDGE('',*,*,#7857,.T.);
#10275=ORIENTED_EDGE('',*,*,#7858,.T.);
#10276=ORIENTED_EDGE('',*,*,#7859,.T.);
#10277=ORIENTED_EDGE('',*,*,#7860,.T.);
#10278=ORIENTED_EDGE('',*,*,#7861,.T.);
#10279=ORIENTED_EDGE('',*,*,#7862,.T.);
#10280=ORIENTED_EDGE('',*,*,#7863,.T.);
#10281=ORIENTED_EDGE('',*,*,#7864,.T.);
#10282=ORIENTED_EDGE('',*,*,#7865,.T.);
#10283=ORIENTED_EDGE('',*,*,#7866,.T.);
#10284=ORIENTED_EDGE('',*,*,#7867,.T.);
#10285=ORIENTED_EDGE('',*,*,#7868,.T.);
#10286=ORIENTED_EDGE('',*,*,#7869,.T.);
#10287=ORIENTED_EDGE('',*,*,#7870,.T.);
#10288=ORIENTED_EDGE('',*,*,#7871,.T.);
#10289=ORIENTED_EDGE('',*,*,#7872,.T.);
#10290=ORIENTED_EDGE('',*,*,#7873,.T.);
#10291=ORIENTED_EDGE('',*,*,#7874,.T.);
#10292=ORIENTED_EDGE('',*,*,#7875,.T.);
#10293=ORIENTED_EDGE('',*,*,#7876,.T.);
#10294=ORIENTED_EDGE('',*,*,#7877,.T.);
#10295=ORIENTED_EDGE('',*,*,#7878,.T.);
#10296=ORIENTED_EDGE('',*,*,#7879,.T.);
#10297=ORIENTED_EDGE('',*,*,#7880,.T.);
#10298=ORIENTED_EDGE('',*,*,#7881,.T.);
#10299=ORIENTED_EDGE('',*,*,#7882,.T.);
#10300=ORIENTED_EDGE('',*,*,#7883,.T.);
#10301=ORIENTED_EDGE('',*,*,#7884,.T.);
#10302=ORIENTED_EDGE('',*,*,#7885,.T.);
#10303=ORIENTED_EDGE('',*,*,#7886,.T.);
#10304=ORIENTED_EDGE('',*,*,#7887,.T.);
#10305=ORIENTED_EDGE('',*,*,#7888,.T.);
#10306=ORIENTED_EDGE('',*,*,#7889,.T.);
#10307=ORIENTED_EDGE('',*,*,#7890,.T.);
#10308=ORIENTED_EDGE('',*,*,#7891,.T.);
#10309=ORIENTED_EDGE('',*,*,#7892,.T.);
#10310=ORIENTED_EDGE('',*,*,#7893,.T.);
#10311=ORIENTED_EDGE('',*,*,#7894,.T.);
#10312=ORIENTED_EDGE('',*,*,#7895,.T.);
#10313=ORIENTED_EDGE('',*,*,#7896,.T.);
#10314=ORIENTED_EDGE('',*,*,#7897,.T.);
#10315=ORIENTED_EDGE('',*,*,#7898,.T.);
#10316=ORIENTED_EDGE('',*,*,#7899,.T.);
#10317=ORIENTED_EDGE('',*,*,#7900,.T.);
#10318=ORIENTED_EDGE('',*,*,#7901,.T.);
#10319=ORIENTED_EDGE('',*,*,#7902,.T.);
#10320=ORIENTED_EDGE('',*,*,#7903,.T.);
#10321=ORIENTED_EDGE('',*,*,#7904,.T.);
#10322=ORIENTED_EDGE('',*,*,#7905,.T.);
#10323=ORIENTED_EDGE('',*,*,#7906,.T.);
#10324=ORIENTED_EDGE('',*,*,#7907,.T.);
#10325=ORIENTED_EDGE('',*,*,#7908,.T.);
#10326=ORIENTED_EDGE('',*,*,#7909,.T.);
#10327=ORIENTED_EDGE('',*,*,#7910,.T.);
#10328=ORIENTED_EDGE('',*,*,#7911,.T.);
#10329=ORIENTED_EDGE('',*,*,#7912,.T.);
#10330=ORIENTED_EDGE('',*,*,#7913,.T.);
#10331=ORIENTED_EDGE('',*,*,#7914,.T.);
#10332=ORIENTED_EDGE('',*,*,#7915,.T.);
#10333=ORIENTED_EDGE('',*,*,#7916,.T.);
#10334=ORIENTED_EDGE('',*,*,#7917,.T.);
#10335=ORIENTED_EDGE('',*,*,#7918,.T.);
#10336=ORIENTED_EDGE('',*,*,#7919,.T.);
#10337=ORIENTED_EDGE('',*,*,#7920,.T.);
#10338=ORIENTED_EDGE('',*,*,#7921,.T.);
#10339=ORIENTED_EDGE('',*,*,#7922,.T.);
#10340=ORIENTED_EDGE('',*,*,#7923,.T.);
#10341=ORIENTED_EDGE('',*,*,#7924,.T.);
#10342=ORIENTED_EDGE('',*,*,#7925,.T.);
#10343=ORIENTED_EDGE('',*,*,#7926,.T.);
#10344=ORIENTED_EDGE('',*,*,#7927,.T.);
#10345=ORIENTED_EDGE('',*,*,#7928,.T.);
#10346=ORIENTED_EDGE('',*,*,#7929,.T.);
#10347=ORIENTED_EDGE('',*,*,#7930,.T.);
#10348=ORIENTED_EDGE('',*,*,#7931,.T.);
#10349=ORIENTED_EDGE('',*,*,#7932,.T.);
#10350=ORIENTED_EDGE('',*,*,#7933,.T.);
#10351=ORIENTED_EDGE('',*,*,#7934,.T.);
#10352=ORIENTED_EDGE('',*,*,#7935,.T.);
#10353=ORIENTED_EDGE('',*,*,#7936,.T.);
#10354=ORIENTED_EDGE('',*,*,#7937,.T.);
#10355=ORIENTED_EDGE('',*,*,#7938,.T.);
#10356=ORIENTED_EDGE('',*,*,#7939,.T.);
#10357=ORIENTED_EDGE('',*,*,#7940,.T.);
#10358=ORIENTED_EDGE('',*,*,#7941,.T.);
#10359=ORIENTED_EDGE('',*,*,#7942,.T.);
#10360=ORIENTED_EDGE('',*,*,#7943,.T.);
#10361=ORIENTED_EDGE('',*,*,#7944,.T.);
#10362=ORIENTED_EDGE('',*,*,#7945,.T.);
#10363=ORIENTED_EDGE('',*,*,#7946,.T.);
#10364=ORIENTED_EDGE('',*,*,#7947,.T.);
#10365=ORIENTED_EDGE('',*,*,#7948,.T.);
#10366=ORIENTED_EDGE('',*,*,#7949,.T.);
#10367=ORIENTED_EDGE('',*,*,#7950,.T.);
#10368=ORIENTED_EDGE('',*,*,#7951,.T.);
#10369=ORIENTED_EDGE('',*,*,#7952,.T.);
#10370=ORIENTED_EDGE('',*,*,#7953,.T.);
#10371=ORIENTED_EDGE('',*,*,#7954,.T.);
#10372=ORIENTED_EDGE('',*,*,#7955,.T.);
#10373=ORIENTED_EDGE('',*,*,#7956,.T.);
#10374=ORIENTED_EDGE('',*,*,#7957,.T.);
#10375=ORIENTED_EDGE('',*,*,#7958,.T.);
#10376=ORIENTED_EDGE('',*,*,#7959,.T.);
#10377=ORIENTED_EDGE('',*,*,#7960,.T.);
#10378=ORIENTED_EDGE('',*,*,#7961,.T.);
#10379=ORIENTED_EDGE('',*,*,#7962,.T.);
#10380=ORIENTED_EDGE('',*,*,#7231,.T.);
#10381=ORIENTED_EDGE('',*,*,#7734,.T.);
#10382=ORIENTED_EDGE('',*,*,#7963,.T.);
#10383=ORIENTED_EDGE('',*,*,#7735,.T.);
#10384=ORIENTED_EDGE('',*,*,#6750,.F.);
#10385=ORIENTED_EDGE('',*,*,#7729,.T.);
#10386=ORIENTED_EDGE('',*,*,#7078,.T.);
#10387=ORIENTED_EDGE('',*,*,#7089,.F.);
#10388=ORIENTED_EDGE('',*,*,#7964,.T.);
#10389=ORIENTED_EDGE('',*,*,#7965,.T.);
#10390=ORIENTED_EDGE('',*,*,#7966,.T.);
#10391=ORIENTED_EDGE('',*,*,#7967,.T.);
#10392=ORIENTED_EDGE('',*,*,#7968,.T.);
#10393=ORIENTED_EDGE('',*,*,#7969,.T.);
#10394=ORIENTED_EDGE('',*,*,#7711,.T.);
#10395=ORIENTED_EDGE('',*,*,#7350,.F.);
#10396=ORIENTED_EDGE('',*,*,#7409,.F.);
#10397=ORIENTED_EDGE('',*,*,#7137,.T.);
#10398=ORIENTED_EDGE('',*,*,#7970,.T.);
#10399=ORIENTED_EDGE('',*,*,#7391,.T.);
#10400=ORIENTED_EDGE('',*,*,#7400,.F.);
#10401=ORIENTED_EDGE('',*,*,#7394,.F.);
#10402=ORIENTED_EDGE('',*,*,#7355,.F.);
#10403=ORIENTED_EDGE('',*,*,#7715,.T.);
#10404=ORIENTED_EDGE('',*,*,#7971,.T.);
#10405=ORIENTED_EDGE('',*,*,#7972,.T.);
#10406=ORIENTED_EDGE('',*,*,#7973,.T.);
#10407=ORIENTED_EDGE('',*,*,#7974,.T.);
#10408=ORIENTED_EDGE('',*,*,#7716,.T.);
#10409=ORIENTED_EDGE('',*,*,#7404,.F.);
#10410=ORIENTED_EDGE('',*,*,#7690,.T.);
#10411=ORIENTED_EDGE('',*,*,#7686,.T.);
#10412=ORIENTED_EDGE('',*,*,#7975,.T.);
#10413=ORIENTED_EDGE('',*,*,#7976,.T.);
#10414=ORIENTED_EDGE('',*,*,#7977,.T.);
#10415=ORIENTED_EDGE('',*,*,#7978,.T.);
#10416=ORIENTED_EDGE('',*,*,#7979,.T.);
#10417=ORIENTED_EDGE('',*,*,#7681,.T.);
#10418=ORIENTED_EDGE('',*,*,#7418,.F.);
#10419=ORIENTED_EDGE('',*,*,#7980,.T.);
#10420=ORIENTED_EDGE('',*,*,#7981,.T.);
#10421=ORIENTED_EDGE('',*,*,#7982,.T.);
#10422=ORIENTED_EDGE('',*,*,#7983,.T.);
#10423=ORIENTED_EDGE('',*,*,#7984,.T.);
#10424=ORIENTED_EDGE('',*,*,#7985,.T.);
#10425=ORIENTED_EDGE('',*,*,#7986,.T.);
#10426=ORIENTED_EDGE('',*,*,#7987,.T.);
#10427=ORIENTED_EDGE('',*,*,#7988,.T.);
#10428=ORIENTED_EDGE('',*,*,#7989,.T.);
#10429=ORIENTED_EDGE('',*,*,#7990,.T.);
#10430=ORIENTED_EDGE('',*,*,#7991,.T.);
#10431=ORIENTED_EDGE('',*,*,#7992,.T.);
#10432=ORIENTED_EDGE('',*,*,#7993,.T.);
#10433=ORIENTED_EDGE('',*,*,#7994,.T.);
#10434=ORIENTED_EDGE('',*,*,#7683,.T.);
#10435=ORIENTED_EDGE('',*,*,#7995,.T.);
#10436=ORIENTED_EDGE('',*,*,#7996,.T.);
#10437=ORIENTED_EDGE('',*,*,#7679,.T.);
#10438=ORIENTED_EDGE('',*,*,#7411,.F.);
#10439=ORIENTED_EDGE('',*,*,#6883,.T.);
#10440=ORIENTED_EDGE('',*,*,#6880,.T.);
#10441=ORIENTED_EDGE('',*,*,#6836,.T.);
#10442=ORIENTED_EDGE('',*,*,#6833,.T.);
#10443=ORIENTED_EDGE('',*,*,#6830,.T.);
#10444=ORIENTED_EDGE('',*,*,#7706,.T.);
#10445=ORIENTED_EDGE('',*,*,#7727,.F.);
#10446=ORIENTED_EDGE('',*,*,#7113,.F.);
#10447=ORIENTED_EDGE('',*,*,#7997,.F.);
#10448=ORIENTED_EDGE('',*,*,#7737,.F.);
#10449=ORIENTED_EDGE('',*,*,#7702,.T.);
#10450=ORIENTED_EDGE('',*,*,#7787,.F.);
#10451=ORIENTED_EDGE('',*,*,#7998,.T.);
#10452=ORIENTED_EDGE('',*,*,#7461,.F.);
#10453=ORIENTED_EDGE('',*,*,#7410,.T.);
#10454=ORIENTED_EDGE('',*,*,#7423,.F.);
#10455=ORIENTED_EDGE('',*,*,#7999,.F.);
#10456=ORIENTED_EDGE('',*,*,#7995,.F.);
#10457=ORIENTED_EDGE('',*,*,#7996,.F.);
#10458=ORIENTED_EDGE('',*,*,#7999,.T.);
#10459=ORIENTED_EDGE('',*,*,#7422,.F.);
#10460=ORIENTED_EDGE('',*,*,#7680,.F.);
#10461=ORIENTED_EDGE('',*,*,#7786,.F.);
#10462=ORIENTED_EDGE('',*,*,#8000,.T.);
#10463=ORIENTED_EDGE('',*,*,#7462,.F.);
#10464=ORIENTED_EDGE('',*,*,#7998,.F.);
#10465=ORIENTED_EDGE('',*,*,#7785,.F.);
#10466=ORIENTED_EDGE('',*,*,#7095,.T.);
#10467=ORIENTED_EDGE('',*,*,#7463,.F.);
#10468=ORIENTED_EDGE('',*,*,#8000,.F.);
#10469=ORIENTED_EDGE('',*,*,#6978,.T.);
#10470=ORIENTED_EDGE('',*,*,#7098,.F.);
#10471=ORIENTED_EDGE('',*,*,#8001,.F.);
#10472=ORIENTED_EDGE('',*,*,#8002,.T.);
#10473=ORIENTED_EDGE('',*,*,#6979,.T.);
#10474=ORIENTED_EDGE('',*,*,#8002,.F.);
#10475=ORIENTED_EDGE('',*,*,#8003,.F.);
#10476=ORIENTED_EDGE('',*,*,#7738,.F.);
#10477=ORIENTED_EDGE('',*,*,#7997,.T.);
#10478=ORIENTED_EDGE('',*,*,#7112,.F.);
#10479=ORIENTED_EDGE('',*,*,#6963,.T.);
#10480=ORIENTED_EDGE('',*,*,#7301,.F.);
#10481=ORIENTED_EDGE('',*,*,#7519,.F.);
#10482=ORIENTED_EDGE('',*,*,#7736,.F.);
#10483=ORIENTED_EDGE('',*,*,#7963,.F.);
#10484=ORIENTED_EDGE('',*,*,#7733,.T.);
#10485=ORIENTED_EDGE('',*,*,#7322,.F.);
#10486=ORIENTED_EDGE('',*,*,#7145,.T.);
#10487=ORIENTED_EDGE('',*,*,#6905,.T.);
#10488=ORIENTED_EDGE('',*,*,#7991,.F.);
#10489=ORIENTED_EDGE('',*,*,#8004,.T.);
#10490=ORIENTED_EDGE('',*,*,#7428,.F.);
#10491=ORIENTED_EDGE('',*,*,#8005,.F.);
#10492=ORIENTED_EDGE('',*,*,#7694,.F.);
#10493=ORIENTED_EDGE('',*,*,#8006,.F.);
#10494=ORIENTED_EDGE('',*,*,#7981,.F.);
#10495=ORIENTED_EDGE('',*,*,#8007,.F.);
#10496=ORIENTED_EDGE('',*,*,#7990,.F.);
#10497=ORIENTED_EDGE('',*,*,#8008,.F.);
#10498=ORIENTED_EDGE('',*,*,#7429,.F.);
#10499=ORIENTED_EDGE('',*,*,#8004,.F.);
#10500=ORIENTED_EDGE('',*,*,#7692,.F.);
#10501=ORIENTED_EDGE('',*,*,#8009,.F.);
#10502=ORIENTED_EDGE('',*,*,#7983,.F.);
#10503=ORIENTED_EDGE('',*,*,#8010,.T.);
#10504=ORIENTED_EDGE('',*,*,#7693,.F.);
#10505=ORIENTED_EDGE('',*,*,#8010,.F.);
#10506=ORIENTED_EDGE('',*,*,#7982,.F.);
#10507=ORIENTED_EDGE('',*,*,#8006,.T.);
#10508=ORIENTED_EDGE('',*,*,#8005,.T.);
#10509=ORIENTED_EDGE('',*,*,#7427,.F.);
#10510=ORIENTED_EDGE('',*,*,#8011,.F.);
#10511=ORIENTED_EDGE('',*,*,#7992,.F.);
#10512=ORIENTED_EDGE('',*,*,#7417,.T.);
#10513=ORIENTED_EDGE('',*,*,#7695,.F.);
#10514=ORIENTED_EDGE('',*,*,#8007,.T.);
#10515=ORIENTED_EDGE('',*,*,#7980,.F.);
#10516=ORIENTED_EDGE('',*,*,#7414,.T.);
#10517=ORIENTED_EDGE('',*,*,#7434,.F.);
#10518=ORIENTED_EDGE('',*,*,#8012,.F.);
#10519=ORIENTED_EDGE('',*,*,#7985,.F.);
#10520=ORIENTED_EDGE('',*,*,#8013,.T.);
#10521=ORIENTED_EDGE('',*,*,#7415,.T.);
#10522=ORIENTED_EDGE('',*,*,#8013,.F.);
#10523=ORIENTED_EDGE('',*,*,#7984,.F.);
#10524=ORIENTED_EDGE('',*,*,#8009,.T.);
#10525=ORIENTED_EDGE('',*,*,#7691,.F.);
#10526=ORIENTED_EDGE('',*,*,#8008,.T.);
#10527=ORIENTED_EDGE('',*,*,#7989,.F.);
#10528=ORIENTED_EDGE('',*,*,#8014,.T.);
#10529=ORIENTED_EDGE('',*,*,#7430,.F.);
#10530=ORIENTED_EDGE('',*,*,#7431,.F.);
#10531=ORIENTED_EDGE('',*,*,#8014,.F.);
#10532=ORIENTED_EDGE('',*,*,#7988,.F.);
#10533=ORIENTED_EDGE('',*,*,#8015,.T.);
#10534=ORIENTED_EDGE('',*,*,#7432,.F.);
#10535=ORIENTED_EDGE('',*,*,#8015,.F.);
#10536=ORIENTED_EDGE('',*,*,#7987,.F.);
#10537=ORIENTED_EDGE('',*,*,#8016,.T.);
#10538=ORIENTED_EDGE('',*,*,#7433,.F.);
#10539=ORIENTED_EDGE('',*,*,#8016,.F.);
#10540=ORIENTED_EDGE('',*,*,#7986,.F.);
#10541=ORIENTED_EDGE('',*,*,#8012,.T.);
#10542=ORIENTED_EDGE('',*,*,#7407,.T.);
#10543=ORIENTED_EDGE('',*,*,#7688,.F.);
#10544=ORIENTED_EDGE('',*,*,#7689,.T.);
#10545=ORIENTED_EDGE('',*,*,#7442,.F.);
#10546=ORIENTED_EDGE('',*,*,#7359,.T.);
#10547=ORIENTED_EDGE('',*,*,#7710,.F.);
#10548=ORIENTED_EDGE('',*,*,#8017,.F.);
#10549=ORIENTED_EDGE('',*,*,#7965,.F.);
#10550=ORIENTED_EDGE('',*,*,#8018,.T.);
#10551=ORIENTED_EDGE('',*,*,#7457,.F.);
#10552=ORIENTED_EDGE('',*,*,#7349,.T.);
#10553=ORIENTED_EDGE('',*,*,#7458,.F.);
#10554=ORIENTED_EDGE('',*,*,#8018,.F.);
#10555=ORIENTED_EDGE('',*,*,#7964,.F.);
#10556=ORIENTED_EDGE('',*,*,#8017,.T.);
#10557=ORIENTED_EDGE('',*,*,#7709,.T.);
#10558=ORIENTED_EDGE('',*,*,#7455,.F.);
#10559=ORIENTED_EDGE('',*,*,#8019,.F.);
#10560=ORIENTED_EDGE('',*,*,#7966,.F.);
#10561=ORIENTED_EDGE('',*,*,#7954,.F.);
#10562=ORIENTED_EDGE('',*,*,#7230,.T.);
#10563=ORIENTED_EDGE('',*,*,#7517,.F.);
#10564=ORIENTED_EDGE('',*,*,#8020,.F.);
#10565=ORIENTED_EDGE('',*,*,#7960,.F.);
#10566=ORIENTED_EDGE('',*,*,#8021,.F.);
#10567=ORIENTED_EDGE('',*,*,#7511,.F.);
#10568=ORIENTED_EDGE('',*,*,#8022,.F.);
#10569=ORIENTED_EDGE('',*,*,#7962,.F.);
#10570=ORIENTED_EDGE('',*,*,#8023,.T.);
#10571=ORIENTED_EDGE('',*,*,#7311,.F.);
#10572=ORIENTED_EDGE('',*,*,#7232,.F.);
#10573=ORIENTED_EDGE('',*,*,#6922,.T.);
#10574=ORIENTED_EDGE('',*,*,#7181,.T.);
#10575=ORIENTED_EDGE('',*,*,#7312,.F.);
#10576=ORIENTED_EDGE('',*,*,#8023,.F.);
#10577=ORIENTED_EDGE('',*,*,#7961,.F.);
#10578=ORIENTED_EDGE('',*,*,#8022,.T.);
#10579=ORIENTED_EDGE('',*,*,#7510,.F.);
#10580=ORIENTED_EDGE('',*,*,#7303,.F.);
#10581=ORIENTED_EDGE('',*,*,#6961,.T.);
#10582=ORIENTED_EDGE('',*,*,#8020,.T.);
#10583=ORIENTED_EDGE('',*,*,#7516,.F.);
#10584=ORIENTED_EDGE('',*,*,#8024,.F.);
#10585=ORIENTED_EDGE('',*,*,#7955,.F.);
#10586=ORIENTED_EDGE('',*,*,#6902,.T.);
#10587=ORIENTED_EDGE('',*,*,#8025,.F.);
#10588=ORIENTED_EDGE('',*,*,#7319,.F.);
#10589=ORIENTED_EDGE('',*,*,#7188,.T.);
#10590=ORIENTED_EDGE('',*,*,#7437,.F.);
#10591=ORIENTED_EDGE('',*,*,#8026,.F.);
#10592=ORIENTED_EDGE('',*,*,#7978,.F.);
#10593=ORIENTED_EDGE('',*,*,#8027,.T.);
#10594=ORIENTED_EDGE('',*,*,#7438,.F.);
#10595=ORIENTED_EDGE('',*,*,#8027,.F.);
#10596=ORIENTED_EDGE('',*,*,#7977,.F.);
#10597=ORIENTED_EDGE('',*,*,#8028,.T.);
#10598=ORIENTED_EDGE('',*,*,#7439,.F.);
#10599=ORIENTED_EDGE('',*,*,#8028,.F.);
#10600=ORIENTED_EDGE('',*,*,#7976,.F.);
#10601=ORIENTED_EDGE('',*,*,#8029,.T.);
#10602=ORIENTED_EDGE('',*,*,#7440,.F.);
#10603=ORIENTED_EDGE('',*,*,#8029,.F.);
#10604=ORIENTED_EDGE('',*,*,#7975,.F.);
#10605=ORIENTED_EDGE('',*,*,#7685,.T.);
#10606=ORIENTED_EDGE('',*,*,#7452,.F.);
#10607=ORIENTED_EDGE('',*,*,#7712,.F.);
#10608=ORIENTED_EDGE('',*,*,#7969,.F.);
#10609=ORIENTED_EDGE('',*,*,#8030,.T.);
#10610=ORIENTED_EDGE('',*,*,#7453,.F.);
#10611=ORIENTED_EDGE('',*,*,#8030,.F.);
#10612=ORIENTED_EDGE('',*,*,#7968,.F.);
#10613=ORIENTED_EDGE('',*,*,#8031,.T.);
#10614=ORIENTED_EDGE('',*,*,#7454,.F.);
#10615=ORIENTED_EDGE('',*,*,#8031,.F.);
#10616=ORIENTED_EDGE('',*,*,#7967,.F.);
#10617=ORIENTED_EDGE('',*,*,#8019,.T.);
#10618=ORIENTED_EDGE('',*,*,#7776,.F.);
#10619=ORIENTED_EDGE('',*,*,#8032,.T.);
#10620=ORIENTED_EDGE('',*,*,#7472,.F.);
#10621=ORIENTED_EDGE('',*,*,#8033,.F.);
#10622=ORIENTED_EDGE('',*,*,#7775,.F.);
#10623=ORIENTED_EDGE('',*,*,#7273,.T.);
#10624=ORIENTED_EDGE('',*,*,#6791,.F.);
#10625=ORIENTED_EDGE('',*,*,#7473,.F.);
#10626=ORIENTED_EDGE('',*,*,#8032,.F.);
#10627=ORIENTED_EDGE('',*,*,#7131,.T.);
#10628=ORIENTED_EDGE('',*,*,#7129,.T.);
#10629=ORIENTED_EDGE('',*,*,#7235,.T.);
#10630=ORIENTED_EDGE('',*,*,#7238,.T.);
#10631=ORIENTED_EDGE('',*,*,#7782,.T.);
#10632=ORIENTED_EDGE('',*,*,#7056,.T.);
#10633=ORIENTED_EDGE('',*,*,#7061,.T.);
#10634=ORIENTED_EDGE('',*,*,#7272,.T.);
#10635=ORIENTED_EDGE('',*,*,#7275,.T.);
#10636=ORIENTED_EDGE('',*,*,#7774,.T.);
#10637=ORIENTED_EDGE('',*,*,#7278,.T.);
#10638=ORIENTED_EDGE('',*,*,#8034,.T.);
#10639=ORIENTED_EDGE('',*,*,#8035,.T.);
#10640=ORIENTED_EDGE('',*,*,#7770,.T.);
#10641=ORIENTED_EDGE('',*,*,#8036,.F.);
#10642=ORIENTED_EDGE('',*,*,#8037,.T.);
#10643=ORIENTED_EDGE('',*,*,#7042,.T.);
#10644=ORIENTED_EDGE('',*,*,#7048,.T.);
#10645=ORIENTED_EDGE('',*,*,#7054,.T.);
#10646=ORIENTED_EDGE('',*,*,#8038,.T.);
#10647=ORIENTED_EDGE('',*,*,#7036,.T.);
#10648=ORIENTED_EDGE('',*,*,#6764,.T.);
#10649=ORIENTED_EDGE('',*,*,#6761,.T.);
#10650=ORIENTED_EDGE('',*,*,#6758,.T.);
#10651=ORIENTED_EDGE('',*,*,#6770,.T.);
#10652=ORIENTED_EDGE('',*,*,#8033,.T.);
#10653=ORIENTED_EDGE('',*,*,#7471,.F.);
#10654=ORIENTED_EDGE('',*,*,#8039,.F.);
#10655=ORIENTED_EDGE('',*,*,#7777,.F.);
#10656=ORIENTED_EDGE('',*,*,#7520,.F.);
#10657=ORIENTED_EDGE('',*,*,#8040,.F.);
#10658=ORIENTED_EDGE('',*,*,#7837,.F.);
#10659=ORIENTED_EDGE('',*,*,#8041,.F.);
#10660=ORIENTED_EDGE('',*,*,#7535,.F.);
#10661=ORIENTED_EDGE('',*,*,#8042,.F.);
#10662=ORIENTED_EDGE('',*,*,#7838,.F.);
#10663=ORIENTED_EDGE('',*,*,#8040,.T.);
#10664=ORIENTED_EDGE('',*,*,#7534,.F.);
#10665=ORIENTED_EDGE('',*,*,#8043,.F.);
#10666=ORIENTED_EDGE('',*,*,#7839,.F.);
#10667=ORIENTED_EDGE('',*,*,#8042,.T.);
#10668=ORIENTED_EDGE('',*,*,#7847,.F.);
#10669=ORIENTED_EDGE('',*,*,#8044,.F.);
#10670=ORIENTED_EDGE('',*,*,#7526,.F.);
#10671=ORIENTED_EDGE('',*,*,#8045,.F.);
#10672=ORIENTED_EDGE('',*,*,#7533,.F.);
#10673=ORIENTED_EDGE('',*,*,#8046,.F.);
#10674=ORIENTED_EDGE('',*,*,#7840,.F.);
#10675=ORIENTED_EDGE('',*,*,#8043,.T.);
#10676=ORIENTED_EDGE('',*,*,#8041,.T.);
#10677=ORIENTED_EDGE('',*,*,#7852,.F.);
#10678=ORIENTED_EDGE('',*,*,#8047,.T.);
#10679=ORIENTED_EDGE('',*,*,#7521,.F.);
#10680=ORIENTED_EDGE('',*,*,#8044,.T.);
#10681=ORIENTED_EDGE('',*,*,#7846,.F.);
#10682=ORIENTED_EDGE('',*,*,#8048,.T.);
#10683=ORIENTED_EDGE('',*,*,#7527,.F.);
#10684=ORIENTED_EDGE('',*,*,#7676,.F.);
#10685=ORIENTED_EDGE('',*,*,#8049,.F.);
#10686=ORIENTED_EDGE('',*,*,#7797,.F.);
#10687=ORIENTED_EDGE('',*,*,#8050,.T.);
#10688=ORIENTED_EDGE('',*,*,#7677,.F.);
#10689=ORIENTED_EDGE('',*,*,#8050,.F.);
#10690=ORIENTED_EDGE('',*,*,#7796,.F.);
#10691=ORIENTED_EDGE('',*,*,#8051,.T.);
#10692=ORIENTED_EDGE('',*,*,#7678,.F.);
#10693=ORIENTED_EDGE('',*,*,#8051,.F.);
#10694=ORIENTED_EDGE('',*,*,#7795,.F.);
#10695=ORIENTED_EDGE('',*,*,#8052,.T.);
#10696=ORIENTED_EDGE('',*,*,#7673,.F.);
#10697=ORIENTED_EDGE('',*,*,#8052,.F.);
#10698=ORIENTED_EDGE('',*,*,#7794,.F.);
#10699=ORIENTED_EDGE('',*,*,#8053,.T.);
#10700=ORIENTED_EDGE('',*,*,#7674,.F.);
#10701=ORIENTED_EDGE('',*,*,#8053,.F.);
#10702=ORIENTED_EDGE('',*,*,#7799,.F.);
#10703=ORIENTED_EDGE('',*,*,#8054,.T.);
#10704=ORIENTED_EDGE('',*,*,#7675,.F.);
#10705=ORIENTED_EDGE('',*,*,#8054,.F.);
#10706=ORIENTED_EDGE('',*,*,#7798,.F.);
#10707=ORIENTED_EDGE('',*,*,#8049,.T.);
#10708=ORIENTED_EDGE('',*,*,#8037,.F.);
#10709=ORIENTED_EDGE('',*,*,#8055,.F.);
#10710=ORIENTED_EDGE('',*,*,#7768,.F.);
#10711=ORIENTED_EDGE('',*,*,#7043,.T.);
#10712=ORIENTED_EDGE('',*,*,#7661,.F.);
#10713=ORIENTED_EDGE('',*,*,#8056,.F.);
#10714=ORIENTED_EDGE('',*,*,#8057,.F.);
#10715=ORIENTED_EDGE('',*,*,#7671,.F.);
#10716=ORIENTED_EDGE('',*,*,#8058,.F.);
#10717=ORIENTED_EDGE('',*,*,#7876,.F.);
#10718=ORIENTED_EDGE('',*,*,#8059,.T.);
#10719=ORIENTED_EDGE('',*,*,#7672,.F.);
#10720=ORIENTED_EDGE('',*,*,#8059,.F.);
#10721=ORIENTED_EDGE('',*,*,#7875,.F.);
#10722=ORIENTED_EDGE('',*,*,#8060,.F.);
#10723=ORIENTED_EDGE('',*,*,#8056,.T.);
#10724=ORIENTED_EDGE('',*,*,#7668,.F.);
#10725=ORIENTED_EDGE('',*,*,#8061,.F.);
#10726=ORIENTED_EDGE('',*,*,#7879,.F.);
#10727=ORIENTED_EDGE('',*,*,#8062,.T.);
#10728=ORIENTED_EDGE('',*,*,#7669,.F.);
#10729=ORIENTED_EDGE('',*,*,#8062,.F.);
#10730=ORIENTED_EDGE('',*,*,#7878,.F.);
#10731=ORIENTED_EDGE('',*,*,#8063,.T.);
#10732=ORIENTED_EDGE('',*,*,#7670,.F.);
#10733=ORIENTED_EDGE('',*,*,#8063,.F.);
#10734=ORIENTED_EDGE('',*,*,#7877,.F.);
#10735=ORIENTED_EDGE('',*,*,#8058,.T.);
#10736=ORIENTED_EDGE('',*,*,#8057,.T.);
#10737=ORIENTED_EDGE('',*,*,#8060,.T.);
#10738=ORIENTED_EDGE('',*,*,#7885,.F.);
#10739=ORIENTED_EDGE('',*,*,#8064,.T.);
#10740=ORIENTED_EDGE('',*,*,#7662,.F.);
#10741=ORIENTED_EDGE('',*,*,#7539,.F.);
#10742=ORIENTED_EDGE('',*,*,#8065,.F.);
#10743=ORIENTED_EDGE('',*,*,#7951,.F.);
#10744=ORIENTED_EDGE('',*,*,#8066,.T.);
#10745=ORIENTED_EDGE('',*,*,#7540,.F.);
#10746=ORIENTED_EDGE('',*,*,#8066,.F.);
#10747=ORIENTED_EDGE('',*,*,#7950,.F.);
#10748=ORIENTED_EDGE('',*,*,#8067,.T.);
#10749=ORIENTED_EDGE('',*,*,#7541,.F.);
#10750=ORIENTED_EDGE('',*,*,#8067,.F.);
#10751=ORIENTED_EDGE('',*,*,#7949,.F.);
#10752=ORIENTED_EDGE('',*,*,#8068,.T.);
#10753=ORIENTED_EDGE('',*,*,#7536,.F.);
#10754=ORIENTED_EDGE('',*,*,#8068,.F.);
#10755=ORIENTED_EDGE('',*,*,#7948,.F.);
#10756=ORIENTED_EDGE('',*,*,#8069,.T.);
#10757=ORIENTED_EDGE('',*,*,#7537,.F.);
#10758=ORIENTED_EDGE('',*,*,#8069,.F.);
#10759=ORIENTED_EDGE('',*,*,#7953,.F.);
#10760=ORIENTED_EDGE('',*,*,#8070,.T.);
#10761=ORIENTED_EDGE('',*,*,#7538,.F.);
#10762=ORIENTED_EDGE('',*,*,#8070,.F.);
#10763=ORIENTED_EDGE('',*,*,#7952,.F.);
#10764=ORIENTED_EDGE('',*,*,#8065,.T.);
#10765=ORIENTED_EDGE('',*,*,#7647,.F.);
#10766=ORIENTED_EDGE('',*,*,#8071,.F.);
#10767=ORIENTED_EDGE('',*,*,#7861,.F.);
#10768=ORIENTED_EDGE('',*,*,#8072,.F.);
#10769=ORIENTED_EDGE('',*,*,#7657,.F.);
#10770=ORIENTED_EDGE('',*,*,#8073,.F.);
#10771=ORIENTED_EDGE('',*,*,#7865,.F.);
#10772=ORIENTED_EDGE('',*,*,#8074,.T.);
#10773=ORIENTED_EDGE('',*,*,#7658,.F.);
#10774=ORIENTED_EDGE('',*,*,#8074,.F.);
#10775=ORIENTED_EDGE('',*,*,#7864,.F.);
#10776=ORIENTED_EDGE('',*,*,#8075,.T.);
#10777=ORIENTED_EDGE('',*,*,#7659,.F.);
#10778=ORIENTED_EDGE('',*,*,#8075,.F.);
#10779=ORIENTED_EDGE('',*,*,#7863,.F.);
#10780=ORIENTED_EDGE('',*,*,#8076,.T.);
#10781=ORIENTED_EDGE('',*,*,#7660,.F.);
#10782=ORIENTED_EDGE('',*,*,#8076,.F.);
#10783=ORIENTED_EDGE('',*,*,#7862,.F.);
#10784=ORIENTED_EDGE('',*,*,#8071,.T.);
#10785=ORIENTED_EDGE('',*,*,#8072,.T.);
#10786=ORIENTED_EDGE('',*,*,#7874,.F.);
#10787=ORIENTED_EDGE('',*,*,#8077,.T.);
#10788=ORIENTED_EDGE('',*,*,#7648,.F.);
#10789=ORIENTED_EDGE('',*,*,#7542,.F.);
#10790=ORIENTED_EDGE('',*,*,#8078,.F.);
#10791=ORIENTED_EDGE('',*,*,#7898,.F.);
#10792=ORIENTED_EDGE('',*,*,#8079,.F.);
#10793=ORIENTED_EDGE('',*,*,#7548,.F.);
#10794=ORIENTED_EDGE('',*,*,#8080,.F.);
#10795=ORIENTED_EDGE('',*,*,#7902,.F.);
#10796=ORIENTED_EDGE('',*,*,#8081,.T.);
#10797=ORIENTED_EDGE('',*,*,#7550,.F.);
#10798=ORIENTED_EDGE('',*,*,#8082,.F.);
#10799=ORIENTED_EDGE('',*,*,#7900,.F.);
#10800=ORIENTED_EDGE('',*,*,#8083,.T.);
#10801=ORIENTED_EDGE('',*,*,#7549,.F.);
#10802=ORIENTED_EDGE('',*,*,#8081,.F.);
#10803=ORIENTED_EDGE('',*,*,#7901,.F.);
#10804=ORIENTED_EDGE('',*,*,#8082,.T.);
#10805=ORIENTED_EDGE('',*,*,#7551,.F.);
#10806=ORIENTED_EDGE('',*,*,#8083,.F.);
#10807=ORIENTED_EDGE('',*,*,#7899,.F.);
#10808=ORIENTED_EDGE('',*,*,#8078,.T.);
#10809=ORIENTED_EDGE('',*,*,#8079,.T.);
#10810=ORIENTED_EDGE('',*,*,#7913,.F.);
#10811=ORIENTED_EDGE('',*,*,#8084,.T.);
#10812=ORIENTED_EDGE('',*,*,#7543,.F.);
#10813=ORIENTED_EDGE('',*,*,#7644,.F.);
#10814=ORIENTED_EDGE('',*,*,#8085,.F.);
#10815=ORIENTED_EDGE('',*,*,#7887,.F.);
#10816=ORIENTED_EDGE('',*,*,#8086,.T.);
#10817=ORIENTED_EDGE('',*,*,#7645,.F.);
#10818=ORIENTED_EDGE('',*,*,#8086,.F.);
#10819=ORIENTED_EDGE('',*,*,#7886,.F.);
#10820=ORIENTED_EDGE('',*,*,#8087,.F.);
#10821=ORIENTED_EDGE('',*,*,#8088,.F.);
#10822=ORIENTED_EDGE('',*,*,#8089,.T.);
#10823=ORIENTED_EDGE('',*,*,#7646,.F.);
#10824=ORIENTED_EDGE('',*,*,#8089,.F.);
#10825=ORIENTED_EDGE('',*,*,#8090,.F.);
#10826=ORIENTED_EDGE('',*,*,#7891,.F.);
#10827=ORIENTED_EDGE('',*,*,#8091,.T.);
#10828=ORIENTED_EDGE('',*,*,#7641,.F.);
#10829=ORIENTED_EDGE('',*,*,#8091,.F.);
#10830=ORIENTED_EDGE('',*,*,#7890,.F.);
#10831=ORIENTED_EDGE('',*,*,#8092,.T.);
#10832=ORIENTED_EDGE('',*,*,#7642,.F.);
#10833=ORIENTED_EDGE('',*,*,#8092,.F.);
#10834=ORIENTED_EDGE('',*,*,#7889,.F.);
#10835=ORIENTED_EDGE('',*,*,#8093,.T.);
#10836=ORIENTED_EDGE('',*,*,#7643,.F.);
#10837=ORIENTED_EDGE('',*,*,#8093,.F.);
#10838=ORIENTED_EDGE('',*,*,#7888,.F.);
#10839=ORIENTED_EDGE('',*,*,#8085,.T.);
#10840=ORIENTED_EDGE('',*,*,#8090,.T.);
#10841=ORIENTED_EDGE('',*,*,#8088,.T.);
#10842=ORIENTED_EDGE('',*,*,#8094,.T.);
#10843=ORIENTED_EDGE('',*,*,#7584,.F.);
#10844=ORIENTED_EDGE('',*,*,#8095,.F.);
#10845=ORIENTED_EDGE('',*,*,#7892,.F.);
#10846=ORIENTED_EDGE('',*,*,#7553,.F.);
#10847=ORIENTED_EDGE('',*,*,#8096,.F.);
#10848=ORIENTED_EDGE('',*,*,#7947,.F.);
#10849=ORIENTED_EDGE('',*,*,#8097,.T.);
#10850=ORIENTED_EDGE('',*,*,#7554,.F.);
#10851=ORIENTED_EDGE('',*,*,#8097,.F.);
#10852=ORIENTED_EDGE('',*,*,#7946,.F.);
#10853=ORIENTED_EDGE('',*,*,#8098,.T.);
#10854=ORIENTED_EDGE('',*,*,#7555,.F.);
#10855=ORIENTED_EDGE('',*,*,#8098,.F.);
#10856=ORIENTED_EDGE('',*,*,#7945,.F.);
#10857=ORIENTED_EDGE('',*,*,#8099,.T.);
#10858=ORIENTED_EDGE('',*,*,#7557,.F.);
#10859=ORIENTED_EDGE('',*,*,#8100,.F.);
#10860=ORIENTED_EDGE('',*,*,#8101,.F.);
#10861=ORIENTED_EDGE('',*,*,#8102,.F.);
#10862=ORIENTED_EDGE('',*,*,#7556,.F.);
#10863=ORIENTED_EDGE('',*,*,#8099,.F.);
#10864=ORIENTED_EDGE('',*,*,#7944,.F.);
#10865=ORIENTED_EDGE('',*,*,#8103,.F.);
#10866=ORIENTED_EDGE('',*,*,#8104,.F.);
#10867=ORIENTED_EDGE('',*,*,#8100,.T.);
#10868=ORIENTED_EDGE('',*,*,#7552,.F.);
#10869=ORIENTED_EDGE('',*,*,#8105,.F.);
#10870=ORIENTED_EDGE('',*,*,#7921,.F.);
#10871=ORIENTED_EDGE('',*,*,#8096,.T.);
#10872=ORIENTED_EDGE('',*,*,#8102,.T.);
#10873=ORIENTED_EDGE('',*,*,#8106,.T.);
#10874=ORIENTED_EDGE('',*,*,#7558,.F.);
#10875=ORIENTED_EDGE('',*,*,#8101,.T.);
#10876=ORIENTED_EDGE('',*,*,#8104,.T.);
#10877=ORIENTED_EDGE('',*,*,#8107,.T.);
#10878=ORIENTED_EDGE('',*,*,#7559,.F.);
#10879=ORIENTED_EDGE('',*,*,#8106,.F.);
#10880=ORIENTED_EDGE('',*,*,#7639,.F.);
#10881=ORIENTED_EDGE('',*,*,#8108,.F.);
#10882=ORIENTED_EDGE('',*,*,#7906,.F.);
#10883=ORIENTED_EDGE('',*,*,#8109,.F.);
#10884=ORIENTED_EDGE('',*,*,#8110,.F.);
#10885=ORIENTED_EDGE('',*,*,#8111,.T.);
#10886=ORIENTED_EDGE('',*,*,#7638,.F.);
#10887=ORIENTED_EDGE('',*,*,#8112,.F.);
#10888=ORIENTED_EDGE('',*,*,#7907,.F.);
#10889=ORIENTED_EDGE('',*,*,#8108,.T.);
#10890=ORIENTED_EDGE('',*,*,#7640,.F.);
#10891=ORIENTED_EDGE('',*,*,#8111,.F.);
#10892=ORIENTED_EDGE('',*,*,#8113,.F.);
#10893=ORIENTED_EDGE('',*,*,#7911,.F.);
#10894=ORIENTED_EDGE('',*,*,#8114,.T.);
#10895=ORIENTED_EDGE('',*,*,#7635,.F.);
#10896=ORIENTED_EDGE('',*,*,#8114,.F.);
#10897=ORIENTED_EDGE('',*,*,#7910,.F.);
#10898=ORIENTED_EDGE('',*,*,#8115,.T.);
#10899=ORIENTED_EDGE('',*,*,#7636,.F.);
#10900=ORIENTED_EDGE('',*,*,#8115,.F.);
#10901=ORIENTED_EDGE('',*,*,#7909,.F.);
#10902=ORIENTED_EDGE('',*,*,#8116,.T.);
#10903=ORIENTED_EDGE('',*,*,#7637,.F.);
#10904=ORIENTED_EDGE('',*,*,#8116,.F.);
#10905=ORIENTED_EDGE('',*,*,#7908,.F.);
#10906=ORIENTED_EDGE('',*,*,#8112,.T.);
#10907=ORIENTED_EDGE('',*,*,#7744,.F.);
#10908=ORIENTED_EDGE('',*,*,#8117,.T.);
#10909=ORIENTED_EDGE('',*,*,#7504,.F.);
#10910=ORIENTED_EDGE('',*,*,#8118,.F.);
#10911=ORIENTED_EDGE('',*,*,#7743,.F.);
#10912=ORIENTED_EDGE('',*,*,#8119,.T.);
#10913=ORIENTED_EDGE('',*,*,#7505,.F.);
#10914=ORIENTED_EDGE('',*,*,#8117,.F.);
#10915=ORIENTED_EDGE('',*,*,#7742,.F.);
#10916=ORIENTED_EDGE('',*,*,#7153,.T.);
#10917=ORIENTED_EDGE('',*,*,#7506,.F.);
#10918=ORIENTED_EDGE('',*,*,#8119,.F.);
#10919=ORIENTED_EDGE('',*,*,#8118,.T.);
#10920=ORIENTED_EDGE('',*,*,#7503,.F.);
#10921=ORIENTED_EDGE('',*,*,#8120,.F.);
#10922=ORIENTED_EDGE('',*,*,#7745,.F.);
#10923=ORIENTED_EDGE('',*,*,#7803,.F.);
#10924=ORIENTED_EDGE('',*,*,#8121,.T.);
#10925=ORIENTED_EDGE('',*,*,#7632,.F.);
#10926=ORIENTED_EDGE('',*,*,#8122,.F.);
#10927=ORIENTED_EDGE('',*,*,#7804,.F.);
#10928=ORIENTED_EDGE('',*,*,#8122,.T.);
#10929=ORIENTED_EDGE('',*,*,#7631,.F.);
#10930=ORIENTED_EDGE('',*,*,#8123,.F.);
#10931=ORIENTED_EDGE('',*,*,#7805,.F.);
#10932=ORIENTED_EDGE('',*,*,#8123,.T.);
#10933=ORIENTED_EDGE('',*,*,#7630,.F.);
#10934=ORIENTED_EDGE('',*,*,#8124,.F.);
#10935=ORIENTED_EDGE('',*,*,#7800,.F.);
#10936=ORIENTED_EDGE('',*,*,#8124,.T.);
#10937=ORIENTED_EDGE('',*,*,#7629,.F.);
#10938=ORIENTED_EDGE('',*,*,#8125,.F.);
#10939=ORIENTED_EDGE('',*,*,#7802,.F.);
#10940=ORIENTED_EDGE('',*,*,#8126,.T.);
#10941=ORIENTED_EDGE('',*,*,#7633,.F.);
#10942=ORIENTED_EDGE('',*,*,#8121,.F.);
#10943=ORIENTED_EDGE('',*,*,#7801,.F.);
#10944=ORIENTED_EDGE('',*,*,#8125,.T.);
#10945=ORIENTED_EDGE('',*,*,#7634,.F.);
#10946=ORIENTED_EDGE('',*,*,#8126,.F.);
#10947=ORIENTED_EDGE('',*,*,#7936,.F.);
#10948=ORIENTED_EDGE('',*,*,#8127,.T.);
#10949=ORIENTED_EDGE('',*,*,#7567,.F.);
#10950=ORIENTED_EDGE('',*,*,#8128,.F.);
#10951=ORIENTED_EDGE('',*,*,#7937,.F.);
#10952=ORIENTED_EDGE('',*,*,#8128,.T.);
#10953=ORIENTED_EDGE('',*,*,#7566,.F.);
#10954=ORIENTED_EDGE('',*,*,#8129,.F.);
#10955=ORIENTED_EDGE('',*,*,#7938,.F.);
#10956=ORIENTED_EDGE('',*,*,#8129,.T.);
#10957=ORIENTED_EDGE('',*,*,#7565,.F.);
#10958=ORIENTED_EDGE('',*,*,#8130,.F.);
#10959=ORIENTED_EDGE('',*,*,#7940,.F.);
#10960=ORIENTED_EDGE('',*,*,#8131,.T.);
#10961=ORIENTED_EDGE('',*,*,#7563,.F.);
#10962=ORIENTED_EDGE('',*,*,#8132,.F.);
#10963=ORIENTED_EDGE('',*,*,#7939,.F.);
#10964=ORIENTED_EDGE('',*,*,#8130,.T.);
#10965=ORIENTED_EDGE('',*,*,#7564,.F.);
#10966=ORIENTED_EDGE('',*,*,#8131,.F.);
#10967=ORIENTED_EDGE('',*,*,#7935,.F.);
#10968=ORIENTED_EDGE('',*,*,#8133,.F.);
#10969=ORIENTED_EDGE('',*,*,#7568,.F.);
#10970=ORIENTED_EDGE('',*,*,#8127,.F.);
#10971=ORIENTED_EDGE('',*,*,#8132,.T.);
#10972=ORIENTED_EDGE('',*,*,#7562,.F.);
#10973=ORIENTED_EDGE('',*,*,#8134,.F.);
#10974=ORIENTED_EDGE('',*,*,#7941,.F.);
#10975=ORIENTED_EDGE('',*,*,#7005,.T.);
#10976=ORIENTED_EDGE('',*,*,#8135,.F.);
#10977=ORIENTED_EDGE('',*,*,#8034,.F.);
#10978=ORIENTED_EDGE('',*,*,#7277,.T.);
#10979=ORIENTED_EDGE('',*,*,#6789,.F.);
#10980=ORIENTED_EDGE('',*,*,#7280,.F.);
#10981=ORIENTED_EDGE('',*,*,#7773,.F.);
#10982=ORIENTED_EDGE('',*,*,#8136,.T.);
#10983=ORIENTED_EDGE('',*,*,#7474,.F.);
#10984=ORIENTED_EDGE('',*,*,#7475,.F.);
#10985=ORIENTED_EDGE('',*,*,#8136,.F.);
#10986=ORIENTED_EDGE('',*,*,#7772,.F.);
#10987=ORIENTED_EDGE('',*,*,#8137,.T.);
#10988=ORIENTED_EDGE('',*,*,#7004,.T.);
#10989=ORIENTED_EDGE('',*,*,#6786,.F.);
#10990=ORIENTED_EDGE('',*,*,#7476,.F.);
#10991=ORIENTED_EDGE('',*,*,#8137,.F.);
#10992=ORIENTED_EDGE('',*,*,#7771,.F.);
#10993=ORIENTED_EDGE('',*,*,#8035,.F.);
#10994=ORIENTED_EDGE('',*,*,#8135,.T.);
#10995=ORIENTED_EDGE('',*,*,#7497,.F.);
#10996=ORIENTED_EDGE('',*,*,#8138,.F.);
#10997=ORIENTED_EDGE('',*,*,#7755,.F.);
#10998=ORIENTED_EDGE('',*,*,#8139,.T.);
#10999=ORIENTED_EDGE('',*,*,#7498,.F.);
#11000=ORIENTED_EDGE('',*,*,#8139,.F.);
#11001=ORIENTED_EDGE('',*,*,#7754,.F.);
#11002=ORIENTED_EDGE('',*,*,#8140,.F.);
#11003=ORIENTED_EDGE('',*,*,#8141,.F.);
#11004=ORIENTED_EDGE('',*,*,#8142,.T.);
#11005=ORIENTED_EDGE('',*,*,#7501,.F.);
#11006=ORIENTED_EDGE('',*,*,#8143,.F.);
#11007=ORIENTED_EDGE('',*,*,#7747,.F.);
#11008=ORIENTED_EDGE('',*,*,#8144,.F.);
#11009=ORIENTED_EDGE('',*,*,#7499,.F.);
#11010=ORIENTED_EDGE('',*,*,#8142,.F.);
#11011=ORIENTED_EDGE('',*,*,#8145,.F.);
#11012=ORIENTED_EDGE('',*,*,#7749,.F.);
#11013=ORIENTED_EDGE('',*,*,#8146,.T.);
#11014=ORIENTED_EDGE('',*,*,#7500,.F.);
#11015=ORIENTED_EDGE('',*,*,#8146,.F.);
#11016=ORIENTED_EDGE('',*,*,#7748,.F.);
#11017=ORIENTED_EDGE('',*,*,#8143,.T.);
#11018=ORIENTED_EDGE('',*,*,#7496,.F.);
#11019=ORIENTED_EDGE('',*,*,#7167,.F.);
#11020=ORIENTED_EDGE('',*,*,#7756,.F.);
#11021=ORIENTED_EDGE('',*,*,#8138,.T.);
#11022=ORIENTED_EDGE('',*,*,#8144,.T.);
#11023=ORIENTED_EDGE('',*,*,#7746,.F.);
#11024=ORIENTED_EDGE('',*,*,#8120,.T.);
#11025=ORIENTED_EDGE('',*,*,#7502,.F.);
#11026=ORIENTED_EDGE('',*,*,#7810,.F.);
#11027=ORIENTED_EDGE('',*,*,#8147,.T.);
#11028=ORIENTED_EDGE('',*,*,#7625,.F.);
#11029=ORIENTED_EDGE('',*,*,#8148,.F.);
#11030=ORIENTED_EDGE('',*,*,#7811,.F.);
#11031=ORIENTED_EDGE('',*,*,#8148,.T.);
#11032=ORIENTED_EDGE('',*,*,#7624,.F.);
#11033=ORIENTED_EDGE('',*,*,#8149,.F.);
#11034=ORIENTED_EDGE('',*,*,#7812,.F.);
#11035=ORIENTED_EDGE('',*,*,#8149,.T.);
#11036=ORIENTED_EDGE('',*,*,#7623,.F.);
#11037=ORIENTED_EDGE('',*,*,#8150,.F.);
#11038=ORIENTED_EDGE('',*,*,#7806,.F.);
#11039=ORIENTED_EDGE('',*,*,#8150,.T.);
#11040=ORIENTED_EDGE('',*,*,#7622,.F.);
#11041=ORIENTED_EDGE('',*,*,#8151,.F.);
#11042=ORIENTED_EDGE('',*,*,#7809,.F.);
#11043=ORIENTED_EDGE('',*,*,#8152,.T.);
#11044=ORIENTED_EDGE('',*,*,#7626,.F.);
#11045=ORIENTED_EDGE('',*,*,#8147,.F.);
#11046=ORIENTED_EDGE('',*,*,#7808,.F.);
#11047=ORIENTED_EDGE('',*,*,#8153,.T.);
#11048=ORIENTED_EDGE('',*,*,#7627,.F.);
#11049=ORIENTED_EDGE('',*,*,#8152,.F.);
#11050=ORIENTED_EDGE('',*,*,#7807,.F.);
#11051=ORIENTED_EDGE('',*,*,#8151,.T.);
#11052=ORIENTED_EDGE('',*,*,#7628,.F.);
#11053=ORIENTED_EDGE('',*,*,#8153,.F.);
#11054=ORIENTED_EDGE('',*,*,#8154,.F.);
#11055=ORIENTED_EDGE('',*,*,#8155,.F.);
#11056=ORIENTED_EDGE('',*,*,#7759,.F.);
#11057=ORIENTED_EDGE('',*,*,#6993,.T.);
#11058=ORIENTED_EDGE('',*,*,#8156,.F.);
#11059=ORIENTED_EDGE('',*,*,#7762,.F.);
#11060=ORIENTED_EDGE('',*,*,#8157,.T.);
#11061=ORIENTED_EDGE('',*,*,#8158,.F.);
#11062=ORIENTED_EDGE('',*,*,#8159,.F.);
#11063=ORIENTED_EDGE('',*,*,#8160,.T.);
#11064=ORIENTED_EDGE('',*,*,#7492,.F.);
#11065=ORIENTED_EDGE('',*,*,#7290,.F.);
#11066=ORIENTED_EDGE('',*,*,#6947,.T.);
#11067=ORIENTED_EDGE('',*,*,#7064,.F.);
#11068=ORIENTED_EDGE('',*,*,#7284,.F.);
#11069=ORIENTED_EDGE('',*,*,#7763,.F.);
#11070=ORIENTED_EDGE('',*,*,#8156,.T.);
#11071=ORIENTED_EDGE('',*,*,#6992,.T.);
#11072=ORIENTED_EDGE('',*,*,#8161,.F.);
#11073=ORIENTED_EDGE('',*,*,#8162,.F.);
#11074=ORIENTED_EDGE('',*,*,#8157,.F.);
#11075=ORIENTED_EDGE('',*,*,#7761,.F.);
#11076=ORIENTED_EDGE('',*,*,#8163,.T.);
#11077=ORIENTED_EDGE('',*,*,#7493,.F.);
#11078=ORIENTED_EDGE('',*,*,#8160,.F.);
#11079=ORIENTED_EDGE('',*,*,#6996,.T.);
#11080=ORIENTED_EDGE('',*,*,#7310,.F.);
#11081=ORIENTED_EDGE('',*,*,#8164,.F.);
#11082=ORIENTED_EDGE('',*,*,#7494,.F.);
#11083=ORIENTED_EDGE('',*,*,#8163,.F.);
#11084=ORIENTED_EDGE('',*,*,#7760,.F.);
#11085=ORIENTED_EDGE('',*,*,#8155,.T.);
#11086=ORIENTED_EDGE('',*,*,#8165,.F.);
#11087=ORIENTED_EDGE('',*,*,#7315,.F.);
#11088=ORIENTED_EDGE('',*,*,#7223,.T.);
#11089=ORIENTED_EDGE('',*,*,#6912,.T.);
#11090=ORIENTED_EDGE('',*,*,#8140,.T.);
#11091=ORIENTED_EDGE('',*,*,#7753,.F.);
#11092=ORIENTED_EDGE('',*,*,#8166,.T.);
#11093=ORIENTED_EDGE('',*,*,#8161,.T.);
#11094=ORIENTED_EDGE('',*,*,#8159,.T.);
#11095=ORIENTED_EDGE('',*,*,#8167,.T.);
#11096=ORIENTED_EDGE('',*,*,#7620,.F.);
#11097=ORIENTED_EDGE('',*,*,#8168,.F.);
#11098=ORIENTED_EDGE('',*,*,#8165,.T.);
#11099=ORIENTED_EDGE('',*,*,#8154,.T.);
#11100=ORIENTED_EDGE('',*,*,#7758,.F.);
#11101=ORIENTED_EDGE('',*,*,#7316,.F.);
#11102=ORIENTED_EDGE('',*,*,#7491,.F.);
#11103=ORIENTED_EDGE('',*,*,#8169,.F.);
#11104=ORIENTED_EDGE('',*,*,#7822,.F.);
#11105=ORIENTED_EDGE('',*,*,#7069,.T.);
#11106=ORIENTED_EDGE('',*,*,#7285,.F.);
#11107=ORIENTED_EDGE('',*,*,#7071,.F.);
#11108=ORIENTED_EDGE('',*,*,#7821,.F.);
#11109=ORIENTED_EDGE('',*,*,#8170,.T.);
#11110=ORIENTED_EDGE('',*,*,#6942,.T.);
#11111=ORIENTED_EDGE('',*,*,#7092,.T.);
#11112=ORIENTED_EDGE('',*,*,#7286,.F.);
#11113=ORIENTED_EDGE('',*,*,#8170,.F.);
#11114=ORIENTED_EDGE('',*,*,#7820,.F.);
#11115=ORIENTED_EDGE('',*,*,#8171,.F.);
#11116=ORIENTED_EDGE('',*,*,#7483,.F.);
#11117=ORIENTED_EDGE('',*,*,#7293,.F.);
#11118=ORIENTED_EDGE('',*,*,#6989,.T.);
#11119=ORIENTED_EDGE('',*,*,#7490,.F.);
#11120=ORIENTED_EDGE('',*,*,#8172,.F.);
#11121=ORIENTED_EDGE('',*,*,#7813,.F.);
#11122=ORIENTED_EDGE('',*,*,#8169,.T.);
#11123=ORIENTED_EDGE('',*,*,#8164,.T.);
#11124=ORIENTED_EDGE('',*,*,#7309,.F.);
#11125=ORIENTED_EDGE('',*,*,#7495,.F.);
#11126=ORIENTED_EDGE('',*,*,#7479,.F.);
#11127=ORIENTED_EDGE('',*,*,#7253,.F.);
#11128=ORIENTED_EDGE('',*,*,#7765,.F.);
#11129=ORIENTED_EDGE('',*,*,#8173,.T.);
#11130=ORIENTED_EDGE('',*,*,#7480,.F.);
#11131=ORIENTED_EDGE('',*,*,#8173,.F.);
#11132=ORIENTED_EDGE('',*,*,#7764,.F.);
#11133=ORIENTED_EDGE('',*,*,#7260,.T.);
#11134=ORIENTED_EDGE('',*,*,#7212,.T.);
#11135=ORIENTED_EDGE('',*,*,#7767,.F.);
#11136=ORIENTED_EDGE('',*,*,#8174,.T.);
#11137=ORIENTED_EDGE('',*,*,#7477,.F.);
#11138=ORIENTED_EDGE('',*,*,#7217,.F.);
#11139=ORIENTED_EDGE('',*,*,#7766,.F.);
#11140=ORIENTED_EDGE('',*,*,#7244,.T.);
#11141=ORIENTED_EDGE('',*,*,#7478,.F.);
#11142=ORIENTED_EDGE('',*,*,#8174,.F.);
#11143=ORIENTED_EDGE('',*,*,#7793,.F.);
#11144=ORIENTED_EDGE('',*,*,#7730,.T.);
#11145=ORIENTED_EDGE('',*,*,#7481,.F.);
#11146=ORIENTED_EDGE('',*,*,#7198,.F.);
#11147=ORIENTED_EDGE('',*,*,#8162,.T.);
#11148=ORIENTED_EDGE('',*,*,#8166,.F.);
#11149=ORIENTED_EDGE('',*,*,#7752,.F.);
#11150=ORIENTED_EDGE('',*,*,#8175,.T.);
#11151=ORIENTED_EDGE('',*,*,#7621,.F.);
#11152=ORIENTED_EDGE('',*,*,#8167,.F.);
#11153=ORIENTED_EDGE('',*,*,#8158,.T.);
#11154=ORIENTED_EDGE('',*,*,#7618,.F.);
#11155=ORIENTED_EDGE('',*,*,#8175,.F.);
#11156=ORIENTED_EDGE('',*,*,#7751,.F.);
#11157=ORIENTED_EDGE('',*,*,#8176,.T.);
#11158=ORIENTED_EDGE('',*,*,#8141,.T.);
#11159=ORIENTED_EDGE('',*,*,#8168,.T.);
#11160=ORIENTED_EDGE('',*,*,#7619,.F.);
#11161=ORIENTED_EDGE('',*,*,#8176,.F.);
#11162=ORIENTED_EDGE('',*,*,#7750,.F.);
#11163=ORIENTED_EDGE('',*,*,#8145,.T.);
#11164=ORIENTED_EDGE('',*,*,#7580,.F.);
#11165=ORIENTED_EDGE('',*,*,#8177,.F.);
#11166=ORIENTED_EDGE('',*,*,#7917,.F.);
#11167=ORIENTED_EDGE('',*,*,#8178,.T.);
#11168=ORIENTED_EDGE('',*,*,#7581,.F.);
#11169=ORIENTED_EDGE('',*,*,#8178,.F.);
#11170=ORIENTED_EDGE('',*,*,#7916,.F.);
#11171=ORIENTED_EDGE('',*,*,#8179,.T.);
#11172=ORIENTED_EDGE('',*,*,#7582,.F.);
#11173=ORIENTED_EDGE('',*,*,#8179,.F.);
#11174=ORIENTED_EDGE('',*,*,#7915,.F.);
#11175=ORIENTED_EDGE('',*,*,#8180,.T.);
#11176=ORIENTED_EDGE('',*,*,#7576,.F.);
#11177=ORIENTED_EDGE('',*,*,#8180,.F.);
#11178=ORIENTED_EDGE('',*,*,#7914,.F.);
#11179=ORIENTED_EDGE('',*,*,#8181,.T.);
#11180=ORIENTED_EDGE('',*,*,#7577,.F.);
#11181=ORIENTED_EDGE('',*,*,#8181,.F.);
#11182=ORIENTED_EDGE('',*,*,#7920,.F.);
#11183=ORIENTED_EDGE('',*,*,#8182,.T.);
#11184=ORIENTED_EDGE('',*,*,#7578,.F.);
#11185=ORIENTED_EDGE('',*,*,#8182,.F.);
#11186=ORIENTED_EDGE('',*,*,#7919,.F.);
#11187=ORIENTED_EDGE('',*,*,#8183,.T.);
#11188=ORIENTED_EDGE('',*,*,#7579,.F.);
#11189=ORIENTED_EDGE('',*,*,#8183,.F.);
#11190=ORIENTED_EDGE('',*,*,#7918,.F.);
#11191=ORIENTED_EDGE('',*,*,#8177,.T.);
#11192=ORIENTED_EDGE('',*,*,#7485,.F.);
#11193=ORIENTED_EDGE('',*,*,#8184,.F.);
#11194=ORIENTED_EDGE('',*,*,#7818,.F.);
#11195=ORIENTED_EDGE('',*,*,#8185,.T.);
#11196=ORIENTED_EDGE('',*,*,#7486,.F.);
#11197=ORIENTED_EDGE('',*,*,#8185,.F.);
#11198=ORIENTED_EDGE('',*,*,#7817,.F.);
#11199=ORIENTED_EDGE('',*,*,#8186,.T.);
#11200=ORIENTED_EDGE('',*,*,#7487,.F.);
#11201=ORIENTED_EDGE('',*,*,#8186,.F.);
#11202=ORIENTED_EDGE('',*,*,#7816,.F.);
#11203=ORIENTED_EDGE('',*,*,#8187,.T.);
#11204=ORIENTED_EDGE('',*,*,#7488,.F.);
#11205=ORIENTED_EDGE('',*,*,#8187,.F.);
#11206=ORIENTED_EDGE('',*,*,#7815,.F.);
#11207=ORIENTED_EDGE('',*,*,#8188,.T.);
#11208=ORIENTED_EDGE('',*,*,#8172,.T.);
#11209=ORIENTED_EDGE('',*,*,#7489,.F.);
#11210=ORIENTED_EDGE('',*,*,#8188,.F.);
#11211=ORIENTED_EDGE('',*,*,#7814,.F.);
#11212=ORIENTED_EDGE('',*,*,#8171,.T.);
#11213=ORIENTED_EDGE('',*,*,#7819,.F.);
#11214=ORIENTED_EDGE('',*,*,#8184,.T.);
#11215=ORIENTED_EDGE('',*,*,#7484,.F.);
#11216=ORIENTED_EDGE('',*,*,#7269,.T.);
#11217=ORIENTED_EDGE('',*,*,#7757,.F.);
#11218=ORIENTED_EDGE('',*,*,#7165,.T.);
#11219=ORIENTED_EDGE('',*,*,#7314,.F.);
#11220=ORIENTED_EDGE('',*,*,#7265,.F.);
#11221=ORIENTED_EDGE('',*,*,#7615,.F.);
#11222=ORIENTED_EDGE('',*,*,#8189,.F.);
#11223=ORIENTED_EDGE('',*,*,#7826,.F.);
#11224=ORIENTED_EDGE('',*,*,#8190,.T.);
#11225=ORIENTED_EDGE('',*,*,#7616,.F.);
#11226=ORIENTED_EDGE('',*,*,#8190,.F.);
#11227=ORIENTED_EDGE('',*,*,#7825,.F.);
#11228=ORIENTED_EDGE('',*,*,#8191,.T.);
#11229=ORIENTED_EDGE('',*,*,#7617,.F.);
#11230=ORIENTED_EDGE('',*,*,#8191,.F.);
#11231=ORIENTED_EDGE('',*,*,#7824,.F.);
#11232=ORIENTED_EDGE('',*,*,#8192,.T.);
#11233=ORIENTED_EDGE('',*,*,#7612,.F.);
#11234=ORIENTED_EDGE('',*,*,#8192,.F.);
#11235=ORIENTED_EDGE('',*,*,#7823,.F.);
#11236=ORIENTED_EDGE('',*,*,#8193,.T.);
#11237=ORIENTED_EDGE('',*,*,#7613,.F.);
#11238=ORIENTED_EDGE('',*,*,#8193,.F.);
#11239=ORIENTED_EDGE('',*,*,#7828,.F.);
#11240=ORIENTED_EDGE('',*,*,#8194,.T.);
#11241=ORIENTED_EDGE('',*,*,#7614,.F.);
#11242=ORIENTED_EDGE('',*,*,#8194,.F.);
#11243=ORIENTED_EDGE('',*,*,#7827,.F.);
#11244=ORIENTED_EDGE('',*,*,#8189,.T.);
#11245=ORIENTED_EDGE('',*,*,#8103,.T.);
#11246=ORIENTED_EDGE('',*,*,#7943,.F.);
#11247=ORIENTED_EDGE('',*,*,#8195,.T.);
#11248=ORIENTED_EDGE('',*,*,#7560,.F.);
#11249=ORIENTED_EDGE('',*,*,#8107,.F.);
#11250=ORIENTED_EDGE('',*,*,#7942,.F.);
#11251=ORIENTED_EDGE('',*,*,#8134,.T.);
#11252=ORIENTED_EDGE('',*,*,#7561,.F.);
#11253=ORIENTED_EDGE('',*,*,#8195,.F.);
#11254=ORIENTED_EDGE('',*,*,#8133,.T.);
#11255=ORIENTED_EDGE('',*,*,#7934,.F.);
#11256=ORIENTED_EDGE('',*,*,#8196,.T.);
#11257=ORIENTED_EDGE('',*,*,#7569,.F.);
#11258=ORIENTED_EDGE('',*,*,#7933,.F.);
#11259=ORIENTED_EDGE('',*,*,#8197,.F.);
#11260=ORIENTED_EDGE('',*,*,#7570,.F.);
#11261=ORIENTED_EDGE('',*,*,#8196,.F.);
#11262=ORIENTED_EDGE('',*,*,#7609,.F.);
#11263=ORIENTED_EDGE('',*,*,#8198,.F.);
#11264=ORIENTED_EDGE('',*,*,#7832,.F.);
#11265=ORIENTED_EDGE('',*,*,#8199,.T.);
#11266=ORIENTED_EDGE('',*,*,#7610,.F.);
#11267=ORIENTED_EDGE('',*,*,#8199,.F.);
#11268=ORIENTED_EDGE('',*,*,#7831,.F.);
#11269=ORIENTED_EDGE('',*,*,#8200,.T.);
#11270=ORIENTED_EDGE('',*,*,#7611,.F.);
#11271=ORIENTED_EDGE('',*,*,#8200,.F.);
#11272=ORIENTED_EDGE('',*,*,#7830,.F.);
#11273=ORIENTED_EDGE('',*,*,#8201,.T.);
#11274=ORIENTED_EDGE('',*,*,#7606,.F.);
#11275=ORIENTED_EDGE('',*,*,#8201,.F.);
#11276=ORIENTED_EDGE('',*,*,#7829,.F.);
#11277=ORIENTED_EDGE('',*,*,#8202,.T.);
#11278=ORIENTED_EDGE('',*,*,#7607,.F.);
#11279=ORIENTED_EDGE('',*,*,#8202,.F.);
#11280=ORIENTED_EDGE('',*,*,#7834,.F.);
#11281=ORIENTED_EDGE('',*,*,#8203,.T.);
#11282=ORIENTED_EDGE('',*,*,#7608,.F.);
#11283=ORIENTED_EDGE('',*,*,#8203,.F.);
#11284=ORIENTED_EDGE('',*,*,#7833,.F.);
#11285=ORIENTED_EDGE('',*,*,#8198,.T.);
#11286=ORIENTED_EDGE('',*,*,#8109,.T.);
#11287=ORIENTED_EDGE('',*,*,#7905,.F.);
#11288=ORIENTED_EDGE('',*,*,#8204,.T.);
#11289=ORIENTED_EDGE('',*,*,#7545,.F.);
#11290=ORIENTED_EDGE('',*,*,#8205,.F.);
#11291=ORIENTED_EDGE('',*,*,#7546,.F.);
#11292=ORIENTED_EDGE('',*,*,#8204,.F.);
#11293=ORIENTED_EDGE('',*,*,#7904,.F.);
#11294=ORIENTED_EDGE('',*,*,#8206,.T.);
#11295=ORIENTED_EDGE('',*,*,#8080,.T.);
#11296=ORIENTED_EDGE('',*,*,#7547,.F.);
#11297=ORIENTED_EDGE('',*,*,#8206,.F.);
#11298=ORIENTED_EDGE('',*,*,#7903,.F.);
#11299=ORIENTED_EDGE('',*,*,#8110,.T.);
#11300=ORIENTED_EDGE('',*,*,#8205,.T.);
#11301=ORIENTED_EDGE('',*,*,#7544,.F.);
#11302=ORIENTED_EDGE('',*,*,#8084,.F.);
#11303=ORIENTED_EDGE('',*,*,#7912,.F.);
#11304=ORIENTED_EDGE('',*,*,#8113,.T.);
#11305=ORIENTED_EDGE('',*,*,#8197,.T.);
#11306=ORIENTED_EDGE('',*,*,#7932,.F.);
#11307=ORIENTED_EDGE('',*,*,#8207,.T.);
#11308=ORIENTED_EDGE('',*,*,#7571,.F.);
#11309=ORIENTED_EDGE('',*,*,#7572,.F.);
#11310=ORIENTED_EDGE('',*,*,#8207,.F.);
#11311=ORIENTED_EDGE('',*,*,#7931,.F.);
#11312=ORIENTED_EDGE('',*,*,#8208,.T.);
#11313=ORIENTED_EDGE('',*,*,#7573,.F.);
#11314=ORIENTED_EDGE('',*,*,#8208,.F.);
#11315=ORIENTED_EDGE('',*,*,#7930,.F.);
#11316=ORIENTED_EDGE('',*,*,#8209,.F.);
#11317=ORIENTED_EDGE('',*,*,#8210,.T.);
#11318=ORIENTED_EDGE('',*,*,#7574,.F.);
#11319=ORIENTED_EDGE('',*,*,#8210,.F.);
#11320=ORIENTED_EDGE('',*,*,#8211,.F.);
#11321=ORIENTED_EDGE('',*,*,#8212,.F.);
#11322=ORIENTED_EDGE('',*,*,#7923,.F.);
#11323=ORIENTED_EDGE('',*,*,#8213,.T.);
#11324=ORIENTED_EDGE('',*,*,#8105,.T.);
#11325=ORIENTED_EDGE('',*,*,#7575,.F.);
#11326=ORIENTED_EDGE('',*,*,#8213,.F.);
#11327=ORIENTED_EDGE('',*,*,#7922,.F.);
#11328=ORIENTED_EDGE('',*,*,#8212,.T.);
#11329=ORIENTED_EDGE('',*,*,#8214,.T.);
#11330=ORIENTED_EDGE('',*,*,#7602,.F.);
#11331=ORIENTED_EDGE('',*,*,#8215,.F.);
#11332=ORIENTED_EDGE('',*,*,#7924,.F.);
#11333=ORIENTED_EDGE('',*,*,#7586,.F.);
#11334=ORIENTED_EDGE('',*,*,#8216,.F.);
#11335=ORIENTED_EDGE('',*,*,#7896,.F.);
#11336=ORIENTED_EDGE('',*,*,#8217,.T.);
#11337=ORIENTED_EDGE('',*,*,#7587,.F.);
#11338=ORIENTED_EDGE('',*,*,#8217,.F.);
#11339=ORIENTED_EDGE('',*,*,#7895,.F.);
#11340=ORIENTED_EDGE('',*,*,#8218,.T.);
#11341=ORIENTED_EDGE('',*,*,#7588,.F.);
#11342=ORIENTED_EDGE('',*,*,#8218,.F.);
#11343=ORIENTED_EDGE('',*,*,#7894,.F.);
#11344=ORIENTED_EDGE('',*,*,#8219,.T.);
#11345=ORIENTED_EDGE('',*,*,#7583,.F.);
#11346=ORIENTED_EDGE('',*,*,#8219,.F.);
#11347=ORIENTED_EDGE('',*,*,#7893,.F.);
#11348=ORIENTED_EDGE('',*,*,#8095,.T.);
#11349=ORIENTED_EDGE('',*,*,#8087,.T.);
#11350=ORIENTED_EDGE('',*,*,#7897,.F.);
#11351=ORIENTED_EDGE('',*,*,#8216,.T.);
#11352=ORIENTED_EDGE('',*,*,#7585,.F.);
#11353=ORIENTED_EDGE('',*,*,#8094,.F.);
#11354=ORIENTED_EDGE('',*,*,#7836,.F.);
#11355=ORIENTED_EDGE('',*,*,#7158,.T.);
#11356=ORIENTED_EDGE('',*,*,#7313,.F.);
#11357=ORIENTED_EDGE('',*,*,#7186,.F.);
#11358=ORIENTED_EDGE('',*,*,#7835,.F.);
#11359=ORIENTED_EDGE('',*,*,#7184,.T.);
#11360=ORIENTED_EDGE('',*,*,#7507,.F.);
#11361=ORIENTED_EDGE('',*,*,#7160,.F.);
#11362=ORIENTED_EDGE('',*,*,#7666,.F.);
#11363=ORIENTED_EDGE('',*,*,#8220,.F.);
#11364=ORIENTED_EDGE('',*,*,#7881,.F.);
#11365=ORIENTED_EDGE('',*,*,#8221,.T.);
#11366=ORIENTED_EDGE('',*,*,#8061,.T.);
#11367=ORIENTED_EDGE('',*,*,#7667,.F.);
#11368=ORIENTED_EDGE('',*,*,#8221,.F.);
#11369=ORIENTED_EDGE('',*,*,#7880,.F.);
#11370=ORIENTED_EDGE('',*,*,#7663,.F.);
#11371=ORIENTED_EDGE('',*,*,#8064,.F.);
#11372=ORIENTED_EDGE('',*,*,#7884,.F.);
#11373=ORIENTED_EDGE('',*,*,#8222,.T.);
#11374=ORIENTED_EDGE('',*,*,#7664,.F.);
#11375=ORIENTED_EDGE('',*,*,#8222,.F.);
#11376=ORIENTED_EDGE('',*,*,#7883,.F.);
#11377=ORIENTED_EDGE('',*,*,#8223,.T.);
#11378=ORIENTED_EDGE('',*,*,#7665,.F.);
#11379=ORIENTED_EDGE('',*,*,#8223,.F.);
#11380=ORIENTED_EDGE('',*,*,#7882,.F.);
#11381=ORIENTED_EDGE('',*,*,#8220,.T.);
#11382=ORIENTED_EDGE('',*,*,#8209,.T.);
#11383=ORIENTED_EDGE('',*,*,#7929,.F.);
#11384=ORIENTED_EDGE('',*,*,#8224,.T.);
#11385=ORIENTED_EDGE('',*,*,#7603,.F.);
#11386=ORIENTED_EDGE('',*,*,#8214,.F.);
#11387=ORIENTED_EDGE('',*,*,#8211,.T.);
#11388=ORIENTED_EDGE('',*,*,#7604,.F.);
#11389=ORIENTED_EDGE('',*,*,#8224,.F.);
#11390=ORIENTED_EDGE('',*,*,#7928,.F.);
#11391=ORIENTED_EDGE('',*,*,#8225,.T.);
#11392=ORIENTED_EDGE('',*,*,#7605,.F.);
#11393=ORIENTED_EDGE('',*,*,#8225,.F.);
#11394=ORIENTED_EDGE('',*,*,#7927,.F.);
#11395=ORIENTED_EDGE('',*,*,#8226,.T.);
#11396=ORIENTED_EDGE('',*,*,#7600,.F.);
#11397=ORIENTED_EDGE('',*,*,#8226,.F.);
#11398=ORIENTED_EDGE('',*,*,#7926,.F.);
#11399=ORIENTED_EDGE('',*,*,#8227,.T.);
#11400=ORIENTED_EDGE('',*,*,#7601,.F.);
#11401=ORIENTED_EDGE('',*,*,#8227,.F.);
#11402=ORIENTED_EDGE('',*,*,#7925,.F.);
#11403=ORIENTED_EDGE('',*,*,#8215,.T.);
#11404=ORIENTED_EDGE('',*,*,#7523,.F.);
#11405=ORIENTED_EDGE('',*,*,#8228,.F.);
#11406=ORIENTED_EDGE('',*,*,#7850,.F.);
#11407=ORIENTED_EDGE('',*,*,#8229,.T.);
#11408=ORIENTED_EDGE('',*,*,#7524,.F.);
#11409=ORIENTED_EDGE('',*,*,#8229,.F.);
#11410=ORIENTED_EDGE('',*,*,#7849,.F.);
#11411=ORIENTED_EDGE('',*,*,#8230,.T.);
#11412=ORIENTED_EDGE('',*,*,#8045,.T.);
#11413=ORIENTED_EDGE('',*,*,#7525,.F.);
#11414=ORIENTED_EDGE('',*,*,#8230,.F.);
#11415=ORIENTED_EDGE('',*,*,#7848,.F.);
#11416=ORIENTED_EDGE('',*,*,#7522,.F.);
#11417=ORIENTED_EDGE('',*,*,#8047,.F.);
#11418=ORIENTED_EDGE('',*,*,#7851,.F.);
#11419=ORIENTED_EDGE('',*,*,#8228,.T.);
#11420=ORIENTED_EDGE('',*,*,#7651,.F.);
#11421=ORIENTED_EDGE('',*,*,#8231,.F.);
#11422=ORIENTED_EDGE('',*,*,#7871,.F.);
#11423=ORIENTED_EDGE('',*,*,#8232,.F.);
#11424=ORIENTED_EDGE('',*,*,#7649,.F.);
#11425=ORIENTED_EDGE('',*,*,#8077,.F.);
#11426=ORIENTED_EDGE('',*,*,#7873,.F.);
#11427=ORIENTED_EDGE('',*,*,#8233,.T.);
#11428=ORIENTED_EDGE('',*,*,#7650,.F.);
#11429=ORIENTED_EDGE('',*,*,#8233,.F.);
#11430=ORIENTED_EDGE('',*,*,#7872,.F.);
#11431=ORIENTED_EDGE('',*,*,#8231,.T.);
#11432=ORIENTED_EDGE('',*,*,#8232,.T.);
#11433=ORIENTED_EDGE('',*,*,#7870,.F.);
#11434=ORIENTED_EDGE('',*,*,#8234,.T.);
#11435=ORIENTED_EDGE('',*,*,#7652,.F.);
#11436=ORIENTED_EDGE('',*,*,#8073,.T.);
#11437=ORIENTED_EDGE('',*,*,#7656,.F.);
#11438=ORIENTED_EDGE('',*,*,#8235,.F.);
#11439=ORIENTED_EDGE('',*,*,#7866,.F.);
#11440=ORIENTED_EDGE('',*,*,#7653,.F.);
#11441=ORIENTED_EDGE('',*,*,#8234,.F.);
#11442=ORIENTED_EDGE('',*,*,#7869,.F.);
#11443=ORIENTED_EDGE('',*,*,#8236,.T.);
#11444=ORIENTED_EDGE('',*,*,#7654,.F.);
#11445=ORIENTED_EDGE('',*,*,#8236,.F.);
#11446=ORIENTED_EDGE('',*,*,#7868,.F.);
#11447=ORIENTED_EDGE('',*,*,#8237,.T.);
#11448=ORIENTED_EDGE('',*,*,#7655,.F.);
#11449=ORIENTED_EDGE('',*,*,#8237,.F.);
#11450=ORIENTED_EDGE('',*,*,#7867,.F.);
#11451=ORIENTED_EDGE('',*,*,#8235,.T.);
#11452=ORIENTED_EDGE('',*,*,#7528,.F.);
#11453=ORIENTED_EDGE('',*,*,#8048,.F.);
#11454=ORIENTED_EDGE('',*,*,#7845,.F.);
#11455=ORIENTED_EDGE('',*,*,#8238,.T.);
#11456=ORIENTED_EDGE('',*,*,#7529,.F.);
#11457=ORIENTED_EDGE('',*,*,#8238,.F.);
#11458=ORIENTED_EDGE('',*,*,#7844,.F.);
#11459=ORIENTED_EDGE('',*,*,#8239,.T.);
#11460=ORIENTED_EDGE('',*,*,#7530,.F.);
#11461=ORIENTED_EDGE('',*,*,#8239,.F.);
#11462=ORIENTED_EDGE('',*,*,#7843,.F.);
#11463=ORIENTED_EDGE('',*,*,#8240,.T.);
#11464=ORIENTED_EDGE('',*,*,#7531,.F.);
#11465=ORIENTED_EDGE('',*,*,#8240,.F.);
#11466=ORIENTED_EDGE('',*,*,#7842,.F.);
#11467=ORIENTED_EDGE('',*,*,#8241,.T.);
#11468=ORIENTED_EDGE('',*,*,#8046,.T.);
#11469=ORIENTED_EDGE('',*,*,#7532,.F.);
#11470=ORIENTED_EDGE('',*,*,#8241,.F.);
#11471=ORIENTED_EDGE('',*,*,#7841,.F.);
#11472=ORIENTED_EDGE('',*,*,#6957,.T.);
#11473=ORIENTED_EDGE('',*,*,#7305,.F.);
#11474=ORIENTED_EDGE('',*,*,#7509,.F.);
#11475=ORIENTED_EDGE('',*,*,#8242,.F.);
#11476=ORIENTED_EDGE('',*,*,#7740,.F.);
#11477=ORIENTED_EDGE('',*,*,#7320,.F.);
#11478=ORIENTED_EDGE('',*,*,#8025,.T.);
#11479=ORIENTED_EDGE('',*,*,#6901,.T.);
#11480=ORIENTED_EDGE('',*,*,#7741,.F.);
#11481=ORIENTED_EDGE('',*,*,#8242,.T.);
#11482=ORIENTED_EDGE('',*,*,#7508,.F.);
#11483=ORIENTED_EDGE('',*,*,#7191,.F.);
#11484=ORIENTED_EDGE('',*,*,#7790,.F.);
#11485=ORIENTED_EDGE('',*,*,#8243,.T.);
#11486=ORIENTED_EDGE('',*,*,#7597,.F.);
#11487=ORIENTED_EDGE('',*,*,#8244,.F.);
#11488=ORIENTED_EDGE('',*,*,#7791,.F.);
#11489=ORIENTED_EDGE('',*,*,#8244,.T.);
#11490=ORIENTED_EDGE('',*,*,#7596,.F.);
#11491=ORIENTED_EDGE('',*,*,#8245,.F.);
#11492=ORIENTED_EDGE('',*,*,#7792,.F.);
#11493=ORIENTED_EDGE('',*,*,#8245,.T.);
#11494=ORIENTED_EDGE('',*,*,#7595,.F.);
#11495=ORIENTED_EDGE('',*,*,#7724,.F.);
#11496=ORIENTED_EDGE('',*,*,#7789,.F.);
#11497=ORIENTED_EDGE('',*,*,#8246,.T.);
#11498=ORIENTED_EDGE('',*,*,#8247,.F.);
#11499=ORIENTED_EDGE('',*,*,#8248,.F.);
#11500=ORIENTED_EDGE('',*,*,#8249,.T.);
#11501=ORIENTED_EDGE('',*,*,#7598,.F.);
#11502=ORIENTED_EDGE('',*,*,#8243,.F.);
#11503=ORIENTED_EDGE('',*,*,#7788,.F.);
#11504=ORIENTED_EDGE('',*,*,#7725,.T.);
#11505=ORIENTED_EDGE('',*,*,#7599,.F.);
#11506=ORIENTED_EDGE('',*,*,#8249,.F.);
#11507=ORIENTED_EDGE('',*,*,#8250,.F.);
#11508=ORIENTED_EDGE('',*,*,#8251,.F.);
#11509=ORIENTED_EDGE('',*,*,#8246,.F.);
#11510=ORIENTED_EDGE('',*,*,#8250,.T.);
#11511=ORIENTED_EDGE('',*,*,#8248,.T.);
#11512=ORIENTED_EDGE('',*,*,#8252,.F.);
#11513=ORIENTED_EDGE('',*,*,#7778,.F.);
#11514=ORIENTED_EDGE('',*,*,#8039,.T.);
#11515=ORIENTED_EDGE('',*,*,#7470,.F.);
#11516=ORIENTED_EDGE('',*,*,#8253,.F.);
#11517=ORIENTED_EDGE('',*,*,#7972,.F.);
#11518=ORIENTED_EDGE('',*,*,#8254,.T.);
#11519=ORIENTED_EDGE('',*,*,#7447,.F.);
#11520=ORIENTED_EDGE('',*,*,#8255,.F.);
#11521=ORIENTED_EDGE('',*,*,#7973,.F.);
#11522=ORIENTED_EDGE('',*,*,#8255,.T.);
#11523=ORIENTED_EDGE('',*,*,#7446,.F.);
#11524=ORIENTED_EDGE('',*,*,#8256,.F.);
#11525=ORIENTED_EDGE('',*,*,#7974,.F.);
#11526=ORIENTED_EDGE('',*,*,#8256,.T.);
#11527=ORIENTED_EDGE('',*,*,#7445,.F.);
#11528=ORIENTED_EDGE('',*,*,#7717,.F.);
#11529=ORIENTED_EDGE('',*,*,#7971,.F.);
#11530=ORIENTED_EDGE('',*,*,#7714,.T.);
#11531=ORIENTED_EDGE('',*,*,#7448,.F.);
#11532=ORIENTED_EDGE('',*,*,#8254,.F.);
#11533=ORIENTED_EDGE('',*,*,#7958,.F.);
#11534=ORIENTED_EDGE('',*,*,#8257,.T.);
#11535=ORIENTED_EDGE('',*,*,#7513,.F.);
#11536=ORIENTED_EDGE('',*,*,#8258,.F.);
#11537=ORIENTED_EDGE('',*,*,#8021,.T.);
#11538=ORIENTED_EDGE('',*,*,#7959,.F.);
#11539=ORIENTED_EDGE('',*,*,#8258,.T.);
#11540=ORIENTED_EDGE('',*,*,#7512,.F.);
#11541=ORIENTED_EDGE('',*,*,#7957,.F.);
#11542=ORIENTED_EDGE('',*,*,#8259,.T.);
#11543=ORIENTED_EDGE('',*,*,#7514,.F.);
#11544=ORIENTED_EDGE('',*,*,#8257,.F.);
#11545=ORIENTED_EDGE('',*,*,#7956,.F.);
#11546=ORIENTED_EDGE('',*,*,#8024,.T.);
#11547=ORIENTED_EDGE('',*,*,#7515,.F.);
#11548=ORIENTED_EDGE('',*,*,#8259,.F.);
#11549=ORIENTED_EDGE('',*,*,#8251,.T.);
#11550=ORIENTED_EDGE('',*,*,#8253,.T.);
#11551=ORIENTED_EDGE('',*,*,#7469,.F.);
#11552=ORIENTED_EDGE('',*,*,#8260,.F.);
#11553=ORIENTED_EDGE('',*,*,#7779,.F.);
#11554=ORIENTED_EDGE('',*,*,#8252,.T.);
#11555=ORIENTED_EDGE('',*,*,#8247,.T.);
#11556=ORIENTED_EDGE('',*,*,#7780,.F.);
#11557=ORIENTED_EDGE('',*,*,#8260,.T.);
#11558=ORIENTED_EDGE('',*,*,#7468,.F.);
#11559=ORIENTED_EDGE('',*,*,#8261,.F.);
#11560=ORIENTED_EDGE('',*,*,#7058,.T.);
#11561=ORIENTED_EDGE('',*,*,#7781,.F.);
#11562=ORIENTED_EDGE('',*,*,#8261,.T.);
#11563=ORIENTED_EDGE('',*,*,#7467,.F.);
#11564=ORIENTED_EDGE('',*,*,#7352,.T.);
#11565=ORIENTED_EDGE('',*,*,#7713,.T.);
#11566=ORIENTED_EDGE('',*,*,#7450,.F.);
#11567=ORIENTED_EDGE('',*,*,#8026,.T.);
#11568=ORIENTED_EDGE('',*,*,#7436,.F.);
#11569=ORIENTED_EDGE('',*,*,#7682,.F.);
#11570=ORIENTED_EDGE('',*,*,#7979,.F.);
#11571=ORIENTED_EDGE('',*,*,#7855,.F.);
#11572=ORIENTED_EDGE('',*,*,#7051,.T.);
#11573=ORIENTED_EDGE('',*,*,#7466,.F.);
#11574=ORIENTED_EDGE('',*,*,#8262,.F.);
#11575=ORIENTED_EDGE('',*,*,#7853,.F.);
#11576=ORIENTED_EDGE('',*,*,#8262,.T.);
#11577=ORIENTED_EDGE('',*,*,#7465,.F.);
#11578=ORIENTED_EDGE('',*,*,#7039,.F.);
#11579=ORIENTED_EDGE('',*,*,#7854,.F.);
#11580=ORIENTED_EDGE('',*,*,#7037,.T.);
#11581=ORIENTED_EDGE('',*,*,#8038,.F.);
#11582=ORIENTED_EDGE('',*,*,#7053,.F.);
#11583=ORIENTED_EDGE('',*,*,#7592,.F.);
#11584=ORIENTED_EDGE('',*,*,#8263,.F.);
#11585=ORIENTED_EDGE('',*,*,#7858,.F.);
#11586=ORIENTED_EDGE('',*,*,#8264,.T.);
#11587=ORIENTED_EDGE('',*,*,#7589,.F.);
#11588=ORIENTED_EDGE('',*,*,#8265,.F.);
#11589=ORIENTED_EDGE('',*,*,#7856,.F.);
#11590=ORIENTED_EDGE('',*,*,#8266,.T.);
#11591=ORIENTED_EDGE('',*,*,#7593,.F.);
#11592=ORIENTED_EDGE('',*,*,#8264,.F.);
#11593=ORIENTED_EDGE('',*,*,#7857,.F.);
#11594=ORIENTED_EDGE('',*,*,#8265,.T.);
#11595=ORIENTED_EDGE('',*,*,#7590,.F.);
#11596=ORIENTED_EDGE('',*,*,#8266,.F.);
#11597=ORIENTED_EDGE('',*,*,#7860,.F.);
#11598=ORIENTED_EDGE('',*,*,#8267,.T.);
#11599=ORIENTED_EDGE('',*,*,#7591,.F.);
#11600=ORIENTED_EDGE('',*,*,#8267,.F.);
#11601=ORIENTED_EDGE('',*,*,#7859,.F.);
#11602=ORIENTED_EDGE('',*,*,#8263,.T.);
#11603=ORIENTED_EDGE('',*,*,#7425,.F.);
#11604=ORIENTED_EDGE('',*,*,#7684,.F.);
#11605=ORIENTED_EDGE('',*,*,#7994,.F.);
#11606=ORIENTED_EDGE('',*,*,#8268,.T.);
#11607=ORIENTED_EDGE('',*,*,#7426,.F.);
#11608=ORIENTED_EDGE('',*,*,#8268,.F.);
#11609=ORIENTED_EDGE('',*,*,#7993,.F.);
#11610=ORIENTED_EDGE('',*,*,#8011,.T.);
#11611=ORIENTED_EDGE('',*,*,#7464,.F.);
#11612=ORIENTED_EDGE('',*,*,#7122,.F.);
#11613=ORIENTED_EDGE('',*,*,#7783,.F.);
#11614=ORIENTED_EDGE('',*,*,#7236,.T.);
#11615=ORIENTED_EDGE('',*,*,#6777,.F.);
#11616=ORIENTED_EDGE('',*,*,#7133,.T.);
#11617=ORIENTED_EDGE('',*,*,#7393,.T.);
#11618=ORIENTED_EDGE('',*,*,#8269,.T.);
#11619=ORIENTED_EDGE('',*,*,#7135,.T.);
#11620=ORIENTED_EDGE('',*,*,#7147,.T.);
#11621=ORIENTED_EDGE('',*,*,#7143,.T.);
#11622=ORIENTED_EDGE('',*,*,#7739,.T.);
#11623=ORIENTED_EDGE('',*,*,#8003,.T.);
#11624=ORIENTED_EDGE('',*,*,#8001,.T.);
#11625=ORIENTED_EDGE('',*,*,#7097,.T.);
#11626=ORIENTED_EDGE('',*,*,#7784,.T.);
#11627=ORIENTED_EDGE('',*,*,#7120,.T.);
#11628=ORIENTED_EDGE('',*,*,#7125,.T.);
#11629=ORIENTED_EDGE('',*,*,#7127,.F.);
#11630=ORIENTED_EDGE('',*,*,#6808,.T.);
#11631=ORIENTED_EDGE('',*,*,#7342,.T.);
#11632=ORIENTED_EDGE('',*,*,#6804,.T.);
#11633=ORIENTED_EDGE('',*,*,#6811,.T.);
#11634=ORIENTED_EDGE('',*,*,#7970,.F.);
#11635=ORIENTED_EDGE('',*,*,#7136,.T.);
#11636=ORIENTED_EDGE('',*,*,#8269,.F.);
#11637=ORIENTED_EDGE('',*,*,#7392,.F.);
#11638=ORIENTED_EDGE('',*,*,#8055,.T.);
#11639=ORIENTED_EDGE('',*,*,#8036,.T.);
#11640=ORIENTED_EDGE('',*,*,#7769,.F.);
#11641=ORIENTED_EDGE('',*,*,#8270,.F.);
#11642=ORIENTED_EDGE('',*,*,#8271,.F.);
#11643=ORIENTED_EDGE('',*,*,#8272,.F.);
#11644=ORIENTED_EDGE('',*,*,#8273,.F.);
#11645=ORIENTED_EDGE('',*,*,#8274,.F.);
#11646=ORIENTED_EDGE('',*,*,#8275,.T.);
#11647=ORIENTED_EDGE('',*,*,#8276,.F.);
#11648=ORIENTED_EDGE('',*,*,#8277,.F.);
#11649=ORIENTED_EDGE('',*,*,#8278,.F.);
#11650=ORIENTED_EDGE('',*,*,#8279,.T.);
#11651=ORIENTED_EDGE('',*,*,#8280,.F.);
#11652=ORIENTED_EDGE('',*,*,#8281,.F.);
#11653=ORIENTED_EDGE('',*,*,#8282,.F.);
#11654=ORIENTED_EDGE('',*,*,#8273,.T.);
#11655=ORIENTED_EDGE('',*,*,#8283,.F.);
#11656=ORIENTED_EDGE('',*,*,#8279,.F.);
#11657=ORIENTED_EDGE('',*,*,#8284,.F.);
#11658=ORIENTED_EDGE('',*,*,#8281,.T.);
#11659=ORIENTED_EDGE('',*,*,#8285,.F.);
#11660=ORIENTED_EDGE('',*,*,#8275,.F.);
#11661=ORIENTED_EDGE('',*,*,#8286,.F.);
#11662=ORIENTED_EDGE('',*,*,#8287,.F.);
#11663=ORIENTED_EDGE('',*,*,#8288,.F.);
#11664=ORIENTED_EDGE('',*,*,#8289,.F.);
#11665=ORIENTED_EDGE('',*,*,#8290,.F.);
#11666=ORIENTED_EDGE('',*,*,#8291,.T.);
#11667=ORIENTED_EDGE('',*,*,#8292,.F.);
#11668=ORIENTED_EDGE('',*,*,#8293,.F.);
#11669=ORIENTED_EDGE('',*,*,#8294,.F.);
#11670=ORIENTED_EDGE('',*,*,#8295,.T.);
#11671=ORIENTED_EDGE('',*,*,#8296,.F.);
#11672=ORIENTED_EDGE('',*,*,#8297,.F.);
#11673=ORIENTED_EDGE('',*,*,#8298,.F.);
#11674=ORIENTED_EDGE('',*,*,#8289,.T.);
#11675=ORIENTED_EDGE('',*,*,#8299,.F.);
#11676=ORIENTED_EDGE('',*,*,#8295,.F.);
#11677=ORIENTED_EDGE('',*,*,#8300,.F.);
#11678=ORIENTED_EDGE('',*,*,#8297,.T.);
#11679=ORIENTED_EDGE('',*,*,#8301,.F.);
#11680=ORIENTED_EDGE('',*,*,#8291,.F.);
#11681=ORIENTED_EDGE('',*,*,#8277,.T.);
#11682=ORIENTED_EDGE('',*,*,#8302,.F.);
#11683=ORIENTED_EDGE('',*,*,#8271,.T.);
#11684=ORIENTED_EDGE('',*,*,#8303,.F.);
#11685=ORIENTED_EDGE('',*,*,#8293,.T.);
#11686=ORIENTED_EDGE('',*,*,#8304,.F.);
#11687=ORIENTED_EDGE('',*,*,#8287,.T.);
#11688=ORIENTED_EDGE('',*,*,#8305,.F.);
#11689=ORIENTED_EDGE('',*,*,#8306,.F.);
#11690=ORIENTED_EDGE('',*,*,#8307,.T.);
#11691=ORIENTED_EDGE('',*,*,#8308,.T.);
#11692=ORIENTED_EDGE('',*,*,#8309,.F.);
#11693=ORIENTED_EDGE('',*,*,#8310,.F.);
#11694=ORIENTED_EDGE('',*,*,#8311,.T.);
#11695=ORIENTED_EDGE('',*,*,#8312,.T.);
#11696=ORIENTED_EDGE('',*,*,#8313,.F.);
#11697=ORIENTED_EDGE('',*,*,#8314,.F.);
#11698=ORIENTED_EDGE('',*,*,#8309,.T.);
#11699=ORIENTED_EDGE('',*,*,#8315,.T.);
#11700=ORIENTED_EDGE('',*,*,#8316,.F.);
#11701=ORIENTED_EDGE('',*,*,#8317,.F.);
#11702=ORIENTED_EDGE('',*,*,#8318,.T.);
#11703=ORIENTED_EDGE('',*,*,#8319,.T.);
#11704=ORIENTED_EDGE('',*,*,#8307,.F.);
#11705=ORIENTED_EDGE('',*,*,#8320,.F.);
#11706=ORIENTED_EDGE('',*,*,#8313,.T.);
#11707=ORIENTED_EDGE('',*,*,#8321,.T.);
#11708=ORIENTED_EDGE('',*,*,#8318,.F.);
#11709=ORIENTED_EDGE('',*,*,#8321,.F.);
#11710=ORIENTED_EDGE('',*,*,#8312,.F.);
#11711=ORIENTED_EDGE('',*,*,#8322,.F.);
#11712=ORIENTED_EDGE('',*,*,#8315,.F.);
#11713=ORIENTED_EDGE('',*,*,#8308,.F.);
#11714=ORIENTED_EDGE('',*,*,#8319,.F.);
#11715=ORIENTED_EDGE('',*,*,#8323,.F.);
#11716=ORIENTED_EDGE('',*,*,#8324,.T.);
#11717=ORIENTED_EDGE('',*,*,#8325,.T.);
#11718=ORIENTED_EDGE('',*,*,#8326,.F.);
#11719=ORIENTED_EDGE('',*,*,#8327,.F.);
#11720=ORIENTED_EDGE('',*,*,#8326,.T.);
#11721=ORIENTED_EDGE('',*,*,#8328,.T.);
#11722=ORIENTED_EDGE('',*,*,#8329,.F.);
#11723=ORIENTED_EDGE('',*,*,#8330,.F.);
#11724=ORIENTED_EDGE('',*,*,#8329,.T.);
#11725=ORIENTED_EDGE('',*,*,#8331,.T.);
#11726=ORIENTED_EDGE('',*,*,#8332,.F.);
#11727=ORIENTED_EDGE('',*,*,#8333,.F.);
#11728=ORIENTED_EDGE('',*,*,#8334,.T.);
#11729=ORIENTED_EDGE('',*,*,#8335,.T.);
#11730=ORIENTED_EDGE('',*,*,#8324,.F.);
#11731=ORIENTED_EDGE('',*,*,#8336,.F.);
#11732=ORIENTED_EDGE('',*,*,#8337,.T.);
#11733=ORIENTED_EDGE('',*,*,#8338,.T.);
#11734=ORIENTED_EDGE('',*,*,#8334,.F.);
#11735=ORIENTED_EDGE('',*,*,#8328,.F.);
#11736=ORIENTED_EDGE('',*,*,#8325,.F.);
#11737=ORIENTED_EDGE('',*,*,#8335,.F.);
#11738=ORIENTED_EDGE('',*,*,#8338,.F.);
#11739=ORIENTED_EDGE('',*,*,#8339,.F.);
#11740=ORIENTED_EDGE('',*,*,#8331,.F.);
#11741=ORIENTED_EDGE('',*,*,#8322,.T.);
#11742=ORIENTED_EDGE('',*,*,#8340,.T.);
#11743=ORIENTED_EDGE('',*,*,#8341,.F.);
#11744=ORIENTED_EDGE('',*,*,#8342,.F.);
#11745=ORIENTED_EDGE('',*,*,#8343,.F.);
#11746=ORIENTED_EDGE('',*,*,#8344,.F.);
#11747=ORIENTED_EDGE('',*,*,#8345,.F.);
#11748=ORIENTED_EDGE('',*,*,#8346,.T.);
#11749=ORIENTED_EDGE('',*,*,#8347,.F.);
#11750=ORIENTED_EDGE('',*,*,#8348,.F.);
#11751=ORIENTED_EDGE('',*,*,#8349,.F.);
#11752=ORIENTED_EDGE('',*,*,#8350,.T.);
#11753=ORIENTED_EDGE('',*,*,#8351,.F.);
#11754=ORIENTED_EDGE('',*,*,#8352,.T.);
#11755=ORIENTED_EDGE('',*,*,#8353,.F.);
#11756=ORIENTED_EDGE('',*,*,#8352,.F.);
#11757=ORIENTED_EDGE('',*,*,#8354,.F.);
#11758=ORIENTED_EDGE('',*,*,#8355,.T.);
#11759=ORIENTED_EDGE('',*,*,#8356,.F.);
#11760=ORIENTED_EDGE('',*,*,#8355,.F.);
#11761=ORIENTED_EDGE('',*,*,#8357,.F.);
#11762=ORIENTED_EDGE('',*,*,#8358,.T.);
#11763=ORIENTED_EDGE('',*,*,#8359,.F.);
#11764=ORIENTED_EDGE('',*,*,#8358,.F.);
#11765=ORIENTED_EDGE('',*,*,#8360,.F.);
#11766=ORIENTED_EDGE('',*,*,#8361,.T.);
#11767=ORIENTED_EDGE('',*,*,#8362,.F.);
#11768=ORIENTED_EDGE('',*,*,#8361,.F.);
#11769=ORIENTED_EDGE('',*,*,#8363,.F.);
#11770=ORIENTED_EDGE('',*,*,#8364,.T.);
#11771=ORIENTED_EDGE('',*,*,#8365,.F.);
#11772=ORIENTED_EDGE('',*,*,#8366,.F.);
#11773=ORIENTED_EDGE('',*,*,#8367,.F.);
#11774=ORIENTED_EDGE('',*,*,#8366,.T.);
#11775=ORIENTED_EDGE('',*,*,#8368,.F.);
#11776=ORIENTED_EDGE('',*,*,#8369,.F.);
#11777=ORIENTED_EDGE('',*,*,#8370,.F.);
#11778=ORIENTED_EDGE('',*,*,#8369,.T.);
#11779=ORIENTED_EDGE('',*,*,#8371,.F.);
#11780=ORIENTED_EDGE('',*,*,#8372,.F.);
#11781=ORIENTED_EDGE('',*,*,#8373,.F.);
#11782=ORIENTED_EDGE('',*,*,#8372,.T.);
#11783=ORIENTED_EDGE('',*,*,#8374,.F.);
#11784=ORIENTED_EDGE('',*,*,#8364,.F.);
#11785=ORIENTED_EDGE('',*,*,#8375,.F.);
#11786=ORIENTED_EDGE('',*,*,#8376,.T.);
#11787=ORIENTED_EDGE('',*,*,#8377,.F.);
#11788=ORIENTED_EDGE('',*,*,#8378,.F.);
#11789=ORIENTED_EDGE('',*,*,#8379,.F.);
#11790=ORIENTED_EDGE('',*,*,#8378,.T.);
#11791=ORIENTED_EDGE('',*,*,#8380,.F.);
#11792=ORIENTED_EDGE('',*,*,#8381,.F.);
#11793=ORIENTED_EDGE('',*,*,#8382,.F.);
#11794=ORIENTED_EDGE('',*,*,#8381,.T.);
#11795=ORIENTED_EDGE('',*,*,#8383,.F.);
#11796=ORIENTED_EDGE('',*,*,#8384,.F.);
#11797=ORIENTED_EDGE('',*,*,#8385,.F.);
#11798=ORIENTED_EDGE('',*,*,#8384,.T.);
#11799=ORIENTED_EDGE('',*,*,#8386,.F.);
#11800=ORIENTED_EDGE('',*,*,#8376,.F.);
#11801=ORIENTED_EDGE('',*,*,#8387,.F.);
#11802=ORIENTED_EDGE('',*,*,#8388,.T.);
#11803=ORIENTED_EDGE('',*,*,#8389,.F.);
#11804=ORIENTED_EDGE('',*,*,#8390,.F.);
#11805=ORIENTED_EDGE('',*,*,#8391,.F.);
#11806=ORIENTED_EDGE('',*,*,#8390,.T.);
#11807=ORIENTED_EDGE('',*,*,#8392,.F.);
#11808=ORIENTED_EDGE('',*,*,#8393,.F.);
#11809=ORIENTED_EDGE('',*,*,#8394,.F.);
#11810=ORIENTED_EDGE('',*,*,#8393,.T.);
#11811=ORIENTED_EDGE('',*,*,#8395,.F.);
#11812=ORIENTED_EDGE('',*,*,#8396,.F.);
#11813=ORIENTED_EDGE('',*,*,#8397,.F.);
#11814=ORIENTED_EDGE('',*,*,#8396,.T.);
#11815=ORIENTED_EDGE('',*,*,#8398,.F.);
#11816=ORIENTED_EDGE('',*,*,#8388,.F.);
#11817=ORIENTED_EDGE('',*,*,#8399,.F.);
#11818=ORIENTED_EDGE('',*,*,#8400,.T.);
#11819=ORIENTED_EDGE('',*,*,#8401,.F.);
#11820=ORIENTED_EDGE('',*,*,#8402,.F.);
#11821=ORIENTED_EDGE('',*,*,#8403,.F.);
#11822=ORIENTED_EDGE('',*,*,#8402,.T.);
#11823=ORIENTED_EDGE('',*,*,#8404,.F.);
#11824=ORIENTED_EDGE('',*,*,#8405,.F.);
#11825=ORIENTED_EDGE('',*,*,#8406,.F.);
#11826=ORIENTED_EDGE('',*,*,#8405,.T.);
#11827=ORIENTED_EDGE('',*,*,#8407,.F.);
#11828=ORIENTED_EDGE('',*,*,#8408,.F.);
#11829=ORIENTED_EDGE('',*,*,#8409,.F.);
#11830=ORIENTED_EDGE('',*,*,#8408,.T.);
#11831=ORIENTED_EDGE('',*,*,#8410,.F.);
#11832=ORIENTED_EDGE('',*,*,#8400,.F.);
#11833=ORIENTED_EDGE('',*,*,#8411,.F.);
#11834=ORIENTED_EDGE('',*,*,#8412,.T.);
#11835=ORIENTED_EDGE('',*,*,#8413,.F.);
#11836=ORIENTED_EDGE('',*,*,#8414,.F.);
#11837=ORIENTED_EDGE('',*,*,#8415,.F.);
#11838=ORIENTED_EDGE('',*,*,#8414,.T.);
#11839=ORIENTED_EDGE('',*,*,#8416,.F.);
#11840=ORIENTED_EDGE('',*,*,#8417,.F.);
#11841=ORIENTED_EDGE('',*,*,#8418,.F.);
#11842=ORIENTED_EDGE('',*,*,#8417,.T.);
#11843=ORIENTED_EDGE('',*,*,#8419,.F.);
#11844=ORIENTED_EDGE('',*,*,#8420,.F.);
#11845=ORIENTED_EDGE('',*,*,#8421,.F.);
#11846=ORIENTED_EDGE('',*,*,#8420,.T.);
#11847=ORIENTED_EDGE('',*,*,#8422,.F.);
#11848=ORIENTED_EDGE('',*,*,#8412,.F.);
#11849=ORIENTED_EDGE('',*,*,#8423,.F.);
#11850=ORIENTED_EDGE('',*,*,#8424,.T.);
#11851=ORIENTED_EDGE('',*,*,#8425,.F.);
#11852=ORIENTED_EDGE('',*,*,#8426,.F.);
#11853=ORIENTED_EDGE('',*,*,#8427,.F.);
#11854=ORIENTED_EDGE('',*,*,#8426,.T.);
#11855=ORIENTED_EDGE('',*,*,#8428,.F.);
#11856=ORIENTED_EDGE('',*,*,#8429,.F.);
#11857=ORIENTED_EDGE('',*,*,#8430,.F.);
#11858=ORIENTED_EDGE('',*,*,#8429,.T.);
#11859=ORIENTED_EDGE('',*,*,#8431,.F.);
#11860=ORIENTED_EDGE('',*,*,#8432,.F.);
#11861=ORIENTED_EDGE('',*,*,#8433,.F.);
#11862=ORIENTED_EDGE('',*,*,#8432,.T.);
#11863=ORIENTED_EDGE('',*,*,#8434,.F.);
#11864=ORIENTED_EDGE('',*,*,#8424,.F.);
#11865=ORIENTED_EDGE('',*,*,#8435,.F.);
#11866=ORIENTED_EDGE('',*,*,#8436,.T.);
#11867=ORIENTED_EDGE('',*,*,#8437,.F.);
#11868=ORIENTED_EDGE('',*,*,#8438,.F.);
#11869=ORIENTED_EDGE('',*,*,#8439,.F.);
#11870=ORIENTED_EDGE('',*,*,#8438,.T.);
#11871=ORIENTED_EDGE('',*,*,#8440,.F.);
#11872=ORIENTED_EDGE('',*,*,#8441,.F.);
#11873=ORIENTED_EDGE('',*,*,#8442,.F.);
#11874=ORIENTED_EDGE('',*,*,#8441,.T.);
#11875=ORIENTED_EDGE('',*,*,#8443,.F.);
#11876=ORIENTED_EDGE('',*,*,#8444,.F.);
#11877=ORIENTED_EDGE('',*,*,#8445,.F.);
#11878=ORIENTED_EDGE('',*,*,#8444,.T.);
#11879=ORIENTED_EDGE('',*,*,#8446,.F.);
#11880=ORIENTED_EDGE('',*,*,#8436,.F.);
#11881=ORIENTED_EDGE('',*,*,#8447,.F.);
#11882=ORIENTED_EDGE('',*,*,#8448,.T.);
#11883=ORIENTED_EDGE('',*,*,#8449,.F.);
#11884=ORIENTED_EDGE('',*,*,#8450,.F.);
#11885=ORIENTED_EDGE('',*,*,#8451,.F.);
#11886=ORIENTED_EDGE('',*,*,#8450,.T.);
#11887=ORIENTED_EDGE('',*,*,#8452,.F.);
#11888=ORIENTED_EDGE('',*,*,#8453,.F.);
#11889=ORIENTED_EDGE('',*,*,#8454,.F.);
#11890=ORIENTED_EDGE('',*,*,#8453,.T.);
#11891=ORIENTED_EDGE('',*,*,#8455,.F.);
#11892=ORIENTED_EDGE('',*,*,#8456,.F.);
#11893=ORIENTED_EDGE('',*,*,#8457,.F.);
#11894=ORIENTED_EDGE('',*,*,#8456,.T.);
#11895=ORIENTED_EDGE('',*,*,#8458,.F.);
#11896=ORIENTED_EDGE('',*,*,#8448,.F.);
#11897=ORIENTED_EDGE('',*,*,#8459,.F.);
#11898=ORIENTED_EDGE('',*,*,#8460,.T.);
#11899=ORIENTED_EDGE('',*,*,#8461,.F.);
#11900=ORIENTED_EDGE('',*,*,#8462,.F.);
#11901=ORIENTED_EDGE('',*,*,#8463,.F.);
#11902=ORIENTED_EDGE('',*,*,#8462,.T.);
#11903=ORIENTED_EDGE('',*,*,#8464,.F.);
#11904=ORIENTED_EDGE('',*,*,#8465,.F.);
#11905=ORIENTED_EDGE('',*,*,#8466,.F.);
#11906=ORIENTED_EDGE('',*,*,#8465,.T.);
#11907=ORIENTED_EDGE('',*,*,#8467,.F.);
#11908=ORIENTED_EDGE('',*,*,#8468,.F.);
#11909=ORIENTED_EDGE('',*,*,#8469,.F.);
#11910=ORIENTED_EDGE('',*,*,#8468,.T.);
#11911=ORIENTED_EDGE('',*,*,#8470,.F.);
#11912=ORIENTED_EDGE('',*,*,#8460,.F.);
#11913=ORIENTED_EDGE('',*,*,#8471,.F.);
#11914=ORIENTED_EDGE('',*,*,#8472,.T.);
#11915=ORIENTED_EDGE('',*,*,#8473,.F.);
#11916=ORIENTED_EDGE('',*,*,#8474,.F.);
#11917=ORIENTED_EDGE('',*,*,#8475,.F.);
#11918=ORIENTED_EDGE('',*,*,#8474,.T.);
#11919=ORIENTED_EDGE('',*,*,#8476,.F.);
#11920=ORIENTED_EDGE('',*,*,#8477,.F.);
#11921=ORIENTED_EDGE('',*,*,#8478,.F.);
#11922=ORIENTED_EDGE('',*,*,#8477,.T.);
#11923=ORIENTED_EDGE('',*,*,#8479,.F.);
#11924=ORIENTED_EDGE('',*,*,#8480,.F.);
#11925=ORIENTED_EDGE('',*,*,#8481,.F.);
#11926=ORIENTED_EDGE('',*,*,#8480,.T.);
#11927=ORIENTED_EDGE('',*,*,#8482,.F.);
#11928=ORIENTED_EDGE('',*,*,#8472,.F.);
#11929=ORIENTED_EDGE('',*,*,#8483,.F.);
#11930=ORIENTED_EDGE('',*,*,#8484,.T.);
#11931=ORIENTED_EDGE('',*,*,#8485,.F.);
#11932=ORIENTED_EDGE('',*,*,#8486,.F.);
#11933=ORIENTED_EDGE('',*,*,#8487,.F.);
#11934=ORIENTED_EDGE('',*,*,#8486,.T.);
#11935=ORIENTED_EDGE('',*,*,#8488,.F.);
#11936=ORIENTED_EDGE('',*,*,#8489,.F.);
#11937=ORIENTED_EDGE('',*,*,#8490,.F.);
#11938=ORIENTED_EDGE('',*,*,#8489,.T.);
#11939=ORIENTED_EDGE('',*,*,#8491,.F.);
#11940=ORIENTED_EDGE('',*,*,#8492,.F.);
#11941=ORIENTED_EDGE('',*,*,#8493,.F.);
#11942=ORIENTED_EDGE('',*,*,#8492,.T.);
#11943=ORIENTED_EDGE('',*,*,#8494,.F.);
#11944=ORIENTED_EDGE('',*,*,#8484,.F.);
#11945=ORIENTED_EDGE('',*,*,#8495,.F.);
#11946=ORIENTED_EDGE('',*,*,#8496,.T.);
#11947=ORIENTED_EDGE('',*,*,#8497,.F.);
#11948=ORIENTED_EDGE('',*,*,#8498,.F.);
#11949=ORIENTED_EDGE('',*,*,#8499,.F.);
#11950=ORIENTED_EDGE('',*,*,#8498,.T.);
#11951=ORIENTED_EDGE('',*,*,#8500,.F.);
#11952=ORIENTED_EDGE('',*,*,#8501,.F.);
#11953=ORIENTED_EDGE('',*,*,#8502,.F.);
#11954=ORIENTED_EDGE('',*,*,#8501,.T.);
#11955=ORIENTED_EDGE('',*,*,#8503,.F.);
#11956=ORIENTED_EDGE('',*,*,#8504,.F.);
#11957=ORIENTED_EDGE('',*,*,#8505,.F.);
#11958=ORIENTED_EDGE('',*,*,#8504,.T.);
#11959=ORIENTED_EDGE('',*,*,#8506,.F.);
#11960=ORIENTED_EDGE('',*,*,#8496,.F.);
#11961=ORIENTED_EDGE('',*,*,#8507,.F.);
#11962=ORIENTED_EDGE('',*,*,#8508,.T.);
#11963=ORIENTED_EDGE('',*,*,#8509,.F.);
#11964=ORIENTED_EDGE('',*,*,#8510,.F.);
#11965=ORIENTED_EDGE('',*,*,#8511,.F.);
#11966=ORIENTED_EDGE('',*,*,#8510,.T.);
#11967=ORIENTED_EDGE('',*,*,#8512,.F.);
#11968=ORIENTED_EDGE('',*,*,#8513,.F.);
#11969=ORIENTED_EDGE('',*,*,#8514,.F.);
#11970=ORIENTED_EDGE('',*,*,#8513,.T.);
#11971=ORIENTED_EDGE('',*,*,#8515,.F.);
#11972=ORIENTED_EDGE('',*,*,#8516,.F.);
#11973=ORIENTED_EDGE('',*,*,#8517,.F.);
#11974=ORIENTED_EDGE('',*,*,#8516,.T.);
#11975=ORIENTED_EDGE('',*,*,#8518,.F.);
#11976=ORIENTED_EDGE('',*,*,#8508,.F.);
#11977=ORIENTED_EDGE('',*,*,#8519,.F.);
#11978=ORIENTED_EDGE('',*,*,#8520,.T.);
#11979=ORIENTED_EDGE('',*,*,#8521,.F.);
#11980=ORIENTED_EDGE('',*,*,#8522,.F.);
#11981=ORIENTED_EDGE('',*,*,#8523,.F.);
#11982=ORIENTED_EDGE('',*,*,#8522,.T.);
#11983=ORIENTED_EDGE('',*,*,#8524,.F.);
#11984=ORIENTED_EDGE('',*,*,#8525,.F.);
#11985=ORIENTED_EDGE('',*,*,#8526,.F.);
#11986=ORIENTED_EDGE('',*,*,#8525,.T.);
#11987=ORIENTED_EDGE('',*,*,#8527,.F.);
#11988=ORIENTED_EDGE('',*,*,#8528,.F.);
#11989=ORIENTED_EDGE('',*,*,#8529,.F.);
#11990=ORIENTED_EDGE('',*,*,#8528,.T.);
#11991=ORIENTED_EDGE('',*,*,#8530,.F.);
#11992=ORIENTED_EDGE('',*,*,#8520,.F.);
#11993=ORIENTED_EDGE('',*,*,#8531,.F.);
#11994=ORIENTED_EDGE('',*,*,#8532,.T.);
#11995=ORIENTED_EDGE('',*,*,#8533,.F.);
#11996=ORIENTED_EDGE('',*,*,#8534,.F.);
#11997=ORIENTED_EDGE('',*,*,#8535,.F.);
#11998=ORIENTED_EDGE('',*,*,#8534,.T.);
#11999=ORIENTED_EDGE('',*,*,#8536,.F.);
#12000=ORIENTED_EDGE('',*,*,#8537,.F.);
#12001=ORIENTED_EDGE('',*,*,#8538,.F.);
#12002=ORIENTED_EDGE('',*,*,#8537,.T.);
#12003=ORIENTED_EDGE('',*,*,#8539,.F.);
#12004=ORIENTED_EDGE('',*,*,#8540,.F.);
#12005=ORIENTED_EDGE('',*,*,#8541,.F.);
#12006=ORIENTED_EDGE('',*,*,#8540,.T.);
#12007=ORIENTED_EDGE('',*,*,#8542,.F.);
#12008=ORIENTED_EDGE('',*,*,#8532,.F.);
#12009=ORIENTED_EDGE('',*,*,#8543,.F.);
#12010=ORIENTED_EDGE('',*,*,#8544,.T.);
#12011=ORIENTED_EDGE('',*,*,#8545,.F.);
#12012=ORIENTED_EDGE('',*,*,#8546,.F.);
#12013=ORIENTED_EDGE('',*,*,#8547,.F.);
#12014=ORIENTED_EDGE('',*,*,#8546,.T.);
#12015=ORIENTED_EDGE('',*,*,#8548,.F.);
#12016=ORIENTED_EDGE('',*,*,#8549,.F.);
#12017=ORIENTED_EDGE('',*,*,#8550,.F.);
#12018=ORIENTED_EDGE('',*,*,#8549,.T.);
#12019=ORIENTED_EDGE('',*,*,#8551,.F.);
#12020=ORIENTED_EDGE('',*,*,#8552,.F.);
#12021=ORIENTED_EDGE('',*,*,#8553,.F.);
#12022=ORIENTED_EDGE('',*,*,#8552,.T.);
#12023=ORIENTED_EDGE('',*,*,#8554,.F.);
#12024=ORIENTED_EDGE('',*,*,#8544,.F.);
#12025=ORIENTED_EDGE('',*,*,#8555,.F.);
#12026=ORIENTED_EDGE('',*,*,#8556,.T.);
#12027=ORIENTED_EDGE('',*,*,#8557,.F.);
#12028=ORIENTED_EDGE('',*,*,#8556,.F.);
#12029=ORIENTED_EDGE('',*,*,#8558,.F.);
#12030=ORIENTED_EDGE('',*,*,#8559,.T.);
#12031=ORIENTED_EDGE('',*,*,#8560,.F.);
#12032=ORIENTED_EDGE('',*,*,#8559,.F.);
#12033=ORIENTED_EDGE('',*,*,#8561,.F.);
#12034=ORIENTED_EDGE('',*,*,#8562,.T.);
#12035=ORIENTED_EDGE('',*,*,#8563,.F.);
#12036=ORIENTED_EDGE('',*,*,#8562,.F.);
#12037=ORIENTED_EDGE('',*,*,#8564,.F.);
#12038=ORIENTED_EDGE('',*,*,#8316,.T.);
#12039=ORIENTED_EDGE('',*,*,#8342,.T.);
#12040=ORIENTED_EDGE('',*,*,#8565,.F.);
#12041=ORIENTED_EDGE('',*,*,#8566,.F.);
#12042=ORIENTED_EDGE('',*,*,#8337,.F.);
#12043=ORIENTED_EDGE('',*,*,#8339,.T.);
#12044=ORIENTED_EDGE('',*,*,#8566,.T.);
#12045=ORIENTED_EDGE('',*,*,#8567,.F.);
#12046=ORIENTED_EDGE('',*,*,#8568,.F.);
#12047=ORIENTED_EDGE('',*,*,#8569,.F.);
#12048=ORIENTED_EDGE('',*,*,#8332,.T.);
#12049=ORIENTED_EDGE('',*,*,#8568,.T.);
#12050=ORIENTED_EDGE('',*,*,#8570,.F.);
#12051=ORIENTED_EDGE('',*,*,#8340,.F.);
#12052=ORIENTED_EDGE('',*,*,#8311,.F.);
#12053=ORIENTED_EDGE('',*,*,#8571,.F.);
#12054=ORIENTED_EDGE('',*,*,#8572,.F.);
#12055=ORIENTED_EDGE('',*,*,#8573,.F.);
#12056=ORIENTED_EDGE('',*,*,#8574,.T.);
#12057=ORIENTED_EDGE('',*,*,#8575,.F.);
#12058=ORIENTED_EDGE('',*,*,#8576,.F.);
#12059=ORIENTED_EDGE('',*,*,#8577,.F.);
#12060=ORIENTED_EDGE('',*,*,#8578,.T.);
#12061=ORIENTED_EDGE('',*,*,#8345,.T.);
#12062=ORIENTED_EDGE('',*,*,#8579,.T.);
#12063=ORIENTED_EDGE('',*,*,#8349,.T.);
#12064=ORIENTED_EDGE('',*,*,#8580,.T.);
#12065=ORIENTED_EDGE('',*,*,#8573,.T.);
#12066=ORIENTED_EDGE('',*,*,#8581,.T.);
#12067=ORIENTED_EDGE('',*,*,#8577,.T.);
#12068=ORIENTED_EDGE('',*,*,#8582,.T.);
#12069=ORIENTED_EDGE('',*,*,#8292,.T.);
#12070=ORIENTED_EDGE('',*,*,#8301,.T.);
#12071=ORIENTED_EDGE('',*,*,#8296,.T.);
#12072=ORIENTED_EDGE('',*,*,#8299,.T.);
#12073=ORIENTED_EDGE('',*,*,#8288,.T.);
#12074=ORIENTED_EDGE('',*,*,#8304,.T.);
#12075=ORIENTED_EDGE('',*,*,#8353,.T.);
#12076=ORIENTED_EDGE('',*,*,#8356,.T.);
#12077=ORIENTED_EDGE('',*,*,#8359,.T.);
#12078=ORIENTED_EDGE('',*,*,#8362,.T.);
#12079=ORIENTED_EDGE('',*,*,#8371,.T.);
#12080=ORIENTED_EDGE('',*,*,#8368,.T.);
#12081=ORIENTED_EDGE('',*,*,#8365,.T.);
#12082=ORIENTED_EDGE('',*,*,#8374,.T.);
#12083=ORIENTED_EDGE('',*,*,#8383,.T.);
#12084=ORIENTED_EDGE('',*,*,#8380,.T.);
#12085=ORIENTED_EDGE('',*,*,#8377,.T.);
#12086=ORIENTED_EDGE('',*,*,#8386,.T.);
#12087=ORIENTED_EDGE('',*,*,#8395,.T.);
#12088=ORIENTED_EDGE('',*,*,#8392,.T.);
#12089=ORIENTED_EDGE('',*,*,#8389,.T.);
#12090=ORIENTED_EDGE('',*,*,#8398,.T.);
#12091=ORIENTED_EDGE('',*,*,#8407,.T.);
#12092=ORIENTED_EDGE('',*,*,#8404,.T.);
#12093=ORIENTED_EDGE('',*,*,#8401,.T.);
#12094=ORIENTED_EDGE('',*,*,#8410,.T.);
#12095=ORIENTED_EDGE('',*,*,#8419,.T.);
#12096=ORIENTED_EDGE('',*,*,#8416,.T.);
#12097=ORIENTED_EDGE('',*,*,#8413,.T.);
#12098=ORIENTED_EDGE('',*,*,#8422,.T.);
#12099=ORIENTED_EDGE('',*,*,#8431,.T.);
#12100=ORIENTED_EDGE('',*,*,#8428,.T.);
#12101=ORIENTED_EDGE('',*,*,#8425,.T.);
#12102=ORIENTED_EDGE('',*,*,#8434,.T.);
#12103=ORIENTED_EDGE('',*,*,#8443,.T.);
#12104=ORIENTED_EDGE('',*,*,#8440,.T.);
#12105=ORIENTED_EDGE('',*,*,#8437,.T.);
#12106=ORIENTED_EDGE('',*,*,#8446,.T.);
#12107=ORIENTED_EDGE('',*,*,#8455,.T.);
#12108=ORIENTED_EDGE('',*,*,#8452,.T.);
#12109=ORIENTED_EDGE('',*,*,#8449,.T.);
#12110=ORIENTED_EDGE('',*,*,#8458,.T.);
#12111=ORIENTED_EDGE('',*,*,#8467,.T.);
#12112=ORIENTED_EDGE('',*,*,#8464,.T.);
#12113=ORIENTED_EDGE('',*,*,#8461,.T.);
#12114=ORIENTED_EDGE('',*,*,#8470,.T.);
#12115=ORIENTED_EDGE('',*,*,#8479,.T.);
#12116=ORIENTED_EDGE('',*,*,#8476,.T.);
#12117=ORIENTED_EDGE('',*,*,#8473,.T.);
#12118=ORIENTED_EDGE('',*,*,#8482,.T.);
#12119=ORIENTED_EDGE('',*,*,#8491,.T.);
#12120=ORIENTED_EDGE('',*,*,#8488,.T.);
#12121=ORIENTED_EDGE('',*,*,#8485,.T.);
#12122=ORIENTED_EDGE('',*,*,#8494,.T.);
#12123=ORIENTED_EDGE('',*,*,#8503,.T.);
#12124=ORIENTED_EDGE('',*,*,#8500,.T.);
#12125=ORIENTED_EDGE('',*,*,#8497,.T.);
#12126=ORIENTED_EDGE('',*,*,#8506,.T.);
#12127=ORIENTED_EDGE('',*,*,#8515,.T.);
#12128=ORIENTED_EDGE('',*,*,#8512,.T.);
#12129=ORIENTED_EDGE('',*,*,#8509,.T.);
#12130=ORIENTED_EDGE('',*,*,#8518,.T.);
#12131=ORIENTED_EDGE('',*,*,#8527,.T.);
#12132=ORIENTED_EDGE('',*,*,#8524,.T.);
#12133=ORIENTED_EDGE('',*,*,#8521,.T.);
#12134=ORIENTED_EDGE('',*,*,#8530,.T.);
#12135=ORIENTED_EDGE('',*,*,#8539,.T.);
#12136=ORIENTED_EDGE('',*,*,#8536,.T.);
#12137=ORIENTED_EDGE('',*,*,#8533,.T.);
#12138=ORIENTED_EDGE('',*,*,#8542,.T.);
#12139=ORIENTED_EDGE('',*,*,#8551,.T.);
#12140=ORIENTED_EDGE('',*,*,#8548,.T.);
#12141=ORIENTED_EDGE('',*,*,#8545,.T.);
#12142=ORIENTED_EDGE('',*,*,#8554,.T.);
#12143=ORIENTED_EDGE('',*,*,#8557,.T.);
#12144=ORIENTED_EDGE('',*,*,#8560,.T.);
#12145=ORIENTED_EDGE('',*,*,#8563,.T.);
#12146=ORIENTED_EDGE('',*,*,#8276,.T.);
#12147=ORIENTED_EDGE('',*,*,#8285,.T.);
#12148=ORIENTED_EDGE('',*,*,#8280,.T.);
#12149=ORIENTED_EDGE('',*,*,#8283,.T.);
#12150=ORIENTED_EDGE('',*,*,#8272,.T.);
#12151=ORIENTED_EDGE('',*,*,#8302,.T.);
#12152=ORIENTED_EDGE('',*,*,#8567,.T.);
#12153=ORIENTED_EDGE('',*,*,#8565,.T.);
#12154=ORIENTED_EDGE('',*,*,#8341,.T.);
#12155=ORIENTED_EDGE('',*,*,#8570,.T.);
#12156=ORIENTED_EDGE('',*,*,#8343,.T.);
#12157=ORIENTED_EDGE('',*,*,#8583,.F.);
#12158=ORIENTED_EDGE('',*,*,#8575,.T.);
#12159=ORIENTED_EDGE('',*,*,#8584,.F.);
#12160=ORIENTED_EDGE('',*,*,#8571,.T.);
#12161=ORIENTED_EDGE('',*,*,#8585,.F.);
#12162=ORIENTED_EDGE('',*,*,#8347,.T.);
#12163=ORIENTED_EDGE('',*,*,#8586,.F.);
#12164=ORIENTED_EDGE('',*,*,#8314,.T.);
#12165=ORIENTED_EDGE('',*,*,#8564,.T.);
#12166=ORIENTED_EDGE('',*,*,#8336,.T.);
#12167=ORIENTED_EDGE('',*,*,#8333,.T.);
#12168=ORIENTED_EDGE('',*,*,#8323,.T.);
#12169=ORIENTED_EDGE('',*,*,#8327,.T.);
#12170=ORIENTED_EDGE('',*,*,#8330,.T.);
#12171=ORIENTED_EDGE('',*,*,#8569,.T.);
#12172=ORIENTED_EDGE('',*,*,#8310,.T.);
#12173=ORIENTED_EDGE('',*,*,#8320,.T.);
#12174=ORIENTED_EDGE('',*,*,#8317,.T.);
#12175=ORIENTED_EDGE('',*,*,#8306,.T.);
#12176=ORIENTED_EDGE('',*,*,#8561,.T.);
#12177=ORIENTED_EDGE('',*,*,#8558,.T.);
#12178=ORIENTED_EDGE('',*,*,#8555,.T.);
#12179=ORIENTED_EDGE('',*,*,#8550,.T.);
#12180=ORIENTED_EDGE('',*,*,#8553,.T.);
#12181=ORIENTED_EDGE('',*,*,#8543,.T.);
#12182=ORIENTED_EDGE('',*,*,#8547,.T.);
#12183=ORIENTED_EDGE('',*,*,#8538,.T.);
#12184=ORIENTED_EDGE('',*,*,#8541,.T.);
#12185=ORIENTED_EDGE('',*,*,#8531,.T.);
#12186=ORIENTED_EDGE('',*,*,#8535,.T.);
#12187=ORIENTED_EDGE('',*,*,#8526,.T.);
#12188=ORIENTED_EDGE('',*,*,#8529,.T.);
#12189=ORIENTED_EDGE('',*,*,#8519,.T.);
#12190=ORIENTED_EDGE('',*,*,#8523,.T.);
#12191=ORIENTED_EDGE('',*,*,#8514,.T.);
#12192=ORIENTED_EDGE('',*,*,#8517,.T.);
#12193=ORIENTED_EDGE('',*,*,#8507,.T.);
#12194=ORIENTED_EDGE('',*,*,#8511,.T.);
#12195=ORIENTED_EDGE('',*,*,#8502,.T.);
#12196=ORIENTED_EDGE('',*,*,#8505,.T.);
#12197=ORIENTED_EDGE('',*,*,#8495,.T.);
#12198=ORIENTED_EDGE('',*,*,#8499,.T.);
#12199=ORIENTED_EDGE('',*,*,#8490,.T.);
#12200=ORIENTED_EDGE('',*,*,#8493,.T.);
#12201=ORIENTED_EDGE('',*,*,#8483,.T.);
#12202=ORIENTED_EDGE('',*,*,#8487,.T.);
#12203=ORIENTED_EDGE('',*,*,#8478,.T.);
#12204=ORIENTED_EDGE('',*,*,#8481,.T.);
#12205=ORIENTED_EDGE('',*,*,#8471,.T.);
#12206=ORIENTED_EDGE('',*,*,#8475,.T.);
#12207=ORIENTED_EDGE('',*,*,#8466,.T.);
#12208=ORIENTED_EDGE('',*,*,#8469,.T.);
#12209=ORIENTED_EDGE('',*,*,#8459,.T.);
#12210=ORIENTED_EDGE('',*,*,#8463,.T.);
#12211=ORIENTED_EDGE('',*,*,#8454,.T.);
#12212=ORIENTED_EDGE('',*,*,#8457,.T.);
#12213=ORIENTED_EDGE('',*,*,#8447,.T.);
#12214=ORIENTED_EDGE('',*,*,#8451,.T.);
#12215=ORIENTED_EDGE('',*,*,#8442,.T.);
#12216=ORIENTED_EDGE('',*,*,#8445,.T.);
#12217=ORIENTED_EDGE('',*,*,#8435,.T.);
#12218=ORIENTED_EDGE('',*,*,#8439,.T.);
#12219=ORIENTED_EDGE('',*,*,#8430,.T.);
#12220=ORIENTED_EDGE('',*,*,#8433,.T.);
#12221=ORIENTED_EDGE('',*,*,#8423,.T.);
#12222=ORIENTED_EDGE('',*,*,#8427,.T.);
#12223=ORIENTED_EDGE('',*,*,#8418,.T.);
#12224=ORIENTED_EDGE('',*,*,#8421,.T.);
#12225=ORIENTED_EDGE('',*,*,#8411,.T.);
#12226=ORIENTED_EDGE('',*,*,#8415,.T.);
#12227=ORIENTED_EDGE('',*,*,#8406,.T.);
#12228=ORIENTED_EDGE('',*,*,#8409,.T.);
#12229=ORIENTED_EDGE('',*,*,#8399,.T.);
#12230=ORIENTED_EDGE('',*,*,#8403,.T.);
#12231=ORIENTED_EDGE('',*,*,#8394,.T.);
#12232=ORIENTED_EDGE('',*,*,#8397,.T.);
#12233=ORIENTED_EDGE('',*,*,#8387,.T.);
#12234=ORIENTED_EDGE('',*,*,#8391,.T.);
#12235=ORIENTED_EDGE('',*,*,#8382,.T.);
#12236=ORIENTED_EDGE('',*,*,#8385,.T.);
#12237=ORIENTED_EDGE('',*,*,#8375,.T.);
#12238=ORIENTED_EDGE('',*,*,#8379,.T.);
#12239=ORIENTED_EDGE('',*,*,#8370,.T.);
#12240=ORIENTED_EDGE('',*,*,#8373,.T.);
#12241=ORIENTED_EDGE('',*,*,#8363,.T.);
#12242=ORIENTED_EDGE('',*,*,#8367,.T.);
#12243=ORIENTED_EDGE('',*,*,#8360,.T.);
#12244=ORIENTED_EDGE('',*,*,#8357,.T.);
#12245=ORIENTED_EDGE('',*,*,#8354,.T.);
#12246=ORIENTED_EDGE('',*,*,#8351,.T.);
#12247=ORIENTED_EDGE('',*,*,#8290,.T.);
#12248=ORIENTED_EDGE('',*,*,#8305,.T.);
#12249=ORIENTED_EDGE('',*,*,#8286,.T.);
#12250=ORIENTED_EDGE('',*,*,#8298,.T.);
#12251=ORIENTED_EDGE('',*,*,#8294,.T.);
#12252=ORIENTED_EDGE('',*,*,#8300,.T.);
#12253=ORIENTED_EDGE('',*,*,#8274,.T.);
#12254=ORIENTED_EDGE('',*,*,#8303,.T.);
#12255=ORIENTED_EDGE('',*,*,#8270,.T.);
#12256=ORIENTED_EDGE('',*,*,#8282,.T.);
#12257=ORIENTED_EDGE('',*,*,#8278,.T.);
#12258=ORIENTED_EDGE('',*,*,#8284,.T.);
#12259=ORIENTED_EDGE('',*,*,#8346,.F.);
#12260=ORIENTED_EDGE('',*,*,#8582,.F.);
#12261=ORIENTED_EDGE('',*,*,#8576,.T.);
#12262=ORIENTED_EDGE('',*,*,#8583,.T.);
#12263=ORIENTED_EDGE('',*,*,#8572,.T.);
#12264=ORIENTED_EDGE('',*,*,#8584,.T.);
#12265=ORIENTED_EDGE('',*,*,#8578,.F.);
#12266=ORIENTED_EDGE('',*,*,#8581,.F.);
#12267=ORIENTED_EDGE('',*,*,#8348,.T.);
#12268=ORIENTED_EDGE('',*,*,#8585,.T.);
#12269=ORIENTED_EDGE('',*,*,#8574,.F.);
#12270=ORIENTED_EDGE('',*,*,#8580,.F.);
#12271=ORIENTED_EDGE('',*,*,#8344,.T.);
#12272=ORIENTED_EDGE('',*,*,#8586,.T.);
#12273=ORIENTED_EDGE('',*,*,#8350,.F.);
#12274=ORIENTED_EDGE('',*,*,#8579,.F.);
#12275=CYLINDRICAL_SURFACE('',#12913,3.5);
#12276=CYLINDRICAL_SURFACE('',#12922,1.25);
#12277=CYLINDRICAL_SURFACE('',#12933,1.75);
#12278=CYLINDRICAL_SURFACE('',#12938,1.75);
#12279=CYLINDRICAL_SURFACE('',#12943,1.75);
#12280=CYLINDRICAL_SURFACE('',#12948,1.2);
#12281=CYLINDRICAL_SURFACE('',#12950,1.2);
#12282=CYLINDRICAL_SURFACE('',#12952,1.2);
#12283=CYLINDRICAL_SURFACE('',#12954,2.1);
#12284=CYLINDRICAL_SURFACE('',#12958,2.1);
#12285=CYLINDRICAL_SURFACE('',#12962,2.1);
#12286=CYLINDRICAL_SURFACE('',#12966,1.75);
#12287=CYLINDRICAL_SURFACE('',#12971,1.75000000000001);
#12288=CYLINDRICAL_SURFACE('',#12976,1.75);
#12289=CYLINDRICAL_SURFACE('',#12981,1.75);
#12290=CYLINDRICAL_SURFACE('',#12986,1.2);
#12291=CYLINDRICAL_SURFACE('',#12988,1.19999999999999);
#12292=CYLINDRICAL_SURFACE('',#12990,1.2);
#12293=CYLINDRICAL_SURFACE('',#12994,1.2);
#12294=CYLINDRICAL_SURFACE('',#12999,2.1);
#12295=CYLINDRICAL_SURFACE('',#13003,2.10000000000001);
#12296=CYLINDRICAL_SURFACE('',#13007,2.1);
#12297=CYLINDRICAL_SURFACE('',#13011,2.1);
#12298=CYLINDRICAL_SURFACE('',#13058,1.99999999999999);
#12299=CYLINDRICAL_SURFACE('',#13066,3.25);
#12300=CYLINDRICAL_SURFACE('',#13080,1.99999999999999);
#12301=CYLINDRICAL_SURFACE('',#13082,1.99999999999999);
#12302=CYLINDRICAL_SURFACE('',#13088,1.99999999999999);
#12303=CYLINDRICAL_SURFACE('',#13098,3.5);
#12304=CYLINDRICAL_SURFACE('',#13107,2.);
#12305=CYLINDRICAL_SURFACE('',#13128,3.5);
#12306=CYLINDRICAL_SURFACE('',#13132,3.25);
#12307=CYLINDRICAL_SURFACE('',#13145,3.25);
#12308=CYLINDRICAL_SURFACE('',#13167,3.5);
#12309=CYLINDRICAL_SURFACE('',#13191,3.5);
#12310=CYLINDRICAL_SURFACE('',#13361,1.99999999999999);
#12311=CYLINDRICAL_SURFACE('',#13483,2.);
#12312=CYLINDRICAL_SURFACE('',#13494,3.6);
#12313=CYLINDRICAL_SURFACE('',#13497,3.6);
#12314=CYLINDRICAL_SURFACE('',#13513,1.99999999999999);
#12315=CYLINDRICAL_SURFACE('',#13516,2.);
#12316=CYLINDRICAL_SURFACE('',#13519,1.2);
#12317=CYLINDRICAL_SURFACE('',#13522,1.2);
#12318=CYLINDRICAL_SURFACE('',#13525,1.2);
#12319=CYLINDRICAL_SURFACE('',#13528,1.2);
#12320=CYLINDRICAL_SURFACE('',#13595,1.2);
#12321=CYLINDRICAL_SURFACE('',#13598,1.19999999999999);
#12322=CYLINDRICAL_SURFACE('',#13601,1.2);
#12323=CYLINDRICAL_SURFACE('',#13607,1.99999999999999);
#12324=CYLINDRICAL_SURFACE('',#13610,1.99999999999999);
#12325=ADVANCED_FACE('',(#677),#12275,.T.);
#12326=ADVANCED_FACE('',(#678),#12276,.F.);
#12327=ADVANCED_FACE('',(#679),#154,.F.);
#12328=ADVANCED_FACE('',(#680),#155,.T.);
#12329=ADVANCED_FACE('',(#681),#156,.F.);
#12330=ADVANCED_FACE('',(#682),#157,.F.);
#12331=ADVANCED_FACE('',(#683,#17),#158,.F.);
#12332=ADVANCED_FACE('',(#684),#159,.F.);
#12333=ADVANCED_FACE('',(#685),#160,.F.);
#12334=ADVANCED_FACE('',(#686),#161,.F.);
#12335=ADVANCED_FACE('',(#687),#12277,.F.);
#12336=ADVANCED_FACE('',(#688,#18),#162,.T.);
#12337=ADVANCED_FACE('',(#689),#12278,.F.);
#12338=ADVANCED_FACE('',(#690,#19),#163,.T.);
#12339=ADVANCED_FACE('',(#691),#12279,.F.);
#12340=ADVANCED_FACE('',(#692,#20),#164,.T.);
#12341=ADVANCED_FACE('',(#693),#12280,.F.);
#12342=ADVANCED_FACE('',(#694),#12281,.F.);
#12343=ADVANCED_FACE('',(#695),#12282,.F.);
#12344=ADVANCED_FACE('',(#696),#12283,.F.);
#12345=ADVANCED_FACE('',(#697,#21),#165,.F.);
#12346=ADVANCED_FACE('',(#698),#12284,.F.);
#12347=ADVANCED_FACE('',(#699,#22),#166,.F.);
#12348=ADVANCED_FACE('',(#700),#12285,.F.);
#12349=ADVANCED_FACE('',(#701,#23),#167,.F.);
#12350=ADVANCED_FACE('',(#702),#12286,.F.);
#12351=ADVANCED_FACE('',(#703,#24),#168,.T.);
#12352=ADVANCED_FACE('',(#704),#12287,.F.);
#12353=ADVANCED_FACE('',(#705,#25),#169,.T.);
#12354=ADVANCED_FACE('',(#706),#12288,.F.);
#12355=ADVANCED_FACE('',(#707,#26),#170,.T.);
#12356=ADVANCED_FACE('',(#708),#12289,.F.);
#12357=ADVANCED_FACE('',(#709,#27),#171,.T.);
#12358=ADVANCED_FACE('',(#710),#12290,.F.);
#12359=ADVANCED_FACE('',(#711),#12291,.F.);
#12360=ADVANCED_FACE('',(#712,#28),#12292,.F.);
#12361=ADVANCED_FACE('',(#713),#12293,.F.);
#12362=ADVANCED_FACE('',(#714),#172,.F.);
#12363=ADVANCED_FACE('',(#715),#173,.F.);
#12364=ADVANCED_FACE('',(#716),#12294,.F.);
#12365=ADVANCED_FACE('',(#717,#29),#174,.F.);
#12366=ADVANCED_FACE('',(#718),#12295,.F.);
#12367=ADVANCED_FACE('',(#719,#30),#175,.F.);
#12368=ADVANCED_FACE('',(#720),#12296,.F.);
#12369=ADVANCED_FACE('',(#721,#31),#176,.F.);
#12370=ADVANCED_FACE('',(#722),#12297,.F.);
#12371=ADVANCED_FACE('',(#723,#32),#177,.F.);
#12372=ADVANCED_FACE('',(#724),#178,.T.);
#12373=ADVANCED_FACE('',(#725),#179,.T.);
#12374=ADVANCED_FACE('',(#726),#180,.T.);
#12375=ADVANCED_FACE('',(#727),#181,.T.);
#12376=ADVANCED_FACE('',(#728),#182,.T.);
#12377=ADVANCED_FACE('',(#729),#183,.T.);
#12378=ADVANCED_FACE('',(#730),#184,.T.);
#12379=ADVANCED_FACE('',(#731),#185,.F.);
#12380=ADVANCED_FACE('',(#732),#186,.F.);
#12381=ADVANCED_FACE('',(#733),#187,.F.);
#12382=ADVANCED_FACE('',(#734),#188,.F.);
#12383=ADVANCED_FACE('',(#735),#189,.F.);
#12384=ADVANCED_FACE('',(#736),#190,.F.);
#12385=ADVANCED_FACE('',(#737),#191,.F.);
#12386=ADVANCED_FACE('',(#738),#192,.F.);
#12387=ADVANCED_FACE('',(#739),#193,.F.);
#12388=ADVANCED_FACE('',(#740),#194,.F.);
#12389=ADVANCED_FACE('',(#741),#195,.F.);
#12390=ADVANCED_FACE('',(#742),#196,.F.);
#12391=ADVANCED_FACE('',(#743),#197,.F.);
#12392=ADVANCED_FACE('',(#744),#198,.F.);
#12393=ADVANCED_FACE('',(#745),#199,.F.);
#12394=ADVANCED_FACE('',(#746),#200,.F.);
#12395=ADVANCED_FACE('',(#747),#201,.F.);
#12396=ADVANCED_FACE('',(#748),#202,.F.);
#12397=ADVANCED_FACE('',(#749),#203,.F.);
#12398=ADVANCED_FACE('',(#750,#33),#204,.F.);
#12399=ADVANCED_FACE('',(#751),#205,.T.);
#12400=ADVANCED_FACE('',(#752),#206,.F.);
#12401=ADVANCED_FACE('',(#753),#207,.F.);
#12402=ADVANCED_FACE('',(#754),#208,.F.);
#12403=ADVANCED_FACE('',(#755),#209,.F.);
#12404=ADVANCED_FACE('',(#756),#210,.F.);
#12405=ADVANCED_FACE('',(#757),#211,.F.);
#12406=ADVANCED_FACE('',(#758),#212,.F.);
#12407=ADVANCED_FACE('',(#759),#213,.F.);
#12408=ADVANCED_FACE('',(#760),#214,.F.);
#12409=ADVANCED_FACE('',(#761),#12298,.T.);
#12410=ADVANCED_FACE('',(#762),#215,.F.);
#12411=ADVANCED_FACE('',(#763,#34),#216,.F.);
#12412=ADVANCED_FACE('',(#764),#217,.F.);
#12413=ADVANCED_FACE('',(#765),#218,.F.);
#12414=ADVANCED_FACE('',(#766),#12299,.T.);
#12415=ADVANCED_FACE('',(#767,#35),#219,.F.);
#12416=ADVANCED_FACE('',(#768),#220,.F.);
#12417=ADVANCED_FACE('',(#769),#221,.F.);
#12418=ADVANCED_FACE('',(#770),#222,.F.);
#12419=ADVANCED_FACE('',(#771),#223,.F.);
#12420=ADVANCED_FACE('',(#772),#224,.F.);
#12421=ADVANCED_FACE('',(#773),#12300,.T.);
#12422=ADVANCED_FACE('',(#774),#12301,.T.);
#12423=ADVANCED_FACE('',(#775),#225,.F.);
#12424=ADVANCED_FACE('',(#776),#226,.F.);
#12425=ADVANCED_FACE('',(#777),#227,.F.);
#12426=ADVANCED_FACE('',(#778),#12302,.T.);
#12427=ADVANCED_FACE('',(#779),#228,.F.);
#12428=ADVANCED_FACE('',(#780),#229,.F.);
#12429=ADVANCED_FACE('',(#781),#230,.F.);
#12430=ADVANCED_FACE('',(#782),#231,.F.);
#12431=ADVANCED_FACE('',(#783),#232,.F.);
#12432=ADVANCED_FACE('',(#784),#233,.F.);
#12433=ADVANCED_FACE('',(#785),#12303,.T.);
#12434=ADVANCED_FACE('',(#786),#234,.F.);
#12435=ADVANCED_FACE('',(#787),#235,.F.);
#12436=ADVANCED_FACE('',(#788),#236,.F.);
#12437=ADVANCED_FACE('',(#789),#237,.F.);
#12438=ADVANCED_FACE('',(#790),#238,.F.);
#12439=ADVANCED_FACE('',(#791),#239,.F.);
#12440=ADVANCED_FACE('',(#792),#12304,.T.);
#12441=ADVANCED_FACE('',(#793),#240,.F.);
#12442=ADVANCED_FACE('',(#794,#36),#241,.F.);
#12443=ADVANCED_FACE('',(#795),#242,.F.);
#12444=ADVANCED_FACE('',(#796),#243,.F.);
#12445=ADVANCED_FACE('',(#797),#244,.F.);
#12446=ADVANCED_FACE('',(#798),#245,.F.);
#12447=ADVANCED_FACE('',(#799,#37),#246,.F.);
#12448=ADVANCED_FACE('',(#800),#247,.F.);
#12449=ADVANCED_FACE('',(#801,#38),#248,.F.);
#12450=ADVANCED_FACE('',(#802,#39),#249,.F.);
#12451=ADVANCED_FACE('',(#803,#40),#250,.F.);
#12452=ADVANCED_FACE('',(#804),#251,.F.);
#12453=ADVANCED_FACE('',(#805),#252,.F.);
#12454=ADVANCED_FACE('',(#806),#253,.F.);
#12455=ADVANCED_FACE('',(#807),#12305,.T.);
#12456=ADVANCED_FACE('',(#808),#254,.F.);
#12457=ADVANCED_FACE('',(#809),#255,.F.);
#12458=ADVANCED_FACE('',(#810),#12306,.T.);
#12459=ADVANCED_FACE('',(#811),#256,.F.);
#12460=ADVANCED_FACE('',(#812),#257,.F.);
#12461=ADVANCED_FACE('',(#813),#258,.F.);
#12462=ADVANCED_FACE('',(#814),#259,.F.);
#12463=ADVANCED_FACE('',(#815),#260,.F.);
#12464=ADVANCED_FACE('',(#816),#261,.F.);
#12465=ADVANCED_FACE('',(#817),#262,.F.);
#12466=ADVANCED_FACE('',(#818),#263,.F.);
#12467=ADVANCED_FACE('',(#819),#264,.F.);
#12468=ADVANCED_FACE('',(#820),#265,.F.);
#12469=ADVANCED_FACE('',(#821),#266,.T.);
#12470=ADVANCED_FACE('',(#822),#12307,.T.);
#12471=ADVANCED_FACE('',(#823),#267,.F.);
#12472=ADVANCED_FACE('',(#824,#41),#268,.F.);
#12473=ADVANCED_FACE('',(#825,#42),#269,.T.);
#12474=ADVANCED_FACE('',(#826),#270,.F.);
#12475=ADVANCED_FACE('',(#827),#271,.F.);
#12476=ADVANCED_FACE('',(#828),#272,.T.);
#12477=ADVANCED_FACE('',(#829),#273,.F.);
#12478=ADVANCED_FACE('',(#830),#274,.T.);
#12479=ADVANCED_FACE('',(#831),#275,.T.);
#12480=ADVANCED_FACE('',(#832),#276,.T.);
#12481=ADVANCED_FACE('',(#833),#277,.T.);
#12482=ADVANCED_FACE('',(#834,#43),#278,.T.);
#12483=ADVANCED_FACE('',(#835),#279,.T.);
#12484=ADVANCED_FACE('',(#836),#280,.T.);
#12485=ADVANCED_FACE('',(#837),#281,.T.);
#12486=ADVANCED_FACE('',(#838),#282,.T.);
#12487=ADVANCED_FACE('',(#839),#283,.T.);
#12488=ADVANCED_FACE('',(#840),#284,.T.);
#12489=ADVANCED_FACE('',(#841),#12308,.T.);
#12490=ADVANCED_FACE('',(#842),#285,.F.);
#12491=ADVANCED_FACE('',(#843),#286,.T.);
#12492=ADVANCED_FACE('',(#844),#287,.T.);
#12493=ADVANCED_FACE('',(#845,#44),#288,.T.);
#12494=ADVANCED_FACE('',(#846),#289,.T.);
#12495=ADVANCED_FACE('',(#847),#290,.T.);
#12496=ADVANCED_FACE('',(#848),#291,.T.);
#12497=ADVANCED_FACE('',(#849,#45,#46,#47,#48,#49,#50,#51,#52,#53,#54,#55,
#56,#57,#58,#59,#60,#61,#62,#63),#292,.T.);
#12498=ADVANCED_FACE('',(#850),#293,.F.);
#12499=ADVANCED_FACE('',(#851),#294,.F.);
#12500=ADVANCED_FACE('',(#852),#295,.F.);
#12501=ADVANCED_FACE('',(#853),#296,.F.);
#12502=ADVANCED_FACE('',(#854),#297,.F.);
#12503=ADVANCED_FACE('',(#855),#298,.T.);
#12504=ADVANCED_FACE('',(#856),#299,.T.);
#12505=ADVANCED_FACE('',(#857),#300,.T.);
#12506=ADVANCED_FACE('',(#858),#12309,.T.);
#12507=ADVANCED_FACE('',(#859),#301,.T.);
#12508=ADVANCED_FACE('',(#860),#302,.F.);
#12509=ADVANCED_FACE('',(#861),#303,.F.);
#12510=ADVANCED_FACE('',(#862),#304,.F.);
#12511=ADVANCED_FACE('',(#863),#305,.F.);
#12512=ADVANCED_FACE('',(#864),#306,.T.);
#12513=ADVANCED_FACE('',(#865),#307,.T.);
#12514=ADVANCED_FACE('',(#866),#308,.T.);
#12515=ADVANCED_FACE('',(#867),#309,.F.);
#12516=ADVANCED_FACE('',(#868),#310,.T.);
#12517=ADVANCED_FACE('',(#869),#311,.F.);
#12518=ADVANCED_FACE('',(#870),#312,.F.);
#12519=ADVANCED_FACE('',(#871),#313,.F.);
#12520=ADVANCED_FACE('',(#872),#314,.F.);
#12521=ADVANCED_FACE('',(#873,#64,#65,#66,#67,#68,#69,#70,#71,#72,#73,#74,
#75,#76,#77,#78,#79,#80,#81,#82,#83,#84,#85,#86,#87,#88,#89,#90,#91,#92,
#93,#94,#95,#96,#97,#98,#99),#315,.F.);
#12522=ADVANCED_FACE('',(#874),#316,.F.);
#12523=ADVANCED_FACE('',(#875),#317,.F.);
#12524=ADVANCED_FACE('',(#876),#318,.F.);
#12525=ADVANCED_FACE('',(#877),#319,.F.);
#12526=ADVANCED_FACE('',(#878),#320,.F.);
#12527=ADVANCED_FACE('',(#879),#321,.F.);
#12528=ADVANCED_FACE('',(#880),#322,.F.);
#12529=ADVANCED_FACE('',(#881),#323,.F.);
#12530=ADVANCED_FACE('',(#882),#324,.F.);
#12531=ADVANCED_FACE('',(#883),#325,.F.);
#12532=ADVANCED_FACE('',(#884),#326,.F.);
#12533=ADVANCED_FACE('',(#885),#327,.F.);
#12534=ADVANCED_FACE('',(#886),#328,.F.);
#12535=ADVANCED_FACE('',(#887),#329,.F.);
#12536=ADVANCED_FACE('',(#888),#330,.F.);
#12537=ADVANCED_FACE('',(#889),#331,.F.);
#12538=ADVANCED_FACE('',(#890),#332,.F.);
#12539=ADVANCED_FACE('',(#891),#333,.F.);
#12540=ADVANCED_FACE('',(#892),#334,.F.);
#12541=ADVANCED_FACE('',(#893),#335,.F.);
#12542=ADVANCED_FACE('',(#894),#336,.F.);
#12543=ADVANCED_FACE('',(#895),#337,.F.);
#12544=ADVANCED_FACE('',(#896),#338,.F.);
#12545=ADVANCED_FACE('',(#897),#339,.F.);
#12546=ADVANCED_FACE('',(#898),#340,.F.);
#12547=ADVANCED_FACE('',(#899),#341,.F.);
#12548=ADVANCED_FACE('',(#900),#342,.F.);
#12549=ADVANCED_FACE('',(#901),#343,.F.);
#12550=ADVANCED_FACE('',(#902),#344,.F.);
#12551=ADVANCED_FACE('',(#903),#345,.F.);
#12552=ADVANCED_FACE('',(#904),#346,.F.);
#12553=ADVANCED_FACE('',(#905),#347,.F.);
#12554=ADVANCED_FACE('',(#906),#348,.F.);
#12555=ADVANCED_FACE('',(#907),#349,.F.);
#12556=ADVANCED_FACE('',(#908),#350,.F.);
#12557=ADVANCED_FACE('',(#909),#351,.F.);
#12558=ADVANCED_FACE('',(#910),#352,.F.);
#12559=ADVANCED_FACE('',(#911),#353,.F.);
#12560=ADVANCED_FACE('',(#912),#354,.F.);
#12561=ADVANCED_FACE('',(#913),#355,.F.);
#12562=ADVANCED_FACE('',(#914),#356,.F.);
#12563=ADVANCED_FACE('',(#915,#100),#357,.T.);
#12564=ADVANCED_FACE('',(#916),#358,.F.);
#12565=ADVANCED_FACE('',(#917),#359,.F.);
#12566=ADVANCED_FACE('',(#918),#360,.F.);
#12567=ADVANCED_FACE('',(#919),#361,.F.);
#12568=ADVANCED_FACE('',(#920),#362,.F.);
#12569=ADVANCED_FACE('',(#921),#363,.F.);
#12570=ADVANCED_FACE('',(#922),#364,.F.);
#12571=ADVANCED_FACE('',(#923),#365,.F.);
#12572=ADVANCED_FACE('',(#924),#366,.F.);
#12573=ADVANCED_FACE('',(#925),#367,.F.);
#12574=ADVANCED_FACE('',(#926),#368,.F.);
#12575=ADVANCED_FACE('',(#927),#369,.F.);
#12576=ADVANCED_FACE('',(#928),#370,.F.);
#12577=ADVANCED_FACE('',(#929),#371,.F.);
#12578=ADVANCED_FACE('',(#930),#372,.F.);
#12579=ADVANCED_FACE('',(#931),#373,.F.);
#12580=ADVANCED_FACE('',(#932),#374,.F.);
#12581=ADVANCED_FACE('',(#933),#375,.F.);
#12582=ADVANCED_FACE('',(#934),#376,.F.);
#12583=ADVANCED_FACE('',(#935),#377,.F.);
#12584=ADVANCED_FACE('',(#936),#378,.F.);
#12585=ADVANCED_FACE('',(#937),#379,.F.);
#12586=ADVANCED_FACE('',(#938),#380,.F.);
#12587=ADVANCED_FACE('',(#939),#381,.F.);
#12588=ADVANCED_FACE('',(#940),#382,.F.);
#12589=ADVANCED_FACE('',(#941),#383,.F.);
#12590=ADVANCED_FACE('',(#942),#384,.F.);
#12591=ADVANCED_FACE('',(#943),#385,.F.);
#12592=ADVANCED_FACE('',(#944),#386,.F.);
#12593=ADVANCED_FACE('',(#945),#387,.F.);
#12594=ADVANCED_FACE('',(#946),#388,.F.);
#12595=ADVANCED_FACE('',(#947),#389,.F.);
#12596=ADVANCED_FACE('',(#948),#390,.F.);
#12597=ADVANCED_FACE('',(#949),#391,.F.);
#12598=ADVANCED_FACE('',(#950),#392,.F.);
#12599=ADVANCED_FACE('',(#951),#393,.F.);
#12600=ADVANCED_FACE('',(#952),#394,.F.);
#12601=ADVANCED_FACE('',(#953),#395,.F.);
#12602=ADVANCED_FACE('',(#954),#396,.F.);
#12603=ADVANCED_FACE('',(#955),#397,.F.);
#12604=ADVANCED_FACE('',(#956),#398,.F.);
#12605=ADVANCED_FACE('',(#957),#399,.F.);
#12606=ADVANCED_FACE('',(#958),#400,.F.);
#12607=ADVANCED_FACE('',(#959),#401,.F.);
#12608=ADVANCED_FACE('',(#960),#402,.F.);
#12609=ADVANCED_FACE('',(#961),#403,.F.);
#12610=ADVANCED_FACE('',(#962),#404,.F.);
#12611=ADVANCED_FACE('',(#963),#405,.F.);
#12612=ADVANCED_FACE('',(#964),#406,.F.);
#12613=ADVANCED_FACE('',(#965),#407,.F.);
#12614=ADVANCED_FACE('',(#966),#408,.F.);
#12615=ADVANCED_FACE('',(#967),#409,.F.);
#12616=ADVANCED_FACE('',(#968),#410,.F.);
#12617=ADVANCED_FACE('',(#969),#411,.F.);
#12618=ADVANCED_FACE('',(#970),#412,.F.);
#12619=ADVANCED_FACE('',(#971),#413,.F.);
#12620=ADVANCED_FACE('',(#972),#414,.F.);
#12621=ADVANCED_FACE('',(#973),#415,.F.);
#12622=ADVANCED_FACE('',(#974),#416,.F.);
#12623=ADVANCED_FACE('',(#975),#417,.F.);
#12624=ADVANCED_FACE('',(#976),#418,.F.);
#12625=ADVANCED_FACE('',(#977),#419,.F.);
#12626=ADVANCED_FACE('',(#978),#420,.F.);
#12627=ADVANCED_FACE('',(#979),#421,.F.);
#12628=ADVANCED_FACE('',(#980),#422,.F.);
#12629=ADVANCED_FACE('',(#981),#423,.F.);
#12630=ADVANCED_FACE('',(#982),#424,.F.);
#12631=ADVANCED_FACE('',(#983),#425,.F.);
#12632=ADVANCED_FACE('',(#984),#426,.F.);
#12633=ADVANCED_FACE('',(#985),#427,.F.);
#12634=ADVANCED_FACE('',(#986),#428,.F.);
#12635=ADVANCED_FACE('',(#987),#429,.F.);
#12636=ADVANCED_FACE('',(#988),#430,.F.);
#12637=ADVANCED_FACE('',(#989),#431,.F.);
#12638=ADVANCED_FACE('',(#990),#432,.F.);
#12639=ADVANCED_FACE('',(#991),#433,.F.);
#12640=ADVANCED_FACE('',(#992),#434,.F.);
#12641=ADVANCED_FACE('',(#993),#435,.F.);
#12642=ADVANCED_FACE('',(#994),#436,.F.);
#12643=ADVANCED_FACE('',(#995),#437,.F.);
#12644=ADVANCED_FACE('',(#996),#438,.F.);
#12645=ADVANCED_FACE('',(#997),#439,.F.);
#12646=ADVANCED_FACE('',(#998),#440,.F.);
#12647=ADVANCED_FACE('',(#999),#441,.F.);
#12648=ADVANCED_FACE('',(#1000),#442,.F.);
#12649=ADVANCED_FACE('',(#1001),#443,.F.);
#12650=ADVANCED_FACE('',(#1002),#444,.F.);
#12651=ADVANCED_FACE('',(#1003),#445,.F.);
#12652=ADVANCED_FACE('',(#1004),#446,.F.);
#12653=ADVANCED_FACE('',(#1005),#447,.F.);
#12654=ADVANCED_FACE('',(#1006),#448,.F.);
#12655=ADVANCED_FACE('',(#1007),#449,.F.);
#12656=ADVANCED_FACE('',(#1008),#450,.F.);
#12657=ADVANCED_FACE('',(#1009),#451,.F.);
#12658=ADVANCED_FACE('',(#1010),#452,.F.);
#12659=ADVANCED_FACE('',(#1011),#453,.F.);
#12660=ADVANCED_FACE('',(#1012),#454,.F.);
#12661=ADVANCED_FACE('',(#1013),#455,.F.);
#12662=ADVANCED_FACE('',(#1014),#456,.F.);
#12663=ADVANCED_FACE('',(#1015),#457,.F.);
#12664=ADVANCED_FACE('',(#1016),#458,.F.);
#12665=ADVANCED_FACE('',(#1017),#459,.F.);
#12666=ADVANCED_FACE('',(#1018),#12310,.T.);
#12667=ADVANCED_FACE('',(#1019),#460,.F.);
#12668=ADVANCED_FACE('',(#1020),#461,.F.);
#12669=ADVANCED_FACE('',(#1021),#462,.F.);
#12670=ADVANCED_FACE('',(#1022),#463,.F.);
#12671=ADVANCED_FACE('',(#1023),#464,.F.);
#12672=ADVANCED_FACE('',(#1024),#465,.F.);
#12673=ADVANCED_FACE('',(#1025),#466,.F.);
#12674=ADVANCED_FACE('',(#1026),#467,.F.);
#12675=ADVANCED_FACE('',(#1027),#468,.F.);
#12676=ADVANCED_FACE('',(#1028),#469,.F.);
#12677=ADVANCED_FACE('',(#1029),#470,.F.);
#12678=ADVANCED_FACE('',(#1030),#471,.F.);
#12679=ADVANCED_FACE('',(#1031),#472,.F.);
#12680=ADVANCED_FACE('',(#1032),#473,.F.);
#12681=ADVANCED_FACE('',(#1033),#474,.F.);
#12682=ADVANCED_FACE('',(#1034),#475,.F.);
#12683=ADVANCED_FACE('',(#1035),#476,.F.);
#12684=ADVANCED_FACE('',(#1036),#477,.F.);
#12685=ADVANCED_FACE('',(#1037),#478,.F.);
#12686=ADVANCED_FACE('',(#1038),#479,.F.);
#12687=ADVANCED_FACE('',(#1039),#480,.F.);
#12688=ADVANCED_FACE('',(#1040),#481,.F.);
#12689=ADVANCED_FACE('',(#1041),#482,.F.);
#12690=ADVANCED_FACE('',(#1042),#483,.F.);
#12691=ADVANCED_FACE('',(#1043),#484,.F.);
#12692=ADVANCED_FACE('',(#1044),#485,.F.);
#12693=ADVANCED_FACE('',(#1045),#486,.F.);
#12694=ADVANCED_FACE('',(#1046),#487,.F.);
#12695=ADVANCED_FACE('',(#1047),#488,.F.);
#12696=ADVANCED_FACE('',(#1048),#489,.F.);
#12697=ADVANCED_FACE('',(#1049),#490,.F.);
#12698=ADVANCED_FACE('',(#1050),#491,.F.);
#12699=ADVANCED_FACE('',(#1051),#492,.F.);
#12700=ADVANCED_FACE('',(#1052),#493,.F.);
#12701=ADVANCED_FACE('',(#1053),#494,.F.);
#12702=ADVANCED_FACE('',(#1054),#495,.F.);
#12703=ADVANCED_FACE('',(#1055),#496,.F.);
#12704=ADVANCED_FACE('',(#1056),#497,.F.);
#12705=ADVANCED_FACE('',(#1057),#498,.F.);
#12706=ADVANCED_FACE('',(#1058),#499,.F.);
#12707=ADVANCED_FACE('',(#1059),#500,.F.);
#12708=ADVANCED_FACE('',(#1060),#501,.F.);
#12709=ADVANCED_FACE('',(#1061),#502,.F.);
#12710=ADVANCED_FACE('',(#1062),#503,.F.);
#12711=ADVANCED_FACE('',(#1063),#504,.F.);
#12712=ADVANCED_FACE('',(#1064),#505,.F.);
#12713=ADVANCED_FACE('',(#1065),#506,.F.);
#12714=ADVANCED_FACE('',(#1066),#507,.F.);
#12715=ADVANCED_FACE('',(#1067),#508,.F.);
#12716=ADVANCED_FACE('',(#1068),#509,.F.);
#12717=ADVANCED_FACE('',(#1069),#510,.F.);
#12718=ADVANCED_FACE('',(#1070),#511,.F.);
#12719=ADVANCED_FACE('',(#1071),#512,.F.);
#12720=ADVANCED_FACE('',(#1072),#513,.F.);
#12721=ADVANCED_FACE('',(#1073),#514,.F.);
#12722=ADVANCED_FACE('',(#1074),#515,.F.);
#12723=ADVANCED_FACE('',(#1075),#516,.F.);
#12724=ADVANCED_FACE('',(#1076),#517,.F.);
#12725=ADVANCED_FACE('',(#1077),#518,.F.);
#12726=ADVANCED_FACE('',(#1078),#519,.F.);
#12727=ADVANCED_FACE('',(#1079),#520,.F.);
#12728=ADVANCED_FACE('',(#1080),#521,.F.);
#12729=ADVANCED_FACE('',(#1081),#522,.F.);
#12730=ADVANCED_FACE('',(#1082),#523,.F.);
#12731=ADVANCED_FACE('',(#1083),#524,.F.);
#12732=ADVANCED_FACE('',(#1084),#525,.F.);
#12733=ADVANCED_FACE('',(#1085),#526,.F.);
#12734=ADVANCED_FACE('',(#1086),#527,.F.);
#12735=ADVANCED_FACE('',(#1087),#528,.F.);
#12736=ADVANCED_FACE('',(#1088),#529,.F.);
#12737=ADVANCED_FACE('',(#1089),#530,.F.);
#12738=ADVANCED_FACE('',(#1090),#531,.F.);
#12739=ADVANCED_FACE('',(#1091),#532,.F.);
#12740=ADVANCED_FACE('',(#1092),#533,.F.);
#12741=ADVANCED_FACE('',(#1093),#534,.F.);
#12742=ADVANCED_FACE('',(#1094),#535,.F.);
#12743=ADVANCED_FACE('',(#1095),#536,.F.);
#12744=ADVANCED_FACE('',(#1096),#537,.F.);
#12745=ADVANCED_FACE('',(#1097),#538,.F.);
#12746=ADVANCED_FACE('',(#1098),#539,.F.);
#12747=ADVANCED_FACE('',(#1099),#540,.F.);
#12748=ADVANCED_FACE('',(#1100),#541,.F.);
#12749=ADVANCED_FACE('',(#1101),#542,.F.);
#12750=ADVANCED_FACE('',(#1102),#543,.F.);
#12751=ADVANCED_FACE('',(#1103),#544,.F.);
#12752=ADVANCED_FACE('',(#1104),#545,.F.);
#12753=ADVANCED_FACE('',(#1105),#546,.F.);
#12754=ADVANCED_FACE('',(#1106),#547,.F.);
#12755=ADVANCED_FACE('',(#1107),#548,.F.);
#12756=ADVANCED_FACE('',(#1108),#549,.F.);
#12757=ADVANCED_FACE('',(#1109),#550,.F.);
#12758=ADVANCED_FACE('',(#1110),#551,.F.);
#12759=ADVANCED_FACE('',(#1111),#552,.F.);
#12760=ADVANCED_FACE('',(#1112),#553,.F.);
#12761=ADVANCED_FACE('',(#1113),#554,.F.);
#12762=ADVANCED_FACE('',(#1114),#555,.F.);
#12763=ADVANCED_FACE('',(#1115),#556,.F.);
#12764=ADVANCED_FACE('',(#1116),#557,.F.);
#12765=ADVANCED_FACE('',(#1117),#558,.F.);
#12766=ADVANCED_FACE('',(#1118),#559,.F.);
#12767=ADVANCED_FACE('',(#1119),#560,.F.);
#12768=ADVANCED_FACE('',(#1120),#561,.F.);
#12769=ADVANCED_FACE('',(#1121),#562,.F.);
#12770=ADVANCED_FACE('',(#1122),#563,.F.);
#12771=ADVANCED_FACE('',(#1123),#564,.F.);
#12772=ADVANCED_FACE('',(#1124),#565,.F.);
#12773=ADVANCED_FACE('',(#1125),#566,.F.);
#12774=ADVANCED_FACE('',(#1126),#567,.F.);
#12775=ADVANCED_FACE('',(#1127),#568,.F.);
#12776=ADVANCED_FACE('',(#1128),#569,.F.);
#12777=ADVANCED_FACE('',(#1129),#570,.F.);
#12778=ADVANCED_FACE('',(#1130),#571,.F.);
#12779=ADVANCED_FACE('',(#1131),#572,.F.);
#12780=ADVANCED_FACE('',(#1132),#573,.F.);
#12781=ADVANCED_FACE('',(#1133),#574,.F.);
#12782=ADVANCED_FACE('',(#1134),#575,.F.);
#12783=ADVANCED_FACE('',(#1135),#576,.F.);
#12784=ADVANCED_FACE('',(#1136),#577,.F.);
#12785=ADVANCED_FACE('',(#1137),#578,.F.);
#12786=ADVANCED_FACE('',(#1138,#101),#579,.T.);
#12787=ADVANCED_FACE('',(#1139),#580,.F.);
#12788=ADVANCED_FACE('',(#1140),#12311,.T.);
#12789=ADVANCED_FACE('',(#1141),#581,.F.);
#12790=ADVANCED_FACE('',(#1142),#582,.F.);
#12791=ADVANCED_FACE('',(#1143),#583,.F.);
#12792=ADVANCED_FACE('',(#1144),#584,.F.);
#12793=ADVANCED_FACE('',(#1145),#585,.F.);
#12794=ADVANCED_FACE('',(#1146),#586,.F.);
#12795=ADVANCED_FACE('',(#1147),#587,.F.);
#12796=ADVANCED_FACE('',(#1148),#588,.F.);
#12797=ADVANCED_FACE('',(#1149),#589,.F.);
#12798=ADVANCED_FACE('',(#1150),#590,.F.);
#12799=ADVANCED_FACE('',(#1151),#12312,.F.);
#12800=ADVANCED_FACE('',(#1152),#12313,.F.);
#12801=ADVANCED_FACE('',(#1153),#591,.F.);
#12802=ADVANCED_FACE('',(#1154),#592,.F.);
#12803=ADVANCED_FACE('',(#1155),#593,.F.);
#12804=ADVANCED_FACE('',(#1156),#594,.F.);
#12805=ADVANCED_FACE('',(#1157),#595,.F.);
#12806=ADVANCED_FACE('',(#1158),#596,.F.);
#12807=ADVANCED_FACE('',(#1159),#597,.F.);
#12808=ADVANCED_FACE('',(#1160),#598,.F.);
#12809=ADVANCED_FACE('',(#1161),#599,.F.);
#12810=ADVANCED_FACE('',(#1162),#600,.F.);
#12811=ADVANCED_FACE('',(#1163),#601,.F.);
#12812=ADVANCED_FACE('',(#1164),#602,.F.);
#12813=ADVANCED_FACE('',(#1165),#603,.F.);
#12814=ADVANCED_FACE('',(#1166),#12314,.T.);
#12815=ADVANCED_FACE('',(#1167),#12315,.T.);
#12816=ADVANCED_FACE('',(#1168),#12316,.F.);
#12817=ADVANCED_FACE('',(#1169),#12317,.F.);
#12818=ADVANCED_FACE('',(#1170),#12318,.F.);
#12819=ADVANCED_FACE('',(#1171),#12319,.F.);
#12820=ADVANCED_FACE('',(#1172),#604,.F.);
#12821=ADVANCED_FACE('',(#1173),#605,.F.);
#12822=ADVANCED_FACE('',(#1174),#606,.F.);
#12823=ADVANCED_FACE('',(#1175),#607,.F.);
#12824=ADVANCED_FACE('',(#1176),#608,.F.);
#12825=ADVANCED_FACE('',(#1177),#609,.F.);
#12826=ADVANCED_FACE('',(#1178),#610,.F.);
#12827=ADVANCED_FACE('',(#1179),#611,.F.);
#12828=ADVANCED_FACE('',(#1180),#612,.F.);
#12829=ADVANCED_FACE('',(#1181),#613,.F.);
#12830=ADVANCED_FACE('',(#1182),#614,.F.);
#12831=ADVANCED_FACE('',(#1183),#615,.F.);
#12832=ADVANCED_FACE('',(#1184),#616,.F.);
#12833=ADVANCED_FACE('',(#1185),#617,.F.);
#12834=ADVANCED_FACE('',(#1186),#618,.F.);
#12835=ADVANCED_FACE('',(#1187),#619,.F.);
#12836=ADVANCED_FACE('',(#1188),#620,.F.);
#12837=ADVANCED_FACE('',(#1189),#621,.F.);
#12838=ADVANCED_FACE('',(#1190),#622,.F.);
#12839=ADVANCED_FACE('',(#1191),#623,.F.);
#12840=ADVANCED_FACE('',(#1192),#624,.F.);
#12841=ADVANCED_FACE('',(#1193),#625,.F.);
#12842=ADVANCED_FACE('',(#1194),#626,.F.);
#12843=ADVANCED_FACE('',(#1195),#627,.F.);
#12844=ADVANCED_FACE('',(#1196),#628,.F.);
#12845=ADVANCED_FACE('',(#1197),#629,.F.);
#12846=ADVANCED_FACE('',(#1198),#630,.F.);
#12847=ADVANCED_FACE('',(#1199),#631,.F.);
#12848=ADVANCED_FACE('',(#1200),#632,.F.);
#12849=ADVANCED_FACE('',(#1201),#633,.F.);
#12850=ADVANCED_FACE('',(#1202),#634,.F.);
#12851=ADVANCED_FACE('',(#1203),#635,.F.);
#12852=ADVANCED_FACE('',(#1204),#636,.F.);
#12853=ADVANCED_FACE('',(#1205),#637,.F.);
#12854=ADVANCED_FACE('',(#1206),#638,.F.);
#12855=ADVANCED_FACE('',(#1207),#639,.F.);
#12856=ADVANCED_FACE('',(#1208),#640,.F.);
#12857=ADVANCED_FACE('',(#1209),#641,.F.);
#12858=ADVANCED_FACE('',(#1210),#642,.F.);
#12859=ADVANCED_FACE('',(#1211),#643,.F.);
#12860=ADVANCED_FACE('',(#1212),#644,.F.);
#12861=ADVANCED_FACE('',(#1213),#645,.F.);
#12862=ADVANCED_FACE('',(#1214),#646,.F.);
#12863=ADVANCED_FACE('',(#1215),#647,.F.);
#12864=ADVANCED_FACE('',(#1216),#648,.F.);
#12865=ADVANCED_FACE('',(#1217),#649,.F.);
#12866=ADVANCED_FACE('',(#1218),#650,.F.);
#12867=ADVANCED_FACE('',(#1219),#651,.F.);
#12868=ADVANCED_FACE('',(#1220),#652,.F.);
#12869=ADVANCED_FACE('',(#1221),#653,.F.);
#12870=ADVANCED_FACE('',(#1222),#654,.F.);
#12871=ADVANCED_FACE('',(#1223),#655,.F.);
#12872=ADVANCED_FACE('',(#1224),#656,.F.);
#12873=ADVANCED_FACE('',(#1225),#657,.F.);
#12874=ADVANCED_FACE('',(#1226),#658,.F.);
#12875=ADVANCED_FACE('',(#1227),#659,.F.);
#12876=ADVANCED_FACE('',(#1228),#660,.F.);
#12877=ADVANCED_FACE('',(#1229),#661,.F.);
#12878=ADVANCED_FACE('',(#1230),#662,.F.);
#12879=ADVANCED_FACE('',(#1231),#663,.F.);
#12880=ADVANCED_FACE('',(#1232),#664,.F.);
#12881=ADVANCED_FACE('',(#1233),#665,.F.);
#12882=ADVANCED_FACE('',(#1234),#666,.F.);
#12883=ADVANCED_FACE('',(#1235),#667,.F.);
#12884=ADVANCED_FACE('',(#1236),#12320,.F.);
#12885=ADVANCED_FACE('',(#1237),#12321,.F.);
#12886=ADVANCED_FACE('',(#1238),#12322,.F.);
#12887=ADVANCED_FACE('',(#1239),#668,.F.);
#12888=ADVANCED_FACE('',(#1240),#669,.F.);
#12889=ADVANCED_FACE('',(#1241),#670,.F.);
#12890=ADVANCED_FACE('',(#1242),#12323,.T.);
#12891=ADVANCED_FACE('',(#1243),#12324,.T.);
#12892=ADVANCED_FACE('',(#1244,#102,#103,#104,#105,#106,#107,#108,#109,
#110,#111,#112,#113,#114,#115,#116,#117,#118,#119,#120,#121,#122,#123,#124,
#125,#126,#127),#671,.T.);
#12893=ADVANCED_FACE('',(#1245,#128,#129,#130,#131,#132,#133,#134,#135,
#136,#137,#138,#139,#140,#141,#142,#143,#144,#145,#146,#147,#148,#149,#150,
#151,#152,#153),#672,.F.);
#12894=ADVANCED_FACE('',(#1246),#673,.T.);
#12895=ADVANCED_FACE('',(#1247),#674,.T.);
#12896=ADVANCED_FACE('',(#1248),#675,.T.);
#12897=ADVANCED_FACE('',(#1249),#676,.T.);
#12898=CLOSED_SHELL('',(#12325,#12326,#12327,#12328,#12329,#12330,#12331,
#12332,#12333,#12334,#12335,#12336,#12337,#12338,#12339,#12340,#12341,#12342,
#12343,#12344,#12345,#12346,#12347,#12348,#12349,#12350,#12351,#12352,#12353,
#12354,#12355,#12356,#12357,#12358,#12359,#12360,#12361,#12362,#12363,#12364,
#12365,#12366,#12367,#12368,#12369,#12370,#12371,#12372,#12373,#12374,#12375,
#12376,#12377,#12378,#12379,#12380,#12381,#12382,#12383,#12384,#12385,#12386,
#12387,#12388,#12389,#12390,#12391,#12392,#12393,#12394,#12395,#12396,#12397,
#12398,#12399,#12400,#12401,#12402,#12403,#12404,#12405,#12406,#12407,#12408,
#12409,#12410,#12411,#12412,#12413,#12414,#12415,#12416,#12417,#12418,#12419,
#12420,#12421,#12422,#12423,#12424,#12425,#12426,#12427,#12428,#12429,#12430,
#12431,#12432,#12433,#12434,#12435,#12436,#12437,#12438,#12439,#12440,#12441,
#12442,#12443,#12444,#12445,#12446,#12447,#12448,#12449,#12450,#12451,#12452,
#12453,#12454,#12455,#12456,#12457,#12458,#12459,#12460,#12461,#12462,#12463,
#12464,#12465,#12466,#12467,#12468,#12469,#12470,#12471,#12472,#12473,#12474,
#12475,#12476,#12477,#12478,#12479,#12480,#12481,#12482,#12483,#12484,#12485,
#12486,#12487,#12488,#12489,#12490,#12491,#12492,#12493,#12494,#12495,#12496,
#12497,#12498,#12499,#12500,#12501,#12502,#12503,#12504,#12505,#12506,#12507,
#12508,#12509,#12510,#12511,#12512,#12513,#12514,#12515,#12516,#12517,#12518,
#12519,#12520,#12521,#12522,#12523,#12524,#12525,#12526,#12527,#12528,#12529,
#12530,#12531,#12532,#12533,#12534,#12535,#12536,#12537,#12538,#12539,#12540,
#12541,#12542,#12543,#12544,#12545,#12546,#12547,#12548,#12549,#12550,#12551,
#12552,#12553,#12554,#12555,#12556,#12557,#12558,#12559,#12560,#12561,#12562,
#12563,#12564,#12565,#12566,#12567,#12568,#12569,#12570,#12571,#12572,#12573,
#12574,#12575,#12576,#12577,#12578,#12579,#12580,#12581,#12582,#12583,#12584,
#12585,#12586,#12587,#12588,#12589,#12590,#12591,#12592,#12593,#12594,#12595,
#12596,#12597,#12598,#12599,#12600,#12601,#12602,#12603,#12604,#12605,#12606,
#12607,#12608,#12609,#12610,#12611,#12612,#12613,#12614,#12615,#12616,#12617,
#12618,#12619,#12620,#12621,#12622,#12623,#12624,#12625,#12626,#12627,#12628,
#12629,#12630,#12631,#12632,#12633,#12634,#12635,#12636,#12637,#12638,#12639,
#12640,#12641,#12642,#12643,#12644,#12645,#12646,#12647,#12648,#12649,#12650,
#12651,#12652,#12653,#12654,#12655,#12656,#12657,#12658,#12659,#12660,#12661,
#12662,#12663,#12664,#12665,#12666,#12667,#12668,#12669,#12670,#12671,#12672,
#12673,#12674,#12675,#12676,#12677,#12678,#12679,#12680,#12681,#12682,#12683,
#12684,#12685,#12686,#12687,#12688,#12689,#12690,#12691,#12692,#12693,#12694,
#12695,#12696,#12697,#12698,#12699,#12700,#12701,#12702,#12703,#12704,#12705,
#12706,#12707,#12708,#12709,#12710,#12711,#12712,#12713,#12714,#12715,#12716,
#12717,#12718,#12719,#12720,#12721,#12722,#12723,#12724,#12725,#12726,#12727,
#12728,#12729,#12730,#12731,#12732,#12733,#12734,#12735,#12736,#12737,#12738,
#12739,#12740,#12741,#12742,#12743,#12744,#12745,#12746,#12747,#12748,#12749,
#12750,#12751,#12752,#12753,#12754,#12755,#12756,#12757,#12758,#12759,#12760,
#12761,#12762,#12763,#12764,#12765,#12766,#12767,#12768,#12769,#12770,#12771,
#12772,#12773,#12774,#12775,#12776,#12777,#12778,#12779,#12780,#12781,#12782,
#12783,#12784,#12785,#12786,#12787,#12788));
#12899=CLOSED_SHELL('',(#12789,#12790,#12791,#12792,#12793,#12794,#12795,
#12796,#12797,#12798,#12799,#12800,#12801,#12802,#12803,#12804,#12805,#12806,
#12807,#12808,#12809,#12810,#12811,#12812,#12813,#12814,#12815,#12816,#12817,
#12818,#12819,#12820,#12821,#12822,#12823,#12824,#12825,#12826,#12827,#12828,
#12829,#12830,#12831,#12832,#12833,#12834,#12835,#12836,#12837,#12838,#12839,
#12840,#12841,#12842,#12843,#12844,#12845,#12846,#12847,#12848,#12849,#12850,
#12851,#12852,#12853,#12854,#12855,#12856,#12857,#12858,#12859,#12860,#12861,
#12862,#12863,#12864,#12865,#12866,#12867,#12868,#12869,#12870,#12871,#12872,
#12873,#12874,#12875,#12876,#12877,#12878,#12879,#12880,#12881,#12882,#12883,
#12884,#12885,#12886,#12887,#12888,#12889,#12890,#12891,#12892,#12893,#12894,
#12895,#12896,#12897));
#12900=DERIVED_UNIT_ELEMENT(#12902,1.);
#12901=DERIVED_UNIT_ELEMENT(#20395,-3.);
#12902=(
MASS_UNIT()
NAMED_UNIT(*)
SI_UNIT(.KILO.,.GRAM.)
);
#12903=DERIVED_UNIT((#12900,#12901));
#12904=MEASURE_REPRESENTATION_ITEM('density measure',
POSITIVE_RATIO_MEASURE(7850.),#12903);
#12905=PROPERTY_DEFINITION_REPRESENTATION(#12910,#12907);
#12906=PROPERTY_DEFINITION_REPRESENTATION(#12911,#12908);
#12907=REPRESENTATION('material name',(#12909),#20392);
#12908=REPRESENTATION('density',(#12904),#20392);
#12909=DESCRIPTIVE_REPRESENTATION_ITEM('Steel','Steel');
#12910=PROPERTY_DEFINITION('material property','material name',#20402);
#12911=PROPERTY_DEFINITION('material property','density of part',#20402);
#12912=AXIS2_PLACEMENT_3D('',#16744,#13619,#13620);
#12913=AXIS2_PLACEMENT_3D('',#16745,#13621,#13622);
#12914=AXIS2_PLACEMENT_3D('',#16750,#13624,#13625);
#12915=AXIS2_PLACEMENT_3D('',#16754,#13627,#13628);
#12916=AXIS2_PLACEMENT_3D('',#16756,#13629,#13630);
#12917=AXIS2_PLACEMENT_3D('',#16758,#13631,#13632);
#12918=AXIS2_PLACEMENT_3D('',#16760,#13633,#13634);
#12919=AXIS2_PLACEMENT_3D('',#16762,#13635,#13636);
#12920=AXIS2_PLACEMENT_3D('',#16764,#13637,#13638);
#12921=AXIS2_PLACEMENT_3D('',#16765,#13639,#13640);
#12922=AXIS2_PLACEMENT_3D('',#16766,#13641,#13642);
#12923=AXIS2_PLACEMENT_3D('',#16768,#13643,#13644);
#12924=AXIS2_PLACEMENT_3D('',#16771,#13646,#13647);
#12925=AXIS2_PLACEMENT_3D('',#16772,#13648,#13649);
#12926=AXIS2_PLACEMENT_3D('',#16781,#13654,#13655);
#12927=AXIS2_PLACEMENT_3D('',#16787,#13659,#13660);
#12928=AXIS2_PLACEMENT_3D('',#16793,#13664,#13665);
#12929=AXIS2_PLACEMENT_3D('',#16802,#13671,#13672);
#12930=AXIS2_PLACEMENT_3D('',#16864,#13704,#13705);
#12931=AXIS2_PLACEMENT_3D('',#16873,#13710,#13711);
#12932=AXIS2_PLACEMENT_3D('',#16882,#13716,#13717);
#12933=AXIS2_PLACEMENT_3D('',#16885,#13720,#13721);
#12934=AXIS2_PLACEMENT_3D('',#16887,#13722,#13723);
#12935=AXIS2_PLACEMENT_3D('',#16890,#13725,#13726);
#12936=AXIS2_PLACEMENT_3D('',#16891,#13727,#13728);
#12937=AXIS2_PLACEMENT_3D('',#16893,#13729,#13730);
#12938=AXIS2_PLACEMENT_3D('',#16894,#13731,#13732);
#12939=AXIS2_PLACEMENT_3D('',#16896,#13733,#13734);
#12940=AXIS2_PLACEMENT_3D('',#16899,#13736,#13737);
#12941=AXIS2_PLACEMENT_3D('',#16900,#13738,#13739);
#12942=AXIS2_PLACEMENT_3D('',#16902,#13740,#13741);
#12943=AXIS2_PLACEMENT_3D('',#16903,#13742,#13743);
#12944=AXIS2_PLACEMENT_3D('',#16905,#13744,#13745);
#12945=AXIS2_PLACEMENT_3D('',#16908,#13747,#13748);
#12946=AXIS2_PLACEMENT_3D('',#16909,#13749,#13750);
#12947=AXIS2_PLACEMENT_3D('',#16911,#13751,#13752);
#12948=AXIS2_PLACEMENT_3D('',#16912,#13753,#13754);
#12949=AXIS2_PLACEMENT_3D('',#16914,#13755,#13756);
#12950=AXIS2_PLACEMENT_3D('',#16916,#13758,#13759);
#12951=AXIS2_PLACEMENT_3D('',#16918,#13760,#13761);
#12952=AXIS2_PLACEMENT_3D('',#16920,#13763,#13764);
#12953=AXIS2_PLACEMENT_3D('',#16922,#13765,#13766);
#12954=AXIS2_PLACEMENT_3D('',#16924,#13768,#13769);
#12955=AXIS2_PLACEMENT_3D('',#16926,#13770,#13771);
#12956=AXIS2_PLACEMENT_3D('',#16929,#13773,#13774);
#12957=AXIS2_PLACEMENT_3D('',#16930,#13775,#13776);
#12958=AXIS2_PLACEMENT_3D('',#16931,#13777,#13778);
#12959=AXIS2_PLACEMENT_3D('',#16933,#13779,#13780);
#12960=AXIS2_PLACEMENT_3D('',#16936,#13782,#13783);
#12961=AXIS2_PLACEMENT_3D('',#16937,#13784,#13785);
#12962=AXIS2_PLACEMENT_3D('',#16938,#13786,#13787);
#12963=AXIS2_PLACEMENT_3D('',#16940,#13788,#13789);
#12964=AXIS2_PLACEMENT_3D('',#16943,#13791,#13792);
#12965=AXIS2_PLACEMENT_3D('',#16944,#13793,#13794);
#12966=AXIS2_PLACEMENT_3D('',#16945,#13795,#13796);
#12967=AXIS2_PLACEMENT_3D('',#16947,#13797,#13798);
#12968=AXIS2_PLACEMENT_3D('',#16950,#13800,#13801);
#12969=AXIS2_PLACEMENT_3D('',#16951,#13802,#13803);
#12970=AXIS2_PLACEMENT_3D('',#16953,#13804,#13805);
#12971=AXIS2_PLACEMENT_3D('',#16954,#13806,#13807);
#12972=AXIS2_PLACEMENT_3D('',#16956,#13808,#13809);
#12973=AXIS2_PLACEMENT_3D('',#16959,#13811,#13812);
#12974=AXIS2_PLACEMENT_3D('',#16960,#13813,#13814);
#12975=AXIS2_PLACEMENT_3D('',#16962,#13815,#13816);
#12976=AXIS2_PLACEMENT_3D('',#16963,#13817,#13818);
#12977=AXIS2_PLACEMENT_3D('',#16965,#13819,#13820);
#12978=AXIS2_PLACEMENT_3D('',#16968,#13822,#13823);
#12979=AXIS2_PLACEMENT_3D('',#16969,#13824,#13825);
#12980=AXIS2_PLACEMENT_3D('',#16971,#13826,#13827);
#12981=AXIS2_PLACEMENT_3D('',#16972,#13828,#13829);
#12982=AXIS2_PLACEMENT_3D('',#16974,#13830,#13831);
#12983=AXIS2_PLACEMENT_3D('',#16977,#13833,#13834);
#12984=AXIS2_PLACEMENT_3D('',#16978,#13835,#13836);
#12985=AXIS2_PLACEMENT_3D('',#16980,#13837,#13838);
#12986=AXIS2_PLACEMENT_3D('',#16981,#13839,#13840);
#12987=AXIS2_PLACEMENT_3D('',#16983,#13841,#13842);
#12988=AXIS2_PLACEMENT_3D('',#16985,#13844,#13845);
#12989=AXIS2_PLACEMENT_3D('',#16987,#13846,#13847);
#12990=AXIS2_PLACEMENT_3D('',#16989,#13849,#13850);
#12991=AXIS2_PLACEMENT_3D('',#16991,#13851,#13852);
#12992=AXIS2_PLACEMENT_3D('',#16995,#13854,#13855);
#12993=AXIS2_PLACEMENT_3D('',#16999,#13857,#13858);
#12994=AXIS2_PLACEMENT_3D('',#17001,#13860,#13861);
#12995=AXIS2_PLACEMENT_3D('',#17003,#13862,#13863);
#12996=AXIS2_PLACEMENT_3D('',#17005,#13865,#13866);
#12997=AXIS2_PLACEMENT_3D('',#17009,#13868,#13869);
#12998=AXIS2_PLACEMENT_3D('',#17011,#13871,#13872);
#12999=AXIS2_PLACEMENT_3D('',#17019,#13877,#13878);
#13000=AXIS2_PLACEMENT_3D('',#17021,#13879,#13880);
#13001=AXIS2_PLACEMENT_3D('',#17024,#13882,#13883);
#13002=AXIS2_PLACEMENT_3D('',#17025,#13884,#13885);
#13003=AXIS2_PLACEMENT_3D('',#17026,#13886,#13887);
#13004=AXIS2_PLACEMENT_3D('',#17028,#13888,#13889);
#13005=AXIS2_PLACEMENT_3D('',#17031,#13891,#13892);
#13006=AXIS2_PLACEMENT_3D('',#17032,#13893,#13894);
#13007=AXIS2_PLACEMENT_3D('',#17033,#13895,#13896);
#13008=AXIS2_PLACEMENT_3D('',#17035,#13897,#13898);
#13009=AXIS2_PLACEMENT_3D('',#17038,#13900,#13901);
#13010=AXIS2_PLACEMENT_3D('',#17039,#13902,#13903);
#13011=AXIS2_PLACEMENT_3D('',#17040,#13904,#13905);
#13012=AXIS2_PLACEMENT_3D('',#17042,#13906,#13907);
#13013=AXIS2_PLACEMENT_3D('',#17045,#13909,#13910);
#13014=AXIS2_PLACEMENT_3D('',#17046,#13911,#13912);
#13015=AXIS2_PLACEMENT_3D('',#17047,#13913,#13914);
#13016=AXIS2_PLACEMENT_3D('',#17054,#13918,#13919);
#13017=AXIS2_PLACEMENT_3D('',#17079,#13932,#13933);
#13018=AXIS2_PLACEMENT_3D('',#17088,#13938,#13939);
#13019=AXIS2_PLACEMENT_3D('',#17134,#13963,#13964);
#13020=AXIS2_PLACEMENT_3D('',#17141,#13968,#13969);
#13021=AXIS2_PLACEMENT_3D('',#17171,#13985,#13986);
#13022=AXIS2_PLACEMENT_3D('',#17178,#13990,#13991);
#13023=AXIS2_PLACEMENT_3D('',#17187,#13996,#13997);
#13024=AXIS2_PLACEMENT_3D('',#17196,#14002,#14003);
#13025=AXIS2_PLACEMENT_3D('',#17202,#14007,#14008);
#13026=AXIS2_PLACEMENT_3D('',#17208,#14012,#14013);
#13027=AXIS2_PLACEMENT_3D('',#17213,#14017,#14018);
#13028=AXIS2_PLACEMENT_3D('',#17219,#14022,#14023);
#13029=AXIS2_PLACEMENT_3D('',#17225,#14027,#14028);
#13030=AXIS2_PLACEMENT_3D('',#17234,#14033,#14034);
#13031=AXIS2_PLACEMENT_3D('',#17235,#14035,#14036);
#13032=AXIS2_PLACEMENT_3D('',#17236,#14037,#14038);
#13033=AXIS2_PLACEMENT_3D('',#17245,#14043,#14044);
#13034=AXIS2_PLACEMENT_3D('',#17251,#14048,#14049);
#13035=AXIS2_PLACEMENT_3D('',#17258,#14053,#14054);
#13036=AXIS2_PLACEMENT_3D('',#17259,#14055,#14056);
#13037=AXIS2_PLACEMENT_3D('',#17265,#14060,#14061);
#13038=AXIS2_PLACEMENT_3D('',#17277,#14068,#14069);
#13039=AXIS2_PLACEMENT_3D('',#17278,#14070,#14071);
#13040=AXIS2_PLACEMENT_3D('',#17282,#14074,#14075);
#13041=AXIS2_PLACEMENT_3D('',#17289,#14080,#14081);
#13042=AXIS2_PLACEMENT_3D('',#17295,#14085,#14086);
#13043=AXIS2_PLACEMENT_3D('',#17302,#14090,#14091);
#13044=AXIS2_PLACEMENT_3D('',#17308,#14095,#14096);
#13045=AXIS2_PLACEMENT_3D('',#17316,#14101,#14102);
#13046=AXIS2_PLACEMENT_3D('',#17318,#14104,#14105);
#13047=AXIS2_PLACEMENT_3D('',#17325,#14110,#14111);
#13048=AXIS2_PLACEMENT_3D('',#17341,#14120,#14121);
#13049=AXIS2_PLACEMENT_3D('',#17346,#14125,#14126);
#13050=AXIS2_PLACEMENT_3D('',#17358,#14133,#14134);
#13051=AXIS2_PLACEMENT_3D('',#17370,#14141,#14142);
#13052=AXIS2_PLACEMENT_3D('',#17374,#14145,#14146);
#13053=AXIS2_PLACEMENT_3D('',#17385,#14153,#14154);
#13054=AXIS2_PLACEMENT_3D('',#17386,#14155,#14156);
#13055=AXIS2_PLACEMENT_3D('',#17396,#14162,#14163);
#13056=AXIS2_PLACEMENT_3D('',#17400,#14166,#14167);
#13057=AXIS2_PLACEMENT_3D('',#17402,#14168,#14169);
#13058=AXIS2_PLACEMENT_3D('',#17406,#14172,#14173);
#13059=AXIS2_PLACEMENT_3D('',#17408,#14174,#14175);
#13060=AXIS2_PLACEMENT_3D('',#17410,#14177,#14178);
#13061=AXIS2_PLACEMENT_3D('',#17424,#14186,#14187);
#13062=AXIS2_PLACEMENT_3D('',#17428,#14189,#14190);
#13063=AXIS2_PLACEMENT_3D('',#17429,#14191,#14192);
#13064=AXIS2_PLACEMENT_3D('',#17431,#14194,#14195);
#13065=AXIS2_PLACEMENT_3D('',#17433,#14196,#14197);
#13066=AXIS2_PLACEMENT_3D('',#17441,#14202,#14203);
#13067=AXIS2_PLACEMENT_3D('',#17445,#14205,#14206);
#13068=AXIS2_PLACEMENT_3D('',#17449,#14208,#14209);
#13069=AXIS2_PLACEMENT_3D('',#17451,#14210,#14211);
#13070=AXIS2_PLACEMENT_3D('',#17453,#14212,#14213);
#13071=AXIS2_PLACEMENT_3D('',#17455,#14214,#14215);
#13072=AXIS2_PLACEMENT_3D('',#17456,#14216,#14217);
#13073=AXIS2_PLACEMENT_3D('',#17457,#14218,#14219);
#13074=AXIS2_PLACEMENT_3D('',#17459,#14221,#14222);
#13075=AXIS2_PLACEMENT_3D('',#17463,#14225,#14226);
#13076=AXIS2_PLACEMENT_3D('',#17475,#14233,#14234);
#13077=AXIS2_PLACEMENT_3D('',#17512,#14255,#14256);
#13078=AXIS2_PLACEMENT_3D('',#17522,#14262,#14263);
#13079=AXIS2_PLACEMENT_3D('',#17524,#14264,#14265);
#13080=AXIS2_PLACEMENT_3D('',#17526,#14267,#14268);
#13081=AXIS2_PLACEMENT_3D('',#17528,#14269,#14270);
#13082=AXIS2_PLACEMENT_3D('',#17530,#14272,#14273);
#13083=AXIS2_PLACEMENT_3D('',#17532,#14274,#14275);
#13084=AXIS2_PLACEMENT_3D('',#17535,#14277,#14278);
#13085=AXIS2_PLACEMENT_3D('',#17536,#14279,#14280);
#13086=AXIS2_PLACEMENT_3D('',#17538,#14282,#14283);
#13087=AXIS2_PLACEMENT_3D('',#17542,#14286,#14287);
#13088=AXIS2_PLACEMENT_3D('',#17554,#14294,#14295);
#13089=AXIS2_PLACEMENT_3D('',#17556,#14296,#14297);
#13090=AXIS2_PLACEMENT_3D('',#17560,#14299,#14300);
#13091=AXIS2_PLACEMENT_3D('',#17563,#14302,#14303);
#13092=AXIS2_PLACEMENT_3D('',#17564,#14304,#14305);
#13093=AXIS2_PLACEMENT_3D('',#17568,#14308,#14309);
#13094=AXIS2_PLACEMENT_3D('',#17570,#14311,#14312);
#13095=AXIS2_PLACEMENT_3D('',#17576,#14316,#14317);
#13096=AXIS2_PLACEMENT_3D('',#17586,#14323,#14324);
#13097=AXIS2_PLACEMENT_3D('',#17600,#14332,#14333);
#13098=AXIS2_PLACEMENT_3D('',#17614,#14341,#14342);
#13099=AXIS2_PLACEMENT_3D('',#17616,#14343,#14344);
#13100=AXIS2_PLACEMENT_3D('',#17619,#14346,#14347);
#13101=AXIS2_PLACEMENT_3D('',#17620,#14348,#14349);
#13102=AXIS2_PLACEMENT_3D('',#17628,#14354,#14355);
#13103=AXIS2_PLACEMENT_3D('',#17632,#14358,#14359);
#13104=AXIS2_PLACEMENT_3D('',#17638,#14363,#14364);
#13105=AXIS2_PLACEMENT_3D('',#17650,#14371,#14372);
#13106=AXIS2_PLACEMENT_3D('',#17662,#14379,#14380);
#13107=AXIS2_PLACEMENT_3D('',#17676,#14388,#14389);
#13108=AXIS2_PLACEMENT_3D('',#17678,#14390,#14391);
#13109=AXIS2_PLACEMENT_3D('',#17681,#14393,#14394);
#13110=AXIS2_PLACEMENT_3D('',#17682,#14395,#14396);
#13111=AXIS2_PLACEMENT_3D('',#17686,#14399,#14400);
#13112=AXIS2_PLACEMENT_3D('',#17690,#14402,#14403);
#13113=AXIS2_PLACEMENT_3D('',#17691,#14404,#14405);
#13114=AXIS2_PLACEMENT_3D('',#17693,#14407,#14408);
#13115=AXIS2_PLACEMENT_3D('',#17704,#14415,#14416);
#13116=AXIS2_PLACEMENT_3D('',#17713,#14422,#14423);
#13117=AXIS2_PLACEMENT_3D('',#17717,#14426,#14427);
#13118=AXIS2_PLACEMENT_3D('',#17718,#14428,#14429);
#13119=AXIS2_PLACEMENT_3D('',#17719,#14430,#14431);
#13120=AXIS2_PLACEMENT_3D('',#17723,#14434,#14435);
#13121=AXIS2_PLACEMENT_3D('',#17725,#14437,#14438);
#13122=AXIS2_PLACEMENT_3D('',#17727,#14439,#14440);
#13123=AXIS2_PLACEMENT_3D('',#17728,#14441,#14442);
#13124=AXIS2_PLACEMENT_3D('',#17730,#14443,#14444);
#13125=AXIS2_PLACEMENT_3D('',#17731,#14445,#14446);
#13126=AXIS2_PLACEMENT_3D('',#17743,#14453,#14454);
#13127=AXIS2_PLACEMENT_3D('',#17747,#14457,#14458);
#13128=AXIS2_PLACEMENT_3D('',#17753,#14462,#14463);
#13129=AXIS2_PLACEMENT_3D('',#17754,#14464,#14465);
#13130=AXIS2_PLACEMENT_3D('',#17755,#14466,#14467);
#13131=AXIS2_PLACEMENT_3D('',#17759,#14470,#14471);
#13132=AXIS2_PLACEMENT_3D('',#17769,#14477,#14478);
#13133=AXIS2_PLACEMENT_3D('',#17773,#14480,#14481);
#13134=AXIS2_PLACEMENT_3D('',#17775,#14483,#14484);
#13135=AXIS2_PLACEMENT_3D('',#17787,#14491,#14492);
#13136=AXIS2_PLACEMENT_3D('',#17791,#14495,#14496);
#13137=AXIS2_PLACEMENT_3D('',#17801,#14502,#14503);
#13138=AXIS2_PLACEMENT_3D('',#17809,#14508,#14509);
#13139=AXIS2_PLACEMENT_3D('',#17816,#14514,#14515);
#13140=AXIS2_PLACEMENT_3D('',#17820,#14518,#14519);
#13141=AXIS2_PLACEMENT_3D('',#17826,#14523,#14524);
#13142=AXIS2_PLACEMENT_3D('',#17828,#14526,#14527);
#13143=AXIS2_PLACEMENT_3D('',#17829,#14528,#14529);
#13144=AXIS2_PLACEMENT_3D('',#17837,#14534,#14535);
#13145=AXIS2_PLACEMENT_3D('',#17846,#14542,#14543);
#13146=AXIS2_PLACEMENT_3D('',#17850,#14545,#14546);
#13147=AXIS2_PLACEMENT_3D('',#17852,#14548,#14549);
#13148=AXIS2_PLACEMENT_3D('',#17865,#14560,#14561);
#13149=AXIS2_PLACEMENT_3D('',#17882,#14573,#14574);
#13150=AXIS2_PLACEMENT_3D('',#17902,#14588,#14589);
#13151=AXIS2_PLACEMENT_3D('',#17916,#14597,#14598);
#13152=AXIS2_PLACEMENT_3D('',#17922,#14602,#14603);
#13153=AXIS2_PLACEMENT_3D('',#17926,#14606,#14607);
#13154=AXIS2_PLACEMENT_3D('',#17932,#14611,#14612);
#13155=AXIS2_PLACEMENT_3D('',#17935,#14615,#14616);
#13156=AXIS2_PLACEMENT_3D('',#17938,#14619,#14620);
#13157=AXIS2_PLACEMENT_3D('',#17940,#14622,#14623);
#13158=AXIS2_PLACEMENT_3D('',#17944,#14626,#14627);
#13159=AXIS2_PLACEMENT_3D('',#17972,#14642,#14643);
#13160=AXIS2_PLACEMENT_3D('',#17981,#14648,#14649);
#13161=AXIS2_PLACEMENT_3D('',#17990,#14654,#14655);
#13162=AXIS2_PLACEMENT_3D('',#17992,#14656,#14657);
#13163=AXIS2_PLACEMENT_3D('',#18004,#14665,#14666);
#13164=AXIS2_PLACEMENT_3D('',#18008,#14669,#14670);
#13165=AXIS2_PLACEMENT_3D('',#18012,#14673,#14674);
#13166=AXIS2_PLACEMENT_3D('',#18014,#14675,#14676);
#13167=AXIS2_PLACEMENT_3D('',#18018,#14679,#14680);
#13168=AXIS2_PLACEMENT_3D('',#18021,#14682,#14683);
#13169=AXIS2_PLACEMENT_3D('',#18025,#14685,#14686);
#13170=AXIS2_PLACEMENT_3D('',#18027,#14687,#14688);
#13171=AXIS2_PLACEMENT_3D('',#18029,#14690,#14691);
#13172=AXIS2_PLACEMENT_3D('',#18030,#14692,#14693);
#13173=AXIS2_PLACEMENT_3D('',#18038,#14698,#14699);
#13174=AXIS2_PLACEMENT_3D('',#18042,#14702,#14703);
#13175=AXIS2_PLACEMENT_3D('',#18044,#14705,#14706);
#13176=AXIS2_PLACEMENT_3D('',#18067,#14719,#14720);
#13177=AXIS2_PLACEMENT_3D('',#18069,#14722,#14723);
#13178=AXIS2_PLACEMENT_3D('',#18091,#14735,#14736);
#13179=AXIS2_PLACEMENT_3D('',#18092,#14737,#14738);
#13180=AXIS2_PLACEMENT_3D('',#18165,#14778,#14779);
#13181=AXIS2_PLACEMENT_3D('',#18587,#14998,#14999);
#13182=AXIS2_PLACEMENT_3D('',#18591,#15002,#15003);
#13183=AXIS2_PLACEMENT_3D('',#18595,#15006,#15007);
#13184=AXIS2_PLACEMENT_3D('',#18599,#15010,#15011);
#13185=AXIS2_PLACEMENT_3D('',#18607,#15016,#15017);
#13186=AXIS2_PLACEMENT_3D('',#18610,#15020,#15021);
#13187=AXIS2_PLACEMENT_3D('',#18620,#15027,#15028);
#13188=AXIS2_PLACEMENT_3D('',#18623,#15030,#15031);
#13189=AXIS2_PLACEMENT_3D('',#18624,#15032,#15033);
#13190=AXIS2_PLACEMENT_3D('',#18626,#15034,#15035);
#13191=AXIS2_PLACEMENT_3D('',#18628,#15037,#15038);
#13192=AXIS2_PLACEMENT_3D('',#18632,#15040,#15041);
#13193=AXIS2_PLACEMENT_3D('',#18633,#15042,#15043);
#13194=AXIS2_PLACEMENT_3D('',#18638,#15046,#15047);
#13195=AXIS2_PLACEMENT_3D('',#18640,#15048,#15049);
#13196=AXIS2_PLACEMENT_3D('',#18641,#15050,#15051);
#13197=AXIS2_PLACEMENT_3D('',#18642,#15052,#15053);
#13198=AXIS2_PLACEMENT_3D('',#18644,#15055,#15056);
#13199=AXIS2_PLACEMENT_3D('',#18648,#15059,#15060);
#13200=AXIS2_PLACEMENT_3D('',#18653,#15064,#15065);
#13201=AXIS2_PLACEMENT_3D('',#18657,#15068,#15069);
#13202=AXIS2_PLACEMENT_3D('',#18661,#15072,#15073);
#13203=AXIS2_PLACEMENT_3D('',#18662,#15074,#15075);
#13204=AXIS2_PLACEMENT_3D('',#18669,#15079,#15080);
#13205=AXIS2_PLACEMENT_3D('',#18673,#15083,#15084);
#13206=AXIS2_PLACEMENT_3D('',#18680,#15089,#15090);
#13207=AXIS2_PLACEMENT_3D('',#18682,#15092,#15093);
#13208=AXIS2_PLACEMENT_3D('',#18685,#15096,#15097);
#13209=AXIS2_PLACEMENT_3D('',#18689,#15100,#15101);
#13210=AXIS2_PLACEMENT_3D('',#18694,#15105,#15106);
#13211=AXIS2_PLACEMENT_3D('',#18698,#15109,#15110);
#13212=AXIS2_PLACEMENT_3D('',#18738,#15132,#15133);
#13213=AXIS2_PLACEMENT_3D('',#18757,#15144,#15145);
#13214=AXIS2_PLACEMENT_3D('',#19190,#15373,#15374);
#13215=AXIS2_PLACEMENT_3D('',#19192,#15376,#15377);
#13216=AXIS2_PLACEMENT_3D('',#19194,#15379,#15380);
#13217=AXIS2_PLACEMENT_3D('',#19196,#15382,#15383);
#13218=AXIS2_PLACEMENT_3D('',#19197,#15384,#15385);
#13219=AXIS2_PLACEMENT_3D('',#19199,#15387,#15388);
#13220=AXIS2_PLACEMENT_3D('',#19200,#15389,#15390);
#13221=AXIS2_PLACEMENT_3D('',#19204,#15393,#15394);
#13222=AXIS2_PLACEMENT_3D('',#19206,#15396,#15397);
#13223=AXIS2_PLACEMENT_3D('',#19207,#15398,#15399);
#13224=AXIS2_PLACEMENT_3D('',#19210,#15402,#15403);
#13225=AXIS2_PLACEMENT_3D('',#19213,#15406,#15407);
#13226=AXIS2_PLACEMENT_3D('',#19215,#15409,#15410);
#13227=AXIS2_PLACEMENT_3D('',#19218,#15413,#15414);
#13228=AXIS2_PLACEMENT_3D('',#19219,#15415,#15416);
#13229=AXIS2_PLACEMENT_3D('',#19221,#15418,#15419);
#13230=AXIS2_PLACEMENT_3D('',#19222,#15420,#15421);
#13231=AXIS2_PLACEMENT_3D('',#19225,#15424,#15425);
#13232=AXIS2_PLACEMENT_3D('',#19226,#15426,#15427);
#13233=AXIS2_PLACEMENT_3D('',#19228,#15429,#15430);
#13234=AXIS2_PLACEMENT_3D('',#19230,#15432,#15433);
#13235=AXIS2_PLACEMENT_3D('',#19232,#15435,#15436);
#13236=AXIS2_PLACEMENT_3D('',#19233,#15437,#15438);
#13237=AXIS2_PLACEMENT_3D('',#19234,#15439,#15440);
#13238=AXIS2_PLACEMENT_3D('',#19237,#15443,#15444);
#13239=AXIS2_PLACEMENT_3D('',#19238,#15445,#15446);
#13240=AXIS2_PLACEMENT_3D('',#19240,#15448,#15449);
#13241=AXIS2_PLACEMENT_3D('',#19242,#15451,#15452);
#13242=AXIS2_PLACEMENT_3D('',#19245,#15455,#15456);
#13243=AXIS2_PLACEMENT_3D('',#19247,#15458,#15459);
#13244=AXIS2_PLACEMENT_3D('',#19248,#15460,#15461);
#13245=AXIS2_PLACEMENT_3D('',#19250,#15463,#15464);
#13246=AXIS2_PLACEMENT_3D('',#19252,#15466,#15467);
#13247=AXIS2_PLACEMENT_3D('',#19255,#15470,#15471);
#13248=AXIS2_PLACEMENT_3D('',#19257,#15473,#15474);
#13249=AXIS2_PLACEMENT_3D('',#19259,#15476,#15477);
#13250=AXIS2_PLACEMENT_3D('',#19260,#15478,#15479);
#13251=AXIS2_PLACEMENT_3D('',#19262,#15481,#15482);
#13252=AXIS2_PLACEMENT_3D('',#19264,#15484,#15485);
#13253=AXIS2_PLACEMENT_3D('',#19265,#15486,#15487);
#13254=AXIS2_PLACEMENT_3D('',#19268,#15490,#15491);
#13255=AXIS2_PLACEMENT_3D('',#19269,#15492,#15493);
#13256=AXIS2_PLACEMENT_3D('',#19277,#15499,#15500);
#13257=AXIS2_PLACEMENT_3D('',#19279,#15502,#15503);
#13258=AXIS2_PLACEMENT_3D('',#19282,#15506,#15507);
#13259=AXIS2_PLACEMENT_3D('',#19284,#15509,#15510);
#13260=AXIS2_PLACEMENT_3D('',#19286,#15512,#15513);
#13261=AXIS2_PLACEMENT_3D('',#19289,#15516,#15517);
#13262=AXIS2_PLACEMENT_3D('',#19291,#15519,#15520);
#13263=AXIS2_PLACEMENT_3D('',#19293,#15522,#15523);
#13264=AXIS2_PLACEMENT_3D('',#19295,#15525,#15526);
#13265=AXIS2_PLACEMENT_3D('',#19298,#15529,#15530);
#13266=AXIS2_PLACEMENT_3D('',#19300,#15532,#15533);
#13267=AXIS2_PLACEMENT_3D('',#19302,#15535,#15536);
#13268=AXIS2_PLACEMENT_3D('',#19304,#15538,#15539);
#13269=AXIS2_PLACEMENT_3D('',#19306,#15541,#15542);
#13270=AXIS2_PLACEMENT_3D('',#19307,#15543,#15544);
#13271=AXIS2_PLACEMENT_3D('',#19308,#15545,#15546);
#13272=AXIS2_PLACEMENT_3D('',#19309,#15547,#15548);
#13273=AXIS2_PLACEMENT_3D('',#19313,#15551,#15552);
#13274=AXIS2_PLACEMENT_3D('',#19316,#15555,#15556);
#13275=AXIS2_PLACEMENT_3D('',#19318,#15558,#15559);
#13276=AXIS2_PLACEMENT_3D('',#19321,#15562,#15563);
#13277=AXIS2_PLACEMENT_3D('',#19323,#15565,#15566);
#13278=AXIS2_PLACEMENT_3D('',#19324,#15567,#15568);
#13279=AXIS2_PLACEMENT_3D('',#19326,#15570,#15571);
#13280=AXIS2_PLACEMENT_3D('',#19329,#15574,#15575);
#13281=AXIS2_PLACEMENT_3D('',#19331,#15577,#15578);
#13282=AXIS2_PLACEMENT_3D('',#19333,#15580,#15581);
#13283=AXIS2_PLACEMENT_3D('',#19335,#15583,#15584);
#13284=AXIS2_PLACEMENT_3D('',#19337,#15586,#15587);
#13285=AXIS2_PLACEMENT_3D('',#19338,#15588,#15589);
#13286=AXIS2_PLACEMENT_3D('',#19341,#15592,#15593);
#13287=AXIS2_PLACEMENT_3D('',#19344,#15596,#15597);
#13288=AXIS2_PLACEMENT_3D('',#19346,#15599,#15600);
#13289=AXIS2_PLACEMENT_3D('',#19348,#15602,#15603);
#13290=AXIS2_PLACEMENT_3D('',#19349,#15604,#15605);
#13291=AXIS2_PLACEMENT_3D('',#19351,#15607,#15608);
#13292=AXIS2_PLACEMENT_3D('',#19354,#15611,#15612);
#13293=AXIS2_PLACEMENT_3D('',#19357,#15615,#15616);
#13294=AXIS2_PLACEMENT_3D('',#19360,#15619,#15620);
#13295=AXIS2_PLACEMENT_3D('',#19361,#15621,#15622);
#13296=AXIS2_PLACEMENT_3D('',#19362,#15623,#15624);
#13297=AXIS2_PLACEMENT_3D('',#19364,#15626,#15627);
#13298=AXIS2_PLACEMENT_3D('',#19367,#15630,#15631);
#13299=AXIS2_PLACEMENT_3D('',#19373,#15635,#15636);
#13300=AXIS2_PLACEMENT_3D('',#19376,#15639,#15640);
#13301=AXIS2_PLACEMENT_3D('',#19378,#15642,#15643);
#13302=AXIS2_PLACEMENT_3D('',#19380,#15645,#15646);
#13303=AXIS2_PLACEMENT_3D('',#19381,#15647,#15648);
#13304=AXIS2_PLACEMENT_3D('',#19384,#15651,#15652);
#13305=AXIS2_PLACEMENT_3D('',#19387,#15655,#15656);
#13306=AXIS2_PLACEMENT_3D('',#19389,#15658,#15659);
#13307=AXIS2_PLACEMENT_3D('',#19391,#15661,#15662);
#13308=AXIS2_PLACEMENT_3D('',#19397,#15666,#15667);
#13309=AXIS2_PLACEMENT_3D('',#19401,#15670,#15671);
#13310=AXIS2_PLACEMENT_3D('',#19403,#15673,#15674);
#13311=AXIS2_PLACEMENT_3D('',#19405,#15676,#15677);
#13312=AXIS2_PLACEMENT_3D('',#19407,#15679,#15680);
#13313=AXIS2_PLACEMENT_3D('',#19414,#15685,#15686);
#13314=AXIS2_PLACEMENT_3D('',#19416,#15688,#15689);
#13315=AXIS2_PLACEMENT_3D('',#19419,#15692,#15693);
#13316=AXIS2_PLACEMENT_3D('',#19421,#15695,#15696);
#13317=AXIS2_PLACEMENT_3D('',#19423,#15698,#15699);
#13318=AXIS2_PLACEMENT_3D('',#19424,#15700,#15701);
#13319=AXIS2_PLACEMENT_3D('',#19427,#15704,#15705);
#13320=AXIS2_PLACEMENT_3D('',#19429,#15707,#15708);
#13321=AXIS2_PLACEMENT_3D('',#19430,#15709,#15710);
#13322=AXIS2_PLACEMENT_3D('',#19432,#15712,#15713);
#13323=AXIS2_PLACEMENT_3D('',#19435,#15716,#15717);
#13324=AXIS2_PLACEMENT_3D('',#19437,#15719,#15720);
#13325=AXIS2_PLACEMENT_3D('',#19439,#15722,#15723);
#13326=AXIS2_PLACEMENT_3D('',#19441,#15725,#15726);
#13327=AXIS2_PLACEMENT_3D('',#19443,#15728,#15729);
#13328=AXIS2_PLACEMENT_3D('',#19444,#15730,#15731);
#13329=AXIS2_PLACEMENT_3D('',#19447,#15734,#15735);
#13330=AXIS2_PLACEMENT_3D('',#19449,#15737,#15738);
#13331=AXIS2_PLACEMENT_3D('',#19451,#15740,#15741);
#13332=AXIS2_PLACEMENT_3D('',#19454,#15744,#15745);
#13333=AXIS2_PLACEMENT_3D('',#19455,#15746,#15747);
#13334=AXIS2_PLACEMENT_3D('',#19457,#15749,#15750);
#13335=AXIS2_PLACEMENT_3D('',#19459,#15752,#15753);
#13336=AXIS2_PLACEMENT_3D('',#19461,#15755,#15756);
#13337=AXIS2_PLACEMENT_3D('',#19463,#15758,#15759);
#13338=AXIS2_PLACEMENT_3D('',#19465,#15761,#15762);
#13339=AXIS2_PLACEMENT_3D('',#19466,#15763,#15764);
#13340=AXIS2_PLACEMENT_3D('',#19469,#15767,#15768);
#13341=AXIS2_PLACEMENT_3D('',#19475,#15772,#15773);
#13342=AXIS2_PLACEMENT_3D('',#19478,#15776,#15777);
#13343=AXIS2_PLACEMENT_3D('',#19481,#15780,#15781);
#13344=AXIS2_PLACEMENT_3D('',#19482,#15782,#15783);
#13345=AXIS2_PLACEMENT_3D('',#19483,#15784,#15785);
#13346=AXIS2_PLACEMENT_3D('',#19484,#15786,#15787);
#13347=AXIS2_PLACEMENT_3D('',#19487,#15790,#15791);
#13348=AXIS2_PLACEMENT_3D('',#19489,#15793,#15794);
#13349=AXIS2_PLACEMENT_3D('',#19491,#15796,#15797);
#13350=AXIS2_PLACEMENT_3D('',#19493,#15799,#15800);
#13351=AXIS2_PLACEMENT_3D('',#19495,#15802,#15803);
#13352=AXIS2_PLACEMENT_3D('',#19497,#15805,#15806);
#13353=AXIS2_PLACEMENT_3D('',#19498,#15807,#15808);
#13354=AXIS2_PLACEMENT_3D('',#19500,#15809,#15810);
#13355=AXIS2_PLACEMENT_3D('',#19502,#15812,#15813);
#13356=AXIS2_PLACEMENT_3D('',#19511,#15819,#15820);
#13357=AXIS2_PLACEMENT_3D('',#19512,#15821,#15822);
#13358=AXIS2_PLACEMENT_3D('',#19517,#15826,#15827);
#13359=AXIS2_PLACEMENT_3D('',#19519,#15829,#15830);
#13360=AXIS2_PLACEMENT_3D('',#19520,#15831,#15832);
#13361=AXIS2_PLACEMENT_3D('',#19524,#15836,#15837);
#13362=AXIS2_PLACEMENT_3D('',#19525,#15838,#15839);
#13363=AXIS2_PLACEMENT_3D('',#19527,#15841,#15842);
#13364=AXIS2_PLACEMENT_3D('',#19529,#15844,#15845);
#13365=AXIS2_PLACEMENT_3D('',#19531,#15847,#15848);
#13366=AXIS2_PLACEMENT_3D('',#19533,#15850,#15851);
#13367=AXIS2_PLACEMENT_3D('',#19534,#15852,#15853);
#13368=AXIS2_PLACEMENT_3D('',#19536,#15855,#15856);
#13369=AXIS2_PLACEMENT_3D('',#19537,#15857,#15858);
#13370=AXIS2_PLACEMENT_3D('',#19539,#15860,#15861);
#13371=AXIS2_PLACEMENT_3D('',#19540,#15862,#15863);
#13372=AXIS2_PLACEMENT_3D('',#19541,#15864,#15865);
#13373=AXIS2_PLACEMENT_3D('',#19543,#15867,#15868);
#13374=AXIS2_PLACEMENT_3D('',#19545,#15870,#15871);
#13375=AXIS2_PLACEMENT_3D('',#19546,#15872,#15873);
#13376=AXIS2_PLACEMENT_3D('',#19549,#15876,#15877);
#13377=AXIS2_PLACEMENT_3D('',#19551,#15879,#15880);
#13378=AXIS2_PLACEMENT_3D('',#19553,#15882,#15883);
#13379=AXIS2_PLACEMENT_3D('',#19555,#15885,#15886);
#13380=AXIS2_PLACEMENT_3D('',#19557,#15888,#15889);
#13381=AXIS2_PLACEMENT_3D('',#19559,#15891,#15892);
#13382=AXIS2_PLACEMENT_3D('',#19560,#15893,#15894);
#13383=AXIS2_PLACEMENT_3D('',#19563,#15897,#15898);
#13384=AXIS2_PLACEMENT_3D('',#19565,#15900,#15901);
#13385=AXIS2_PLACEMENT_3D('',#19567,#15903,#15904);
#13386=AXIS2_PLACEMENT_3D('',#19569,#15906,#15907);
#13387=AXIS2_PLACEMENT_3D('',#19570,#15908,#15909);
#13388=AXIS2_PLACEMENT_3D('',#19571,#15910,#15911);
#13389=AXIS2_PLACEMENT_3D('',#19572,#15912,#15913);
#13390=AXIS2_PLACEMENT_3D('',#19575,#15916,#15917);
#13391=AXIS2_PLACEMENT_3D('',#19577,#15919,#15920);
#13392=AXIS2_PLACEMENT_3D('',#19579,#15922,#15923);
#13393=AXIS2_PLACEMENT_3D('',#19581,#15925,#15926);
#13394=AXIS2_PLACEMENT_3D('',#19583,#15928,#15929);
#13395=AXIS2_PLACEMENT_3D('',#19584,#15930,#15931);
#13396=AXIS2_PLACEMENT_3D('',#19586,#15933,#15934);
#13397=AXIS2_PLACEMENT_3D('',#19587,#15935,#15936);
#13398=AXIS2_PLACEMENT_3D('',#19589,#15938,#15939);
#13399=AXIS2_PLACEMENT_3D('',#19591,#15941,#15942);
#13400=AXIS2_PLACEMENT_3D('',#19594,#15945,#15946);
#13401=AXIS2_PLACEMENT_3D('',#19596,#15948,#15949);
#13402=AXIS2_PLACEMENT_3D('',#19598,#15951,#15952);
#13403=AXIS2_PLACEMENT_3D('',#19600,#15954,#15955);
#13404=AXIS2_PLACEMENT_3D('',#19602,#15957,#15958);
#13405=AXIS2_PLACEMENT_3D('',#19603,#15959,#15960);
#13406=AXIS2_PLACEMENT_3D('',#19606,#15963,#15964);
#13407=AXIS2_PLACEMENT_3D('',#19608,#15966,#15967);
#13408=AXIS2_PLACEMENT_3D('',#19609,#15968,#15969);
#13409=AXIS2_PLACEMENT_3D('',#19610,#15970,#15971);
#13410=AXIS2_PLACEMENT_3D('',#19612,#15973,#15974);
#13411=AXIS2_PLACEMENT_3D('',#19614,#15976,#15977);
#13412=AXIS2_PLACEMENT_3D('',#19618,#15980,#15981);
#13413=AXIS2_PLACEMENT_3D('',#19623,#15985,#15986);
#13414=AXIS2_PLACEMENT_3D('',#19624,#15987,#15988);
#13415=AXIS2_PLACEMENT_3D('',#19627,#15991,#15992);
#13416=AXIS2_PLACEMENT_3D('',#19630,#15995,#15996);
#13417=AXIS2_PLACEMENT_3D('',#19632,#15998,#15999);
#13418=AXIS2_PLACEMENT_3D('',#19634,#16001,#16002);
#13419=AXIS2_PLACEMENT_3D('',#19635,#16003,#16004);
#13420=AXIS2_PLACEMENT_3D('',#19636,#16005,#16006);
#13421=AXIS2_PLACEMENT_3D('',#19637,#16007,#16008);
#13422=AXIS2_PLACEMENT_3D('',#19638,#16009,#16010);
#13423=AXIS2_PLACEMENT_3D('',#19641,#16013,#16014);
#13424=AXIS2_PLACEMENT_3D('',#19642,#16015,#16016);
#13425=AXIS2_PLACEMENT_3D('',#19644,#16018,#16019);
#13426=AXIS2_PLACEMENT_3D('',#19646,#16021,#16022);
#13427=AXIS2_PLACEMENT_3D('',#19647,#16023,#16024);
#13428=AXIS2_PLACEMENT_3D('',#19649,#16026,#16027);
#13429=AXIS2_PLACEMENT_3D('',#19651,#16029,#16030);
#13430=AXIS2_PLACEMENT_3D('',#19653,#16032,#16033);
#13431=AXIS2_PLACEMENT_3D('',#19655,#16035,#16036);
#13432=AXIS2_PLACEMENT_3D('',#19656,#16037,#16038);
#13433=AXIS2_PLACEMENT_3D('',#19659,#16041,#16042);
#13434=AXIS2_PLACEMENT_3D('',#19661,#16044,#16045);
#13435=AXIS2_PLACEMENT_3D('',#19662,#16046,#16047);
#13436=AXIS2_PLACEMENT_3D('',#19663,#16048,#16049);
#13437=AXIS2_PLACEMENT_3D('',#19666,#16052,#16053);
#13438=AXIS2_PLACEMENT_3D('',#19668,#16055,#16056);
#13439=AXIS2_PLACEMENT_3D('',#19669,#16057,#16058);
#13440=AXIS2_PLACEMENT_3D('',#19671,#16060,#16061);
#13441=AXIS2_PLACEMENT_3D('',#19673,#16063,#16064);
#13442=AXIS2_PLACEMENT_3D('',#19675,#16066,#16067);
#13443=AXIS2_PLACEMENT_3D('',#19677,#16069,#16070);
#13444=AXIS2_PLACEMENT_3D('',#19678,#16071,#16072);
#13445=AXIS2_PLACEMENT_3D('',#19680,#16074,#16075);
#13446=AXIS2_PLACEMENT_3D('',#19682,#16077,#16078);
#13447=AXIS2_PLACEMENT_3D('',#19684,#16080,#16081);
#13448=AXIS2_PLACEMENT_3D('',#19686,#16083,#16084);
#13449=AXIS2_PLACEMENT_3D('',#19687,#16085,#16086);
#13450=AXIS2_PLACEMENT_3D('',#19689,#16088,#16089);
#13451=AXIS2_PLACEMENT_3D('',#19690,#16090,#16091);
#13452=AXIS2_PLACEMENT_3D('',#19693,#16094,#16095);
#13453=AXIS2_PLACEMENT_3D('',#19695,#16097,#16098);
#13454=AXIS2_PLACEMENT_3D('',#19696,#16099,#16100);
#13455=AXIS2_PLACEMENT_3D('',#19704,#16105,#16106);
#13456=AXIS2_PLACEMENT_3D('',#19708,#16109,#16110);
#13457=AXIS2_PLACEMENT_3D('',#19711,#16113,#16114);
#13458=AXIS2_PLACEMENT_3D('',#19714,#16117,#16118);
#13459=AXIS2_PLACEMENT_3D('',#19716,#16120,#16121);
#13460=AXIS2_PLACEMENT_3D('',#19717,#16122,#16123);
#13461=AXIS2_PLACEMENT_3D('',#19718,#16124,#16125);
#13462=AXIS2_PLACEMENT_3D('',#19721,#16128,#16129);
#13463=AXIS2_PLACEMENT_3D('',#19722,#16130,#16131);
#13464=AXIS2_PLACEMENT_3D('',#19724,#16133,#16134);
#13465=AXIS2_PLACEMENT_3D('',#19725,#16135,#16136);
#13466=AXIS2_PLACEMENT_3D('',#19727,#16138,#16139);
#13467=AXIS2_PLACEMENT_3D('',#19729,#16141,#16142);
#13468=AXIS2_PLACEMENT_3D('',#19730,#16143,#16144);
#13469=AXIS2_PLACEMENT_3D('',#19731,#16145,#16146);
#13470=AXIS2_PLACEMENT_3D('',#19732,#16147,#16148);
#13471=AXIS2_PLACEMENT_3D('',#19734,#16150,#16151);
#13472=AXIS2_PLACEMENT_3D('',#19735,#16152,#16153);
#13473=AXIS2_PLACEMENT_3D('',#19736,#16154,#16155);
#13474=AXIS2_PLACEMENT_3D('',#19739,#16158,#16159);
#13475=AXIS2_PLACEMENT_3D('',#19742,#16162,#16163);
#13476=AXIS2_PLACEMENT_3D('',#19743,#16164,#16165);
#13477=AXIS2_PLACEMENT_3D('',#19745,#16167,#16168);
#13478=AXIS2_PLACEMENT_3D('',#19746,#16169,#16170);
#13479=AXIS2_PLACEMENT_3D('',#19748,#16172,#16173);
#13480=AXIS2_PLACEMENT_3D('',#19749,#16174,#16175);
#13481=AXIS2_PLACEMENT_3D('',#19750,#16176,#16177);
#13482=AXIS2_PLACEMENT_3D('',#19752,#16179,#16180);
#13483=AXIS2_PLACEMENT_3D('',#19753,#16181,#16182);
#13484=AXIS2_PLACEMENT_3D('',#19754,#16183,#16184);
#13485=AXIS2_PLACEMENT_3D('',#19763,#16189,#16190);
#13486=AXIS2_PLACEMENT_3D('',#19772,#16195,#16196);
#13487=AXIS2_PLACEMENT_3D('',#19781,#16201,#16202);
#13488=AXIS2_PLACEMENT_3D('',#19784,#16205,#16206);
#13489=AXIS2_PLACEMENT_3D('',#19787,#16209,#16210);
#13490=AXIS2_PLACEMENT_3D('',#19796,#16215,#16216);
#13491=AXIS2_PLACEMENT_3D('',#19805,#16221,#16222);
#13492=AXIS2_PLACEMENT_3D('',#19814,#16227,#16228);
#13493=AXIS2_PLACEMENT_3D('',#19817,#16231,#16232);
#13494=AXIS2_PLACEMENT_3D('',#19820,#16235,#16236);
#13495=AXIS2_PLACEMENT_3D('',#19821,#16237,#16238);
#13496=AXIS2_PLACEMENT_3D('',#19822,#16239,#16240);
#13497=AXIS2_PLACEMENT_3D('',#19823,#16241,#16242);
#13498=AXIS2_PLACEMENT_3D('',#19824,#16243,#16244);
#13499=AXIS2_PLACEMENT_3D('',#19825,#16245,#16246);
#13500=AXIS2_PLACEMENT_3D('',#19826,#16247,#16248);
#13501=AXIS2_PLACEMENT_3D('',#19835,#16253,#16254);
#13502=AXIS2_PLACEMENT_3D('',#19844,#16259,#16260);
#13503=AXIS2_PLACEMENT_3D('',#19850,#16264,#16265);
#13504=AXIS2_PLACEMENT_3D('',#19856,#16269,#16270);
#13505=AXIS2_PLACEMENT_3D('',#19859,#16273,#16274);
#13506=AXIS2_PLACEMENT_3D('',#19861,#16276,#16277);
#13507=AXIS2_PLACEMENT_3D('',#19870,#16282,#16283);
#13508=AXIS2_PLACEMENT_3D('',#19876,#16287,#16288);
#13509=AXIS2_PLACEMENT_3D('',#19882,#16292,#16293);
#13510=AXIS2_PLACEMENT_3D('',#19888,#16297,#16298);
#13511=AXIS2_PLACEMENT_3D('',#19894,#16302,#16303);
#13512=AXIS2_PLACEMENT_3D('',#19896,#16305,#16306);
#13513=AXIS2_PLACEMENT_3D('',#19902,#16310,#16311);
#13514=AXIS2_PLACEMENT_3D('',#19905,#16312,#16313);
#13515=AXIS2_PLACEMENT_3D('',#19909,#16315,#16316);
#13516=AXIS2_PLACEMENT_3D('',#19911,#16318,#16319);
#13517=AXIS2_PLACEMENT_3D('',#19914,#16320,#16321);
#13518=AXIS2_PLACEMENT_3D('',#19918,#16323,#16324);
#13519=AXIS2_PLACEMENT_3D('',#19920,#16326,#16327);
#13520=AXIS2_PLACEMENT_3D('',#19922,#16328,#16329);
#13521=AXIS2_PLACEMENT_3D('',#19925,#16331,#16332);
#13522=AXIS2_PLACEMENT_3D('',#19926,#16333,#16334);
#13523=AXIS2_PLACEMENT_3D('',#19928,#16335,#16336);
#13524=AXIS2_PLACEMENT_3D('',#19931,#16338,#16339);
#13525=AXIS2_PLACEMENT_3D('',#19932,#16340,#16341);
#13526=AXIS2_PLACEMENT_3D('',#19934,#16342,#16343);
#13527=AXIS2_PLACEMENT_3D('',#19937,#16345,#16346);
#13528=AXIS2_PLACEMENT_3D('',#19938,#16347,#16348);
#13529=AXIS2_PLACEMENT_3D('',#19940,#16349,#16350);
#13530=AXIS2_PLACEMENT_3D('',#19943,#16352,#16353);
#13531=AXIS2_PLACEMENT_3D('',#19944,#16354,#16355);
#13532=AXIS2_PLACEMENT_3D('',#19953,#16360,#16361);
#13533=AXIS2_PLACEMENT_3D('',#19959,#16365,#16366);
#13534=AXIS2_PLACEMENT_3D('',#19965,#16370,#16371);
#13535=AXIS2_PLACEMENT_3D('',#19968,#16374,#16375);
#13536=AXIS2_PLACEMENT_3D('',#19977,#16380,#16381);
#13537=AXIS2_PLACEMENT_3D('',#19983,#16385,#16386);
#13538=AXIS2_PLACEMENT_3D('',#19989,#16390,#16391);
#13539=AXIS2_PLACEMENT_3D('',#19992,#16394,#16395);
#13540=AXIS2_PLACEMENT_3D('',#20001,#16400,#16401);
#13541=AXIS2_PLACEMENT_3D('',#20007,#16405,#16406);
#13542=AXIS2_PLACEMENT_3D('',#20013,#16410,#16411);
#13543=AXIS2_PLACEMENT_3D('',#20016,#16414,#16415);
#13544=AXIS2_PLACEMENT_3D('',#20025,#16420,#16421);
#13545=AXIS2_PLACEMENT_3D('',#20031,#16425,#16426);
#13546=AXIS2_PLACEMENT_3D('',#20037,#16430,#16431);
#13547=AXIS2_PLACEMENT_3D('',#20040,#16434,#16435);
#13548=AXIS2_PLACEMENT_3D('',#20049,#16440,#16441);
#13549=AXIS2_PLACEMENT_3D('',#20055,#16445,#16446);
#13550=AXIS2_PLACEMENT_3D('',#20061,#16450,#16451);
#13551=AXIS2_PLACEMENT_3D('',#20064,#16454,#16455);
#13552=AXIS2_PLACEMENT_3D('',#20073,#16460,#16461);
#13553=AXIS2_PLACEMENT_3D('',#20079,#16465,#16466);
#13554=AXIS2_PLACEMENT_3D('',#20085,#16470,#16471);
#13555=AXIS2_PLACEMENT_3D('',#20088,#16474,#16475);
#13556=AXIS2_PLACEMENT_3D('',#20097,#16480,#16481);
#13557=AXIS2_PLACEMENT_3D('',#20103,#16485,#16486);
#13558=AXIS2_PLACEMENT_3D('',#20109,#16490,#16491);
#13559=AXIS2_PLACEMENT_3D('',#20112,#16494,#16495);
#13560=AXIS2_PLACEMENT_3D('',#20121,#16500,#16501);
#13561=AXIS2_PLACEMENT_3D('',#20127,#16505,#16506);
#13562=AXIS2_PLACEMENT_3D('',#20133,#16510,#16511);
#13563=AXIS2_PLACEMENT_3D('',#20136,#16514,#16515);
#13564=AXIS2_PLACEMENT_3D('',#20145,#16520,#16521);
#13565=AXIS2_PLACEMENT_3D('',#20151,#16525,#16526);
#13566=AXIS2_PLACEMENT_3D('',#20157,#16530,#16531);
#13567=AXIS2_PLACEMENT_3D('',#20160,#16534,#16535);
#13568=AXIS2_PLACEMENT_3D('',#20169,#16540,#16541);
#13569=AXIS2_PLACEMENT_3D('',#20175,#16545,#16546);
#13570=AXIS2_PLACEMENT_3D('',#20181,#16550,#16551);
#13571=AXIS2_PLACEMENT_3D('',#20184,#16554,#16555);
#13572=AXIS2_PLACEMENT_3D('',#20193,#16560,#16561);
#13573=AXIS2_PLACEMENT_3D('',#20199,#16565,#16566);
#13574=AXIS2_PLACEMENT_3D('',#20205,#16570,#16571);
#13575=AXIS2_PLACEMENT_3D('',#20208,#16574,#16575);
#13576=AXIS2_PLACEMENT_3D('',#20217,#16580,#16581);
#13577=AXIS2_PLACEMENT_3D('',#20223,#16585,#16586);
#13578=AXIS2_PLACEMENT_3D('',#20229,#16590,#16591);
#13579=AXIS2_PLACEMENT_3D('',#20232,#16594,#16595);
#13580=AXIS2_PLACEMENT_3D('',#20241,#16600,#16601);
#13581=AXIS2_PLACEMENT_3D('',#20247,#16605,#16606);
#13582=AXIS2_PLACEMENT_3D('',#20253,#16610,#16611);
#13583=AXIS2_PLACEMENT_3D('',#20256,#16614,#16615);
#13584=AXIS2_PLACEMENT_3D('',#20265,#16620,#16621);
#13585=AXIS2_PLACEMENT_3D('',#20271,#16625,#16626);
#13586=AXIS2_PLACEMENT_3D('',#20277,#16630,#16631);
#13587=AXIS2_PLACEMENT_3D('',#20280,#16634,#16635);
#13588=AXIS2_PLACEMENT_3D('',#20289,#16640,#16641);
#13589=AXIS2_PLACEMENT_3D('',#20295,#16645,#16646);
#13590=AXIS2_PLACEMENT_3D('',#20301,#16650,#16651);
#13591=AXIS2_PLACEMENT_3D('',#20304,#16654,#16655);
#13592=AXIS2_PLACEMENT_3D('',#20313,#16660,#16661);
#13593=AXIS2_PLACEMENT_3D('',#20319,#16665,#16666);
#13594=AXIS2_PLACEMENT_3D('',#20325,#16670,#16671);
#13595=AXIS2_PLACEMENT_3D('',#20328,#16674,#16675);
#13596=AXIS2_PLACEMENT_3D('',#20330,#16676,#16677);
#13597=AXIS2_PLACEMENT_3D('',#20333,#16679,#16680);
#13598=AXIS2_PLACEMENT_3D('',#20334,#16681,#16682);
#13599=AXIS2_PLACEMENT_3D('',#20336,#16683,#16684);
#13600=AXIS2_PLACEMENT_3D('',#20339,#16686,#16687);
#13601=AXIS2_PLACEMENT_3D('',#20340,#16688,#16689);
#13602=AXIS2_PLACEMENT_3D('',#20342,#16690,#16691);
#13603=AXIS2_PLACEMENT_3D('',#20345,#16693,#16694);
#13604=AXIS2_PLACEMENT_3D('',#20346,#16695,#16696);
#13605=AXIS2_PLACEMENT_3D('',#20351,#16700,#16701);
#13606=AXIS2_PLACEMENT_3D('',#20355,#16704,#16705);
#13607=AXIS2_PLACEMENT_3D('',#20358,#16708,#16709);
#13608=AXIS2_PLACEMENT_3D('',#20361,#16710,#16711);
#13609=AXIS2_PLACEMENT_3D('',#20365,#16713,#16714);
#13610=AXIS2_PLACEMENT_3D('',#20367,#16716,#16717);
#13611=AXIS2_PLACEMENT_3D('',#20370,#16718,#16719);
#13612=AXIS2_PLACEMENT_3D('',#20374,#16721,#16722);
#13613=AXIS2_PLACEMENT_3D('',#20376,#16724,#16725);
#13614=AXIS2_PLACEMENT_3D('',#20381,#16730,#16731);
#13615=AXIS2_PLACEMENT_3D('',#20386,#16736,#16737);
#13616=AXIS2_PLACEMENT_3D('',#20387,#16738,#16739);
#13617=AXIS2_PLACEMENT_3D('',#20388,#16740,#16741);
#13618=AXIS2_PLACEMENT_3D('',#20389,#16742,#16743);
#13619=DIRECTION('axis',(0.,0.,1.));
#13620=DIRECTION('refdir',(1.,0.,0.));
#13621=DIRECTION('center_axis',(0.,0.,1.));
#13622=DIRECTION('ref_axis',(1.,0.,0.));
#13623=DIRECTION('',(0.,0.,-1.));
#13624=DIRECTION('center_axis',(0.,0.104528463267653,-0.994521895368273));
#13625=DIRECTION('ref_axis',(0.,0.994521895368273,0.104528463267653));
#13626=DIRECTION('',(0.,0.,1.));
#13627=DIRECTION('center_axis',(0.,0.,-1.));
#13628=DIRECTION('ref_axis',(1.,0.,0.));
#13629=DIRECTION('center_axis',(-0.542027320783919,-0.788830055773808,0.289747349654311));
#13630=DIRECTION('ref_axis',(0.164089917324658,0.238805413808155,0.957103167567793));
#13631=DIRECTION('center_axis',(0.,0.,1.));
#13632=DIRECTION('ref_axis',(1.,0.,0.));
#13633=DIRECTION('center_axis',(0.985085825369266,-0.0204406095410694,-0.170845246167816));
#13634=DIRECTION('ref_axis',(0.17080847797949,-0.00354428955809442,0.985297874686563));
#13635=DIRECTION('center_axis',(0.,0.,1.));
#13636=DIRECTION('ref_axis',(1.,0.,0.));
#13637=DIRECTION('center_axis',(-0.542027320783919,-0.788830055773808,0.289747349654311));
#13638=DIRECTION('ref_axis',(0.164089917324658,0.238805413808155,0.957103167567793));
#13639=DIRECTION('center_axis',(0.,0.,-1.));
#13640=DIRECTION('ref_axis',(1.,0.,0.));
#13641=DIRECTION('center_axis',(1.,0.,0.));
#13642=DIRECTION('ref_axis',(0.,0.,-1.));
#13643=DIRECTION('center_axis',(1.,0.,0.));
#13644=DIRECTION('ref_axis',(0.,0.,-1.));
#13645=DIRECTION('',(1.,0.,0.));
#13646=DIRECTION('center_axis',(-1.,0.,0.));
#13647=DIRECTION('ref_axis',(0.,0.,-1.));
#13648=DIRECTION('center_axis',(0.,1.,0.));
#13649=DIRECTION('ref_axis',(-1.,0.,0.));
#13650=DIRECTION('',(0.,0.,-1.));
#13651=DIRECTION('',(-1.,0.,0.));
#13652=DIRECTION('',(0.,0.,1.));
#13653=DIRECTION('',(-1.,0.,0.));
#13654=DIRECTION('center_axis',(0.,0.,1.));
#13655=DIRECTION('ref_axis',(1.,0.,0.));
#13656=DIRECTION('',(0.,-1.,0.));
#13657=DIRECTION('',(0.,1.,0.));
#13658=DIRECTION('',(1.,0.,0.));
#13659=DIRECTION('center_axis',(0.,-1.,0.));
#13660=DIRECTION('ref_axis',(1.,0.,0.));
#13661=DIRECTION('',(0.,0.,1.));
#13662=DIRECTION('',(0.,0.,-1.));
#13663=DIRECTION('',(1.,0.,0.));
#13664=DIRECTION('center_axis',(0.,0.,1.));
#13665=DIRECTION('ref_axis',(1.,0.,0.));
#13666=DIRECTION('',(0.,1.,0.));
#13667=DIRECTION('',(0.246607773208065,0.96911537300435,0.));
#13668=DIRECTION('',(-0.552327497026769,0.833627216463177,0.));
#13669=DIRECTION('',(0.,1.,0.));
#13670=DIRECTION('',(0.,-1.,0.));
#13671=DIRECTION('center_axis',(-1.,0.,0.));
#13672=DIRECTION('ref_axis',(0.,-1.,0.));
#13673=DIRECTION('',(0.,-0.0710318173137083,-0.997474050253495));
#13674=DIRECTION('',(0.,-1.,0.));
#13675=DIRECTION('',(0.,0.,1.));
#13676=DIRECTION('',(0.,-0.994521895368273,-0.104528463267653));
#13677=DIRECTION('',(0.,0.,-1.));
#13678=DIRECTION('',(0.,-1.,0.));
#13679=DIRECTION('',(0.,-0.207440107989108,0.978247719955159));
#13680=DIRECTION('',(0.,-0.156508417522476,0.987676624834571));
#13681=DIRECTION('',(0.,1.,0.));
#13682=DIRECTION('',(0.,0.,1.));
#13683=DIRECTION('',(0.,-0.994521895368273,-0.104528463267653));
#13684=DIRECTION('',(0.,0.,1.));
#13685=DIRECTION('',(0.,1.,0.));
#13686=DIRECTION('',(0.,-0.034562053041312,-0.999402553773788));
#13687=DIRECTION('',(0.,-1.,0.));
#13688=DIRECTION('',(0.,-0.0431217500534977,0.999069824723139));
#13689=DIRECTION('',(0.,1.,0.));
#13690=DIRECTION('',(0.,0.0765559975119172,-0.997065283341545));
#13691=DIRECTION('',(0.,-0.172987288256844,-0.98492405702244));
#13692=DIRECTION('',(0.,-1.,0.));
#13693=DIRECTION('',(0.,-0.311274202764297,0.950320141159521));
#13694=DIRECTION('',(0.,-0.128183584565562,0.991750456842811));
#13695=DIRECTION('',(0.,1.,0.));
#13696=DIRECTION('',(0.,0.110716096193558,-0.993852074528025));
#13697=DIRECTION('',(0.,-1.,0.));
#13698=DIRECTION('',(0.,0.0595155981490743,0.998227375690007));
#13699=DIRECTION('',(0.,0.206377032643689,0.978472544529066));
#13700=DIRECTION('',(0.,1.,0.));
#13701=DIRECTION('',(0.,-0.096428833409743,0.995339881692297));
#13702=DIRECTION('',(0.,1.,0.));
#13703=DIRECTION('',(0.,-0.580297102636087,-0.814404857962035));
#13704=DIRECTION('center_axis',(1.,0.,0.));
#13705=DIRECTION('ref_axis',(0.,1.,0.));
#13706=DIRECTION('',(0.,0.,-1.));
#13707=DIRECTION('',(0.,1.,0.));
#13708=DIRECTION('',(0.,0.,1.));
#13709=DIRECTION('',(0.,1.,0.));
#13710=DIRECTION('center_axis',(-1.,0.,0.));
#13711=DIRECTION('ref_axis',(0.,-1.,0.));
#13712=DIRECTION('',(0.,0.,1.));
#13713=DIRECTION('',(0.,-1.,0.));
#13714=DIRECTION('',(0.,0.,-1.));
#13715=DIRECTION('',(0.,-1.,0.));
#13716=DIRECTION('center_axis',(0.,0.,1.));
#13717=DIRECTION('ref_axis',(1.,0.,0.));
#13718=DIRECTION('',(1.,0.,0.));
#13719=DIRECTION('',(-1.,0.,0.));
#13720=DIRECTION('center_axis',(0.,0.,1.));
#13721=DIRECTION('ref_axis',(1.,0.,0.));
#13722=DIRECTION('center_axis',(0.,0.,1.));
#13723=DIRECTION('ref_axis',(1.,0.,0.));
#13724=DIRECTION('',(0.,0.,1.));
#13725=DIRECTION('center_axis',(0.,0.104528463267653,-0.994521895368273));
#13726=DIRECTION('ref_axis',(0.,0.994521895368273,0.104528463267653));
#13727=DIRECTION('center_axis',(0.,0.,1.));
#13728=DIRECTION('ref_axis',(1.,0.,0.));
#13729=DIRECTION('center_axis',(0.,0.,1.));
#13730=DIRECTION('ref_axis',(1.,0.,0.));
#13731=DIRECTION('center_axis',(0.,0.,1.));
#13732=DIRECTION('ref_axis',(1.,0.,0.));
#13733=DIRECTION('center_axis',(0.,0.,1.));
#13734=DIRECTION('ref_axis',(1.,0.,0.));
#13735=DIRECTION('',(0.,0.,1.));
#13736=DIRECTION('center_axis',(0.,0.104528463267653,-0.994521895368273));
#13737=DIRECTION('ref_axis',(0.,0.994521895368273,0.104528463267653));
#13738=DIRECTION('center_axis',(0.,0.,1.));
#13739=DIRECTION('ref_axis',(1.,0.,0.));
#13740=DIRECTION('center_axis',(0.,0.,1.));
#13741=DIRECTION('ref_axis',(1.,0.,0.));
#13742=DIRECTION('center_axis',(0.,0.,1.));
#13743=DIRECTION('ref_axis',(1.,0.,0.));
#13744=DIRECTION('center_axis',(0.,0.,1.));
#13745=DIRECTION('ref_axis',(1.,0.,0.));
#13746=DIRECTION('',(0.,0.,1.));
#13747=DIRECTION('center_axis',(0.,0.104528463267653,-0.994521895368273));
#13748=DIRECTION('ref_axis',(0.,0.994521895368273,0.104528463267653));
#13749=DIRECTION('center_axis',(0.,0.,1.));
#13750=DIRECTION('ref_axis',(1.,0.,0.));
#13751=DIRECTION('center_axis',(0.,0.,1.));
#13752=DIRECTION('ref_axis',(1.,0.,0.));
#13753=DIRECTION('center_axis',(0.,0.,1.));
#13754=DIRECTION('ref_axis',(1.,0.,0.));
#13755=DIRECTION('center_axis',(0.,0.,1.));
#13756=DIRECTION('ref_axis',(1.,0.,0.));
#13757=DIRECTION('',(0.,0.,1.));
#13758=DIRECTION('center_axis',(0.,0.,1.));
#13759=DIRECTION('ref_axis',(1.,0.,0.));
#13760=DIRECTION('center_axis',(0.,0.,1.));
#13761=DIRECTION('ref_axis',(1.,0.,0.));
#13762=DIRECTION('',(0.,0.,1.));
#13763=DIRECTION('center_axis',(0.,0.,1.));
#13764=DIRECTION('ref_axis',(1.,0.,0.));
#13765=DIRECTION('center_axis',(0.,0.,1.));
#13766=DIRECTION('ref_axis',(1.,0.,0.));
#13767=DIRECTION('',(0.,0.,1.));
#13768=DIRECTION('center_axis',(0.,0.,1.));
#13769=DIRECTION('ref_axis',(1.,0.,0.));
#13770=DIRECTION('center_axis',(0.,0.,1.));
#13771=DIRECTION('ref_axis',(1.,0.,0.));
#13772=DIRECTION('',(0.,0.,1.));
#13773=DIRECTION('center_axis',(0.,0.,1.));
#13774=DIRECTION('ref_axis',(1.,0.,0.));
#13775=DIRECTION('center_axis',(0.,0.,1.));
#13776=DIRECTION('ref_axis',(1.,0.,0.));
#13777=DIRECTION('center_axis',(0.,0.,1.));
#13778=DIRECTION('ref_axis',(1.,0.,0.));
#13779=DIRECTION('center_axis',(0.,0.,1.));
#13780=DIRECTION('ref_axis',(1.,0.,0.));
#13781=DIRECTION('',(0.,0.,1.));
#13782=DIRECTION('center_axis',(0.,0.,1.));
#13783=DIRECTION('ref_axis',(1.,0.,0.));
#13784=DIRECTION('center_axis',(0.,0.,1.));
#13785=DIRECTION('ref_axis',(1.,0.,0.));
#13786=DIRECTION('center_axis',(0.,0.,1.));
#13787=DIRECTION('ref_axis',(1.,0.,0.));
#13788=DIRECTION('center_axis',(0.,0.,1.));
#13789=DIRECTION('ref_axis',(1.,0.,0.));
#13790=DIRECTION('',(0.,0.,1.));
#13791=DIRECTION('center_axis',(0.,0.,1.));
#13792=DIRECTION('ref_axis',(1.,0.,0.));
#13793=DIRECTION('center_axis',(0.,0.,1.));
#13794=DIRECTION('ref_axis',(1.,0.,0.));
#13795=DIRECTION('center_axis',(0.,0.,1.));
#13796=DIRECTION('ref_axis',(1.,0.,0.));
#13797=DIRECTION('center_axis',(0.,0.,1.));
#13798=DIRECTION('ref_axis',(1.,0.,0.));
#13799=DIRECTION('',(0.,0.,1.));
#13800=DIRECTION('center_axis',(0.,0.104528463267653,-0.994521895368273));
#13801=DIRECTION('ref_axis',(0.,0.994521895368273,0.104528463267653));
#13802=DIRECTION('center_axis',(0.,0.,1.));
#13803=DIRECTION('ref_axis',(1.,0.,0.));
#13804=DIRECTION('center_axis',(0.,0.,1.));
#13805=DIRECTION('ref_axis',(1.,0.,0.));
#13806=DIRECTION('center_axis',(0.,0.,1.));
#13807=DIRECTION('ref_axis',(1.,0.,0.));
#13808=DIRECTION('center_axis',(0.,0.,1.));
#13809=DIRECTION('ref_axis',(1.,0.,0.));
#13810=DIRECTION('',(0.,0.,1.));
#13811=DIRECTION('center_axis',(0.,0.104528463267653,-0.994521895368273));
#13812=DIRECTION('ref_axis',(0.,0.994521895368273,0.104528463267653));
#13813=DIRECTION('center_axis',(0.,0.,1.));
#13814=DIRECTION('ref_axis',(1.,0.,0.));
#13815=DIRECTION('center_axis',(0.,0.,1.));
#13816=DIRECTION('ref_axis',(1.,0.,0.));
#13817=DIRECTION('center_axis',(0.,0.,1.));
#13818=DIRECTION('ref_axis',(1.,0.,0.));
#13819=DIRECTION('center_axis',(0.,0.,1.));
#13820=DIRECTION('ref_axis',(1.,0.,0.));
#13821=DIRECTION('',(0.,0.,1.));
#13822=DIRECTION('center_axis',(0.,0.104528463267653,-0.994521895368273));
#13823=DIRECTION('ref_axis',(0.,0.994521895368273,0.104528463267653));
#13824=DIRECTION('center_axis',(0.,0.,1.));
#13825=DIRECTION('ref_axis',(1.,0.,0.));
#13826=DIRECTION('center_axis',(0.,0.,1.));
#13827=DIRECTION('ref_axis',(1.,0.,0.));
#13828=DIRECTION('center_axis',(0.,0.,1.));
#13829=DIRECTION('ref_axis',(1.,0.,0.));
#13830=DIRECTION('center_axis',(0.,0.,1.));
#13831=DIRECTION('ref_axis',(1.,0.,0.));
#13832=DIRECTION('',(0.,0.,1.));
#13833=DIRECTION('center_axis',(0.,0.104528463267653,-0.994521895368273));
#13834=DIRECTION('ref_axis',(0.,0.994521895368273,0.104528463267653));
#13835=DIRECTION('center_axis',(0.,0.,1.));
#13836=DIRECTION('ref_axis',(1.,0.,0.));
#13837=DIRECTION('center_axis',(0.,0.,1.));
#13838=DIRECTION('ref_axis',(1.,0.,0.));
#13839=DIRECTION('center_axis',(0.,0.,1.));
#13840=DIRECTION('ref_axis',(1.,0.,0.));
#13841=DIRECTION('center_axis',(0.,0.,1.));
#13842=DIRECTION('ref_axis',(1.,0.,0.));
#13843=DIRECTION('',(0.,0.,1.));
#13844=DIRECTION('center_axis',(0.,0.,1.));
#13845=DIRECTION('ref_axis',(1.,0.,0.));
#13846=DIRECTION('center_axis',(0.,0.,1.));
#13847=DIRECTION('ref_axis',(1.,0.,0.));
#13848=DIRECTION('',(0.,0.,1.));
#13849=DIRECTION('center_axis',(0.,0.,1.));
#13850=DIRECTION('ref_axis',(1.,0.,0.));
#13851=DIRECTION('center_axis',(0.,0.,1.));
#13852=DIRECTION('ref_axis',(1.,0.,0.));
#13853=DIRECTION('',(0.,0.,1.));
#13854=DIRECTION('center_axis',(0.,0.,-1.));
#13855=DIRECTION('ref_axis',(1.,0.,0.));
#13856=DIRECTION('',(0.,0.,-1.));
#13857=DIRECTION('center_axis',(0.,0.,1.));
#13858=DIRECTION('ref_axis',(1.,0.,0.));
#13859=DIRECTION('',(0.,0.,1.));
#13860=DIRECTION('center_axis',(0.,0.,1.));
#13861=DIRECTION('ref_axis',(1.,0.,0.));
#13862=DIRECTION('center_axis',(0.,0.,1.));
#13863=DIRECTION('ref_axis',(1.,0.,0.));
#13864=DIRECTION('',(0.,0.,1.));
#13865=DIRECTION('center_axis',(0.,0.,1.));
#13866=DIRECTION('ref_axis',(1.,0.,0.));
#13867=DIRECTION('',(0.,-1.,0.));
#13868=DIRECTION('center_axis',(0.,0.,1.));
#13869=DIRECTION('ref_axis',(1.,0.,0.));
#13870=DIRECTION('',(0.,-1.,0.));
#13871=DIRECTION('center_axis',(-1.,0.,0.));
#13872=DIRECTION('ref_axis',(0.,-1.,0.));
#13873=DIRECTION('',(0.,-1.,0.));
#13874=DIRECTION('',(0.,0.,1.));
#13875=DIRECTION('',(0.,1.,0.));
#13876=DIRECTION('',(0.,0.,-1.));
#13877=DIRECTION('center_axis',(0.,0.,1.));
#13878=DIRECTION('ref_axis',(1.,0.,0.));
#13879=DIRECTION('center_axis',(0.,0.,1.));
#13880=DIRECTION('ref_axis',(1.,0.,0.));
#13881=DIRECTION('',(0.,0.,1.));
#13882=DIRECTION('center_axis',(0.,0.,1.));
#13883=DIRECTION('ref_axis',(1.,0.,0.));
#13884=DIRECTION('center_axis',(0.,0.,1.));
#13885=DIRECTION('ref_axis',(1.,0.,0.));
#13886=DIRECTION('center_axis',(0.,0.,1.));
#13887=DIRECTION('ref_axis',(1.,0.,0.));
#13888=DIRECTION('center_axis',(0.,0.,1.));
#13889=DIRECTION('ref_axis',(1.,0.,0.));
#13890=DIRECTION('',(0.,0.,1.));
#13891=DIRECTION('center_axis',(0.,0.,1.));
#13892=DIRECTION('ref_axis',(1.,0.,0.));
#13893=DIRECTION('center_axis',(0.,0.,1.));
#13894=DIRECTION('ref_axis',(1.,0.,0.));
#13895=DIRECTION('center_axis',(0.,0.,1.));
#13896=DIRECTION('ref_axis',(1.,0.,0.));
#13897=DIRECTION('center_axis',(0.,0.,1.));
#13898=DIRECTION('ref_axis',(1.,0.,0.));
#13899=DIRECTION('',(0.,0.,1.));
#13900=DIRECTION('center_axis',(0.,0.,1.));
#13901=DIRECTION('ref_axis',(1.,0.,0.));
#13902=DIRECTION('center_axis',(0.,0.,1.));
#13903=DIRECTION('ref_axis',(1.,0.,0.));
#13904=DIRECTION('center_axis',(0.,0.,1.));
#13905=DIRECTION('ref_axis',(1.,0.,0.));
#13906=DIRECTION('center_axis',(0.,0.,1.));
#13907=DIRECTION('ref_axis',(1.,0.,0.));
#13908=DIRECTION('',(0.,0.,1.));
#13909=DIRECTION('center_axis',(0.,0.,1.));
#13910=DIRECTION('ref_axis',(1.,0.,0.));
#13911=DIRECTION('center_axis',(0.,0.,1.));
#13912=DIRECTION('ref_axis',(1.,0.,0.));
#13913=DIRECTION('center_axis',(-1.,0.,0.));
#13914=DIRECTION('ref_axis',(0.,-1.,0.));
#13915=DIRECTION('',(0.,-0.20742493871836,0.978250936517663));
#13916=DIRECTION('',(0.,-1.,0.));
#13917=DIRECTION('',(0.,-0.994340686900508,-0.106238403481165));
#13918=DIRECTION('center_axis',(0.,1.,0.));
#13919=DIRECTION('ref_axis',(-1.,0.,0.));
#13920=DIRECTION('',(0.203753575920281,0.,-0.979022206234209));
#13921=DIRECTION('',(1.,0.,0.));
#13922=DIRECTION('',(0.,0.,1.));
#13923=DIRECTION('',(-1.,0.,0.));
#13924=DIRECTION('',(0.,0.,1.));
#13925=DIRECTION('',(1.,0.,0.));
#13926=DIRECTION('',(0.,0.,1.));
#13927=DIRECTION('',(-1.,0.,0.));
#13928=DIRECTION('',(0.,0.,-1.));
#13929=DIRECTION('',(1.,0.,0.));
#13930=DIRECTION('',(-0.110645317418392,0.,0.993859956801452));
#13931=DIRECTION('',(-1.,0.,0.));
#13932=DIRECTION('center_axis',(1.,0.,0.));
#13933=DIRECTION('ref_axis',(0.,1.,0.));
#13934=DIRECTION('',(0.,-0.180543791092057,-0.983566947135836));
#13935=DIRECTION('',(0.,0.996958014745008,-0.0779404698195559));
#13936=DIRECTION('',(0.,0.127483843088724,0.991840647357896));
#13937=DIRECTION('',(0.,1.,0.));
#13938=DIRECTION('center_axis',(1.,0.,0.));
#13939=DIRECTION('ref_axis',(0.,1.,0.));
#13940=DIRECTION('',(0.,-0.131406749509732,-0.991328535947234));
#13941=DIRECTION('',(0.,-0.994521895368273,-0.104528463267653));
#13942=DIRECTION('',(0.,0.,1.));
#13943=DIRECTION('',(0.,1.,0.));
#13944=DIRECTION('',(0.,-0.994521895368273,-0.104528463267653));
#13945=DIRECTION('',(0.,0.,1.));
#13946=DIRECTION('',(0.,1.,0.));
#13947=DIRECTION('',(0.,-0.200543951054298,-0.979684706268058));
#13948=DIRECTION('',(0.,-0.994521895368273,-0.104528463267653));
#13949=DIRECTION('',(0.,-0.116925242842342,0.993140718924695));
#13950=DIRECTION('',(0.,1.,0.));
#13951=DIRECTION('',(0.,0.250474728705773,-0.968123137973558));
#13952=DIRECTION('',(0.,-0.994521895368273,-0.104528463267653));
#13953=DIRECTION('',(0.,0.0473634125161954,0.998877723825504));
#13954=DIRECTION('',(0.,1.,0.));
#13955=DIRECTION('',(0.,0.1670895471451,-0.985941724056166));
#13956=DIRECTION('',(0.,-0.994521895368273,-0.104528463267653));
#13957=DIRECTION('',(0.,-0.026482802293401,0.999649269085257));
#13958=DIRECTION('',(0.,1.,0.));
#13959=DIRECTION('',(0.,-0.290424497890372,-0.95689791045081));
#13960=DIRECTION('',(0.,-0.994521895368273,-0.104528463267653));
#13961=DIRECTION('',(0.,0.344789199142137,0.938680141557775));
#13962=DIRECTION('',(0.,1.,0.));
#13963=DIRECTION('center_axis',(0.,-1.,0.));
#13964=DIRECTION('ref_axis',(1.,0.,0.));
#13965=DIRECTION('',(0.997538299969252,0.,0.0701237484341449));
#13966=DIRECTION('',(1.,0.,0.));
#13967=DIRECTION('',(0.133202202128004,0.,-0.991088882668073));
#13968=DIRECTION('center_axis',(0.,-1.,0.));
#13969=DIRECTION('ref_axis',(1.,0.,0.));
#13970=DIRECTION('',(0.,0.,1.));
#13971=DIRECTION('',(1.,0.,0.));
#13972=DIRECTION('',(-1.,0.,0.));
#13973=DIRECTION('',(0.,0.,1.));
#13974=DIRECTION('',(1.,0.,0.));
#13975=DIRECTION('',(0.,0.,-1.));
#13976=DIRECTION('',(-1.,0.,0.));
#13977=DIRECTION('',(-0.220959402272341,0.,0.975283006387095));
#13978=DIRECTION('',(1.,0.,0.));
#13979=DIRECTION('',(0.286261218459649,0.,-0.958151613684388));
#13980=DIRECTION('',(-1.,0.,0.));
#13981=DIRECTION('',(-0.0858637869410286,0.,0.996306885498713));
#13982=DIRECTION('',(1.,0.,0.));
#13983=DIRECTION('',(0.134071249436527,0.,-0.990971694890691));
#13984=DIRECTION('',(-1.,0.,0.));
#13985=DIRECTION('center_axis',(0.,-1.,0.));
#13986=DIRECTION('ref_axis',(1.,0.,0.));
#13987=DIRECTION('',(0.997852731016091,0.,-0.065497535859971));
#13988=DIRECTION('',(0.126318141774933,0.,0.991989781730905));
#13989=DIRECTION('',(1.,0.,0.));
#13990=DIRECTION('center_axis',(0.,0.,1.));
#13991=DIRECTION('ref_axis',(1.,0.,0.));
#13992=DIRECTION('',(-0.0262249892078634,0.999656065825165,0.));
#13993=DIRECTION('',(0.999935223362096,0.0113819629148775,0.));
#13994=DIRECTION('',(0.0480746142092821,-0.998843747274131,0.));
#13995=DIRECTION('',(-1.,0.,0.));
#13996=DIRECTION('center_axis',(0.,0.,1.));
#13997=DIRECTION('ref_axis',(1.,0.,0.));
#13998=DIRECTION('',(0.147219789695167,0.989103803208799,0.));
#13999=DIRECTION('',(0.999975326994399,-0.00702462827799772,0.));
#14000=DIRECTION('',(0.208541638152723,-0.978013489250828,0.));
#14001=DIRECTION('',(-1.,0.,0.));
#14002=DIRECTION('center_axis',(0.,0.,1.));
#14003=DIRECTION('ref_axis',(1.,0.,0.));
#14004=DIRECTION('',(-0.891739082873696,-0.45254989567514,0.));
#14005=DIRECTION('',(0.872173009004228,-0.489197549426109,0.));
#14006=DIRECTION('',(0.,-1.,0.));
#14007=DIRECTION('center_axis',(0.,0.,1.));
#14008=DIRECTION('ref_axis',(1.,0.,0.));
#14009=DIRECTION('',(-0.805685316363168,0.592343794596332,0.));
#14010=DIRECTION('',(0.894151147997047,0.447765256061212,0.));
#14011=DIRECTION('',(0.,-1.,0.));
#14012=DIRECTION('center_axis',(0.,0.,1.));
#14013=DIRECTION('ref_axis',(1.,0.,0.));
#14014=DIRECTION('',(-0.846865005678491,-0.531807918479191,0.));
#14015=DIRECTION('',(0.824184980787805,-0.566320684280387,0.));
#14016=DIRECTION('',(0.,-1.,0.));
#14017=DIRECTION('center_axis',(0.,0.,1.));
#14018=DIRECTION('ref_axis',(1.,0.,0.));
#14019=DIRECTION('',(-0.934927812156666,-0.354837971553144,0.));
#14020=DIRECTION('',(0.844416744477443,-0.53568681302242,0.));
#14021=DIRECTION('',(0.,-1.,0.));
#14022=DIRECTION('center_axis',(0.,0.,1.));
#14023=DIRECTION('ref_axis',(1.,0.,0.));
#14024=DIRECTION('',(0.905398017651185,-0.424563811026452,0.));
#14025=DIRECTION('',(0.,-1.,0.));
#14026=DIRECTION('',(-0.797724645147665,-0.603021882292867,0.));
#14027=DIRECTION('center_axis',(0.,0.,1.));
#14028=DIRECTION('ref_axis',(1.,0.,0.));
#14029=DIRECTION('',(0.935375084323251,0.353657251625455,0.));
#14030=DIRECTION('',(0.,-1.,0.));
#14031=DIRECTION('',(-0.905488540378363,0.424370714403646,0.));
#14032=DIRECTION('',(-0.00345266244323437,0.999994039543263,0.));
#14033=DIRECTION('center_axis',(0.,0.,1.));
#14034=DIRECTION('ref_axis',(1.,0.,0.));
#14035=DIRECTION('center_axis',(0.,0.,-1.));
#14036=DIRECTION('ref_axis',(1.,0.,0.));
#14037=DIRECTION('center_axis',(0.,0.,1.));
#14038=DIRECTION('ref_axis',(1.,0.,0.));
#14039=DIRECTION('',(0.0888292244638119,-0.996046870825444,0.));
#14040=DIRECTION('',(-0.999986273628439,-0.00523951855706937,0.));
#14041=DIRECTION('',(-0.653626208550728,0.75681753381882,0.));
#14042=DIRECTION('',(1.,0.,0.));
#14043=DIRECTION('center_axis',(0.,0.,1.));
#14044=DIRECTION('ref_axis',(1.,0.,0.));
#14045=DIRECTION('',(-0.485221564608879,-0.874391235796947,0.));
#14046=DIRECTION('',(-0.14392781728471,0.989588188799593,0.));
#14047=DIRECTION('',(1.,0.,0.));
#14048=DIRECTION('center_axis',(0.,0.,1.));
#14049=DIRECTION('ref_axis',(1.,0.,0.));
#14050=DIRECTION('',(-0.442032568231419,0.896999001461393,0.));
#14051=DIRECTION('',(-0.171088070215929,-0.985255739506139,0.));
#14052=DIRECTION('',(-1.,0.,0.));
#14053=DIRECTION('center_axis',(0.,0.,-1.));
#14054=DIRECTION('ref_axis',(1.,0.,0.));
#14055=DIRECTION('center_axis',(0.,0.,1.));
#14056=DIRECTION('ref_axis',(1.,0.,0.));
#14057=DIRECTION('',(-0.0690376264099945,0.997614056707139,0.));
#14058=DIRECTION('',(-0.116928083737208,-0.993140384454053,0.));
#14059=DIRECTION('',(-1.,0.,0.));
#14060=DIRECTION('center_axis',(0.,0.,1.));
#14061=DIRECTION('ref_axis',(1.,0.,0.));
#14062=DIRECTION('',(0.999967686959459,0.00803896989352153,0.));
#14063=DIRECTION('',(-0.0404865477342973,-0.999180083594823,0.));
#14064=DIRECTION('',(-0.0977155404977354,-0.99521438551964,0.));
#14065=DIRECTION('',(-1.,0.,0.));
#14066=DIRECTION('',(0.,-1.,0.));
#14067=DIRECTION('',(-0.85246595310691,0.522782745309682,0.));
#14068=DIRECTION('center_axis',(0.,0.,-1.));
#14069=DIRECTION('ref_axis',(0.,-1.,0.));
#14070=DIRECTION('center_axis',(0.,0.,1.));
#14071=DIRECTION('ref_axis',(1.,0.,0.));
#14072=DIRECTION('',(0.552327497026769,-0.833627216463177,0.));
#14073=DIRECTION('',(-0.246607773208065,-0.96911537300435,0.));
#14074=DIRECTION('center_axis',(0.,0.,1.));
#14075=DIRECTION('ref_axis',(1.,0.,0.));
#14076=DIRECTION('',(-0.839414077915614,0.543492415583769,0.));
#14077=DIRECTION('',(0.880410201684923,-0.474212902364659,0.));
#14078=DIRECTION('',(0.017120927440558,-0.999853426179845,0.));
#14079=DIRECTION('',(-0.999428982173878,0.0337891934039131,0.));
#14080=DIRECTION('center_axis',(0.,0.,1.));
#14081=DIRECTION('ref_axis',(1.,0.,0.));
#14082=DIRECTION('',(0.895021292701692,0.446023413747072,0.));
#14083=DIRECTION('',(-0.00927736725542353,-0.999956964302368,0.));
#14084=DIRECTION('',(-0.843504747231348,-0.537121719350633,0.));
#14085=DIRECTION('center_axis',(0.,0.,1.));
#14086=DIRECTION('ref_axis',(1.,0.,0.));
#14087=DIRECTION('',(0.999089026296388,-0.0426745537075109,0.));
#14088=DIRECTION('',(0.00803109740374883,-0.999967750217222,0.));
#14089=DIRECTION('',(0.,-1.,0.));
#14090=DIRECTION('center_axis',(0.,0.,-1.));
#14091=DIRECTION('ref_axis',(0.,1.,0.));
#14092=DIRECTION('',(-0.999967229322675,0.0080956951976689,0.));
#14093=DIRECTION('',(-0.102010065141947,0.994783366673235,0.));
#14094=DIRECTION('',(1.,0.,0.));
#14095=DIRECTION('center_axis',(0.,0.,1.));
#14096=DIRECTION('ref_axis',(1.,0.,0.));
#14097=DIRECTION('',(-0.894098937827468,0.447869500385764,0.));
#14098=DIRECTION('',(-1.,0.,0.));
#14099=DIRECTION('',(-0.0688294673733897,0.997628440062279,0.));
#14100=DIRECTION('',(0.999973012459221,-0.00734672397947713,0.));
#14101=DIRECTION('center_axis',(0.,0.,-1.));
#14102=DIRECTION('ref_axis',(-1.,0.,0.));
#14103=DIRECTION('',(0.,-1.,0.));
#14104=DIRECTION('center_axis',(0.,0.104528463267653,-0.994521895368273));
#14105=DIRECTION('ref_axis',(0.,0.994521895368273,0.104528463267653));
#14106=DIRECTION('',(0.,0.994521895368273,0.104528463267653));
#14107=DIRECTION('',(1.,0.,0.));
#14108=DIRECTION('',(-1.,0.,0.));
#14109=DIRECTION('',(0.,0.994521895368273,0.104528463267653));
#14110=DIRECTION('center_axis',(-1.,0.,0.));
#14111=DIRECTION('ref_axis',(0.,-1.,0.));
#14112=DIRECTION('',(0.,0.0710318173137083,0.997474050253495));
#14113=DIRECTION('',(0.,-1.,0.));
#14114=DIRECTION('',(0.,-0.0595155981490743,-0.998227375690007));
#14115=DIRECTION('',(0.,0.994521895368273,0.104528463267653));
#14116=DIRECTION('',(0.,0.034562053041312,0.999402553773788));
#14117=DIRECTION('',(0.,-0.996763373401898,-0.0803914015580591));
#14118=DIRECTION('',(0.,0.,-1.));
#14119=DIRECTION('',(0.,0.994521895368273,0.104528463267653));
#14120=DIRECTION('center_axis',(0.,0.,1.));
#14121=DIRECTION('ref_axis',(1.,0.,0.));
#14122=DIRECTION('',(-0.998694801083183,-0.0510753785049266,0.));
#14123=DIRECTION('',(0.735057750641778,0.678004500885835,0.));
#14124=DIRECTION('',(0.999776655608642,-0.0211338330644987,0.));
#14125=DIRECTION('center_axis',(-0.0509466999523974,0.996178704185156,-0.0709395735252499));
#14126=DIRECTION('ref_axis',(-0.986120002533925,-0.0614171898171239,-0.154257153472568));
#14127=DIRECTION('',(-0.998660474003949,-0.0514587738925178,-0.00540853507768244));
#14128=DIRECTION('',(0.,0.0710318173137083,0.997474050253495));
#14129=DIRECTION('',(-0.158024600510339,0.0620960395109972,0.98548074943684));
#14130=DIRECTION('',(-0.998694801083183,-0.0510753785049266,0.));
#14131=DIRECTION('',(-0.158024600510339,0.0620960395109972,0.98548074943684));
#14132=DIRECTION('',(0.998694801083183,0.0510753785049266,0.));
#14133=DIRECTION('center_axis',(0.447655556672028,0.893671833845078,-0.030905597755628));
#14134=DIRECTION('ref_axis',(-0.883254360558465,0.436516099980361,-0.171217490381069));
#14135=DIRECTION('',(-0.892450215440912,0.448674464393093,0.047157586463273));
#14136=DIRECTION('',(0.,0.034562053041312,0.999402553773788));
#14137=DIRECTION('',(-0.139521457615354,0.10394396495185,0.984748401884956));
#14138=DIRECTION('',(-0.894098937827468,0.447869500385764,0.));
#14139=DIRECTION('',(-0.139521457615354,0.10394396495185,0.984748401884956));
#14140=DIRECTION('',(0.894098937827468,-0.447869500385764,0.));
#14141=DIRECTION('center_axis',(0.,0.104528463267653,-0.994521895368273));
#14142=DIRECTION('ref_axis',(0.,0.994521895368273,0.104528463267653));
#14143=DIRECTION('',(0.999771333271022,-0.0212669890708043,-0.00223525062269038));
#14144=DIRECTION('',(0.,0.994521895368273,0.104528463267653));
#14145=DIRECTION('center_axis',(-0.0210963874059427,-0.998005216648001,
0.059502352741674));
#14146=DIRECTION('ref_axis',(0.987209789290993,-0.01138724814979,0.159019377773934));
#14147=DIRECTION('',(-0.158024600510339,0.0620960395109972,0.98548074943684));
#14148=DIRECTION('',(-0.999776655608642,0.0211338330644987,0.));
#14149=DIRECTION('',(-0.158024600510339,0.0620960395109972,0.98548074943684));
#14150=DIRECTION('',(0.999776655608642,-0.0211338330644987,0.));
#14151=DIRECTION('',(-0.158024600510339,0.0620960395109972,0.98548074943684));
#14152=DIRECTION('',(0.,-0.0595155981490743,-0.998227375690007));
#14153=DIRECTION('center_axis',(0.67000013818413,-0.726379830605629,0.153206254841586));
#14154=DIRECTION('ref_axis',(0.725346841495015,0.68448259551751,0.0731815274971672));
#14155=DIRECTION('center_axis',(0.54113162678369,0.835767882868635,0.0931053621426646));
#14156=DIRECTION('ref_axis',(-0.825918503283604,0.50736785236306,0.245838337779663));
#14157=DIRECTION('',(0.158225119460245,-0.209928340997055,0.964828950238339));
#14158=DIRECTION('',(0.,-0.110716096193558,0.993852074528025));
#14159=DIRECTION('',(-0.839414077915614,0.543492415583769,0.));
#14160=DIRECTION('',(0.105750043622827,0.0422068960500032,-0.993496606033254));
#14161=DIRECTION('',(0.839414077915614,-0.543492415583769,0.));
#14162=DIRECTION('center_axis',(0.0330551219712722,0.977716351866395,0.207311587241362));
#14163=DIRECTION('ref_axis',(-0.986849618981158,-0.000909362025214588,0.161638493489179));
#14164=DIRECTION('',(0.158225119460245,-0.209928340997055,0.964828950238339));
#14165=DIRECTION('',(0.,-0.20742493871836,0.978250936517663));
#14166=DIRECTION('center_axis',(0.00797934855365295,-0.992551386847445,
0.121565103808096));
#14167=DIRECTION('ref_axis',(0.991452099600737,-0.00797934855365292,-0.130226971837442));
#14168=DIRECTION('center_axis',(0.00797934855365295,-0.992551386847445,
0.121565103808096));
#14169=DIRECTION('ref_axis',(0.000977258209616106,-0.121561175669969,-0.992583460237036));
#14170=DIRECTION('',(0.997852731016091,0.,-0.065497535859971));
#14171=DIRECTION('',(0.130226971837442,0.121565103808096,0.984003486448182));
#14172=DIRECTION('center_axis',(0.,0.,1.));
#14173=DIRECTION('ref_axis',(0.,-1.,0.));
#14174=DIRECTION('center_axis',(0.,0.104528463267653,-0.994521895368273));
#14175=DIRECTION('ref_axis',(0.,-0.994521895368273,-0.104528463267653));
#14176=DIRECTION('',(0.,0.,-1.));
#14177=DIRECTION('center_axis',(0.988649643725943,0.0684172644671973,0.133757092833954));
#14178=DIRECTION('ref_axis',(-0.0995216109768767,0.965181845204123,0.241907946617987));
#14179=DIRECTION('',(-0.134071249436527,0.,0.990971694890691));
#14180=DIRECTION('',(0.0690376264099945,-0.997614056707139,0.));
#14181=DIRECTION('',(-0.112549237710135,-0.252473926596766,0.961035683770212));
#14182=DIRECTION('',(-0.0690376264099945,0.997614056707139,0.));
#14183=DIRECTION('',(-0.112549237710135,-0.252473926596766,0.961035683770212));
#14184=DIRECTION('',(0.134071249436527,0.,-0.990971694890691));
#14185=DIRECTION('',(-0.0826815074968714,0.99111667462365,0.104170560145379));
#14186=DIRECTION('center_axis',(0.,0.104528463267653,-0.994521895368273));
#14187=DIRECTION('ref_axis',(0.,0.994521895368273,0.104528463267653));
#14188=DIRECTION('',(1.,0.,0.));
#14189=DIRECTION('center_axis',(0.,0.104528463267653,-0.994521895368273));
#14190=DIRECTION('ref_axis',(0.,0.994521895368273,0.104528463267653));
#14191=DIRECTION('center_axis',(0.,0.104528463267653,-0.994521895368273));
#14192=DIRECTION('ref_axis',(0.,0.994521895368273,0.104528463267653));
#14193=DIRECTION('',(-1.,0.,0.));
#14194=DIRECTION('center_axis',(0.866425441149962,0.426966208779043,0.258856739315293));
#14195=DIRECTION('ref_axis',(-0.439476993965414,0.898192217926149,-0.0105219500107646));
#14196=DIRECTION('center_axis',(0.866425441149962,0.426966208779043,0.258856739315293));
#14197=DIRECTION('ref_axis',(0.232194236687369,0.11442310928355,-0.965915725366895));
#14198=DIRECTION('',(-0.442032568231419,0.896999001461393,0.));
#14199=DIRECTION('',(-0.236995625915792,-0.104645096482139,0.965858414613149));
#14200=DIRECTION('',(0.286261218459649,0.,-0.958151613684388));
#14201=DIRECTION('',(-0.462274030416284,0.88187948173384,0.0926892685241264));
#14202=DIRECTION('center_axis',(0.,0.,1.));
#14203=DIRECTION('ref_axis',(-0.777611341269844,0.628745259965047,0.));
#14204=DIRECTION('',(0.,0.,1.));
#14205=DIRECTION('center_axis',(0.,0.104528463267653,-0.994521895368273));
#14206=DIRECTION('ref_axis',(0.,0.994521895368273,0.104528463267653));
#14207=DIRECTION('',(0.,0.,1.));
#14208=DIRECTION('center_axis',(0.,0.,-1.));
#14209=DIRECTION('ref_axis',(1.,0.,0.));
#14210=DIRECTION('center_axis',(0.866425441149962,0.426966208779043,0.258856739315293));
#14211=DIRECTION('ref_axis',(0.232194236687369,0.11442310928355,-0.965915725366895));
#14212=DIRECTION('center_axis',(0.,0.,1.));
#14213=DIRECTION('ref_axis',(1.,0.,0.));
#14214=DIRECTION('center_axis',(0.012615572899579,-0.994429610934157,-0.104645096482139));
#14215=DIRECTION('ref_axis',(0.00132744601327575,-0.104636676671414,0.994509629808703));
#14216=DIRECTION('center_axis',(0.,0.,1.));
#14217=DIRECTION('ref_axis',(1.,0.,0.));
#14218=DIRECTION('center_axis',(0.,0.104528463267653,-0.994521895368273));
#14219=DIRECTION('ref_axis',(0.,0.994521895368273,0.104528463267653));
#14220=DIRECTION('',(1.,0.,0.));
#14221=DIRECTION('center_axis',(0.,0.104528463267653,-0.994521895368273));
#14222=DIRECTION('ref_axis',(0.,0.994521895368273,0.104528463267653));
#14223=DIRECTION('',(-1.,0.,0.));
#14224=DIRECTION('',(-0.10745643927249,-0.988763408309129,-0.103923221889015));
#14225=DIRECTION('center_axis',(-0.992926583386875,-0.0885509517023679,
-0.0790919019639342));
#14226=DIRECTION('ref_axis',(0.0998741560331509,-0.983151317289122,-0.15309683298269));
#14227=DIRECTION('',(-0.0794038281109166,0.,0.996842531236169));
#14228=DIRECTION('',(-0.0888292244638119,0.996046870825444,0.));
#14229=DIRECTION('',(-0.0642024373395084,-0.159913152258558,0.9850410299954));
#14230=DIRECTION('',(0.0888292244638119,-0.996046870825444,0.));
#14231=DIRECTION('',(0.0794038281109166,0.,-0.996842531236169));
#14232=DIRECTION('',(-0.0642024373395084,-0.159913152258558,0.9850410299954));
#14233=DIRECTION('center_axis',(0.,1.,0.));
#14234=DIRECTION('ref_axis',(-1.,0.,0.));
#14235=DIRECTION('',(1.,0.,0.));
#14236=DIRECTION('',(0.,0.,1.));
#14237=DIRECTION('',(1.,0.,0.));
#14238=DIRECTION('',(0.,0.,1.));
#14239=DIRECTION('',(1.,0.,0.));
#14240=DIRECTION('',(-0.203753575920281,0.,0.979022206234209));
#14241=DIRECTION('',(0.110645317418392,0.,-0.993859956801452));
#14242=DIRECTION('',(1.,0.,0.));
#14243=DIRECTION('',(0.,0.,-1.));
#14244=DIRECTION('',(-1.,0.,0.));
#14245=DIRECTION('',(0.,0.,1.));
#14246=DIRECTION('',(-0.0838989484579897,0.,-0.996474267830155));
#14247=DIRECTION('',(-1.,0.,0.));
#14248=DIRECTION('',(0.201184510428204,0.,-0.979553363918354));
#14249=DIRECTION('',(0.0685294467798381,0.,-0.997649094082709));
#14250=DIRECTION('',(-1.,0.,0.));
#14251=DIRECTION('',(0.,0.,1.));
#14252=DIRECTION('',(1.,0.,0.));
#14253=DIRECTION('',(0.,0.,-1.));
#14254=DIRECTION('',(1.,0.,0.));
#14255=DIRECTION('center_axis',(0.991312333720158,0.101654128051003,-0.0834643352845044));
#14256=DIRECTION('ref_axis',(-0.0864968578239134,0.981890758193128,0.168549199231302));
#14257=DIRECTION('',(0.0990865813361402,-0.159865497294175,0.982153181623927));
#14258=DIRECTION('',(0.0838989484579897,0.,0.996474267830155));
#14259=DIRECTION('',(-0.102010065141947,0.994783366673235,0.));
#14260=DIRECTION('',(0.0990865813361402,-0.159865497294175,0.982153181623927));
#14261=DIRECTION('',(0.102010065141947,-0.994783366673235,0.));
#14262=DIRECTION('center_axis',(0.00799157489306858,0.987106457027617,0.159865497294175));
#14263=DIRECTION('ref_axis',(-0.99504672459631,-0.00799157489306856,0.0990865813361402));
#14264=DIRECTION('center_axis',(0.00799157489306858,0.987106457027617,0.159865497294175));
#14265=DIRECTION('ref_axis',(0.0012942223387174,0.159860258393548,-0.987138806234912));
#14266=DIRECTION('',(-0.998752868522418,0.,0.0499270229258831));
#14267=DIRECTION('center_axis',(0.,0.,1.));
#14268=DIRECTION('ref_axis',(0.,1.,0.));
#14269=DIRECTION('center_axis',(0.,0.104528463267653,-0.994521895368273));
#14270=DIRECTION('ref_axis',(0.,0.994521895368273,0.104528463267653));
#14271=DIRECTION('',(0.,0.,-1.));
#14272=DIRECTION('center_axis',(0.,0.,1.));
#14273=DIRECTION('ref_axis',(0.,1.,0.));
#14274=DIRECTION('center_axis',(-0.99504672459631,-0.00799157489306857,
0.0990865813361402));
#14275=DIRECTION('ref_axis',(0.0990833858154159,0.00079577398611502,0.995078815671963));
#14276=DIRECTION('',(0.,0.,-1.));
#14277=DIRECTION('center_axis',(0.,0.104528463267653,-0.994521895368273));
#14278=DIRECTION('ref_axis',(0.,0.994521895368273,0.104528463267653));
#14279=DIRECTION('center_axis',(0.,0.104528463267653,-0.994521895368273));
#14280=DIRECTION('ref_axis',(0.,0.994521895368273,0.104528463267653));
#14281=DIRECTION('',(0.,0.994521895368273,0.104528463267653));
#14282=DIRECTION('center_axis',(0.,0.104528463267653,-0.994521895368273));
#14283=DIRECTION('ref_axis',(0.,0.994521895368273,0.104528463267653));
#14284=DIRECTION('',(-0.468383762752452,-0.878685084331358,-0.0923535238280038));
#14285=DIRECTION('',(1.,0.,0.));
#14286=DIRECTION('center_axis',(0.983636809439236,0.143062235974359,0.109507185856529));
#14287=DIRECTION('ref_axis',(-0.125663417338872,0.980359284865523,-0.152001243812924));
#14288=DIRECTION('',(-0.154408150906974,0.982594740678398,0.103274868795079));
#14289=DIRECTION('',(-0.110645317418392,0.,0.993859956801452));
#14290=DIRECTION('',(-0.129102024224704,0.135752971297046,0.982295168533933));
#14291=DIRECTION('',(-0.14392781728471,0.989588188799593,0.));
#14292=DIRECTION('',(-0.110645317418392,0.,0.993859956801452));
#14293=DIRECTION('',(0.14392781728471,-0.989588188799593,0.));
#14294=DIRECTION('center_axis',(0.,0.,1.));
#14295=DIRECTION('ref_axis',(1.,0.,0.));
#14296=DIRECTION('center_axis',(0.,0.104528463267653,-0.994521895368273));
#14297=DIRECTION('ref_axis',(0.,0.994521895368273,0.104528463267653));
#14298=DIRECTION('',(0.,0.,-1.));
#14299=DIRECTION('center_axis',(0.,0.,-1.));
#14300=DIRECTION('ref_axis',(1.,0.,0.));
#14301=DIRECTION('',(0.,0.,-1.));
#14302=DIRECTION('center_axis',(0.,0.104528463267653,-0.994521895368273));
#14303=DIRECTION('ref_axis',(0.,0.994521895368273,0.104528463267653));
#14304=DIRECTION('center_axis',(0.,0.104528463267653,-0.994521895368273));
#14305=DIRECTION('ref_axis',(0.,0.994521895368273,0.104528463267653));
#14306=DIRECTION('',(-0.842136377135403,-0.536310464538205,-0.0563685012402677));
#14307=DIRECTION('',(0.,-0.994521895368273,-0.104528463267653));
#14308=DIRECTION('center_axis',(0.,0.104528463267653,-0.994521895368273));
#14309=DIRECTION('ref_axis',(0.,0.994521895368273,0.104528463267653));
#14310=DIRECTION('',(1.,0.,0.));
#14311=DIRECTION('center_axis',(0.983543583822968,0.00339586423405155,0.180639106582092));
#14312=DIRECTION('ref_axis',(0.00339586423405153,0.999299246338203,-0.0372757880400046));
#14313=DIRECTION('',(-0.180639106582092,0.0372757880400046,0.982842830161171));
#14314=DIRECTION('',(0.,0.999823342534628,-0.0187958432342015));
#14315=DIRECTION('',(-0.180639106582092,0.0372757880400046,0.982842830161171));
#14316=DIRECTION('center_axis',(0.42396693339538,0.904626984518362,0.043612593003997));
#14317=DIRECTION('ref_axis',(-0.887480451931501,0.424571000549038,-0.179214711818666));
#14318=DIRECTION('',(0.,-0.0481546520538263,0.99883989181729));
#14319=DIRECTION('',(0.905488540378363,-0.424370714403646,0.));
#14320=DIRECTION('',(-0.180639106582092,0.0372757880400046,0.982842830161171));
#14321=DIRECTION('',(-0.905488540378363,0.424370714403646,0.));
#14322=DIRECTION('',(0.,0.0481546520538263,-0.99883989181729));
#14323=DIRECTION('center_axis',(-0.424173101902268,-0.904564816004396,0.042891412538435));
#14324=DIRECTION('ref_axis',(0.888657875242259,-0.424892889669635,-0.172491197103218));
#14325=DIRECTION('',(0.90367300060917,-0.425877347287453,-0.0447615129036227));
#14326=DIRECTION('',(0.,0.0473634125161954,0.998877723825504));
#14327=DIRECTION('',(0.174253724185519,-0.0350503345935628,0.984076782396758));
#14328=DIRECTION('',(0.905398017651185,-0.424563811026452,0.));
#14329=DIRECTION('',(0.174253724185519,-0.0350503345935628,0.984076782396758));
#14330=DIRECTION('',(-0.905398017651185,0.424563811026452,0.));
#14331=DIRECTION('',(0.,-0.0473634125161954,-0.998877723825504));
#14332=DIRECTION('center_axis',(-0.533059058072936,-0.840274547533657,-0.0989278796573655));
#14333=DIRECTION('ref_axis',(0.835246530883044,-0.503975700069345,-0.219935732402569));
#14334=DIRECTION('',(0.846059330223482,-0.530168428793436,-0.0557229472703393));
#14335=DIRECTION('',(0.,-0.116925242842342,0.993140718924695));
#14336=DIRECTION('',(0.134949150624356,-0.199867902642525,0.97048521278742));
#14337=DIRECTION('',(0.844416744477443,-0.53568681302242,0.));
#14338=DIRECTION('',(-0.139690766647874,-0.0279141493410655,0.989801641734289));
#14339=DIRECTION('',(-0.844416744477443,0.53568681302242,0.));
#14340=DIRECTION('',(0.,0.116925242842342,-0.993140718924695));
#14341=DIRECTION('center_axis',(0.,0.,1.));
#14342=DIRECTION('ref_axis',(1.,0.,0.));
#14343=DIRECTION('center_axis',(0.,0.,-1.));
#14344=DIRECTION('ref_axis',(1.,0.,0.));
#14345=DIRECTION('',(0.,0.,-1.));
#14346=DIRECTION('center_axis',(0.,0.104528463267653,-0.994521895368273));
#14347=DIRECTION('ref_axis',(0.,0.994521895368273,0.104528463267653));
#14348=DIRECTION('center_axis',(-0.542027320783919,-0.788830055773808,0.289747349654311));
#14349=DIRECTION('ref_axis',(0.8228112088357,-0.568260568287797,-0.0078511873984049));
#14350=DIRECTION('',(0.812050925716514,-0.580389629682111,-0.0610014081838674));
#14351=DIRECTION('',(0.,0.344789199142137,0.938680141557775));
#14352=DIRECTION('',(0.170845246167816,0.234151808955474,0.957070965093361));
#14353=DIRECTION('',(0.824184980787805,-0.566320684280387,0.));
#14354=DIRECTION('center_axis',(0.,0.104528463267653,-0.994521895368273));
#14355=DIRECTION('ref_axis',(0.,0.994521895368273,0.104528463267653));
#14356=DIRECTION('',(-0.794776488282063,0.603577569925676,0.0634385589105535));
#14357=DIRECTION('',(0.,-0.994521895368273,-0.104528463267653));
#14358=DIRECTION('center_axis',(0.,0.104528463267653,-0.994521895368273));
#14359=DIRECTION('ref_axis',(0.,0.994521895368273,0.104528463267653));
#14360=DIRECTION('',(-0.801233139820715,-0.595074447486063,-0.0625448447291676));
#14361=DIRECTION('',(0.,-0.994521895368273,-0.104528463267653));
#14362=DIRECTION('',(0.89366393214437,0.446278640132388,0.0469057751865207));
#14363=DIRECTION('center_axis',(-0.59758560873641,0.790533116081984,0.133973253333803));
#14364=DIRECTION('ref_axis',(-0.782641092607979,-0.611415461386599,0.11680776403476));
#14365=DIRECTION('',(0.,-0.1670895471451,0.985941724056166));
#14366=DIRECTION('',(0.797724645147665,0.603021882292867,0.));
#14367=DIRECTION('',(0.174253724185519,-0.0350503345935628,0.984076782396758));
#14368=DIRECTION('',(-0.797724645147665,-0.603021882292867,0.));
#14369=DIRECTION('',(0.174253724185519,-0.0350503345935628,0.984076782396758));
#14370=DIRECTION('',(0.,0.1670895471451,-0.985941724056166));
#14371=DIRECTION('center_axis',(-0.486152347427483,-0.866743826063139,0.111404825174585));
#14372=DIRECTION('ref_axis',(0.872395509361514,-0.473957024480126,0.11954419346756));
#14373=DIRECTION('',(-0.0508130921772302,0.155305759479092,0.986558741655058));
#14374=DIRECTION('',(0.,0.127483843088724,0.991840647357896));
#14375=DIRECTION('',(0.872173009004228,-0.489197549426109,0.));
#14376=DIRECTION('',(-0.0508130921772302,0.155305759479092,0.986558741655058));
#14377=DIRECTION('',(-0.872173009004228,0.489197549426109,0.));
#14378=DIRECTION('',(0.,-0.127483843088724,-0.991840647357896));
#14379=DIRECTION('center_axis',(-0.961590532725819,0.166978645224063,-0.217857245487068));
#14380=DIRECTION('ref_axis',(-0.138480037077038,-0.980391521700071,-0.140198942612852));
#14381=DIRECTION('',(-0.147387803356365,-0.983660504148424,-0.10338688504957));
#14382=DIRECTION('',(-0.220959402272341,0.,0.975283006387095));
#14383=DIRECTION('',(-0.236995625915792,-0.104645096482139,0.965858414613149));
#14384=DIRECTION('',(-0.171088070215929,-0.985255739506139,0.));
#14385=DIRECTION('',(-0.236995625915792,-0.104645096482139,0.965858414613149));
#14386=DIRECTION('',(0.171088070215929,0.985255739506139,0.));
#14387=DIRECTION('',(0.220959402272341,0.,-0.975283006387095));
#14388=DIRECTION('center_axis',(0.,0.,1.));
#14389=DIRECTION('ref_axis',(-1.,0.,0.));
#14390=DIRECTION('center_axis',(-0.00730692791420215,-0.994556313616552,
0.10394396495185));
#14391=DIRECTION('ref_axis',(-0.000763647619833689,-0.103941159759857,-0.994583154970005));
#14392=DIRECTION('',(0.,0.,-1.));
#14393=DIRECTION('center_axis',(0.,0.104528463267653,-0.994521895368273));
#14394=DIRECTION('ref_axis',(0.,-0.994521895368273,-0.104528463267653));
#14395=DIRECTION('center_axis',(-0.00730692791420215,-0.994556313616552,
0.10394396495185));
#14396=DIRECTION('ref_axis',(0.990192088268405,0.00730692791420214,0.139521457615354));
#14397=DIRECTION('',(-0.139521457615354,0.10394396495185,0.984748401884956));
#14398=DIRECTION('',(0.997538299969252,0.,0.0701237484341449));
#14399=DIRECTION('center_axis',(0.,0.104528463267653,-0.994521895368273));
#14400=DIRECTION('ref_axis',(0.,0.994521895368273,0.104528463267653));
#14401=DIRECTION('',(1.,0.,0.));
#14402=DIRECTION('center_axis',(0.,0.104528463267653,-0.994521895368273));
#14403=DIRECTION('ref_axis',(0.,0.994521895368273,0.104528463267653));
#14404=DIRECTION('center_axis',(0.,0.104528463267653,-0.994521895368273));
#14405=DIRECTION('ref_axis',(0.,0.994521895368273,0.104528463267653));
#14406=DIRECTION('',(-1.,0.,0.));
#14407=DIRECTION('center_axis',(0.988780013577196,0.0682189871007716,0.132891890456964));
#14408=DIRECTION('ref_axis',(-0.0533652285216515,0.992240808447744,-0.1122957275937));
#14409=DIRECTION('',(-0.133202202128004,0.,0.991088882668073));
#14410=DIRECTION('',(0.0688294673733897,-0.997628440062279,0.));
#14411=DIRECTION('',(-0.0688294673733897,0.997628440062279,0.));
#14412=DIRECTION('',(0.14362496696585,-0.189630332575976,-0.971294088230328));
#14413=DIRECTION('',(-0.0563559130242416,0.994248220425709,-0.0910740756061495));
#14414=DIRECTION('',(0.133202202128004,0.,-0.991088882668073));
#14415=DIRECTION('center_axis',(-0.994529117379693,-0.0478669499292613,
0.0928471312881509));
#14416=DIRECTION('ref_axis',(0.071978692761758,-0.958164432391296,0.277019833745844));
#14417=DIRECTION('',(0.0757027243385466,0.282187305888724,0.95636782773313));
#14418=DIRECTION('',(0.092953682181609,0.,0.99567043391319));
#14419=DIRECTION('',(0.0757027243385466,0.282187305888724,0.95636782773313));
#14420=DIRECTION('',(-0.0480746142092821,0.998843747274131,0.));
#14421=DIRECTION('',(-0.092953682181609,0.,-0.99567043391319));
#14422=DIRECTION('center_axis',(0.,0.104528463267653,-0.994521895368273));
#14423=DIRECTION('ref_axis',(0.,0.994521895368273,0.104528463267653));
#14424=DIRECTION('',(-0.937396377309005,-0.34635648479466,-0.0364035334636506));
#14425=DIRECTION('',(0.,-0.994521895368273,-0.104528463267653));
#14426=DIRECTION('center_axis',(0.,0.104528463267653,-0.994521895368273));
#14427=DIRECTION('ref_axis',(0.,0.994521895368273,0.104528463267653));
#14428=DIRECTION('center_axis',(0.,0.104528463267653,-0.994521895368273));
#14429=DIRECTION('ref_axis',(0.,0.994521895368273,0.104528463267653));
#14430=DIRECTION('center_axis',(0.,0.104528463267653,-0.994521895368273));
#14431=DIRECTION('ref_axis',(0.,0.994521895368273,0.104528463267653));
#14432=DIRECTION('',(-0.846016678324873,0.530235744360043,0.055730022421489));
#14433=DIRECTION('',(0.,-0.994521895368273,-0.104528463267653));
#14434=DIRECTION('center_axis',(0.,0.104528463267653,-0.994521895368273));
#14435=DIRECTION('ref_axis',(0.,0.994521895368273,0.104528463267653));
#14436=DIRECTION('',(0.,0.994521895368273,0.104528463267653));
#14437=DIRECTION('center_axis',(0.,0.104528463267653,-0.994521895368273));
#14438=DIRECTION('ref_axis',(0.,0.994521895368273,0.104528463267653));
#14439=DIRECTION('center_axis',(0.,0.104528463267653,-0.994521895368273));
#14440=DIRECTION('ref_axis',(0.,0.994521895368273,0.104528463267653));
#14441=DIRECTION('center_axis',(0.,0.104528463267653,-0.994521895368273));
#14442=DIRECTION('ref_axis',(0.,0.994521895368273,0.104528463267653));
#14443=DIRECTION('center_axis',(0.,0.104528463267653,-0.994521895368273));
#14444=DIRECTION('ref_axis',(0.,0.994521895368273,0.104528463267653));
#14445=DIRECTION('center_axis',(0.575390746313376,0.782626372901995,-0.237531996781917));
#14446=DIRECTION('ref_axis',(-0.776588402395603,0.613905962723617,0.141527107640315));
#14447=DIRECTION('',(0.,0.290424497890372,0.95689791045081));
#14448=DIRECTION('',(0.805685316363168,-0.592343794596332,0.));
#14449=DIRECTION('',(0.256585156081916,0.103031205809972,0.961014374662399));
#14450=DIRECTION('',(-0.805685316363168,0.592343794596332,0.));
#14451=DIRECTION('',(0.256585156081916,0.103031205809972,0.961014374662399));
#14452=DIRECTION('',(0.,-0.290424497890372,-0.95689791045081));
#14453=DIRECTION('center_axis',(-0.99504672459631,-0.00799157489306857,
0.0990865813361402));
#14454=DIRECTION('ref_axis',(-0.00799157489306858,-0.987106457027617,-0.159865497294175));
#14455=DIRECTION('',(0.0990865813361402,-0.159865497294175,0.982153181623927));
#14456=DIRECTION('',(0.,-0.996763373401898,-0.0803914015580591));
#14457=DIRECTION('center_axis',(-0.0421495992886542,-0.986798887241152,
-0.156369330175169));
#14458=DIRECTION('ref_axis',(0.994185727456858,-0.0259032606926458,-0.104516794854064));
#14459=DIRECTION('',(0.0990865813361402,-0.159865497294175,0.982153181623927));
#14460=DIRECTION('',(0.999089026296388,-0.0426745537075109,0.));
#14461=DIRECTION('',(0.,0.156508417522476,-0.987676624834571));
#14462=DIRECTION('center_axis',(0.,0.,1.));
#14463=DIRECTION('ref_axis',(1.,0.,0.));
#14464=DIRECTION('center_axis',(0.,0.,-1.));
#14465=DIRECTION('ref_axis',(1.,0.,0.));
#14466=DIRECTION('center_axis',(0.0109193923181021,-0.959297186103799,0.282187305888724));
#14467=DIRECTION('ref_axis',(0.997070641629331,-0.0109193923181021,-0.0757027243385466));
#14468=DIRECTION('',(0.0757027243385466,0.282187305888724,0.95636782773313));
#14469=DIRECTION('',(0.999252167017701,0.,-0.0386666097612577));
#14470=DIRECTION('center_axis',(0.99590561574961,0.0261265998556467,-0.0865413502227264));
#14471=DIRECTION('ref_axis',(-0.0494075100173212,0.959003506341477,-0.279054067841057));
#14472=DIRECTION('',(0.0865709018816224,0.,0.996245692059646));
#14473=DIRECTION('',(0.0262249892078634,-0.999656065825165,0.));
#14474=DIRECTION('',(0.0757027243385466,0.282187305888724,0.95636782773313));
#14475=DIRECTION('',(-0.0262249892078634,0.999656065825165,0.));
#14476=DIRECTION('',(-0.0865709018816224,0.,-0.996245692059646));
#14477=DIRECTION('center_axis',(0.,0.,1.));
#14478=DIRECTION('ref_axis',(-1.83697019872103E-16,1.,0.));
#14479=DIRECTION('',(0.,0.,1.));
#14480=DIRECTION('center_axis',(0.,0.,-1.));
#14481=DIRECTION('ref_axis',(1.,0.,0.));
#14482=DIRECTION('',(0.,0.,-1.));
#14483=DIRECTION('center_axis',(-0.976943634227127,-0.208313513160909,-0.0467612636447524));
#14484=DIRECTION('ref_axis',(0.196905893664654,-0.963799382712571,0.179774355576623));
#14485=DIRECTION('',(-0.0825179046220771,0.166421843871008,0.982595830084453));
#14486=DIRECTION('',(-0.0478101169958466,0.,0.998856442494538));
#14487=DIRECTION('',(0.208541638152723,-0.978013489250828,0.));
#14488=DIRECTION('',(-0.0825179046220771,0.166421843871008,0.982595830084453));
#14489=DIRECTION('',(-0.208541638152723,0.978013489250828,0.));
#14490=DIRECTION('',(0.0478101169958466,0.,-0.998856442494538));
#14491=DIRECTION('center_axis',(-0.00692666736769696,-0.986030319595575,
0.166421843871008));
#14492=DIRECTION('ref_axis',(0.996565510488879,0.00692666736769693,0.0825179046220771));
#14493=DIRECTION('',(-0.0825179046220771,0.166421843871008,0.982595830084453));
#14494=DIRECTION('',(0.999134963953317,0.,0.0415851392447297));
#14495=DIRECTION('center_axis',(0.983385432222354,-0.146368658225151,0.107374613304181));
#14496=DIRECTION('ref_axis',(0.161690714358108,0.97513075316695,-0.151578781887248));
#14497=DIRECTION('',(-0.108543615812691,0.,0.994091687655775));
#14498=DIRECTION('',(-0.147219789695167,-0.989103803208799,0.));
#14499=DIRECTION('',(-0.0825179046220771,0.166421843871008,0.982595830084453));
#14500=DIRECTION('',(0.147219789695167,0.989103803208799,0.));
#14501=DIRECTION('',(0.108543615812691,0.,-0.994091687655775));
#14502=DIRECTION('center_axis',(-0.344891751088281,0.90872149016204,0.235106217163523));
#14503=DIRECTION('ref_axis',(-0.928890955267099,-0.366439728756259,0.0536984023227437));
#14504=DIRECTION('',(0.,-0.250474728705773,0.968123137973558));
#14505=DIRECTION('',(0.935237615102546,0.354001416408939,0.00368788255879361));
#14506=DIRECTION('',(0.134949150624356,-0.199867902642525,0.97048521278742));
#14507=DIRECTION('',(0.,0.250474728705773,-0.968123137973558));
#14508=DIRECTION('center_axis',(0.351885528545561,-0.930689118977889,0.0999716890743185));
#14509=DIRECTION('ref_axis',(0.918447651188371,0.363906965366366,0.155002040581431));
#14510=DIRECTION('',(0.,0.106802448909136,0.994280260744933));
#14511=DIRECTION('',(0.935375084323251,0.353657251625455,0.));
#14512=DIRECTION('',(-0.131234909885796,-0.154800353639019,-0.979190609095339));
#14513=DIRECTION('',(0.,-0.106802448909136,-0.994280260744933));
#14514=DIRECTION('center_axis',(-0.987258336953366,-0.0169052562200494,
0.158225119460245));
#14515=DIRECTION('ref_axis',(-0.0169052562200495,-0.977570613284973,-0.209928340997055));
#14516=DIRECTION('',(0.158225119460245,-0.209928340997055,0.964828950238339));
#14517=DIRECTION('',(0.,-0.994340686900508,-0.106238403481165));
#14518=DIRECTION('center_axis',(-0.471172152922253,-0.874764832660772,-0.11306321174715));
#14519=DIRECTION('ref_axis',(0.867733607671387,-0.436711093500264,-0.237322158534351));
#14520=DIRECTION('',(0.158225119460245,-0.209928340997055,0.964828950238339));
#14521=DIRECTION('',(0.880410201684923,-0.474212902364659,0.));
#14522=DIRECTION('',(0.,0.128183584565562,-0.991750456842811));
#14523=DIRECTION('center_axis',(-0.954491532257962,0.242886489960813,-0.173066657223058));
#14524=DIRECTION('ref_axis',(-0.260038402851973,-0.961923137467271,0.0841659470766924));
#14525=DIRECTION('',(-0.146034050447291,0.125339660920389,0.981307304319254));
#14526=DIRECTION('center_axis',(-0.832436317758349,-0.551538455968776,-0.0534332149931088));
#14527=DIRECTION('ref_axis',(0.534531414406001,-0.824678907810755,0.184880680508213));
#14528=DIRECTION('center_axis',(-0.53599875648673,0.841741227953425,0.0646300101202164));
#14529=DIRECTION('ref_axis',(-0.810758605935891,-0.534583571932987,0.23851810732156));
#14530=DIRECTION('',(0.235320666210107,0.0754460720172353,0.9689850743286));
#14531=DIRECTION('',(0.,-0.0765559975119172,0.997065283341545));
#14532=DIRECTION('',(-0.843504747231348,-0.537121719350633,0.));
#14533=DIRECTION('',(0.235320666210107,0.0754460720172353,0.9689850743286));
#14534=DIRECTION('center_axis',(0.,-1.,0.));
#14535=DIRECTION('ref_axis',(1.,0.,0.));
#14536=DIRECTION('',(-0.992811413382368,0.,-0.119689170177191));
#14537=DIRECTION('',(1.,0.,0.));
#14538=DIRECTION('',(1.,0.,0.));
#14539=DIRECTION('',(0.126318141774933,0.,0.991989781730905));
#14540=DIRECTION('',(-0.998357093519398,0.,-0.0572984626277106));
#14541=DIRECTION('',(-0.0858637869410286,0.,0.996306885498713));
#14542=DIRECTION('center_axis',(0.,0.,1.));
#14543=DIRECTION('ref_axis',(-1.83697019872103E-16,1.,0.));
#14544=DIRECTION('',(0.,0.,1.));
#14545=DIRECTION('center_axis',(0.,0.,-1.));
#14546=DIRECTION('ref_axis',(1.,0.,0.));
#14547=DIRECTION('',(0.,0.,-1.));
#14548=DIRECTION('center_axis',(0.,-1.,0.));
#14549=DIRECTION('ref_axis',(1.,0.,0.));
#14550=DIRECTION('',(-0.119354727964664,0.,-0.992851675182391));
#14551=DIRECTION('',(1.,0.,0.));
#14552=DIRECTION('',(1.,0.,0.));
#14553=DIRECTION('',(0.0858637869410286,0.,-0.996306885498713));
#14554=DIRECTION('',(1.,0.,0.));
#14555=DIRECTION('',(1.,0.,0.));
#14556=DIRECTION('',(1.,0.,0.));
#14557=DIRECTION('',(1.,0.,0.));
#14558=DIRECTION('',(1.,0.,0.));
#14559=DIRECTION('',(0.,0.,1.));
#14560=DIRECTION('center_axis',(1.,0.,0.));
#14561=DIRECTION('ref_axis',(0.,1.,0.));
#14562=DIRECTION('',(0.,1.,0.));
#14563=DIRECTION('',(0.,0.131406749509732,0.991328535947234));
#14564=DIRECTION('',(0.,1.,0.));
#14565=DIRECTION('',(0.,0.026482802293401,-0.999649269085257));
#14566=DIRECTION('',(0.,1.,0.));
#14567=DIRECTION('',(0.,0.180543791092057,0.983566947135836));
#14568=DIRECTION('',(0.,1.,0.));
#14569=DIRECTION('',(0.,1.,0.));
#14570=DIRECTION('',(0.,1.,0.));
#14571=DIRECTION('',(0.,0.,1.));
#14572=DIRECTION('',(0.,0.200543951054298,0.979684706268058));
#14573=DIRECTION('center_axis',(1.,0.,0.));
#14574=DIRECTION('ref_axis',(0.,1.,0.));
#14575=DIRECTION('',(0.,-0.998622638236242,0.0524673841742381));
#14576=DIRECTION('',(0.,-0.026482802293401,0.999649269085257));
#14577=DIRECTION('',(0.,-0.99984399599289,-0.0176630596718044));
#14578=DIRECTION('',(0.,-0.994895251274383,-0.100913026868104));
#14579=DIRECTION('',(0.,-0.200543951054298,-0.979684706268058));
#14580=DIRECTION('',(0.,0.,-1.));
#14581=DIRECTION('',(0.,1.,0.));
#14582=DIRECTION('',(0.,1.,0.));
#14583=DIRECTION('',(0.,0.996958014745008,-0.0779404698195559));
#14584=DIRECTION('',(0.,-0.180543791092057,-0.983566947135836));
#14585=DIRECTION('',(0.,1.,0.));
#14586=DIRECTION('',(0.,-0.131406749509732,-0.991328535947234));
#14587=DIRECTION('',(0.,-0.992918592057266,0.118796757308512));
#14588=DIRECTION('center_axis',(0.,1.,0.));
#14589=DIRECTION('ref_axis',(-1.,0.,0.));
#14590=DIRECTION('',(1.,0.,0.));
#14591=DIRECTION('',(-1.,0.,0.));
#14592=DIRECTION('',(0.,0.,1.));
#14593=DIRECTION('',(1.,0.,0.));
#14594=DIRECTION('',(0.,0.,1.));
#14595=DIRECTION('',(1.,0.,0.));
#14596=DIRECTION('',(0.,0.,-1.));
#14597=DIRECTION('center_axis',(1.,0.,0.));
#14598=DIRECTION('ref_axis',(0.,1.,0.));
#14599=DIRECTION('',(0.,-1.,0.));
#14600=DIRECTION('',(0.,1.,0.));
#14601=DIRECTION('',(0.,0.,-1.));
#14602=DIRECTION('center_axis',(0.,0.,1.));
#14603=DIRECTION('ref_axis',(1.,0.,0.));
#14604=DIRECTION('',(0.,-1.,0.));
#14605=DIRECTION('',(-1.,0.,0.));
#14606=DIRECTION('center_axis',(-1.,0.,0.));
#14607=DIRECTION('ref_axis',(0.,-1.,0.));
#14608=DIRECTION('',(0.,0.,1.));
#14609=DIRECTION('',(0.,1.,0.));
#14610=DIRECTION('',(0.,0.,1.));
#14611=DIRECTION('center_axis',(1.,0.,0.));
#14612=DIRECTION('ref_axis',(0.,1.,0.));
#14613=DIRECTION('',(0.,-1.,0.));
#14614=DIRECTION('',(0.,1.,0.));
#14615=DIRECTION('center_axis',(0.,0.,1.));
#14616=DIRECTION('ref_axis',(1.,0.,0.));
#14617=DIRECTION('',(0.,1.,0.));
#14618=DIRECTION('',(1.,0.,0.));
#14619=DIRECTION('center_axis',(-1.,0.,0.));
#14620=DIRECTION('ref_axis',(0.,-1.,0.));
#14621=DIRECTION('',(0.,-1.,0.));
#14622=DIRECTION('center_axis',(0.,0.,1.));
#14623=DIRECTION('ref_axis',(1.,0.,0.));
#14624=DIRECTION('',(1.,0.,0.));
#14625=DIRECTION('',(0.,1.,0.));
#14626=DIRECTION('center_axis',(0.,-1.,0.));
#14627=DIRECTION('ref_axis',(1.,0.,0.));
#14628=DIRECTION('',(1.,0.,0.));
#14629=DIRECTION('',(0.,0.,1.));
#14630=DIRECTION('',(-1.,0.,0.));
#14631=DIRECTION('',(-0.132121228797478,0.,0.99123356526151));
#14632=DIRECTION('',(1.,0.,0.));
#14633=DIRECTION('',(0.410492768655725,0.,-0.911863853259552));
#14634=DIRECTION('',(-0.538044324426776,0.,-0.842916546849173));
#14635=DIRECTION('',(-1.,0.,0.));
#14636=DIRECTION('',(0.310699823865692,0.,0.95050808489451));
#14637=DIRECTION('',(1.,0.,0.));
#14638=DIRECTION('',(0.,0.,1.));
#14639=DIRECTION('',(-1.,0.,0.));
#14640=DIRECTION('',(0.257308630683119,0.,0.966329275441854));
#14641=DIRECTION('',(0.234759164965977,0.,-0.972053565635391));
#14642=DIRECTION('center_axis',(-1.,0.,0.));
#14643=DIRECTION('ref_axis',(0.,-1.,0.));
#14644=DIRECTION('',(0.,0.,-1.));
#14645=DIRECTION('',(0.,-1.,0.));
#14646=DIRECTION('',(0.,0.,1.));
#14647=DIRECTION('',(0.,1.,0.));
#14648=DIRECTION('center_axis',(-1.,0.,0.));
#14649=DIRECTION('ref_axis',(0.,-1.,0.));
#14650=DIRECTION('',(0.,0.,1.));
#14651=DIRECTION('',(0.,1.,0.));
#14652=DIRECTION('',(0.,0.,1.));
#14653=DIRECTION('',(0.,-1.,0.));
#14654=DIRECTION('center_axis',(0.,0.,1.));
#14655=DIRECTION('ref_axis',(1.,0.,0.));
#14656=DIRECTION('center_axis',(0.,0.,1.));
#14657=DIRECTION('ref_axis',(1.,0.,0.));
#14658=DIRECTION('',(0.,1.,0.));
#14659=DIRECTION('',(-1.,0.,0.));
#14660=DIRECTION('',(0.485221564608879,0.874391235796947,0.));
#14661=DIRECTION('',(0.,-1.,0.));
#14662=DIRECTION('',(1.,0.,0.));
#14663=DIRECTION('',(0.,1.,0.));
#14664=DIRECTION('',(1.,0.,0.));
#14665=DIRECTION('center_axis',(0.,-1.,0.));
#14666=DIRECTION('ref_axis',(1.,0.,0.));
#14667=DIRECTION('',(-1.,0.,0.));
#14668=DIRECTION('',(0.,0.,1.));
#14669=DIRECTION('center_axis',(1.,0.,0.));
#14670=DIRECTION('ref_axis',(0.,1.,0.));
#14671=DIRECTION('',(0.,-1.,0.));
#14672=DIRECTION('',(0.,0.,1.));
#14673=DIRECTION('center_axis',(0.,0.,1.));
#14674=DIRECTION('ref_axis',(1.,0.,0.));
#14675=DIRECTION('center_axis',(0.,0.,1.));
#14676=DIRECTION('ref_axis',(1.,0.,0.));
#14677=DIRECTION('',(1.,0.,0.));
#14678=DIRECTION('',(0.,1.,0.));
#14679=DIRECTION('center_axis',(0.,0.,1.));
#14680=DIRECTION('ref_axis',(1.,0.,0.));
#14681=DIRECTION('',(0.,0.,-1.));
#14682=DIRECTION('center_axis',(0.,0.,1.));
#14683=DIRECTION('ref_axis',(1.,0.,0.));
#14684=DIRECTION('',(0.,0.,-1.));
#14685=DIRECTION('center_axis',(-0.0816830342601682,0.985254235989089,-0.150339523677603));
#14686=DIRECTION('ref_axis',(0.012421364403621,-0.149825505458721,-0.988634425670273));
#14687=DIRECTION('center_axis',(0.,0.,-1.));
#14688=DIRECTION('ref_axis',(1.,0.,0.));
#14689=DIRECTION('',(0.,0.,1.));
#14690=DIRECTION('center_axis',(0.,0.,1.));
#14691=DIRECTION('ref_axis',(1.,0.,0.));
#14692=DIRECTION('center_axis',(-0.860263043857154,0.477381477566066,-0.179037482808668));
#14693=DIRECTION('ref_axis',(-0.493234389225557,-0.868146333091872,0.0551523492194904));
#14694=DIRECTION('',(0.203753575920281,0.,-0.979022206234209));
#14695=DIRECTION('',(-0.485221564608879,-0.874391235796947,0.));
#14696=DIRECTION('',(-0.129102024224704,0.135752971297046,0.982295168533933));
#14697=DIRECTION('',(0.203753575920281,0.,-0.979022206234209));
#14698=DIRECTION('center_axis',(-1.,0.,0.));
#14699=DIRECTION('ref_axis',(0.,-1.,0.));
#14700=DIRECTION('',(0.,-1.,0.));
#14701=DIRECTION('',(0.,0.,1.));
#14702=DIRECTION('center_axis',(1.,0.,0.));
#14703=DIRECTION('ref_axis',(0.,1.,0.));
#14704=DIRECTION('',(0.,-1.,0.));
#14705=DIRECTION('center_axis',(0.,-1.,0.));
#14706=DIRECTION('ref_axis',(1.,0.,0.));
#14707=DIRECTION('',(-1.,0.,0.));
#14708=DIRECTION('',(0.,0.,1.));
#14709=DIRECTION('',(1.,0.,0.));
#14710=DIRECTION('',(1.,0.,0.));
#14711=DIRECTION('',(0.349335419170747,0.,-0.936997740078811));
#14712=DIRECTION('',(-1.,0.,0.));
#14713=DIRECTION('',(-0.389862278313275,0.,0.920873174736012));
#14714=DIRECTION('',(1.,0.,0.));
#14715=DIRECTION('',(-0.127422012929793,0.,-0.99184859258907));
#14716=DIRECTION('',(0.229253135453636,0.,0.973366837263669));
#14717=DIRECTION('',(0.133915849162105,0.,-0.990992707008075));
#14718=DIRECTION('',(-1.,0.,0.));
#14719=DIRECTION('center_axis',(0.,1.,0.));
#14720=DIRECTION('ref_axis',(-1.,0.,0.));
#14721=DIRECTION('',(-1.,0.,0.));
#14722=DIRECTION('center_axis',(1.,0.,0.));
#14723=DIRECTION('ref_axis',(0.,1.,0.));
#14724=DIRECTION('',(0.,0.198366796401848,0.980127855988834));
#14725=DIRECTION('',(0.,1.,0.));
#14726=DIRECTION('',(0.,-0.15084358899977,-0.988557642051119));
#14727=DIRECTION('',(0.,-1.,0.));
#14728=DIRECTION('',(0.,-0.900989700890405,0.433840476315223));
#14729=DIRECTION('',(0.,-0.114876600545084,-0.993379769598317));
#14730=DIRECTION('',(0.,-1.,0.));
#14731=DIRECTION('',(0.,0.185528018349507,0.982638974602221));
#14732=DIRECTION('',(0.,1.,0.));
#14733=DIRECTION('',(0.,-0.248451715493045,-0.968644282008913));
#14734=DIRECTION('',(0.,-1.,0.));
#14735=DIRECTION('center_axis',(0.,0.,1.));
#14736=DIRECTION('ref_axis',(1.,0.,0.));
#14737=DIRECTION('center_axis',(0.,0.,1.));
#14738=DIRECTION('ref_axis',(1.,0.,0.));
#14739=DIRECTION('',(0.996580950861697,0.082622081670673,0.));
#14740=DIRECTION('',(-0.0276904876958298,-0.999616544926687,0.));
#14741=DIRECTION('',(-0.966121390038452,-0.258088085176689,0.));
#14742=DIRECTION('',(0.961755680985728,0.273908762349217,0.));
#14743=DIRECTION('',(0.790681981178176,-0.612227085843279,0.));
#14744=DIRECTION('',(-0.206898107918025,-0.978362495673225,0.));
#14745=DIRECTION('',(-0.898956559919545,-0.438037787613828,0.));
#14746=DIRECTION('',(0.748715715814777,-0.662891225535507,0.));
#14747=DIRECTION('',(-0.389565795223232,-0.920998637996871,0.));
#14748=DIRECTION('',(0.887282206296506,-0.461226935889053,0.));
#14749=DIRECTION('',(0.130116096794185,-0.991498765180798,0.));
#14750=DIRECTION('',(-0.842045373415816,-0.539406701023466,0.));
#14751=DIRECTION('',(-0.868568985152058,0.495568277870894,0.));
#14752=DIRECTION('',(-0.131672540349546,0.991293267463215,0.));
#14753=DIRECTION('',(0.119176856949987,-0.992873041615857,0.));
#14754=DIRECTION('',(-0.869715648847934,-0.493553127990308,0.));
#14755=DIRECTION('',(-0.0286764703453303,-0.999588745459118,0.));
#14756=DIRECTION('',(-0.925654361490636,-0.378370193135456,0.));
#14757=DIRECTION('',(-0.877172848128805,0.48017475413187,0.));
#14758=DIRECTION('',(0.0615590562537883,0.998103442832026,0.));
#14759=DIRECTION('',(0.810669862775265,0.585503521413777,0.));
#14760=DIRECTION('',(-0.826148987630905,-0.563451728399541,0.));
#14761=DIRECTION('',(-0.85796953153608,0.513700577141742,0.));
#14762=DIRECTION('',(0.847245386204377,-0.531201708916111,0.));
#14763=DIRECTION('',(-0.05537889462775,-0.998465411534024,0.));
#14764=DIRECTION('',(-0.779156161861351,-0.626829861631917,0.));
#14765=DIRECTION('',(-0.937494761368104,0.347999385642218,0.));
#14766=DIRECTION('',(-0.149435356058625,0.988771497546138,0.));
#14767=DIRECTION('',(0.923159193177849,0.384417876862177,0.));
#14768=DIRECTION('',(-0.934727385609384,-0.355365606934387,0.));
#14769=DIRECTION('',(0.83356407353548,-0.552422786741222,0.));
#14770=DIRECTION('',(0.143844129591253,-0.989600356902793,0.));
#14771=DIRECTION('',(-0.755220149277862,-0.655471224482603,0.));
#14772=DIRECTION('',(-0.944605634628998,0.328207548705308,0.));
#14773=DIRECTION('',(0.180436304276401,0.983586671371198,0.));
#14774=DIRECTION('',(0.890205135990257,0.455559892721657,0.));
#14775=DIRECTION('',(-0.900040012779424,-0.43580726863605,0.));
#14776=DIRECTION('',(-0.97224655018853,0.233958640888733,0.));
#14777=DIRECTION('',(0.,1.,0.));
#14778=DIRECTION('center_axis',(0.,0.,-1.));
#14779=DIRECTION('ref_axis',(1.,0.,0.));
#14780=DIRECTION('',(0.0216376166063588,-0.999765879367563,0.));
#14781=DIRECTION('',(-0.7904090406048,-0.612579422222294,0.));
#14782=DIRECTION('',(-0.829670574052155,0.558253292468542,0.));
#14783=DIRECTION('',(-0.898525842139592,-0.438920620394322,0.));
#14784=DIRECTION('',(0.176606603128974,-0.984281518535853,0.));
#14785=DIRECTION('',(-0.735057750641778,-0.678004500885835,0.));
#14786=DIRECTION('',(0.728288935642736,0.685270184832502,0.));
#14787=DIRECTION('',(0.874749090699085,-0.484576132636682,0.));
#14788=DIRECTION('',(-0.0624962573549084,-0.998045198283439,0.));
#14789=DIRECTION('',(-0.880882166771705,-0.47333561905226,0.));
#14790=DIRECTION('',(-0.84626988520779,0.532754428785339,0.));
#14791=DIRECTION('',(0.0852613348111325,-0.996358622578349,0.));
#14792=DIRECTION('',(-0.830557904221362,-0.556932282899294,0.));
#14793=DIRECTION('',(0.927640401984945,-0.373474610388994,0.));
#14794=DIRECTION('',(0.0271026516091906,-0.999632655666946,0.));
#14795=DIRECTION('',(-0.895021292701692,-0.446023413747072,0.));
#14796=DIRECTION('',(0.915411280424899,0.402519797861977,0.));
#14797=DIRECTION('',(0.890056909282888,-0.455849424961569,0.));
#14798=DIRECTION('',(0.792361321024051,0.610052077240149,0.));
#14799=DIRECTION('',(0.789764017326792,-0.613410789712609,0.));
#14800=DIRECTION('',(0.852380815771655,0.52292154756182,0.));
#14801=DIRECTION('',(0.442032568231419,-0.896999001461393,0.));
#14802=DIRECTION('',(0.116928083737208,0.993140384454053,0.));
#14803=DIRECTION('',(-0.938267964358953,-0.345909275761298,0.));
#14804=DIRECTION('',(-0.937077546588233,0.34912128505747,0.));
#14805=DIRECTION('',(-0.197230215828257,0.980357201210018,0.));
#14806=DIRECTION('',(0.798165351823939,0.602438437641364,0.));
#14807=DIRECTION('',(0.851557618686653,-0.5242610247355,0.));
#14808=DIRECTION('',(-0.157986521662439,-0.987441268619559,0.));
#14809=DIRECTION('',(0.929575046622709,0.368632924053709,0.));
#14810=DIRECTION('',(0.882390505888134,-0.47051779468845,0.));
#14811=DIRECTION('',(0.0977155404977354,0.99521438551964,0.));
#14812=DIRECTION('',(0.964530869437228,0.263970077665375,0.));
#14813=DIRECTION('',(0.85246595310691,-0.522782745309682,0.));
#14814=DIRECTION('',(1.,0.,0.));
#14815=DIRECTION('',(-0.0821663417859524,-0.996618629304868,0.));
#14816=DIRECTION('',(-0.967850881071438,-0.251524694631047,0.));
#14817=DIRECTION('',(-0.758543106113524,0.651622863447598,0.));
#14818=DIRECTION('',(-0.0490164896483266,0.998797969432535,0.));
#14819=DIRECTION('',(0.873306411057786,0.487171337832357,0.));
#14820=DIRECTION('',(0.876600100475528,-0.481219558877541,0.));
#14821=DIRECTION('',(0.072989982012386,0.997332673948784,0.));
#14822=DIRECTION('',(0.934927812156666,0.354837971553144,0.));
#14823=DIRECTION('',(-0.879511460439494,0.475877705882076,0.));
#14824=DIRECTION('',(0.151986700106332,0.988382538792945,0.));
#14825=DIRECTION('',(0.877316820961565,0.479911654013417,0.));
#14826=DIRECTION('',(0.0802634647688578,0.99677368355274,0.));
#14827=DIRECTION('',(-0.174798197442329,0.984604281003751,0.));
#14828=DIRECTION('',(0.891739082873696,0.45254989567514,0.));
#14829=DIRECTION('',(-0.894151147997047,-0.447765256061212,0.));
#14830=DIRECTION('',(-0.844591565430208,0.53541113884953,0.));
#14831=DIRECTION('',(-0.819935085974151,-0.572456509080438,0.));
#14832=DIRECTION('',(-0.900399304546642,0.435064469213384,0.));
#14833=DIRECTION('',(0.0142454971992762,0.999898527756465,0.));
#14834=DIRECTION('',(0.878764786361606,0.477255120717254,0.));
#14835=DIRECTION('',(0.863639404549374,-0.504110086101839,0.));
#14836=DIRECTION('',(0.838300124520285,0.545209043605546,0.));
#14837=DIRECTION('',(-0.824184980787805,0.566320684280387,0.));
#14838=DIRECTION('',(0.846865005678491,0.531807918479191,0.));
#14839=DIRECTION('',(-0.891565573201637,-0.452891630173971,0.));
#14840=DIRECTION('',(0.0419398632517693,-0.999120136855635,0.));
#14841=DIRECTION('',(-0.765867564663571,-0.642998346340246,0.));
#14842=DIRECTION('',(-0.876135119882297,0.482065609340506,0.));
#14843=DIRECTION('',(0.260288073975939,0.965531003409987,0.));
#14844=DIRECTION('',(0.877632169163643,0.47933472193147,0.));
#14845=DIRECTION('',(0.0042037314518723,0.999991164281905,0.));
#14846=DIRECTION('',(-0.88274459648969,-0.469853144469902,0.));
#14847=DIRECTION('',(-0.912792326388037,0.408424006257118,0.));
#14848=DIRECTION('',(0.0923726373449157,0.995724508019133,0.));
#14849=DIRECTION('',(0.930251728997997,0.366921954502913,0.));
#14850=DIRECTION('',(0.906126950269371,-0.423005851018079,0.));
#14851=DIRECTION('',(-0.0151000371204522,-0.999885987940106,0.));
#14852=DIRECTION('',(0.812315584189467,0.583218133876961,0.));
#14853=DIRECTION('',(0.834911947893435,-0.550383538330127,0.));
#14854=DIRECTION('',(0.164331756450939,-0.986405126619762,0.));
#14855=DIRECTION('',(0.896013222617762,-0.444027369532704,0.));
#14856=DIRECTION('',(-0.223067928447624,-0.97480290279527,0.));
#14857=DIRECTION('',(-0.942619076295786,-0.333870149913523,0.));
#14858=DIRECTION('',(-0.860131896073046,0.510071682568035,0.));
#14859=DIRECTION('',(-0.0389289082569433,0.99924198275589,0.));
#14860=DIRECTION('',(0.849256084211422,0.527981158214839,0.));
#14861=DIRECTION('',(-0.0881860668863142,-0.996104019471422,0.));
#14862=DIRECTION('',(0.871482289590793,-0.490426976143838,0.));
#14863=DIRECTION('',(-0.0151238530531916,-0.999885627993935,0.));
#14864=DIRECTION('',(-0.734409983996893,-0.678706103851795,0.));
#14865=DIRECTION('',(-0.916023013092091,0.401125715313399,0.));
#14866=DIRECTION('',(0.229482580414815,0.973312768479977,0.));
#14867=DIRECTION('',(-0.552327497026769,0.833627216463177,0.));
#14868=DIRECTION('',(0.246607773208065,0.96911537300435,0.));
#14869=DIRECTION('',(0.76488145655146,0.644171062237133,0.));
#14870=DIRECTION('',(0.873587594871657,-0.486666943695946,0.));
#14871=DIRECTION('',(0.876798416476712,0.480858125504738,0.));
#14872=DIRECTION('',(0.87204382872767,-0.489427789135422,0.));
#14873=DIRECTION('',(-0.053617120812707,-0.998561567634042,0.));
#14874=DIRECTION('',(-0.82067114801197,-0.571400793507249,0.));
#14875=DIRECTION('',(-0.821102473668108,0.570780805332584,0.));
#14876=DIRECTION('',(-0.0143470147826102,0.999897076286768,0.));
#14877=DIRECTION('',(-0.811198422795866,-0.584770996932559,0.));
#14878=DIRECTION('',(0.812338344028131,-0.583186432302427,0.));
#14879=DIRECTION('',(0.0309801175791044,-0.999520000957852,0.));
#14880=DIRECTION('',(-0.799161277778275,-0.601116670954812,0.));
#14881=DIRECTION('',(-0.931463776997432,0.363834072266023,0.));
#14882=DIRECTION('',(-0.114614858909571,-0.993410003028528,0.));
#14883=DIRECTION('',(-0.894054370268269,-0.447958461248595,0.));
#14884=DIRECTION('',(-0.854478594067826,0.519486604523997,0.));
#14885=DIRECTION('',(-0.0805594195223392,0.996749808089384,0.));
#14886=DIRECTION('',(0.725880459607569,0.687820876653147,0.));
#14887=DIRECTION('',(0.869736836204738,-0.493515790779356,0.));
#14888=DIRECTION('',(0.105950858350793,0.994371367052939,0.));
#14889=DIRECTION('',(0.806694902662599,0.590968132827972,0.));
#14890=DIRECTION('',(-0.87406815243786,0.485803319146613,0.));
#14891=DIRECTION('',(-0.0128451430990244,0.999917497746072,0.));
#14892=DIRECTION('',(0.968354424539324,0.249579062573594,0.));
#14893=DIRECTION('',(0.845478025081743,-0.534010214419046,0.));
#14894=DIRECTION('',(0.0214991177405233,-0.999768867257017,0.));
#14895=DIRECTION('',(0.860017005984192,-0.510265371564626,0.));
#14896=DIRECTION('',(-0.133056254070564,-0.991108487125758,0.));
#14897=DIRECTION('',(-0.803996284322294,-0.594634320230464,0.));
#14898=DIRECTION('',(-0.988286688637827,-0.15260871882458,0.));
#14899=DIRECTION('',(-0.896644799031424,0.44275061193622,0.));
#14900=DIRECTION('',(-0.0236079855918321,0.99972129266926,0.));
#14901=DIRECTION('',(0.942681199066924,0.333694706169796,0.));
#14902=DIRECTION('',(0.86671648930013,-0.498801089789565,0.));
#14903=DIRECTION('',(0.19395584285207,-0.981010260406864,0.));
#14904=DIRECTION('',(-0.759040205997037,-0.651043750972218,0.));
#14905=DIRECTION('',(-0.893029678950877,0.449997769453242,0.));
#14906=DIRECTION('',(0.0507782153721901,0.99870995431287,0.));
#14907=DIRECTION('',(0.936517445075323,0.350620984924732,0.));
#14908=DIRECTION('',(0.903712628256176,0.428139563145378,0.));
#14909=DIRECTION('',(0.838778250069976,-0.544473183186783,0.));
#14910=DIRECTION('',(-0.0201557720721508,-0.99979685179149,0.));
#14911=DIRECTION('',(-0.772711151393856,-0.634757809334853,0.));
#14912=DIRECTION('',(-0.609543444652579,0.792752665767242,0.));
#14913=DIRECTION('',(0.972841227349987,-0.231473424755784,0.));
#14914=DIRECTION('',(-0.176470572232542,-0.984305916438543,0.));
#14915=DIRECTION('',(-0.886824962335778,-0.462105492477796,0.));
#14916=DIRECTION('',(-0.715226803130095,0.698892423828091,0.));
#14917=DIRECTION('',(-0.0583648777827594,0.998295317549573,0.));
#14918=DIRECTION('',(0.879578618821659,0.4757535636354,0.));
#14919=DIRECTION('',(0.808604066149324,-0.588353179822102,0.));
#14920=DIRECTION('',(0.0189352937113498,-0.999820711253805,0.));
#14921=DIRECTION('',(-0.880644417544725,-0.473777806410676,0.));
#14922=DIRECTION('',(-0.84874339211868,0.528804930323912,0.));
#14923=DIRECTION('',(-0.00928169532265902,0.999956924138204,0.));
#14924=DIRECTION('',(0.86069320532869,0.509123959661128,0.));
#14925=DIRECTION('',(0.944542546634256,-0.328389064369802,0.));
#14926=DIRECTION('',(-0.154139043725305,-0.98804916638771,0.));
#14927=DIRECTION('',(-0.867361452226534,-0.497678722863935,0.));
#14928=DIRECTION('',(-0.833712775309641,0.552198341436748,0.));
#14929=DIRECTION('',(0.0145538513866079,0.999894087096137,0.));
#14930=DIRECTION('',(0.763689902276288,0.645583250372277,0.));
#14931=DIRECTION('',(0.919816764884485,-0.392348211462011,0.));
#14932=DIRECTION('',(0.0925143115475184,-0.995711354840794,0.));
#14933=DIRECTION('',(-0.942195706259334,-0.335063055418639,0.));
#14934=DIRECTION('',(-0.854824856262738,0.518916626362453,0.));
#14935=DIRECTION('',(-0.0552375850434059,0.998473239099863,0.));
#14936=DIRECTION('',(0.747980881657916,0.6637202729119,0.));
#14937=DIRECTION('',(0.849496734073805,0.52759387676312,0.));
#14938=DIRECTION('',(0.756487753188589,-0.65400785872624,0.));
#14939=DIRECTION('',(-0.103958899110394,-0.994581594086556,0.));
#14940=DIRECTION('',(-0.887517854606797,0.460773325784108,0.));
#14941=DIRECTION('',(0.937475270710106,-0.348051888095747,0.));
#14942=DIRECTION('',(0.201237283564313,-0.979542523683202,0.));
#14943=DIRECTION('',(-0.776883947132648,-0.629643814142247,0.));
#14944=DIRECTION('',(-0.857601059064322,-0.514315490231194,0.));
#14945=DIRECTION('',(-0.799855244973244,0.600192958213267,0.));
#14946=DIRECTION('',(0.133485750865159,0.99105073246326,0.));
#14947=DIRECTION('',(0.898339997923769,0.439300862883654,0.));
#14948=DIRECTION('',(0.891986630834879,-0.45206177720732,0.));
#14949=DIRECTION('',(-0.00528991273406803,-0.999986008313749,0.));
#14950=DIRECTION('',(-0.939042322206014,-0.343801566468125,0.));
#14951=DIRECTION('',(-0.852505354965496,0.522718489968697,0.));
#14952=DIRECTION('',(-0.022078057511837,0.999756249981216,0.));
#14953=DIRECTION('',(0.817750727838434,0.575572538538551,0.));
#14954=DIRECTION('',(0.800399892749615,-0.599466439166034,0.));
#14955=DIRECTION('',(0.0105517170536971,-0.999944329083984,0.));
#14956=DIRECTION('',(-0.733512777859634,-0.679675661412591,0.));
#14957=DIRECTION('',(-0.929460423878373,0.368921835141043,0.));
#14958=DIRECTION('',(0.0191065075904196,0.999817454022332,0.));
#14959=DIRECTION('',(0.889304130798563,0.457316261404089,0.));
#14960=DIRECTION('',(0.801720878196856,-0.597698614239034,0.));
#14961=DIRECTION('',(-0.0851141780452765,-0.996371204268608,0.));
#14962=DIRECTION('',(-0.87508269545457,-0.483973425010056,0.));
#14963=DIRECTION('',(-0.946648408809267,0.32226819591589,0.));
#14964=DIRECTION('',(-0.204403967840022,0.978886621591722,0.));
#14965=DIRECTION('',(0.7725083285119,0.635004631778186,0.));
#14966=DIRECTION('',(0.821306442382278,0.570487272164215,0.));
#14967=DIRECTION('',(-0.777636865118951,0.628713691602123,0.));
#14968=DIRECTION('',(0.144069753484676,0.989567534901416,0.));
#14969=DIRECTION('',(0.897046947444316,0.44193526005608,0.));
#14970=DIRECTION('',(0.943070738378323,-0.332592216407065,0.));
#14971=DIRECTION('',(0.76119008709805,0.64852883613889,0.));
#14972=DIRECTION('',(0.93923472513983,-0.34327559058504,0.));
#14973=DIRECTION('',(0.00874708198400417,-0.999961743546604,0.));
#14974=DIRECTION('',(-0.856247612054932,-0.516565607498434,0.));
#14975=DIRECTION('',(-0.893847326633455,0.448371449436988,0.));
#14976=DIRECTION('',(0.0209376762920404,-0.999780782827661,0.));
#14977=DIRECTION('',(-0.967895854238827,-0.251351577172876,0.));
#14978=DIRECTION('',(-0.786004478003701,0.618220802430758,0.));
#14979=DIRECTION('',(-0.0647781609755853,0.997899689277746,0.));
#14980=DIRECTION('',(-0.131803788389028,-0.991275825069037,0.));
#14981=DIRECTION('',(0.893258329594189,0.449543720466207,0.));
#14982=DIRECTION('',(0.761105534582697,-0.648628063860629,0.));
#14983=DIRECTION('',(0.0455688636887762,-0.998961199778106,0.));
#14984=DIRECTION('',(-0.874582178258349,-0.484877317960823,0.));
#14985=DIRECTION('',(-0.874755486988106,0.484564585978177,0.));
#14986=DIRECTION('',(0.104316317158661,0.99454416994644,0.));
#14987=DIRECTION('',(-0.900371784291717,-0.435121419894895,0.));
#14988=DIRECTION('',(-0.866079462109347,0.499906356543288,0.));
#14989=DIRECTION('',(-0.346291159948777,0.938127087627967,0.));
#14990=DIRECTION('',(0.823246935174988,0.567683436190443,0.));
#14991=DIRECTION('',(0.708526039893019,-0.705684668101494,0.));
#14992=DIRECTION('',(0.880650204206548,-0.473767050174413,0.));
#14993=DIRECTION('',(-0.0881474798659782,-0.996107434864973,0.));
#14994=DIRECTION('',(-0.844354516207996,-0.535784892432739,0.));
#14995=DIRECTION('',(-0.801242171682096,0.598340189455931,0.));
#14996=DIRECTION('',(0.00106019284878042,0.999999437995404,0.));
#14997=DIRECTION('',(0.777858139019465,0.628439906085836,0.));
#14998=DIRECTION('center_axis',(-0.0816830342601682,0.985254235989089,-0.150339523677603));
#14999=DIRECTION('ref_axis',(-0.962442987329968,-0.117161267348879,-0.244901477277235));
#15000=DIRECTION('',(-0.996580950861697,-0.082622081670673,0.));
#15001=DIRECTION('',(-0.258904187014076,0.124688924523235,0.957821117979667));
#15002=DIRECTION('center_axis',(0.984893297214801,0.118219029698041,-0.126528471573045));
#15003=DIRECTION('ref_axis',(-0.140050646061544,0.973545875313402,-0.180538763699117));
#15004=DIRECTION('',(-0.119176856949987,0.992873041615857,0.));
#15005=DIRECTION('',(0.101838154142254,0.195531812443692,0.975395458613266));
#15006=DIRECTION('center_axis',(-0.265936677333123,0.933763885514233,-0.239505093387138));
#15007=DIRECTION('ref_axis',(-0.958285020209895,-0.283064679533907,-0.0395500599454321));
#15008=DIRECTION('',(-0.961755680985727,-0.273908762349217,0.));
#15009=DIRECTION('',(-0.104725850153336,0.218996331726653,0.970089224246889));
#15010=DIRECTION('center_axis',(-0.580014496470502,0.803069930520733,0.136608457196087));
#15011=DIRECTION('ref_axis',(-0.806167108425586,-0.541800522597072,-0.237795683321352));
#15012=DIRECTION('',(-0.116952029382989,-0.248054188448743,0.961660721053031));
#15013=DIRECTION('',(-0.810669862775265,-0.585503521413777,0.));
#15014=DIRECTION('',(-0.0615802261230056,-0.210444235687778,0.975664439967157));
#15015=DIRECTION('',(0.814285508154968,0.566870634165739,0.124887130359128));
#15016=DIRECTION('center_axis',(-0.50196670747261,-0.838371923296772,-0.212513394440864));
#15017=DIRECTION('ref_axis',(0.825027904287582,-0.537886725580733,0.173224789192763));
#15018=DIRECTION('',(-0.259534933556058,-0.088376403364858,0.961681459524069));
#15019=DIRECTION('',(0.85796953153608,-0.513700577141742,0.));
#15020=DIRECTION('center_axis',(0.,0.,1.));
#15021=DIRECTION('ref_axis',(1.,0.,0.));
#15022=DIRECTION('',(0.883170193944991,0.46905267137835,0.));
#15023=DIRECTION('',(-0.883678277801775,0.468094756797476,0.));
#15024=DIRECTION('',(0.0789467590968161,0.996878833774752,0.));
#15025=DIRECTION('',(0.90033510937959,0.435197301023847,0.));
#15026=DIRECTION('',(-0.946134885808274,0.323772725621792,0.));
#15027=DIRECTION('center_axis',(0.,0.,1.));
#15028=DIRECTION('ref_axis',(1.,0.,0.));
#15029=DIRECTION('',(0.,-1.,0.));
#15030=DIRECTION('center_axis',(0.,0.,1.));
#15031=DIRECTION('ref_axis',(1.,0.,0.));
#15032=DIRECTION('center_axis',(0.,0.,1.));
#15033=DIRECTION('ref_axis',(1.,0.,0.));
#15034=DIRECTION('center_axis',(0.,0.,1.));
#15035=DIRECTION('ref_axis',(1.,0.,0.));
#15036=DIRECTION('',(0.,-1.,0.));
#15037=DIRECTION('center_axis',(0.,0.,1.));
#15038=DIRECTION('ref_axis',(1.,0.,0.));
#15039=DIRECTION('',(0.,0.,-1.));
#15040=DIRECTION('center_axis',(0.,0.,1.));
#15041=DIRECTION('ref_axis',(1.,0.,0.));
#15042=DIRECTION('center_axis',(0.997416620374893,0.021586772337274,0.06851347794402));
#15043=DIRECTION('ref_axis',(0.0684974375252333,0.00148246836812093,-0.99765019086853));
#15044=DIRECTION('',(0.,0.,1.));
#15045=DIRECTION('',(0.,0.,-1.));
#15046=DIRECTION('center_axis',(0.,0.,-1.));
#15047=DIRECTION('ref_axis',(1.,0.,0.));
#15048=DIRECTION('center_axis',(0.997416620374893,0.021586772337274,0.06851347794402));
#15049=DIRECTION('ref_axis',(0.0684974375252333,0.00148246836812093,-0.99765019086853));
#15050=DIRECTION('center_axis',(0.,0.,1.));
#15051=DIRECTION('ref_axis',(1.,0.,0.));
#15052=DIRECTION('center_axis',(-1.,0.,0.));
#15053=DIRECTION('ref_axis',(0.,-1.,0.));
#15054=DIRECTION('',(0.,1.,0.));
#15055=DIRECTION('center_axis',(-0.452244736140079,0.883727020900052,0.120421140854543));
#15056=DIRECTION('ref_axis',(-0.881782759820607,-0.422750846956381,-0.209143218586727));
#15057=DIRECTION('',(-0.133917374215384,-0.200769205628707,0.970442096652075));
#15058=DIRECTION('',(0.891307730994587,0.442914943929316,0.0969375113842487));
#15059=DIRECTION('center_axis',(0.536094466061377,0.808925876439781,0.241333068360929));
#15060=DIRECTION('ref_axis',(-0.8334679719951,0.552567328474414,-0.000697969214605798));
#15061=DIRECTION('',(-0.83356407353548,0.552422786741222,0.));
#15062=DIRECTION('',(-0.133917374215384,-0.200769205628707,0.970442096652075));
#15063=DIRECTION('',(-0.0515498041507582,-0.253981497658512,0.965834362890013));
#15064=DIRECTION('center_axis',(-0.381418404338461,0.915956118602974,0.124677141552399));
#15065=DIRECTION('ref_axis',(-0.919834687616898,-0.362674370801714,-0.149570880255161));
#15066=DIRECTION('',(-0.0917831590686752,-0.171731446035242,0.980858890031598));
#15067=DIRECTION('',(-0.923159193177849,-0.384417876862177,0.));
#15068=DIRECTION('center_axis',(0.521081131553873,0.831103471877,0.194271648401232));
#15069=DIRECTION('ref_axis',(-0.848557780030275,0.528937925920086,0.0132047140616119));
#15070=DIRECTION('',(-0.847245386204377,0.531201708916111,0.));
#15071=DIRECTION('',(-0.0917831590686752,-0.171731446035242,0.980858890031598));
#15072=DIRECTION('center_axis',(-1.,0.,0.));
#15073=DIRECTION('ref_axis',(0.,-1.,0.));
#15074=DIRECTION('center_axis',(-1.,0.,0.));
#15075=DIRECTION('ref_axis',(0.,-1.,0.));
#15076=DIRECTION('',(0.,-0.216447499161413,0.976294258974603));
#15077=DIRECTION('',(0.,-1.,0.));
#15078=DIRECTION('',(0.,0.,1.));
#15079=DIRECTION('center_axis',(0.,-1.,0.));
#15080=DIRECTION('ref_axis',(1.,0.,0.));
#15081=DIRECTION('',(0.681710043919964,0.,-0.731622454561532));
#15082=DIRECTION('',(1.,0.,0.));
#15083=DIRECTION('center_axis',(0.226270345454795,0.950973619616986,0.210833834002836));
#15084=DIRECTION('ref_axis',(-0.968843950910534,0.242101993355292,-0.0522304853266903));
#15085=DIRECTION('',(-0.972841227349987,0.231473424755784,0.));
#15086=DIRECTION('',(-0.1007131051643,-0.192446874762782,0.976125540513208));
#15087=DIRECTION('',(-0.1007131051643,-0.192446874762782,0.976125540513208));
#15088=DIRECTION('',(-0.972841227349987,0.231473424755784,0.));
#15089=DIRECTION('center_axis',(0.,0.,1.));
#15090=DIRECTION('ref_axis',(1.,0.,0.));
#15091=DIRECTION('',(0.0216376166063588,-0.999765879367563,0.));
#15092=DIRECTION('center_axis',(0.012615572899579,-0.994429610934157,-0.104645096482139));
#15093=DIRECTION('ref_axis',(0.971428803678992,-0.012615572899579,0.236995625915792));
#15094=DIRECTION('',(0.999919539366792,0.0126852194503191,0.));
#15095=DIRECTION('',(0.999919539366792,0.0126852194503191,0.));
#15096=DIRECTION('center_axis',(0.866425441149962,0.426966208779043,0.258856739315293));
#15097=DIRECTION('ref_axis',(-0.439476993965414,0.898192217926149,-0.0105219500107646));
#15098=DIRECTION('',(-0.236995625915792,-0.104645096482139,0.965858414613149));
#15099=DIRECTION('',(-0.442032568231419,0.896999001461393,0.));
#15100=DIRECTION('center_axis',(0.985085825369266,-0.0204406095410694,-0.170845246167816));
#15101=DIRECTION('ref_axis',(-0.0204406095410694,0.971985139724095,-0.234151808955474));
#15102=DIRECTION('',(0.0207456141601562,0.999784786588153,0.));
#15103=DIRECTION('',(0.170845246167816,0.234151808955474,0.957070965093361));
#15104=DIRECTION('',(0.0207456141601562,0.999784786588153,0.));
#15105=DIRECTION('center_axis',(-0.542027320783919,-0.788830055773808,0.289747349654311));
#15106=DIRECTION('ref_axis',(0.8228112088357,-0.568260568287797,-0.0078511873984049));
#15107=DIRECTION('',(0.824184980787805,-0.566320684280387,0.));
#15108=DIRECTION('',(0.170845246167816,0.234151808955474,0.957070965093361));
#15109=DIRECTION('center_axis',(0.,0.,1.));
#15110=DIRECTION('ref_axis',(1.,0.,0.));
#15111=DIRECTION('',(-0.0216376166063588,0.999765879367563,0.));
#15112=DIRECTION('',(-0.653626208550728,0.75681753381882,0.));
#15113=DIRECTION('',(-1.,0.,0.));
#15114=DIRECTION('',(-0.891739082873696,-0.45254989567514,0.));
#15115=DIRECTION('',(0.174798197442329,-0.984604281003751,0.));
#15116=DIRECTION('',(-0.877316820961565,-0.479911654013417,0.));
#15117=DIRECTION('',(-0.151986700106332,-0.988382538792945,0.));
#15118=DIRECTION('',(0.879511460439494,-0.475877705882076,0.));
#15119=DIRECTION('',(-0.934927812156666,-0.354837971553144,0.));
#15120=DIRECTION('',(-0.072989982012386,-0.997332673948784,0.));
#15121=DIRECTION('',(-0.876600100475528,0.481219558877541,0.));
#15122=DIRECTION('',(-0.873306411057786,-0.487171337832357,0.));
#15123=DIRECTION('',(0.0490164896483266,-0.998797969432535,0.));
#15124=DIRECTION('',(-0.756487753188589,0.65400785872624,0.));
#15125=DIRECTION('',(-0.849496734073805,-0.52759387676312,0.));
#15126=DIRECTION('',(0.887517854606797,-0.460773325784108,0.));
#15127=DIRECTION('',(0.103958899110394,0.994581594086556,0.));
#15128=DIRECTION('',(0.758543106113524,-0.651622863447598,0.));
#15129=DIRECTION('',(0.967850881071438,0.251524694631047,0.));
#15130=DIRECTION('',(0.0821663417859524,0.996618629304868,0.));
#15131=DIRECTION('',(-0.0138143676483847,0.99990457707047,0.));
#15132=DIRECTION('center_axis',(0.,0.,-1.));
#15133=DIRECTION('ref_axis',(0.,-1.,0.));
#15134=DIRECTION('',(0.00804788264385382,0.99996761526809,0.));
#15135=DIRECTION('',(-0.85246595310691,0.522782745309682,0.));
#15136=DIRECTION('',(-0.964530869437228,-0.263970077665375,0.));
#15137=DIRECTION('',(-0.0977155404977354,-0.99521438551964,0.));
#15138=DIRECTION('',(-0.0404865477342973,-0.999180083594823,0.));
#15139=DIRECTION('',(-0.789764017326792,0.613410789712609,0.));
#15140=DIRECTION('',(-0.792361321024051,-0.610052077240149,0.));
#15141=DIRECTION('',(-0.890056909282888,0.455849424961569,0.));
#15142=DIRECTION('',(-0.915411280424899,-0.402519797861977,0.));
#15143=DIRECTION('',(0.00737910256275704,-0.999972774052058,0.));
#15144=DIRECTION('center_axis',(0.,0.,-1.));
#15145=DIRECTION('ref_axis',(-1.,0.,0.));
#15146=DIRECTION('',(0.,-1.,0.));
#15147=DIRECTION('',(0.895021292701692,0.446023413747072,0.));
#15148=DIRECTION('',(-0.0271026516091906,0.999632655666946,0.));
#15149=DIRECTION('',(-0.927640401984945,0.373474610388994,0.));
#15150=DIRECTION('',(0.,-1.,0.));
#15151=DIRECTION('',(0.830557904221362,0.556932282899294,0.));
#15152=DIRECTION('',(-0.0852613348111325,0.996358622578349,0.));
#15153=DIRECTION('',(0.84626988520779,-0.532754428785339,0.));
#15154=DIRECTION('',(0.880882166771705,0.47333561905226,0.));
#15155=DIRECTION('',(0.0624962573549084,0.998045198283439,0.));
#15156=DIRECTION('',(-0.874749090699085,0.484576132636682,0.));
#15157=DIRECTION('',(-0.728288935642736,-0.685270184832502,0.));
#15158=DIRECTION('',(0.,-1.,0.));
#15159=DIRECTION('',(0.898525842139592,0.438920620394322,0.));
#15160=DIRECTION('',(-1.,0.,0.));
#15161=DIRECTION('',(0.829670574052155,-0.558253292468542,0.));
#15162=DIRECTION('',(0.7904090406048,0.612579422222294,0.));
#15163=DIRECTION('',(-0.0216376166063588,0.999765879367563,0.));
#15164=DIRECTION('',(-0.879578618821659,-0.4757535636354,0.));
#15165=DIRECTION('',(0.0583648777827594,-0.998295317549573,0.));
#15166=DIRECTION('',(0.715226803130095,-0.698892423828091,0.));
#15167=DIRECTION('',(0.886824962335778,0.462105492477796,0.));
#15168=DIRECTION('',(0.176470572232542,0.984305916438543,0.));
#15169=DIRECTION('',(-0.852380815771655,-0.52292154756182,0.));
#15170=DIRECTION('',(-0.880650204206548,0.473767050174413,0.));
#15171=DIRECTION('',(-0.777858139019465,-0.628439906085836,0.));
#15172=DIRECTION('',(-0.00106019284878042,-0.999999437995404,0.));
#15173=DIRECTION('',(0.801242171682096,-0.598340189455931,0.));
#15174=DIRECTION('',(0.844354516207996,0.535784892432739,0.));
#15175=DIRECTION('',(0.0881474798659782,0.996107434864973,0.));
#15176=DIRECTION('',(-0.891986630834879,0.45206177720732,0.));
#15177=DIRECTION('',(-0.817750727838434,-0.575572538538551,0.));
#15178=DIRECTION('',(0.022078057511837,-0.999756249981216,0.));
#15179=DIRECTION('',(0.852505354965496,-0.522718489968697,0.));
#15180=DIRECTION('',(0.939042322206014,0.343801566468125,0.));
#15181=DIRECTION('',(0.00528991273406803,0.999986008313749,0.));
#15182=DIRECTION('',(-0.937475270710106,0.348051888095747,0.));
#15183=DIRECTION('',(-0.898339997923769,-0.439300862883654,0.));
#15184=DIRECTION('',(-0.133485750865159,-0.99105073246326,0.));
#15185=DIRECTION('',(0.799855244973244,-0.600192958213267,0.));
#15186=DIRECTION('',(0.857601059064322,0.514315490231194,0.));
#15187=DIRECTION('',(0.776883947132648,0.629643814142247,0.));
#15188=DIRECTION('',(-0.201237283564313,0.979542523683202,0.));
#15189=DIRECTION('',(-0.929575046622709,-0.368632924053709,0.));
#15190=DIRECTION('',(0.157986521662439,0.987441268619559,0.));
#15191=DIRECTION('',(-0.851557618686653,0.5242610247355,0.));
#15192=DIRECTION('',(-0.798165351823939,-0.602438437641364,0.));
#15193=DIRECTION('',(0.197230215828257,-0.980357201210018,0.));
#15194=DIRECTION('',(0.937077546588233,-0.34912128505747,0.));
#15195=DIRECTION('',(0.938267964358953,0.345909275761298,0.));
#15196=DIRECTION('',(-0.116928083737208,-0.993140384454053,0.));
#15197=DIRECTION('',(0.99988786362616,0.0149753187983924,0.));
#15198=DIRECTION('',(-0.882390505888134,0.47051779468845,0.));
#15199=DIRECTION('',(-0.919816764884485,0.392348211462011,0.));
#15200=DIRECTION('',(-0.747980881657916,-0.6637202729119,0.));
#15201=DIRECTION('',(0.0552375850434059,-0.998473239099863,0.));
#15202=DIRECTION('',(0.854824856262738,-0.518916626362453,0.));
#15203=DIRECTION('',(0.942195706259334,0.335063055418639,0.));
#15204=DIRECTION('',(-0.0925143115475184,0.995711354840794,0.));
#15205=DIRECTION('',(-0.944542546634256,0.328389064369802,0.));
#15206=DIRECTION('',(-0.763689902276288,-0.645583250372277,0.));
#15207=DIRECTION('',(-0.0145538513866079,-0.999894087096137,0.));
#15208=DIRECTION('',(0.833712775309641,-0.552198341436748,0.));
#15209=DIRECTION('',(0.867361452226534,0.497678722863935,0.));
#15210=DIRECTION('',(0.154139043725305,0.98804916638771,0.));
#15211=DIRECTION('',(-0.0802634647688578,-0.99677368355274,0.));
#15212=DIRECTION('',(-0.00312616197927427,0.999995113543701,0.));
#15213=DIRECTION('',(0.891565573201637,0.452891630173971,0.));
#15214=DIRECTION('',(-0.164331756450939,0.986405126619762,0.));
#15215=DIRECTION('',(-0.834911947893435,0.550383538330127,0.));
#15216=DIRECTION('',(-0.812315584189467,-0.583218133876961,0.));
#15217=DIRECTION('',(0.0151000371204522,0.999885987940106,0.));
#15218=DIRECTION('',(-0.906126950269371,0.423005851018079,0.));
#15219=DIRECTION('',(-0.930251728997997,-0.366921954502913,0.));
#15220=DIRECTION('',(-0.0923726373449157,-0.995724508019133,0.));
#15221=DIRECTION('',(0.912792326388037,-0.408424006257118,0.));
#15222=DIRECTION('',(0.88274459648969,0.469853144469902,0.));
#15223=DIRECTION('',(-0.0042037314518723,-0.999991164281905,0.));
#15224=DIRECTION('',(-0.877632169163643,-0.47933472193147,0.));
#15225=DIRECTION('',(-0.260288073975939,-0.965531003409987,0.));
#15226=DIRECTION('',(0.876135119882297,-0.482065609340506,0.));
#15227=DIRECTION('',(0.765867564663571,0.642998346340246,0.));
#15228=DIRECTION('',(-0.0419398632517693,0.999120136855635,0.));
#15229=DIRECTION('',(-0.176606603128974,0.984281518535853,0.));
#15230=DIRECTION('',(0.00500511808463657,-0.999987474318033,0.));
#15231=DIRECTION('',(0.735057750641778,0.678004500885835,0.));
#15232=DIRECTION('',(-0.903712628256176,-0.428139563145378,0.));
#15233=DIRECTION('',(0.609543444652579,-0.792752665767242,0.));
#15234=DIRECTION('',(0.772711151393856,0.634757809334853,0.));
#15235=DIRECTION('',(0.0201557720721508,0.99979685179149,0.));
#15236=DIRECTION('',(-0.838778250069976,0.544473183186783,0.));
#15237=DIRECTION('',(-0.821306442382278,-0.570487272164215,0.));
#15238=DIRECTION('',(0.0647781609755853,-0.997899689277746,0.));
#15239=DIRECTION('',(0.786004478003701,-0.618220802430758,0.));
#15240=DIRECTION('',(0.967895854238827,0.251351577172876,0.));
#15241=DIRECTION('',(-0.0209376762920404,0.999780782827661,0.));
#15242=DIRECTION('',(0.893847326633455,-0.448371449436988,0.));
#15243=DIRECTION('',(0.856247612054932,0.516565607498434,0.));
#15244=DIRECTION('',(-0.00874708198400417,0.999961743546604,0.));
#15245=DIRECTION('',(-0.93923472513983,0.34327559058504,0.));
#15246=DIRECTION('',(-0.76119008709805,-0.64852883613889,0.));
#15247=DIRECTION('',(-0.943070738378323,0.332592216407065,0.));
#15248=DIRECTION('',(-0.897046947444316,-0.44193526005608,0.));
#15249=DIRECTION('',(-0.144069753484676,-0.989567534901416,0.));
#15250=DIRECTION('',(0.777636865118951,-0.628713691602123,0.));
#15251=DIRECTION('',(-0.708526039893019,0.705684668101494,0.));
#15252=DIRECTION('',(-0.823246935174988,-0.567683436190443,0.));
#15253=DIRECTION('',(0.346291159948777,-0.938127087627967,0.));
#15254=DIRECTION('',(0.866079462109347,-0.499906356543288,0.));
#15255=DIRECTION('',(0.900371784291717,0.435121419894895,0.));
#15256=DIRECTION('',(-0.104316317158661,-0.99454416994644,0.));
#15257=DIRECTION('',(0.874755486988106,-0.484564585978177,0.));
#15258=DIRECTION('',(0.874582178258349,0.484877317960823,0.));
#15259=DIRECTION('',(-0.0455688636887762,0.998961199778106,0.));
#15260=DIRECTION('',(-0.761105534582697,0.648628063860629,0.));
#15261=DIRECTION('',(-0.893258329594189,-0.449543720466207,0.));
#15262=DIRECTION('',(0.204403967840022,-0.978886621591722,0.));
#15263=DIRECTION('',(0.946648408809267,-0.32226819591589,0.));
#15264=DIRECTION('',(0.87508269545457,0.483973425010056,0.));
#15265=DIRECTION('',(0.0851141780452765,0.996371204268608,0.));
#15266=DIRECTION('',(-0.801720878196856,0.597698614239034,0.));
#15267=DIRECTION('',(-0.7725083285119,-0.635004631778186,0.));
#15268=DIRECTION('',(-0.19395584285207,0.981010260406864,0.));
#15269=DIRECTION('',(-0.86671648930013,0.498801089789565,0.));
#15270=DIRECTION('',(-0.936517445075323,-0.350620984924732,0.));
#15271=DIRECTION('',(-0.0507782153721901,-0.99870995431287,0.));
#15272=DIRECTION('',(0.893029678950877,-0.449997769453242,0.));
#15273=DIRECTION('',(0.759040205997037,0.651043750972218,0.));
#15274=DIRECTION('',(0.0881860668863142,0.996104019471422,0.));
#15275=DIRECTION('',(-0.873587594871657,0.486666943695946,0.));
#15276=DIRECTION('',(-0.76488145655146,-0.644171062237133,0.));
#15277=DIRECTION('',(-0.246607773208065,-0.96911537300435,0.));
#15278=DIRECTION('',(0.552327497026769,-0.833627216463177,0.));
#15279=DIRECTION('',(-0.229482580414815,-0.973312768479977,0.));
#15280=DIRECTION('',(0.916023013092091,-0.401125715313399,0.));
#15281=DIRECTION('',(0.734409983996893,0.678706103851795,0.));
#15282=DIRECTION('',(-0.0191065075904196,-0.999817454022332,0.));
#15283=DIRECTION('',(0.929460423878373,-0.368921835141043,0.));
#15284=DIRECTION('',(0.733512777859634,0.679675661412591,0.));
#15285=DIRECTION('',(-0.0105517170536971,0.999944329083984,0.));
#15286=DIRECTION('',(-0.800399892749615,0.599466439166034,0.));
#15287=DIRECTION('',(-0.889304130798563,-0.457316261404089,0.));
#15288=DIRECTION('',(0.0151238530531916,0.999885627993935,0.));
#15289=DIRECTION('',(-0.871482289590793,0.490426976143838,0.));
#15290=DIRECTION('',(-0.860017005984192,0.510265371564626,0.));
#15291=DIRECTION('',(-0.942681199066924,-0.333694706169796,0.));
#15292=DIRECTION('',(0.0236079855918321,-0.99972129266926,0.));
#15293=DIRECTION('',(0.896644799031424,-0.44275061193622,0.));
#15294=DIRECTION('',(0.988286688637827,0.15260871882458,0.));
#15295=DIRECTION('',(0.803996284322294,0.594634320230464,0.));
#15296=DIRECTION('',(0.133056254070564,0.991108487125758,0.));
#15297=DIRECTION('',(-0.876798416476712,-0.480858125504738,0.));
#15298=DIRECTION('',(-0.0214991177405233,0.999768867257017,0.));
#15299=DIRECTION('',(-0.845478025081743,0.534010214419046,0.));
#15300=DIRECTION('',(0.880644417544725,0.473777806410676,0.));
#15301=DIRECTION('',(-0.0189352937113498,0.999820711253805,0.));
#15302=DIRECTION('',(-0.808604066149324,0.588353179822102,0.));
#15303=DIRECTION('',(-0.86069320532869,-0.509123959661128,0.));
#15304=DIRECTION('',(0.00928169532265902,-0.999956924138204,0.));
#15305=DIRECTION('',(0.84874339211868,-0.528804930323912,0.));
#15306=DIRECTION('',(-0.968354424539324,-0.249579062573594,0.));
#15307=DIRECTION('',(0.0128451430990244,-0.999917497746072,0.));
#15308=DIRECTION('',(0.87406815243786,-0.485803319146613,0.));
#15309=DIRECTION('',(-0.806694902662599,-0.590968132827972,0.));
#15310=DIRECTION('',(-0.105950858350793,-0.994371367052939,0.));
#15311=DIRECTION('',(-0.869736836204738,0.493515790779356,0.));
#15312=DIRECTION('',(-0.725880459607569,-0.687820876653147,0.));
#15313=DIRECTION('',(0.0805594195223392,-0.996749808089384,0.));
#15314=DIRECTION('',(0.854478594067826,-0.519486604523997,0.));
#15315=DIRECTION('',(0.894054370268269,0.447958461248595,0.));
#15316=DIRECTION('',(0.114614858909571,0.993410003028528,0.));
#15317=DIRECTION('',(0.931463776997432,-0.363834072266023,0.));
#15318=DIRECTION('',(0.799161277778275,0.601116670954812,0.));
#15319=DIRECTION('',(-0.0309801175791044,0.999520000957852,0.));
#15320=DIRECTION('',(0.821102473668108,-0.570780805332584,0.));
#15321=DIRECTION('',(0.82067114801197,0.571400793507249,0.));
#15322=DIRECTION('',(0.053617120812707,0.998561567634042,0.));
#15323=DIRECTION('',(-0.87204382872767,0.489427789135422,0.));
#15324=DIRECTION('',(-0.896013222617762,0.444027369532704,0.));
#15325=DIRECTION('',(-0.849256084211422,-0.527981158214839,0.));
#15326=DIRECTION('',(0.0389289082569433,-0.99924198275589,0.));
#15327=DIRECTION('',(0.860131896073046,-0.510071682568035,0.));
#15328=DIRECTION('',(0.942619076295786,0.333870149913523,0.));
#15329=DIRECTION('',(0.223067928447624,0.97480290279527,0.));
#15330=DIRECTION('',(-0.838300124520285,-0.545209043605546,0.));
#15331=DIRECTION('',(-0.863639404549374,0.504110086101839,0.));
#15332=DIRECTION('',(-0.878764786361606,-0.477255120717254,0.));
#15333=DIRECTION('',(-0.0142454971992762,-0.999898527756465,0.));
#15334=DIRECTION('',(0.900399304546642,-0.435064469213384,0.));
#15335=DIRECTION('',(0.819935085974151,0.572456509080438,0.));
#15336=DIRECTION('',(0.844591565430208,-0.53541113884953,0.));
#15337=DIRECTION('',(0.894151147997047,0.447765256061212,0.));
#15338=DIRECTION('',(0.0139478721104431,0.999902723700456,0.));
#15339=DIRECTION('',(-0.846865005678491,-0.531807918479191,0.));
#15340=DIRECTION('',(0.97224655018853,-0.233958640888733,0.));
#15341=DIRECTION('',(0.900040012779424,0.43580726863605,0.));
#15342=DIRECTION('',(-0.180436304276401,-0.983586671371198,0.));
#15343=DIRECTION('',(0.944605634628998,-0.328207548705308,0.));
#15344=DIRECTION('',(0.755220149277862,0.655471224482603,0.));
#15345=DIRECTION('',(-0.143844129591253,0.989600356902793,0.));
#15346=DIRECTION('',(-0.999960181488543,0.00892386897034837,0.));
#15347=DIRECTION('',(0.149435356058625,-0.988771497546138,0.));
#15348=DIRECTION('',(0.937494761368104,-0.347999385642218,0.));
#15349=DIRECTION('',(0.779156161861351,0.626829861631917,0.));
#15350=DIRECTION('',(0.05537889462775,0.998465411534024,0.));
#15351=DIRECTION('',(-0.0615590562537883,-0.998103442832026,0.));
#15352=DIRECTION('',(0.877172848128805,-0.48017475413187,0.));
#15353=DIRECTION('',(0.925654361490636,0.378370193135456,0.));
#15354=DIRECTION('',(0.0286764703453303,0.999588745459118,0.));
#15355=DIRECTION('',(0.869715648847934,0.493553127990308,0.));
#15356=DIRECTION('',(0.946134885808274,-0.323772725621792,0.));
#15357=DIRECTION('',(-0.90033510937959,-0.435197301023847,0.));
#15358=DIRECTION('',(-0.0789467590968161,-0.996878833774752,0.));
#15359=DIRECTION('',(0.883678277801775,-0.468094756797476,0.));
#15360=DIRECTION('',(-0.883170193944991,-0.46905267137835,0.));
#15361=DIRECTION('',(0.131672540349546,-0.991293267463215,0.));
#15362=DIRECTION('',(0.868568985152058,-0.495568277870894,0.));
#15363=DIRECTION('',(0.842045373415816,0.539406701023466,0.));
#15364=DIRECTION('',(-0.130116096794185,0.991498765180798,0.));
#15365=DIRECTION('',(-0.887282206296506,0.461226935889053,0.));
#15366=DIRECTION('',(0.389565795223232,0.920998637996871,0.));
#15367=DIRECTION('',(-0.748715715814777,0.662891225535507,0.));
#15368=DIRECTION('',(0.898956559919545,0.438037787613828,0.));
#15369=DIRECTION('',(0.206898107918025,0.978362495673225,0.));
#15370=DIRECTION('',(-0.790681981178176,0.612227085843279,0.));
#15371=DIRECTION('',(0.966121390038452,0.258088085176689,0.));
#15372=DIRECTION('',(0.0276904876958298,0.999616544926687,0.));
#15373=DIRECTION('center_axis',(0.997416620374893,0.021586772337274,0.06851347794402));
#15374=DIRECTION('ref_axis',(-0.03222006268761,0.986895027343228,0.158114112480881));
#15375=DIRECTION('',(-0.0642024373395084,-0.159913152258558,0.9850410299954));
#15376=DIRECTION('center_axis',(0.997416620374893,0.021586772337274,0.06851347794402));
#15377=DIRECTION('ref_axis',(-0.03222006268761,0.986895027343228,0.158114112480881));
#15378=DIRECTION('',(-0.0642024373395084,-0.159913152258558,0.9850410299954));
#15379=DIRECTION('center_axis',(0.253291483099158,-0.948165892931978,0.191898056451685));
#15380=DIRECTION('ref_axis',(0.932100877875356,0.292291141811968,0.2139014770455));
#15381=DIRECTION('',(-0.258904187014076,0.124688924523235,0.957821117979667));
#15382=DIRECTION('center_axis',(0.964129271485495,-0.0267074508367771,0.26408608432602));
#15383=DIRECTION('ref_axis',(0.0585095702550325,0.991836369655318,-0.113301571116782));
#15384=DIRECTION('center_axis',(0.610200379253225,-0.7873393699588,-0.0880466562232788));
#15385=DIRECTION('ref_axis',(0.789641402282635,0.595419600154052,0.148128172720459));
#15386=DIRECTION('',(-0.0642024373395084,-0.159913152258558,0.9850410299954));
#15387=DIRECTION('center_axis',(-0.550259184268079,-0.817789808763007,-0.168625795215304));
#15388=DIRECTION('ref_axis',(0.832521998008638,-0.552854060686992,-0.0354895817615358));
#15389=DIRECTION('center_axis',(-0.005172091650754,0.987117537683678,0.159913152258558));
#15390=DIRECTION('ref_axis',(-0.997923492311722,0.00517209165075402,-0.0642024373395084));
#15391=DIRECTION('',(-0.999477371012968,0.,-0.0323262251586131));
#15392=DIRECTION('',(-0.0642024373395084,-0.159913152258558,0.9850410299954));
#15393=DIRECTION('center_axis',(0.747837199116858,0.645870333639714,0.153593736008919));
#15394=DIRECTION('ref_axis',(-0.660770437184292,0.746511417098798,0.0781225542620366));
#15395=DIRECTION('',(-0.201184510428204,0.,0.979553363918354));
#15396=DIRECTION('center_axis',(-0.528488422120289,0.841578951813648,-0.111556512804273));
#15397=DIRECTION('ref_axis',(-0.831571938888432,-0.486742024307663,0.267526283243745));
#15398=DIRECTION('center_axis',(0.65437910910972,0.739101536146486,-0.159740104002326));
#15399=DIRECTION('ref_axis',(-0.734388987698254,0.671523959861695,0.0986325812254917));
#15400=DIRECTION('',(0.180168799486215,0.0527682726415524,0.982219279536969));
#15401=DIRECTION('',(-0.0438707890405879,0.248002583263403,0.967765504946128));
#15402=DIRECTION('center_axis',(-0.4349821072382,0.899889917003438,0.031443658472911));
#15403=DIRECTION('ref_axis',(-0.882229998398553,-0.432912978181497,0.185085340445201));
#15404=DIRECTION('',(0.180168799486215,0.0527682726415524,0.982219279536969));
#15405=DIRECTION('',(-0.26046546667483,-0.0923208514219159,-0.9610591038342));
#15406=DIRECTION('center_axis',(0.911073248326426,-0.38536753459575,-0.146415161317157));
#15407=DIRECTION('ref_axis',(0.370789347036335,0.92125315341768,-0.117506967633192));
#15408=DIRECTION('',(-0.0710080805351139,0.203158655694066,-0.97656766950135));
#15409=DIRECTION('center_axis',(-0.463988355605104,-0.875926134713344,0.132167365067978));
#15410=DIRECTION('ref_axis',(0.867325780519966,-0.479550743851543,-0.133330696078828));
#15411=DIRECTION('',(0.0329168507980979,0.132048484648699,0.990696562341628));
#15412=DIRECTION('',(0.180168799486215,0.0527682726415524,0.982219279536969));
#15413=DIRECTION('center_axis',(-0.981347356707554,0.077716760287634,0.175833644827976));
#15414=DIRECTION('ref_axis',(-0.0670564625878267,-0.995578030378745,0.0657861402757919));
#15415=DIRECTION('center_axis',(0.424936414305454,-0.872069460649696,0.24274245528826));
#15416=DIRECTION('ref_axis',(0.899144893833516,0.437647646506203,-0.00173130029067071));
#15417=DIRECTION('',(-0.104725850153336,0.218996331726653,0.970089224246889));
#15418=DIRECTION('center_axis',(-0.318727246413184,-0.931390889427119,0.175852078423969));
#15419=DIRECTION('ref_axis',(0.942043225496331,-0.290777608805132,0.167340800506151));
#15420=DIRECTION('center_axis',(-0.956187161434856,-0.127009429730059,-0.263770197457556));
#15421=DIRECTION('ref_axis',(0.129843849619874,-0.991511585589205,0.00673426746369011));
#15422=DIRECTION('',(-0.262386522182532,-0.0278097177624343,0.964562041848491));
#15423=DIRECTION('',(-0.262386522182532,-0.0278097177624343,0.964562041848491));
#15424=DIRECTION('center_axis',(-0.466625326243084,0.878599792783891,-0.101603193988379));
#15425=DIRECTION('ref_axis',(-0.844638453946712,-0.476748386172495,-0.243509462642482));
#15426=DIRECTION('center_axis',(0.456053755927384,0.877330336245571,0.149353449266363));
#15427=DIRECTION('ref_axis',(-0.850393017775594,0.479080474138957,-0.217516929495868));
#15428=DIRECTION('',(-0.262386522182532,-0.0278097177624343,0.964562041848491));
#15429=DIRECTION('center_axis',(0.956382698461907,0.125507754659343,0.263780093265378));
#15430=DIRECTION('ref_axis',(-0.128395666047094,0.991702789709873,-0.00633481033490254));
#15431=DIRECTION('',(-0.262386522182532,-0.0278097177624343,0.964562041848491));
#15432=DIRECTION('center_axis',(0.53540732307371,-0.835802110785331,0.121547645003222));
#15433=DIRECTION('ref_axis',(0.802802784858149,0.548326044616484,0.234192735624403));
#15434=DIRECTION('',(-0.262386522182532,-0.0278097177624343,0.964562041848491));
#15435=DIRECTION('center_axis',(-0.48935571124,-0.857680389302121,-0.157845930208401));
#15436=DIRECTION('ref_axis',(0.831675598327707,-0.513430588691924,0.211434930278124));
#15437=DIRECTION('center_axis',(0.561825506354609,-0.823764574506645,0.0759211841140159));
#15438=DIRECTION('ref_axis',(0.785489477124576,0.560001372423478,0.263447801680677));
#15439=DIRECTION('center_axis',(0.433413247116832,-0.89509581998178,0.10467296821429));
#15440=DIRECTION('ref_axis',(0.878416038482253,0.445548206210158,0.172835353096685));
#15441=DIRECTION('',(-0.0856939705892129,0.0746887436416835,0.993518059714005));
#15442=DIRECTION('',(-0.201341055328487,0.0170372824727568,0.979373019051043));
#15443=DIRECTION('center_axis',(-0.233844966173874,-0.971774159645717,-0.0311691263913625));
#15444=DIRECTION('ref_axis',(0.951198355357257,-0.2352970753129,0.199642117587559));
#15445=DIRECTION('center_axis',(-0.97885898034085,0.17956902219328,-0.097928866401185));
#15446=DIRECTION('ref_axis',(-0.154600237675524,-0.963040337857022,-0.220572151848106));
#15447=DIRECTION('',(-0.133917374215384,-0.200769205628707,0.970442096652075));
#15448=DIRECTION('center_axis',(-0.544365474654875,0.837003073481453,0.0556065192794367));
#15449=DIRECTION('ref_axis',(-0.798642778520029,-0.537410853641741,0.270849195505291));
#15450=DIRECTION('',(-0.0325979701711831,-0.0873467914635401,0.995644469859469));
#15451=DIRECTION('center_axis',(-0.5213860775311,-0.822467542161584,0.227384476707221));
#15452=DIRECTION('ref_axis',(0.81383082752815,-0.559402996702758,-0.157313926417279));
#15453=DIRECTION('',(-0.106149961030649,-0.201886868634714,-0.973639501071142));
#15454=DIRECTION('',(0.256585156081916,0.103031205809972,0.961014374662399));
#15455=DIRECTION('center_axis',(0.966427608500874,-0.0134809200613895,-0.256585156081916));
#15456=DIRECTION('ref_axis',(-0.0134809200613895,0.994586766161526,-0.103031205809972));
#15457=DIRECTION('',(0.256585156081916,0.103031205809972,0.961014374662399));
#15458=DIRECTION('center_axis',(0.447639684260164,-0.893900391225405,-0.0236812930924048));
#15459=DIRECTION('ref_axis',(0.856611213301507,0.436264439527691,-0.275482427841976));
#15460=DIRECTION('center_axis',(0.501977712452421,0.859986230451826,0.0918806815075531));
#15461=DIRECTION('ref_axis',(-0.845384696621669,0.510314909406894,-0.15780813652953));
#15462=DIRECTION('',(-0.182600906128429,0.00154164531981806,0.983185909383767));
#15463=DIRECTION('center_axis',(0.998700279894839,0.00397248050439784,0.0508130921772302));
#15464=DIRECTION('ref_axis',(0.00397248050439787,0.987858461760218,-0.155305759479092));
#15465=DIRECTION('',(-0.0508130921772302,0.155305759479092,0.986558741655058));
#15466=DIRECTION('center_axis',(0.993137290735293,-0.0284913892798297,0.113430870964954));
#15467=DIRECTION('ref_axis',(-0.000737952683602048,0.968327093667187,0.249683990467743));
#15468=DIRECTION('',(-0.110960990010921,0.0769520122009411,0.990841080352456));
#15469=DIRECTION('',(-0.116952029382989,-0.248054188448743,0.961660721053031));
#15470=DIRECTION('center_axis',(0.371531375689817,-0.908923706405107,-0.189267358022547));
#15471=DIRECTION('ref_axis',(0.921024787777849,0.335151929023,0.198460385898368));
#15472=DIRECTION('',(-0.116952029382989,-0.248054188448743,0.961660721053031));
#15473=DIRECTION('center_axis',(-0.461828240351809,-0.843657833840338,-0.273781182358065));
#15474=DIRECTION('ref_axis',(0.879225169815305,-0.476141343503023,-0.0158909335906948));
#15475=DIRECTION('',(-0.116952029382989,-0.248054188448743,0.961660721053031));
#15476=DIRECTION('center_axis',(-0.992594272007361,0.0612192724777249,-0.104922885279977));
#15477=DIRECTION('ref_axis',(-0.0328456085554458,-0.966809867693919,-0.253376884755277));
#15478=DIRECTION('center_axis',(0.976190564903652,0.141894938845048,0.164066472270387));
#15479=DIRECTION('ref_axis',(-0.170640317265136,0.969307769700304,0.176986806633363));
#15480=DIRECTION('',(-0.133917374215384,-0.200769205628707,0.970442096652075));
#15481=DIRECTION('center_axis',(0.654057241384097,-0.753590987711581,-0.0656486727429458));
#15482=DIRECTION('ref_axis',(0.744496650010114,0.625933182784794,0.232233479095101));
#15483=DIRECTION('',(-0.133917374215384,-0.200769205628707,0.970442096652075));
#15484=DIRECTION('center_axis',(-0.319092972276199,-0.918373208573729,-0.234030606583702));
#15485=DIRECTION('ref_axis',(0.938214161013997,-0.34100201736238,0.0589220860763561));
#15486=DIRECTION('center_axis',(0.986068486870885,0.084380777664414,-0.143348608507063));
#15487=DIRECTION('ref_axis',(-0.0513200815661271,0.974068773756234,0.220354880184381));
#15488=DIRECTION('',(0.158225119460245,-0.209928340997055,0.964828950238339));
#15489=DIRECTION('',(0.128746708674346,0.158506394741959,0.978927989093901));
#15490=DIRECTION('center_axis',(0.537400881282937,-0.801430556981697,-0.262505914471141));
#15491=DIRECTION('ref_axis',(0.828350834108419,0.560034957821592,-0.0139907701594372));
#15492=DIRECTION('center_axis',(-1.,0.,0.));
#15493=DIRECTION('ref_axis',(0.,-1.,0.));
#15494=DIRECTION('',(0.,-0.999266701969508,0.038289141215011));
#15495=DIRECTION('',(0.,0.0431217500534977,-0.999069824723139));
#15496=DIRECTION('',(0.,0.,-1.));
#15497=DIRECTION('',(0.,0.998631435129995,-0.052299682314587));
#15498=DIRECTION('',(0.,0.999511293638812,-0.0312597806848985));
#15499=DIRECTION('center_axis',(-0.52168493705412,-0.828686216277913,0.202790486467771));
#15500=DIRECTION('ref_axis',(0.845130089987964,-0.534468341887371,-0.00993592054616288));
#15501=DIRECTION('',(0.116618855455601,0.166200921992511,0.979171739829671));
#15502=DIRECTION('center_axis',(0.451276013743308,-0.888385059601672,0.0843916186388397));
#15503=DIRECTION('ref_axis',(0.885585434156236,0.434179285657144,-0.165005414203783));
#15504=DIRECTION('',(0.109947252035965,0.149198973799371,0.982675565986534));
#15505=DIRECTION('',(0.212739849138345,0.0152576239068049,-0.976989744829142));
#15506=DIRECTION('center_axis',(0.977496676351098,0.162847638779205,-0.134092856881318));
#15507=DIRECTION('ref_axis',(-0.180032912247445,0.975305240815024,-0.127936850619561));
#15508=DIRECTION('',(0.109947252035965,0.149198973799371,0.982675565986534));
#15509=DIRECTION('center_axis',(0.540873794203698,0.82048600954387,-0.185089834638406));
#15510=DIRECTION('ref_axis',(-0.833886767201301,0.551853580544686,0.00951236703313926));
#15511=DIRECTION('',(0.109947252035965,0.149198973799371,0.982675565986534));
#15512=DIRECTION('center_axis',(-0.993860189948075,0.00417795825450986,
0.110564313868442));
#15513=DIRECTION('ref_axis',(0.0123905046755845,-0.988798367151786,0.148742275469505));
#15514=DIRECTION('',(-0.110642352096082,-0.0414937647788922,-0.992993724757171));
#15515=DIRECTION('',(0.110269442577436,-0.0446679140813858,0.99289749092506));
#15516=DIRECTION('center_axis',(-0.582236947591716,0.810948972172108,-0.0579819057300105));
#15517=DIRECTION('ref_axis',(-0.805550581049273,-0.565775070810138,0.176030766120476));
#15518=DIRECTION('',(-0.247844138828723,-0.109117329921506,0.962635284601105));
#15519=DIRECTION('center_axis',(0.976149634475998,0.0409756351343596,0.213196830271257));
#15520=DIRECTION('ref_axis',(-0.0840689249116791,0.976753631150481,0.197192190257487));
#15521=DIRECTION('',(-0.200160702877887,-0.210412312756849,0.956902477613965));
#15522=DIRECTION('center_axis',(0.469796963564825,-0.882639045657551,-0.0154637675227849));
#15523=DIRECTION('ref_axis',(0.847474700794002,0.446037769549464,0.287814071319412));
#15524=DIRECTION('',(-0.247138512861485,-0.14831932853161,0.957561450897302));
#15525=DIRECTION('center_axis',(-0.576943883689527,-0.772590206127457,-0.265028542744322));
#15526=DIRECTION('ref_axis',(0.801522910031552,-0.597961607724547,-0.00171475421785239));
#15527=DIRECTION('',(-0.15715209119766,-0.213415765779871,0.96423904253499));
#15528=DIRECTION('',(-0.15715209119766,-0.213415765779871,0.96423904253499));
#15529=DIRECTION('center_axis',(-0.987013760447732,0.00104642551857051,
-0.160632318293863));
#15530=DIRECTION('ref_axis',(0.0332724648775702,-0.97696090807679,-0.210808745479749));
#15531=DIRECTION('',(-0.15715209119766,-0.213415765779871,0.96423904253499));
#15532=DIRECTION('center_axis',(-0.626917173698584,0.775973360905436,0.0695715494070763));
#15533=DIRECTION('ref_axis',(-0.763071476045319,-0.593564700838681,-0.255739845085402));
#15534=DIRECTION('',(-0.15715209119766,-0.213415765779871,0.96423904253499));
#15535=DIRECTION('center_axis',(0.457142578956093,0.849748215628303,0.262580716241478));
#15536=DIRECTION('ref_axis',(-0.875399270468953,0.482059831300127,-0.035978275518968));
#15537=DIRECTION('',(-0.15715209119766,-0.213415765779871,0.96423904253499));
#15538=DIRECTION('center_axis',(0.986098932677605,-0.087261808085836,0.141401102618331));
#15539=DIRECTION('ref_axis',(0.0539640176811493,0.973056569663954,0.224162434474483));
#15540=DIRECTION('',(-0.15715209119766,-0.213415765779871,0.96423904253499));
#15541=DIRECTION('center_axis',(0.533149112669754,-0.840200736252571,-0.0990694022394961));
#15542=DIRECTION('ref_axis',(0.831297325805669,0.498514226193424,0.24582172888318));
#15543=DIRECTION('center_axis',(-0.990192088268405,-0.00730692791420214,
-0.139521457615354));
#15544=DIRECTION('ref_axis',(-0.00730692791420215,-0.994556313616552,0.10394396495185));
#15545=DIRECTION('center_axis',(-0.990192088268405,-0.00730692791420214,
-0.139521457615354));
#15546=DIRECTION('ref_axis',(-0.139517659011412,-0.00102954314544905,0.990219047920654));
#15547=DIRECTION('center_axis',(0.984886712530045,-0.130954267785593,0.113354061376293));
#15548=DIRECTION('ref_axis',(0.155464274067899,0.956904691456123,-0.245284061768805));
#15549=DIRECTION('',(-0.0763480384181705,0.259199520096008,0.962801425950178));
#15550=DIRECTION('',(0.14956264188536,0.312983462541385,-0.937908507439759));
#15551=DIRECTION('center_axis',(-0.548518452640273,0.795454132065856,-0.257643612170915));
#15552=DIRECTION('ref_axis',(-0.832645473261471,-0.547784932762261,0.0814443570533074));
#15553=DIRECTION('',(-0.0763480384181705,0.259199520096008,0.962801425950178));
#15554=DIRECTION('',(-0.0763480384181705,0.259199520096008,0.962801425950178));
#15555=DIRECTION('center_axis',(0.699360545265437,0.702176453581496,-0.1335779014723));
#15556=DIRECTION('ref_axis',(-0.710679818733956,0.663146919481431,-0.234883712561259));
#15557=DIRECTION('',(-0.282357764157654,0.0997207901521816,-0.954112077814402));
#15558=DIRECTION('center_axis',(0.419342413128679,-0.867721191085159,0.266855532251384));
#15559=DIRECTION('ref_axis',(0.904612025998502,0.424117369750111,-0.0424445414056255));
#15560=DIRECTION('',(-0.0178824295907787,0.285997066941699,0.958063618144785));
#15561=DIRECTION('',(-0.0763480384181705,0.259199520096008,0.962801425950178));
#15562=DIRECTION('center_axis',(-0.490800665118048,-0.850304002908874,0.189994236114753));
#15563=DIRECTION('ref_axis',(0.86792032131376,-0.458037892994832,0.19213433954261));
#15564=DIRECTION('',(-0.0763480384181705,0.259199520096008,0.962801425950178));
#15565=DIRECTION('center_axis',(-0.937960728672714,-0.34622975181299,0.0188316336855796));
#15566=DIRECTION('ref_axis',(0.338231649165849,-0.901632168759253,0.269552933133801));
#15567=DIRECTION('center_axis',(-0.438447630705014,0.871210030054309,0.220809326483122));
#15568=DIRECTION('ref_axis',(-0.895425496800219,-0.402300600803383,-0.190702402379515));
#15569=DIRECTION('',(-0.0773101210013362,-0.281331317357324,0.95649141923216));
#15570=DIRECTION('center_axis',(-0.504156162929382,-0.850156578295288,-0.151856365561576));
#15571=DIRECTION('ref_axis',(0.854370226241432,-0.465333253485859,-0.231336291386434));
#15572=DIRECTION('',(0.126008253271307,-0.246371174412743,0.960949095699663));
#15573=DIRECTION('',(0.126008253271307,-0.246371174412743,0.960949095699663));
#15574=DIRECTION('center_axis',(-0.992000608593491,-0.0386467956202777,
0.120171617857242));
#15575=DIRECTION('ref_axis',(0.00753078068042749,-0.968404703420409,-0.249270170167979));
#15576=DIRECTION('',(0.126008253271307,-0.246371174412743,0.960949095699663));
#15577=DIRECTION('center_axis',(-0.507498039942773,0.816309050883584,0.275835590342846));
#15578=DIRECTION('ref_axis',(-0.852389382595629,-0.522437343481521,-0.0221712104814676));
#15579=DIRECTION('',(0.126008253271307,-0.246371174412743,0.960949095699663));
#15580=DIRECTION('center_axis',(0.437638206041717,0.883120380053991,0.169030159870602));
#15581=DIRECTION('ref_axis',(-0.89027788960532,0.399248843143947,0.21910189530928));
#15582=DIRECTION('',(0.126008253271307,-0.246371174412743,0.960949095699663));
#15583=DIRECTION('center_axis',(0.958535218339886,-0.219345331129032,-0.181928175151632));
#15584=DIRECTION('ref_axis',(0.255601555765261,0.944028002831686,0.208516125419587));
#15585=DIRECTION('',(0.126008253271307,-0.246371174412743,0.960949095699663));
#15586=DIRECTION('center_axis',(0.321046402681933,-0.906413656993632,-0.274487685954071));
#15587=DIRECTION('ref_axis',(0.938643237568196,0.343096964186389,-0.0351190223892905));
#15588=DIRECTION('center_axis',(-0.558136534420626,0.803525606644257,0.206954604712994));
#15589=DIRECTION('ref_axis',(-0.826906305279935,-0.559274010314877,-0.0586390968092205));
#15590=DIRECTION('',(0.0686263158942659,-0.203860689818545,0.976591648496692));
#15591=DIRECTION('',(-0.0884695245377615,0.190367618041677,-0.977718422261338));
#15592=DIRECTION('center_axis',(0.997617870211309,0.0208923799981058,-0.0657426307130032));
#15593=DIRECTION('ref_axis',(-0.00700098577573074,0.978776954982452,0.204808834266118));
#15594=DIRECTION('',(0.0619788731669294,0.146942640650351,0.987201336931661));
#15595=DIRECTION('',(0.0686263158942659,-0.203860689818545,0.976591648496692));
#15596=DIRECTION('center_axis',(0.245496146889254,-0.945347968285421,-0.214589982807111));
#15597=DIRECTION('ref_axis',(0.966965392674066,0.254476006738028,-0.0148287344489196));
#15598=DIRECTION('',(0.0686263158942659,-0.203860689818545,0.976591648496692));
#15599=DIRECTION('center_axis',(-0.613771034697828,-0.780347053746206,-0.119764738865718));
#15600=DIRECTION('ref_axis',(0.786495737898648,-0.591184653772679,-0.178676129941688));
#15601=DIRECTION('',(0.0686263158942659,-0.203860689818545,0.976591648496692));
#15602=DIRECTION('center_axis',(-0.996305024817699,-0.0646746441269432,
0.0565109540713866));
#15603=DIRECTION('ref_axis',(0.0516403552445713,-0.976861305177844,-0.207545812187224));
#15604=DIRECTION('center_axis',(-0.625923841369665,-0.77418618412075,-0.0941015256071612));
#15605=DIRECTION('ref_axis',(0.75218448321709,-0.631154028090461,0.189375542329586));
#15606=DIRECTION('',(-0.206004485418357,0.0477529595076354,0.977385188574996));
#15607=DIRECTION('center_axis',(0.983670225858654,-0.0870852909294337,0.157508853284255));
#15608=DIRECTION('ref_axis',(0.105199538350428,0.988284433502875,-0.1105754747978));
#15609=DIRECTION('',(-0.146034050447291,0.125339660920389,0.981307304319254));
#15610=DIRECTION('',(0.170803091125048,0.175804553834857,-0.969494230469194));
#15611=DIRECTION('center_axis',(-0.832436317758349,-0.551538455968776,-0.0534332149931088));
#15612=DIRECTION('ref_axis',(0.534531414406001,-0.824678907810755,0.184880680508213));
#15613=DIRECTION('',(0.0357358266676978,-0.149662610305405,0.988091116126923));
#15614=DIRECTION('',(-0.146034050447291,0.125339660920389,0.981307304319254));
#15615=DIRECTION('center_axis',(-0.632432913263099,0.750943710802222,-0.190031980014256));
#15616=DIRECTION('ref_axis',(-0.760725092481843,-0.648362177032984,-0.0303944248430773));
#15617=DIRECTION('',(-0.146034050447291,0.125339660920389,0.981307304319254));
#15618=DIRECTION('',(-0.146034050447291,0.125339660920389,0.981307304319254));
#15619=DIRECTION('center_axis',(-0.954491532257962,0.242886489960813,-0.173066657223058));
#15620=DIRECTION('ref_axis',(-0.260038402851973,-0.961923137467271,0.0841659470766924));
#15621=DIRECTION('center_axis',(0.486294272676195,0.87291863474597,-0.0391271961116808));
#15622=DIRECTION('ref_axis',(-0.861505621846015,0.471490218894935,-0.188427803187635));
#15623=DIRECTION('center_axis',(0.476401465214989,0.8465591410457,0.237443181946708));
#15624=DIRECTION('ref_axis',(-0.879214310255991,0.457193407832706,0.134001434602023));
#15625=DIRECTION('',(0.00488268185472352,-0.272601923225577,0.962114520663534));
#15626=DIRECTION('center_axis',(-0.321351544309674,-0.94395578572249,0.0753701503967274));
#15627=DIRECTION('ref_axis',(0.934234327863399,-0.329031791397212,-0.137638297328776));
#15628=DIRECTION('',(0.154723642703403,0.0261831023940936,0.987610773299689));
#15629=DIRECTION('',(0.154723642703403,0.0261831023940936,0.987610773299689));
#15630=DIRECTION('center_axis',(-0.966776351318549,-0.201875189490363,0.156811652626403));
#15631=DIRECTION('ref_axis',(0.203479927559903,-0.979061210046262,-0.00592166049062693));
#15632=DIRECTION('',(-0.169781301721082,0.0485094622898924,-0.984287123584496));
#15633=DIRECTION('',(0.197630006396249,-0.979360464194026,-0.0423728892746386));
#15634=DIRECTION('',(0.154723642703403,0.0261831023940936,0.987610773299689));
#15635=DIRECTION('center_axis',(-0.633032210455302,0.770108799716345,0.0787569496966832));
#15636=DIRECTION('ref_axis',(-0.7585056459346,-0.637374993036651,0.135728785955169));
#15637=DIRECTION('',(-0.0629418352287597,-0.152602739926081,0.986281262695935));
#15638=DIRECTION('',(0.154723642703403,0.0261831023940936,0.987610773299689));
#15639=DIRECTION('center_axis',(0.593792309092654,0.796481169892618,-0.114142190573431));
#15640=DIRECTION('ref_axis',(-0.789601980779559,0.604096177074071,0.107687143120656));
#15641=DIRECTION('',(0.154723642703403,0.0261831023940936,0.987610773299689));
#15642=DIRECTION('center_axis',(0.984786071218715,-0.0841245277293476,-0.152050839418671));
#15643=DIRECTION('ref_axis',(0.0791011271866452,0.996111193082045,-0.0388008079099848));
#15644=DIRECTION('',(0.154723642703403,0.0261831023940936,0.987610773299689));
#15645=DIRECTION('center_axis',(0.483304741875511,-0.873873635184845,-0.0525489886626775));
#15646=DIRECTION('ref_axis',(0.861671121060254,0.48544754080935,-0.147863329642341));
#15647=DIRECTION('center_axis',(0.976829777324466,0.193129318245243,0.0922206732048847));
#15648=DIRECTION('ref_axis',(-0.209006146042862,0.953552394394028,0.21691994390034));
#15649=DIRECTION('',(-0.0460436428678779,-0.231168547989435,0.971823587577453));
#15650=DIRECTION('',(-0.0460436428678779,-0.231168547989435,0.971823587577453));
#15651=DIRECTION('center_axis',(0.483716474656076,0.861867625708151,-0.15232389143694));
#15652=DIRECTION('ref_axis',(-0.864078244580165,0.497955535485708,0.0735463929938291));
#15653=DIRECTION('',(0.139237780036739,0.0960441587778055,0.985590361242999));
#15654=DIRECTION('',(0.139237780036739,0.0960441587778055,0.985590361242999));
#15655=DIRECTION('center_axis',(0.989473450285161,-0.0531291401997444,-0.134609010257169));
#15656=DIRECTION('ref_axis',(0.0394351593279332,0.993958155068059,-0.102430728702284));
#15657=DIRECTION('',(0.139237780036739,0.0960441587778055,0.985590361242999));
#15658=DIRECTION('center_axis',(0.57140063248972,-0.820670916751458,-0.000750725428888724));
#15659=DIRECTION('ref_axis',(0.808773242510401,0.563271485132157,-0.169148089661769));
#15660=DIRECTION('',(0.139237780036739,0.0960441587778055,0.985590361242999));
#15661=DIRECTION('center_axis',(-0.989875317159532,-0.0142032176561297,
0.141227210857289));
#15662=DIRECTION('ref_axis',(0.027562603083842,-0.99527573474534,0.0930941176356826));
#15663=DIRECTION('',(0.139237780036739,0.0960441587778055,0.985590361242999));
#15664=DIRECTION('',(0.141099828401945,-0.206539980399366,0.968210759556808));
#15665=DIRECTION('',(-0.134895371448649,-0.21541956769946,-0.967159577636446));
#15666=DIRECTION('center_axis',(-0.563554786614882,-0.810707411696079,0.158617448928229));
#15667=DIRECTION('ref_axis',(0.814259690205708,-0.57751970718384,-0.0587549548582603));
#15668=DIRECTION('',(-0.13275650411382,-0.100634888980145,-0.986026536019914));
#15669=DIRECTION('',(0.813954833168698,-0.577727296962161,-0.060899096102589));
#15670=DIRECTION('center_axis',(-0.480784426354083,0.876664033183256,-0.0175073783943088));
#15671=DIRECTION('ref_axis',(-0.865713102584116,-0.471418807948442,0.168241289601138));
#15672=DIRECTION('',(-0.162407526386659,-0.0694118345125511,0.984279326513856));
#15673=DIRECTION('center_axis',(0.581919355608935,-0.807242605978278,0.0986369031401566));
#15674=DIRECTION('ref_axis',(0.796476930099515,0.590216068085245,0.131413442209105));
#15675=DIRECTION('',(-0.158444125654687,0.00642576391727375,0.987347035547077));
#15676=DIRECTION('center_axis',(0.580926129998992,0.809189899331079,0.0879575937878699));
#15677=DIRECTION('ref_axis',(-0.801852812520579,0.550370463490663,0.232646555895223));
#15678=DIRECTION('',(0.139845981484024,-0.205679507335152,0.968575780063253));
#15679=DIRECTION('center_axis',(-0.974828396683062,0.0186289668035396,0.222176863368271));
#15680=DIRECTION('ref_axis',(-0.0138029462022437,-0.999634282592502,0.0232546713997672));
#15681=DIRECTION('',(0.222528819923327,0.019602618743571,0.974729019595665));
#15682=DIRECTION('',(-0.220170061055232,0.0766199902302742,-0.972447695926135));
#15683=DIRECTION('',(-0.014950775849346,-0.999722108806059,0.0182257912274819));
#15684=DIRECTION('',(0.222528819923327,0.019602618743571,0.974729019595665));
#15685=DIRECTION('center_axis',(-0.366983449498732,-0.924576861646139,0.1023756548335));
#15686=DIRECTION('ref_axis',(0.903218728823502,-0.380490951596711,-0.198551161304804));
#15687=DIRECTION('',(0.222528819923327,0.019602618743571,0.974729019595665));
#15688=DIRECTION('center_axis',(-0.455614150984018,0.885994181086744,0.086197775513885));
#15689=DIRECTION('ref_axis',(-0.861914537368203,-0.463281823967684,0.206090470072083));
#15690=DIRECTION('',(0.00791630351959343,-0.0927955925983561,0.995653709947844));
#15691=DIRECTION('',(0.222528819923327,0.019602618743571,0.974729019595665));
#15692=DIRECTION('center_axis',(0.59257490908589,0.791198410270125,-0.15119541232417));
#15693=DIRECTION('ref_axis',(-0.774167876771816,0.611245296852598,0.164448428542807));
#15694=DIRECTION('',(0.222528819923327,0.019602618743571,0.974729019595665));
#15695=DIRECTION('center_axis',(0.974819859549006,0.0102865960005078,-0.222756430595346));
#15696=DIRECTION('ref_axis',(-0.014393253016191,0.999754931611301,-0.0168199579813795));
#15697=DIRECTION('',(0.222528819923327,0.019602618743571,0.974729019595665));
#15698=DIRECTION('center_axis',(0.673072574730034,-0.726386660609968,-0.139052969886237));
#15699=DIRECTION('ref_axis',(0.705304355189881,0.687006664178954,-0.174835951462769));
#15700=DIRECTION('center_axis',(-0.47518267661371,-0.87822691569341,-0.0540269228984104));
#15701=DIRECTION('ref_axis',(0.861145131217412,-0.476789261810327,0.176354934160938));
#15702=DIRECTION('',(-0.180639106582092,0.0372757880400046,0.982842830161171));
#15703=DIRECTION('',(0.20637650693392,-0.170932492615221,0.963426603511705));
#15704=DIRECTION('center_axis',(-0.971467502541359,0.14938562163605,-0.184214080771436));
#15705=DIRECTION('ref_axis',(-0.153689312182981,-0.988076136577748,0.00922733148393791));
#15706=DIRECTION('',(-0.180639106582092,0.0372757880400046,0.982842830161171));
#15707=DIRECTION('center_axis',(-0.476409380701948,0.870914385717367,-0.120591188441476));
#15708=DIRECTION('ref_axis',(-0.860467091266371,-0.490019028586174,-0.139562661450161));
#15709=DIRECTION('center_axis',(-0.344891751088281,0.90872149016204,0.235106217163523));
#15710=DIRECTION('ref_axis',(-0.928890955267099,-0.366439728756259,0.0536984023227437));
#15711=DIRECTION('',(0.134949150624356,-0.199867902642525,0.97048521278742));
#15712=DIRECTION('center_axis',(-0.518666975573052,-0.845897710919436,0.124264359778503));
#15713=DIRECTION('ref_axis',(0.852605181062088,-0.500919176389857,0.148809891979638));
#15714=DIRECTION('',(-0.0636315462328843,0.183131213576946,0.981027005203143));
#15715=DIRECTION('',(-0.0636315462328843,0.183131213576946,0.981027005203143));
#15716=DIRECTION('center_axis',(0.337280356751413,-0.921230617684471,0.193845582849669));
#15717=DIRECTION('ref_axis',(0.939251290802228,0.343215832464826,-0.00314723240721373));
#15718=DIRECTION('',(-0.0636315462328843,0.183131213576946,0.981027005203143));
#15719=DIRECTION('center_axis',(0.997825034619105,-0.00527848121185647,
0.0657064526776381));
#15720=DIRECTION('ref_axis',(0.0172112350339807,0.983074308610459,-0.182397031605983));
#15721=DIRECTION('',(-0.0636315462328843,0.183131213576946,0.981027005203143));
#15722=DIRECTION('center_axis',(0.447866868560967,0.88370943816171,-0.135915035773486));
#15723=DIRECTION('ref_axis',(-0.891833109034087,0.43072100891151,-0.1382502011313));
#15724=DIRECTION('',(-0.0636315462328843,0.183131213576946,0.981027005203143));
#15725=DIRECTION('center_axis',(-0.997918019554444,-0.0220374630598563,
-0.060613335747353));
#15726=DIRECTION('ref_axis',(0.0105191526535261,-0.982841446437685,0.184152215820857));
#15727=DIRECTION('',(-0.0636315462328843,0.183131213576946,0.981027005203143));
#15728=DIRECTION('center_axis',(-0.565458108034585,0.803380544494923,-0.186646266464101));
#15729=DIRECTION('ref_axis',(-0.822318766891502,-0.56660626482671,0.0524326832916691));
#15730=DIRECTION('center_axis',(-0.677603372072297,0.715097584046596,-0.171723951290942));
#15731=DIRECTION('ref_axis',(-0.724068188190271,-0.689576743306338,-0.0144628469494512));
#15732=DIRECTION('',(-0.128759189990892,0.114539776417393,0.985038938626866));
#15733=DIRECTION('',(-0.128759189990892,0.114539776417393,0.985038938626866));
#15734=DIRECTION('center_axis',(-0.989541393606279,-0.079976820276548,-0.12004806769872));
#15735=DIRECTION('ref_axis',(0.0650300033264111,-0.990194096042138,0.123639600576274));
#15736=DIRECTION('',(-0.128759189990892,0.114539776417393,0.985038938626866));
#15737=DIRECTION('center_axis',(-0.519229821946758,-0.854056224725347,0.0314381457631644));
#15738=DIRECTION('ref_axis',(0.844879555317814,-0.507413642530571,0.169440055417339));
#15739=DIRECTION('',(-0.128759189990892,0.114539776417393,0.985038938626866));
#15740=DIRECTION('center_axis',(0.983381126056866,-0.113457775413709,0.141735295933312));
#15741=DIRECTION('ref_axis',(0.12799465577914,0.98691842257424,-0.0980275230511997));
#15742=DIRECTION('',(-0.128759189990892,0.114539776417393,0.985038938626866));
#15743=DIRECTION('',(-0.152622953701021,-0.0938174257096304,0.983821388584734));
#15744=DIRECTION('center_axis',(0.442157577421705,-0.882476721924728,0.16041044850494));
#15745=DIRECTION('ref_axis',(0.88764731043442,0.456196750184874,0.0629823578417074));
#15746=DIRECTION('center_axis',(0.493185166464187,0.869154167623062,-0.0365981486301374));
#15747=DIRECTION('ref_axis',(-0.860342642539925,0.481094244947614,-0.168400905299536));
#15748=DIRECTION('',(-0.159452917005842,0.0489606810689545,-0.985990678945593));
#15749=DIRECTION('center_axis',(-0.360054867032233,-0.921788507281242,-0.143758271312024));
#15750=DIRECTION('ref_axis',(0.92239015291208,-0.32863640715324,-0.202964326186253));
#15751=DIRECTION('',(0.139845981484024,-0.205679507335152,0.968575780063253));
#15752=DIRECTION('center_axis',(-0.971875959514599,0.00901683824905854,
0.235320666210107));
#15753=DIRECTION('ref_axis',(0.00901683824905857,-0.997109114814001,0.0754460720172353));
#15754=DIRECTION('',(0.235320666210107,0.0754460720172353,0.9689850743286));
#15755=DIRECTION('center_axis',(0.36861422742575,0.915568128581597,-0.160805949096759));
#15756=DIRECTION('ref_axis',(-0.89930402834289,0.395022647632717,0.187641606429622));
#15757=DIRECTION('',(0.235320666210107,0.0754460720172353,0.9689850743286));
#15758=DIRECTION('center_axis',(0.970945941104655,0.0263248798685552,-0.237846547488716));
#15759=DIRECTION('ref_axis',(-0.0434530034270079,0.996802332921165,-0.0670592691288547));
#15760=DIRECTION('',(0.235320666210107,0.0754460720172353,0.9689850743286));
#15761=DIRECTION('center_axis',(0.44569097647173,-0.89435420117522,-0.0386020249716388));
#15762=DIRECTION('ref_axis',(0.863703500945844,0.44095175819743,-0.244085659956679));
#15763=DIRECTION('center_axis',(0.249714443879089,-0.960885152367094,0.119759845017537));
#15764=DIRECTION('ref_axis',(0.959593441189443,0.262130556893455,0.102313238483245));
#15765=DIRECTION('',(-0.129703986617065,0.0893716683473802,0.987516876186147));
#15766=DIRECTION('',(-0.129703986617065,0.0893716683473802,0.987516876186147));
#15767=DIRECTION('center_axis',(-0.651529417883744,-0.758434327720017,-0.0169348211669478));
#15768=DIRECTION('ref_axis',(0.747453204881557,-0.645592809309934,0.156600226946187));
#15769=DIRECTION('',(0.124416889561079,-0.0848056451188912,-0.988599231310603));
#15770=DIRECTION('',(0.758622661845393,-0.651396957466475,-0.0131780399919817));
#15771=DIRECTION('',(-0.129703986617065,0.0893716683473802,0.987516876186147));
#15772=DIRECTION('center_axis',(0.481156981996735,0.876486109057287,-0.0161263543744644));
#15773=DIRECTION('ref_axis',(-0.86698606363161,0.473058987364603,-0.156685544777248));
#15774=DIRECTION('',(-0.129703986617065,0.0893716683473802,0.987516876186147));
#15775=DIRECTION('',(-0.147532891525777,0.0628290718858206,-0.987059549188401));
#15776=DIRECTION('center_axis',(-0.990870285987298,-0.0486274347789525,
-0.125743584068014));
#15777=DIRECTION('ref_axis',(0.0367824985977194,-0.99481057366899,0.094862902724322));
#15778=DIRECTION('',(-0.111350978135189,-0.2306378821556,0.966647364338783));
#15779=DIRECTION('',(-0.129703986617065,0.0893716683473802,0.987516876186147));
#15780=DIRECTION('center_axis',(-0.482263863312915,0.864509241300221,-0.141581559000523));
#15781=DIRECTION('ref_axis',(-0.86637084553795,-0.49460739643006,-0.0690295690160043));
#15782=DIRECTION('center_axis',(0.987217332104888,-0.0813912507167601,0.13703066627025));
#15783=DIRECTION('ref_axis',(0.0926218929160238,0.992667199621085,-0.0776724902979508));
#15784=DIRECTION('center_axis',(-0.98575489904582,0.0721426603473243,0.151929969279192));
#15785=DIRECTION('ref_axis',(-0.100379309386599,-0.977163373265335,-0.187285173454229));
#15786=DIRECTION('center_axis',(0.50592434248119,-0.843609146835636,0.179900436520391));
#15787=DIRECTION('ref_axis',(0.831360204153243,0.532492626934005,0.15903400017355));
#15788=DIRECTION('',(-0.229958193233584,0.0691028916628927,0.970744054696485));
#15789=DIRECTION('',(-0.229958193233584,0.0691028916628927,0.970744054696485));
#15790=DIRECTION('center_axis',(0.616881999895686,-0.76113782463965,0.200314278341611));
#15791=DIRECTION('ref_axis',(0.752712313948327,0.644898443374341,0.132401548948294));
#15792=DIRECTION('',(-0.229958193233584,0.0691028916628927,0.970744054696485));
#15793=DIRECTION('center_axis',(0.957120991188516,0.196631002383569,0.212733770539484));
#15794=DIRECTION('ref_axis',(-0.176177857834232,0.978039385334486,-0.111356738204215));
#15795=DIRECTION('',(-0.229958193233584,0.0691028916628927,0.970744054696485));
#15796=DIRECTION('center_axis',(0.348008919022438,0.937359533818538,0.0157129449921788));
#15797=DIRECTION('ref_axis',(-0.908850384631915,0.341440909563162,-0.239601927436113));
#15798=DIRECTION('',(-0.229958193233584,0.0691028916628927,0.970744054696485));
#15799=DIRECTION('center_axis',(-0.598024271268589,-0.796965115051411,-0.0849327755625878));
#15800=DIRECTION('ref_axis',(0.767780046848327,-0.600059493512867,0.224593864356671));
#15801=DIRECTION('',(-0.229958193233584,0.0691028916628927,0.970744054696485));
#15802=DIRECTION('center_axis',(-0.962744231086137,0.129673115984904,-0.237293970637957));
#15803=DIRECTION('ref_axis',(-0.142277105941566,-0.989145931273334,0.0367090148369627));
#15804=DIRECTION('',(-0.229958193233584,0.0691028916628927,0.970744054696485));
#15805=DIRECTION('center_axis',(-0.433228665425312,0.885922772479884,-0.165691776064349));
#15806=DIRECTION('ref_axis',(-0.871454045155881,-0.458656332743135,-0.173787846571817));
#15807=DIRECTION('center_axis',(0.991452099600737,-0.00797934855365292,
-0.130226971837442));
#15808=DIRECTION('ref_axis',(-0.00797934855365295,0.992551386847445,-0.121565103808096));
#15809=DIRECTION('center_axis',(0.991452099600737,-0.00797934855365292,
-0.130226971837442));
#15810=DIRECTION('ref_axis',(0.130222754471872,-0.00104805138641218,0.991484208551024));
#15811=DIRECTION('',(0.130226971837442,0.121565103808096,0.984003486448182));
#15812=DIRECTION('center_axis',(-0.988167477966512,0.0970236369336284,0.118791621613122));
#15813=DIRECTION('ref_axis',(-0.0810306811976416,-0.98783011667609,0.132761776473306));
#15814=DIRECTION('',(0.130226971837442,0.121565103808096,0.984003486448182));
#15815=DIRECTION('',(0.130226971837442,0.121565103808096,0.984003486448182));
#15816=DIRECTION('',(-0.0831150727865547,0.312191679630574,-0.946376373249632));
#15817=DIRECTION('',(-0.100629169967982,-0.994616728737951,-0.024725150478253));
#15818=DIRECTION('',(0.130226971837442,0.121565103808096,0.984003486448182));
#15819=DIRECTION('center_axis',(-0.991189395346187,0.0401627668798548,0.12621622205491));
#15820=DIRECTION('ref_axis',(-0.0241768144988118,-0.991770577146086,0.12572431725012));
#15821=DIRECTION('center_axis',(-0.263038757073141,0.961127879717721,-0.0839274157038972));
#15822=DIRECTION('ref_axis',(-0.955955829567176,-0.247901440829706,0.157141107133329));
#15823=DIRECTION('',(-0.128152877834843,0.0514128182723482,0.990420901445412));
#15824=DIRECTION('',(0.424104499068498,0.0370541620620001,-0.904854885019549));
#15825=DIRECTION('',(0.130226971837442,0.121565103808096,0.984003486448182));
#15826=DIRECTION('center_axis',(0.515000424788728,0.839775857001406,-0.171904253772224));
#15827=DIRECTION('ref_axis',(-0.847239929579266,0.529148783929134,0.0467553867788304));
#15828=DIRECTION('',(0.316621343279889,0.,0.948552014904633));
#15829=DIRECTION('center_axis',(0.515000424788728,0.839775857001406,-0.171904253772224));
#15830=DIRECTION('ref_axis',(-0.0898685777174555,-0.146542523535071,-0.985113662241578));
#15831=DIRECTION('center_axis',(0.985759329909177,-0.103036749658811,0.132898351068618));
#15832=DIRECTION('ref_axis',(0.0736439768454755,0.97499452462431,0.209671747326621));
#15833=DIRECTION('',(-0.15117905996332,-0.196898718056677,0.968697985264883));
#15834=DIRECTION('',(-0.15117905996332,-0.196898718056677,0.968697985264883));
#15835=DIRECTION('',(-0.15117905996332,-0.196898718056677,0.968697985264883));
#15836=DIRECTION('center_axis',(0.,0.,1.));
#15837=DIRECTION('ref_axis',(0.,-1.,0.));
#15838=DIRECTION('center_axis',(0.45227021992865,0.848169724218881,0.27578935273893));
#15839=DIRECTION('ref_axis',(-0.884750991667463,0.465687701477372,0.0187255823985184));
#15840=DIRECTION('',(-0.112549237710135,-0.252473926596766,0.961035683770212));
#15841=DIRECTION('center_axis',(0.0144901738480962,-0.967495194432852,-0.252473926596766));
#15842=DIRECTION('ref_axis',(0.993540489337359,-0.0144901738480962,0.112549237710135));
#15843=DIRECTION('',(-0.112549237710135,-0.252473926596766,0.961035683770212));
#15844=DIRECTION('center_axis',(-0.989522476167647,0.116502126752991,-0.0852790925202611));
#15845=DIRECTION('ref_axis',(-0.0904319536995453,-0.960564506345535,-0.262940850571459));
#15846=DIRECTION('',(0.058280248782135,-0.218091563379548,-0.974186574832849));
#15847=DIRECTION('center_axis',(-0.36140204283856,0.911341062884144,0.19709396371608));
#15848=DIRECTION('ref_axis',(-0.925592368444654,-0.325137483981793,-0.193815334757098));
#15849=DIRECTION('',(-0.185748869538193,-0.277513683455426,0.942594034014795));
#15850=DIRECTION('center_axis',(0.,-1.,0.));
#15851=DIRECTION('ref_axis',(1.,0.,0.));
#15852=DIRECTION('center_axis',(-0.599826515095422,0.779079930415788,-0.182325570921394));
#15853=DIRECTION('ref_axis',(-0.795863648626612,-0.604432156578309,0.0355361912538766));
#15854=DIRECTION('',(-0.0825179046220771,0.166421843871008,0.982595830084453));
#15855=DIRECTION('center_axis',(0.611346473449143,0.787106218128262,-0.0819712802457126));
#15856=DIRECTION('ref_axis',(-0.787049099369333,0.593942397262899,-0.166691763190396));
#15857=DIRECTION('center_axis',(-0.391560936683013,0.890488617745649,-0.231754297758131));
#15858=DIRECTION('ref_axis',(-0.917032785886984,-0.356931850723226,0.177905940169657));
#15859=DIRECTION('',(0.0757027243385466,0.282187305888724,0.95636782773313));
#15860=DIRECTION('center_axis',(0.436779936869454,0.852823277510058,-0.286209266246429));
#15861=DIRECTION('ref_axis',(-0.89637736711501,0.439389100607044,-0.0586927081645982));
#15862=DIRECTION('center_axis',(-0.522583767190174,0.851830221690999,-0.0359371629819201));
#15863=DIRECTION('ref_axis',(-0.818986739554498,-0.513258879315407,-0.256565865301262));
#15864=DIRECTION('center_axis',(-0.446772092306802,-0.860549399615438,-0.244641428129645));
#15865=DIRECTION('ref_axis',(0.881782053210661,-0.469771886822899,0.042128197047153));
#15866=DIRECTION('',(-0.15117905996332,-0.196898718056677,0.968697985264883));
#15867=DIRECTION('center_axis',(-0.525454449111993,0.84605196929835,0.089964921801759));
#15868=DIRECTION('ref_axis',(-0.837282815861534,-0.495405853895593,-0.231366648825969));
#15869=DIRECTION('',(-0.15117905996332,-0.196898718056677,0.968697985264883));
#15870=DIRECTION('center_axis',(0.633601865201924,0.732884238357963,0.247849489769723));
#15871=DIRECTION('ref_axis',(-0.758744731936407,0.651238503156951,0.0139586447996874));
#15872=DIRECTION('center_axis',(-0.442306863701749,-0.895746133878196,-0.0447604955802286));
#15873=DIRECTION('ref_axis',(0.863083132827226,-0.438685119939501,0.250285579634157));
#15874=DIRECTION('',(-0.243828103694924,0.0720710010054755,0.967136818998536));
#15875=DIRECTION('',(-0.243828103694924,0.0720710010054755,0.967136818998536));
#15876=DIRECTION('center_axis',(-0.969807315239005,-0.0229015799632371,
-0.242794746533158));
#15877=DIRECTION('ref_axis',(0.00465050077417032,-0.997136544536031,0.0754790328057616));
#15878=DIRECTION('',(-0.243828103694924,0.0720710010054755,0.967136818998536));
#15879=DIRECTION('center_axis',(-0.329788025442642,0.93164490030595,-0.15257010850281));
#15880=DIRECTION('ref_axis',(-0.912023965761416,-0.356151022107174,-0.203393056245376));
#15881=DIRECTION('',(-0.243828103694924,0.0720710010054755,0.967136818998536));
#15882=DIRECTION('center_axis',(0.50920541472754,0.858230522016628,0.0644221754617197));
#15883=DIRECTION('ref_axis',(-0.825383366358137,0.508179241895156,-0.245959664673241));
#15884=DIRECTION('',(-0.243828103694924,0.0720710010054755,0.967136818998536));
#15885=DIRECTION('center_axis',(0.959266835150109,-0.128781514230947,0.251440769513373));
#15886=DIRECTION('ref_axis',(0.142670931971549,0.989050601539908,-0.0377347686347301));
#15887=DIRECTION('',(-0.243828103694924,0.0720710010054755,0.967136818998536));
#15888=DIRECTION('center_axis',(0.581960961504547,-0.786860823117209,0.205356968053223));
#15889=DIRECTION('ref_axis',(0.775802355715192,0.612907673191793,0.149916273330754));
#15890=DIRECTION('',(-0.243828103694924,0.0720710010054755,0.967136818998536));
#15891=DIRECTION('center_axis',(0.151658424748155,-0.982132630119704,0.111423601885156));
#15892=DIRECTION('ref_axis',(0.957887038252134,0.173842652039775,0.228541362296482));
#15893=DIRECTION('center_axis',(-0.345318900286242,-0.926871553584914,0.147186888886847));
#15894=DIRECTION('ref_axis',(0.931481175992648,-0.319374777465829,0.174191188898883));
#15895=DIRECTION('',(-0.114445077991387,0.197253326141135,0.973649551661071));
#15896=DIRECTION('',(-0.114445077991387,0.197253326141135,0.973649551661071));
#15897=DIRECTION('center_axis',(-0.977591342430797,-0.196673774846028,-0.0750639293680139));
#15898=DIRECTION('ref_axis',(0.176684722961262,-0.960422069516352,0.215341489402366));
#15899=DIRECTION('',(-0.114445077991387,0.197253326141135,0.973649551661071));
#15900=DIRECTION('center_axis',(-0.586785623405902,0.777427076839036,-0.22647245386947));
#15901=DIRECTION('ref_axis',(-0.801613969618602,-0.597242216796311,0.0267727135071545));
#15902=DIRECTION('',(-0.114445077991387,0.197253326141135,0.973649551661071));
#15903=DIRECTION('center_axis',(0.521066816918896,0.846369264272419,-0.110219965527915));
#15904=DIRECTION('ref_axis',(-0.845808309506094,0.494722340127494,-0.199644959238195));
#15905=DIRECTION('',(-0.114445077991387,0.197253326141135,0.973649551661071));
#15906=DIRECTION('center_axis',(0.976790967564468,-0.156282517513713,0.146475869698888));
#15907=DIRECTION('ref_axis',(0.181057255607211,0.967815529967274,-0.174789502391162));
#15908=DIRECTION('center_axis',(0.337052793320966,-0.91424503599896,0.22483644870393));
#15909=DIRECTION('ref_axis',(0.934504006753358,0.353902726010298,0.0381460598804177));
#15910=DIRECTION('center_axis',(0.990757975174818,0.0136880010687956,-0.134949150624356));
#15911=DIRECTION('ref_axis',(0.0136880010687956,0.979727237612601,0.199867902642525));
#15912=DIRECTION('center_axis',(-0.517359583130433,-0.852259898446033,0.077408831820807));
#15913=DIRECTION('ref_axis',(0.834421559396194,-0.482308881600502,0.266681090338433));
#15914=DIRECTION('',(-0.189946631867815,0.202561615885217,0.960671155397123));
#15915=DIRECTION('',(-0.189946631867815,0.202561615885217,0.960671155397123));
#15916=DIRECTION('center_axis',(-0.98167713666958,-0.0543083902487342,-0.182648838180829));
#15917=DIRECTION('ref_axis',(0.0151748602065431,-0.977762440738322,0.209165802891273));
#15918=DIRECTION('',(-0.189946631867815,0.202561615885217,0.960671155397123));
#15919=DIRECTION('center_axis',(-0.637635492986199,0.718584587039584,-0.277591731421158));
#15920=DIRECTION('ref_axis',(-0.746552915154926,-0.66528564018707,-0.00733224621524281));
#15921=DIRECTION('',(-0.189946631867815,0.202561615885217,0.960671155397123));
#15922=DIRECTION('center_axis',(0.389718258146669,0.913651131705475,-0.11559104117721));
#15923=DIRECTION('ref_axis',(-0.901132596408097,0.35243496038741,-0.252486915279834));
#15924=DIRECTION('',(-0.189946631867815,0.202561615885217,0.960671155397123));
#15925=DIRECTION('center_axis',(0.980409251901737,0.0910925506006801,0.174642051094628));
#15926=DIRECTION('ref_axis',(-0.0521342097623898,0.975023558174382,-0.21589600546888));
#15927=DIRECTION('',(-0.189946631867815,0.202561615885217,0.960671155397123));
#15928=DIRECTION('center_axis',(0.323890397524308,-0.910778245798375,0.256082012980181));
#15929=DIRECTION('ref_axis',(0.926830776050094,0.359794078259225,0.10739149787565));
#15930=DIRECTION('center_axis',(0.990171874217297,0.0306903724361466,-0.136446914764443));
#15931=DIRECTION('ref_axis',(-0.00166161721662016,0.978138048182413,0.207949988521581));
#15932=DIRECTION('',(0.139845981484024,-0.205679507335152,0.968575780063253));
#15933=DIRECTION('center_axis',(0.582268124347362,-0.774102866792689,-0.248452375702759));
#15934=DIRECTION('ref_axis',(0.800878850283721,0.598715869077903,0.0115054457765081));
#15935=DIRECTION('center_axis',(-0.980936722845856,0.104519389050147,0.163825648434596));
#15936=DIRECTION('ref_axis',(-0.13493052743987,-0.973021910120709,-0.187141965336066));
#15937=DIRECTION('',(0.139845981484024,-0.205679507335152,0.968575780063253));
#15938=DIRECTION('center_axis',(-0.572419268494073,0.781374968342737,0.248574616371217));
#15939=DIRECTION('ref_axis',(-0.807947574115722,-0.589193600703331,-0.00846276377807077));
#15940=DIRECTION('',(-0.171085705904542,0.182666401363524,-0.96817491552304));
#15941=DIRECTION('center_axis',(-0.545243646479311,-0.823212530018591,0.158210291682727));
#15942=DIRECTION('ref_axis',(0.837281487314637,-0.544006618546725,0.0549227637464394));
#15943=DIRECTION('',(0.0408543384982917,0.162412836308427,0.985876763915308));
#15944=DIRECTION('',(0.0408543384982917,0.162412836308427,0.985876763915308));
#15945=DIRECTION('center_axis',(-0.999133069735581,0.0145427744798524,0.0390079052396165));
#15946=DIRECTION('ref_axis',(-0.00800199891413053,-0.986615719676451,0.162866171136605));
#15947=DIRECTION('',(0.0408543384982917,0.162412836308427,0.985876763915308));
#15948=DIRECTION('center_axis',(-0.642439034650514,0.759970465943476,-0.0985747313005312));
#15949=DIRECTION('ref_axis',(-0.765247025334423,-0.629338511054192,0.135388436437197));
#15950=DIRECTION('',(0.0408543384982917,0.162412836308427,0.985876763915308));
#15951=DIRECTION('center_axis',(0.323786352489302,0.931303807368155,-0.166840092073976));
#15952=DIRECTION('ref_axis',(-0.945247756393815,0.32602958298877,-0.0145392588747811));
#15953=DIRECTION('',(0.0408543384982917,0.162412836308427,0.985876763915308));
#15954=DIRECTION('center_axis',(0.987929707486287,-0.154120407728782,-0.0155496941311798));
#15955=DIRECTION('ref_axis',(0.149418258897386,0.974612215459957,-0.166748953173048));
#15956=DIRECTION('',(0.0408543384982917,0.162412836308427,0.985876763915308));
#15957=DIRECTION('center_axis',(0.494000078045137,-0.860950258487133,0.121361341877623));
#15958=DIRECTION('ref_axis',(0.868501494481884,0.482065060975374,-0.11540550710232));
#15959=DIRECTION('center_axis',(0.664013137294703,-0.718511112198303,-0.206950078877985));
#15960=DIRECTION('ref_axis',(0.747704963817916,0.639867152697554,0.177502997103637));
#15961=DIRECTION('',(0.00488268185472352,-0.272601923225577,0.962114520663534));
#15962=DIRECTION('',(0.00488268185472352,-0.272601923225577,0.962114520663534));
#15963=DIRECTION('center_axis',(-0.3884532955559,-0.88708388581534,-0.249371643733841));
#15964=DIRECTION('ref_axis',(0.92145547726934,-0.372518953853993,-0.11022446384474));
#15965=DIRECTION('',(0.00488268185472352,-0.272601923225577,0.962114520663534));
#15966=DIRECTION('center_axis',(-0.970939567949973,0.228923039639122,0.0697896647900338));
#15967=DIRECTION('ref_axis',(-0.239274977394264,-0.934495817741364,-0.2635622351872));
#15968=DIRECTION('center_axis',(0.999841835721694,-0.0151231906695432,-0.00935909422143038));
#15969=DIRECTION('ref_axis',(0.0171015484263421,0.962008045994257,0.272484965610458));
#15970=DIRECTION('center_axis',(-0.484291951411721,-0.871348865945516,-0.0788191576540349));
#15971=DIRECTION('ref_axis',(0.859340993093483,-0.490659541584664,0.144174449334945));
#15972=DIRECTION('',(-0.164299614688942,0.00208999219892087,0.986408266665316));
#15973=DIRECTION('center_axis',(-0.986335586404399,-0.0126706671096199,
-0.164260662324514));
#15974=DIRECTION('ref_axis',(0.0121551472782456,-0.999917539663949,0.00414321940506564));
#15975=DIRECTION('',(-0.164299614688942,0.00208999219892087,0.986408266665316));
#15976=DIRECTION('center_axis',(-0.249341936110906,0.967434385586731,-0.0435810564453092));
#15977=DIRECTION('ref_axis',(-0.954376359467024,-0.253113297787834,-0.158427974087398));
#15978=DIRECTION('',(-0.155469965828313,-0.0844076585060269,-0.984227837906891));
#15979=DIRECTION('',(-0.164299614688942,0.00208999219892087,0.986408266665316));
#15980=DIRECTION('center_axis',(0.531993516886964,0.842285064721487,0.0868260775191446));
#15981=DIRECTION('ref_axis',(-0.830655484905328,0.539028293951003,-0.139498973892161));
#15982=DIRECTION('',(-0.8463810808952,0.531979823915492,0.0252296026428161));
#15983=DIRECTION('',(-0.0279568290124356,-0.0850126004244126,0.995987587011329));
#15984=DIRECTION('',(-0.164299614688942,0.00208999219892087,0.986408266665316));
#15985=DIRECTION('center_axis',(0.986195859752967,0.0212072425921971,0.164219301751478));
#15986=DIRECTION('ref_axis',(-0.0205757823465472,0.99977291661369,-0.00554548344000466));
#15987=DIRECTION('center_axis',(0.472873650414502,-0.878963798655773,-0.0617507198037228));
#15988=DIRECTION('ref_axis',(0.854790576986345,0.474617274531257,-0.209932160975571));
#15989=DIRECTION('',(0.21383072800469,0.046487453889577,0.975763975760455));
#15990=DIRECTION('',(0.21383072800469,0.046487453889577,0.975763975760455));
#15991=DIRECTION('center_axis',(-0.438186321248234,-0.869589620989525,-0.227610717977501));
#15992=DIRECTION('ref_axis',(0.897704144371849,-0.436319829354283,-0.0612558216813317));
#15993=DIRECTION('',(-0.0460436428678779,-0.231168547989435,0.971823587577453));
#15994=DIRECTION('',(-0.0460436428678779,-0.231168547989435,0.971823587577453));
#15995=DIRECTION('center_axis',(-0.998090444916234,0.0507467171564853,-0.0352169627417502));
#15996=DIRECTION('ref_axis',(-0.0411758025831854,-0.971589354160643,-0.233063682634886));
#15997=DIRECTION('',(-0.0460436428678779,-0.231168547989435,0.971823587577453));
#15998=DIRECTION('center_axis',(-0.343399464242976,0.917228582202815,0.201912198610811));
#15999=DIRECTION('ref_axis',(-0.938060121159136,-0.32442692614928,-0.121615700796555));
#16000=DIRECTION('',(-0.0460436428678779,-0.231168547989435,0.971823587577453));
#16001=DIRECTION('center_axis',(0.486130511537088,0.844700099750895,0.223961753952583));
#16002=DIRECTION('ref_axis',(-0.872672394833333,0.482745112767891,0.073485014761999));
#16003=DIRECTION('center_axis',(0.643868384278332,-0.750674574954118,-0.148058050251464));
#16004=DIRECTION('ref_axis',(0.763749623029868,0.618909351147574,0.183405911529109));
#16005=DIRECTION('center_axis',(0.984695975144751,0.00307833416078728,-0.174253724185519));
#16006=DIRECTION('ref_axis',(0.00307833416078727,0.999380807252007,0.0350503345935628));
#16007=DIRECTION('center_axis',(-0.981117191765559,0.0790027530368974,0.176543538637514));
#16008=DIRECTION('ref_axis',(-0.0839326851086121,-0.996258018315271,-0.0206219619092914));
#16009=DIRECTION('center_axis',(-0.464579364236321,-0.838677360597438,-0.284229307333167));
#16010=DIRECTION('ref_axis',(0.882150304379324,-0.466339977586426,-0.0658624763287629));
#16011=DIRECTION('',(-0.0773101210013362,-0.281331317357324,0.95649141923216));
#16012=DIRECTION('',(-0.0773101210013362,-0.281331317357324,0.95649141923216));
#16013=DIRECTION('center_axis',(-0.993317966155937,0.104187702394856,-0.0496421270848999));
#16014=DIRECTION('ref_axis',(-0.0856887583209789,-0.953937950048992,-0.287506215852345));
#16015=DIRECTION('center_axis',(0.625204143838048,0.733619713101745,0.26631165028261));
#16016=DIRECTION('ref_axis',(-0.776622767962987,0.618590984756896,0.119173276614354));
#16017=DIRECTION('',(-0.0773101210013362,-0.281331317357324,0.95649141923216));
#16018=DIRECTION('center_axis',(0.994563290814614,0.0453682475746393,0.0937314391013589));
#16019=DIRECTION('ref_axis',(-0.0697639287509258,0.958537642446033,0.276294376090497));
#16020=DIRECTION('',(-0.0773101210013362,-0.281331317357324,0.95649141923216));
#16021=DIRECTION('center_axis',(0.473745941092941,-0.854504308109527,-0.213042650002817));
#16022=DIRECTION('ref_axis',(0.877261607782264,0.436663574501299,0.199341401156473));
#16023=DIRECTION('center_axis',(-0.52246011749815,-0.838559829804318,0.154443638465211));
#16024=DIRECTION('ref_axis',(0.825416164964561,-0.542822557074978,-0.155022018261208));
#16025=DIRECTION('',(0.21383072800469,0.046487453889577,0.975763975760455));
#16026=DIRECTION('center_axis',(-0.976689499982623,-0.00906572487759079,
0.214465459354504));
#16027=DIRECTION('ref_axis',(0.0188159609023579,-0.998877734892168,0.0434652775444107));
#16028=DIRECTION('',(0.21383072800469,0.046487453889577,0.975763975760455));
#16029=DIRECTION('center_axis',(-0.507861098496344,0.858558291025055,0.0703900955122522));
#16030=DIRECTION('ref_axis',(-0.8344779951533,-0.510604129970569,0.207195313803008));
#16031=DIRECTION('',(0.21383072800469,0.046487453889577,0.975763975760455));
#16032=DIRECTION('center_axis',(0.580273516708085,0.797499769153621,-0.165156786137154));
#16033=DIRECTION('ref_axis',(-0.785849263897483,0.601525589506204,0.143554517870381));
#16034=DIRECTION('',(0.21383072800469,0.046487453889577,0.975763975760455));
#16035=DIRECTION('center_axis',(0.976468405763608,0.0184930316554463,-0.214866145136149));
#16036=DIRECTION('ref_axis',(-0.0280334141064301,0.998747678050395,-0.0414391515656666));
#16037=DIRECTION('center_axis',(-0.4625557718589,-0.840676764277517,-0.281610965560473));
#16038=DIRECTION('ref_axis',(0.863700093170915,-0.498988212931126,0.0709430222950347));
#16039=DIRECTION('',(-0.200160702877887,-0.210412312756849,0.956902477613965));
#16040=DIRECTION('',(-0.200160702877887,-0.210412312756849,0.956902477613965));
#16041=DIRECTION('center_axis',(-0.955574618061539,0.257604029282442,-0.143238658936736));
#16042=DIRECTION('ref_axis',(-0.216362756360641,-0.943062470220168,-0.252626868963421));
#16043=DIRECTION('',(-0.200160702877887,-0.210412312756849,0.956902477613965));
#16044=DIRECTION('center_axis',(-0.477287646593796,0.873884101087529,0.0923205300862013));
#16045=DIRECTION('ref_axis',(-0.855647237728485,-0.438238789368028,-0.275344453477564));
#16046=DIRECTION('center_axis',(0.642629058634851,-0.765427710537661,-0.0338867664311601));
#16047=DIRECTION('ref_axis',(0.739569865544504,0.608150539407299,0.288425615015546));
#16048=DIRECTION('center_axis',(0.332496276700867,0.942798699752341,0.0240174462704738));
#16049=DIRECTION('ref_axis',(-0.920330580806472,0.329924637763773,-0.210098442233313));
#16050=DIRECTION('',(-0.206004485418357,0.0477529595076354,0.977385188574996));
#16051=DIRECTION('',(0.00416485227047674,0.0239982543727715,-0.999703324888251));
#16052=DIRECTION('center_axis',(-0.967338072213552,0.140833397100111,-0.210767664283236));
#16053=DIRECTION('ref_axis',(-0.147713256120385,-0.988880988349713,0.0171809442932805));
#16054=DIRECTION('',(-0.206004485418357,0.0477529595076354,0.977385188574996));
#16055=DIRECTION('center_axis',(-0.437846875819709,0.888748282615557,-0.135707787111937));
#16056=DIRECTION('ref_axis',(-0.875129856262737,-0.455901464141278,-0.162177648495103));
#16057=DIRECTION('center_axis',(-0.648450232321629,0.761097828368487,0.015568938782028));
#16058=DIRECTION('ref_axis',(-0.747137764496213,-0.640210769643162,0.178648625229839));
#16059=DIRECTION('',(0.145936482983616,0.104212600417046,0.983789752360071));
#16060=DIRECTION('center_axis',(-0.442657227895226,-0.882455785857813,0.159142592030491));
#16061=DIRECTION('ref_axis',(0.884735622390377,-0.458706354785266,-0.0826520329642696));
#16062=DIRECTION('',(0.145936482983616,0.104212600417046,0.983789752360071));
#16063=DIRECTION('center_axis',(0.339457027078366,0.928786771530581,-0.148741587314774));
#16064=DIRECTION('ref_axis',(-0.929231655563611,0.35566116873243,0.100168175357204));
#16065=DIRECTION('',(0.145936482983616,0.104212600417046,0.983789752360071));
#16066=DIRECTION('center_axis',(0.989005331349132,0.00865124168175228,-0.147626591711512));
#16067=DIRECTION('ref_axis',(-0.0238955539246604,0.994517415599989,-0.101804285621739));
#16068=DIRECTION('',(0.145936482983616,0.104212600417046,0.983789752360071));
#16069=DIRECTION('center_axis',(0.516514453870426,-0.856162820943807,0.0140727742992668));
#16070=DIRECTION('ref_axis',(0.843750770001016,0.506087895476527,-0.178772705340698));
#16071=DIRECTION('center_axis',(-0.396526644596955,-0.886202752167898,-0.239606557036161));
#16072=DIRECTION('ref_axis',(0.884131876806449,-0.438914637297477,0.160202264593017));
#16073=DIRECTION('',(-0.247138512861485,-0.14831932853161,0.957561450897302));
#16074=DIRECTION('center_axis',(-0.967638225471629,0.0897670933704195,-0.23583497101563));
#16075=DIRECTION('ref_axis',(-0.0509786236253025,-0.984856967143838,-0.165704357822934));
#16076=DIRECTION('',(-0.247138512861485,-0.14831932853161,0.957561450897302));
#16077=DIRECTION('center_axis',(-0.366475245687191,0.92911919483621,0.0493296673962733));
#16078=DIRECTION('ref_axis',(-0.897005267408796,-0.338731307337905,-0.283976498446662));
#16079=DIRECTION('',(-0.247138512861485,-0.14831932853161,0.957561450897302));
#16080=DIRECTION('center_axis',(0.410421616731711,0.879170080032382,0.242103421898956));
#16081=DIRECTION('ref_axis',(-0.877767994392563,0.452836998444019,-0.156403327523011));
#16082=DIRECTION('',(-0.247138512861485,-0.14831932853161,0.957561450897302));
#16083=DIRECTION('center_axis',(0.968713346725953,-0.0146292754084634,0.24775075413816));
#16084=DIRECTION('ref_axis',(-0.0227377953112674,0.988831310732501,0.147294370494691));
#16085=DIRECTION('center_axis',(-0.446606324727325,0.880027414046346,-0.161538048893914));
#16086=DIRECTION('ref_axis',(-0.893286527591757,-0.448811621506756,0.0246436203415169));
#16087=DIRECTION('',(-0.0508130921772302,0.155305759479092,0.986558741655058));
#16088=DIRECTION('center_axis',(-0.984339516276932,-0.174751193384062,-0.0231891592461094));
#16089=DIRECTION('ref_axis',(0.168800907459301,-0.972287067425803,0.161753244658177));
#16090=DIRECTION('center_axis',(-0.683541679308319,-0.69951728396203,-0.208437861452156));
#16091=DIRECTION('ref_axis',(0.722929901924472,-0.688214915438792,-0.0610949021690763));
#16092=DIRECTION('',(-0.1007131051643,-0.192446874762782,0.976125540513208));
#16093=DIRECTION('',(-0.1007131051643,-0.192446874762782,0.976125540513208));
#16094=DIRECTION('center_axis',(0.458414006480615,-0.879740645045238,-0.126146724562232));
#16095=DIRECTION('ref_axis',(0.883013855559784,0.434764991517747,0.17682175499643));
#16096=DIRECTION('',(-0.1007131051643,-0.192446874762782,0.976125540513208));
#16097=DIRECTION('center_axis',(0.982119401368798,-0.176078564464317,0.066616969243415));
#16098=DIRECTION('ref_axis',(0.159054556373458,0.965381033338766,0.206739228417393));
#16099=DIRECTION('center_axis',(-0.991814191427762,-0.0579859617171981,
-0.113763957061214));
#16100=DIRECTION('ref_axis',(0.0784950962204561,-0.979592685067508,-0.185031595225171));
#16101=DIRECTION('',(-0.1007131051643,-0.192446874762782,0.976125540513208));
#16102=DIRECTION('',(0.00331163383389973,0.878961288147185,-0.476881627891022));
#16103=DIRECTION('',(0.116301267381526,-0.0424319183421845,-0.992307184046983));
#16104=DIRECTION('',(-0.1007131051643,-0.192446874762782,0.976125540513208));
#16105=DIRECTION('center_axis',(-0.472118810649792,0.872858646013869,0.123375900035059));
#16106=DIRECTION('ref_axis',(-0.875762924014708,-0.44842165923701,-0.178766094235837));
#16107=DIRECTION('',(-0.88025444111218,-0.474333840300923,-0.0126303938047355));
#16108=DIRECTION('',(0.102198840483499,-0.0848166919430973,0.991141526610432));
#16109=DIRECTION('center_axis',(0.471295617784656,-0.877085704674849,0.0927421549889917));
#16110=DIRECTION('ref_axis',(0.874231367092948,0.450663866072999,-0.18061449722249));
#16111=DIRECTION('',(0.116618855455601,0.166200921992511,0.979171739829671));
#16112=DIRECTION('',(0.116618855455601,0.166200921992511,0.979171739829671));
#16113=DIRECTION('center_axis',(-0.341456256951185,-0.919867865678387,-0.193004492904119));
#16114=DIRECTION('ref_axis',(0.93540551436276,-0.352634967260671,0.025789601873714));
#16115=DIRECTION('',(-0.0917831590686752,-0.171731446035242,0.980858890031598));
#16116=DIRECTION('',(-0.0917831590686752,-0.171731446035242,0.980858890031598));
#16117=DIRECTION('center_axis',(0.624943233626146,-0.776811063253557,-0.0775275870369656));
#16118=DIRECTION('ref_axis',(0.775255961896631,0.605865399614075,0.178620578585466));
#16119=DIRECTION('',(-0.0917831590686752,-0.171731446035242,0.980858890031598));
#16120=DIRECTION('center_axis',(0.994983334313537,-0.055185764665258,0.0834427697085135));
#16121=DIRECTION('ref_axis',(0.0397997003718813,0.983596889900001,0.175935050599228));
#16122=DIRECTION('center_axis',(-0.981879990387135,-0.148393826414372,-0.117859903103055));
#16123=DIRECTION('ref_axis',(0.165793655453804,-0.973903271749688,-0.154999616407652));
#16124=DIRECTION('center_axis',(-0.433699862418598,-0.897575146069102,-0.0791409280784523));
#16125=DIRECTION('ref_axis',(0.882361228986839,-0.440858798810614,0.164566646353678));
#16126=DIRECTION('',(-0.182600906128429,0.00154164531981806,0.983185909383767));
#16127=DIRECTION('',(-0.182600906128429,0.00154164531981806,0.983185909383767));
#16128=DIRECTION('center_axis',(0.569170861522201,-0.815229020674148,0.106986794721339));
#16129=DIRECTION('ref_axis',(0.801686621738914,0.57913665674034,0.147984098282448));
#16130=DIRECTION('center_axis',(-0.98308669534339,0.0140059799833718,-0.182604441248068));
#16131=DIRECTION('ref_axis',(-0.0140519934489903,-0.999900722999245,-0.00104193363332878));
#16132=DIRECTION('',(-0.182600906128429,0.00154164531981806,0.983185909383767));
#16133=DIRECTION('center_axis',(-0.475333243659619,0.875226054541552,-0.0896530028702563));
#16134=DIRECTION('ref_axis',(-0.860648137483084,-0.483711666989062,-0.159084275356055));
#16135=DIRECTION('center_axis',(0.992247581415284,-0.0621332183297615,-0.107629923141779));
#16136=DIRECTION('ref_axis',(0.0429508990330226,0.984132469085756,-0.172158367683449));
#16137=DIRECTION('',(0.116618855455601,0.166200921992511,0.979171739829671));
#16138=DIRECTION('center_axis',(0.474592705211324,0.856727167054448,-0.201941390980298));
#16139=DIRECTION('ref_axis',(-0.872445876093424,0.488257938757477,0.021032796482567));
#16140=DIRECTION('',(0.116618855455601,0.166200921992511,0.979171739829671));
#16141=DIRECTION('center_axis',(-0.684666526472799,0.727647381823511,-0.0419646905512533));
#16142=DIRECTION('ref_axis',(-0.719466323103381,-0.665512239747872,0.198649612800711));
#16143=DIRECTION('center_axis',(0.346561479619053,-0.911569660867738,-0.221214588645799));
#16144=DIRECTION('ref_axis',(0.902062144889482,0.388549688198151,-0.187917605770472));
#16145=DIRECTION('center_axis',(0.489872372225237,-0.863229597586331,0.121900454393577));
#16146=DIRECTION('ref_axis',(0.86582564601155,0.46540516990406,-0.183695341626444));
#16147=DIRECTION('center_axis',(0.67000013818413,-0.726379830605629,0.153206254841586));
#16148=DIRECTION('ref_axis',(0.725346841495015,0.68448259551751,0.0731815274971672));
#16149=DIRECTION('',(-0.158024600510339,0.0620960395109972,0.98548074943684));
#16150=DIRECTION('center_axis',(0.973857571484068,0.174736266395688,0.145150500065446));
#16151=DIRECTION('ref_axis',(-0.163185955574313,0.982655239177578,-0.0880853269288052));
#16152=DIRECTION('center_axis',(-0.987422807109293,-0.00494222965384219,
-0.158024600510339));
#16153=DIRECTION('ref_axis',(-0.0049422296538422,-0.998057942327547,0.0620960395109972));
#16154=DIRECTION('center_axis',(0.625060026660386,-0.760905727803704,0.174133386996385));
#16155=DIRECTION('ref_axis',(0.740409436191546,0.648593949459069,0.176407923641777));
#16156=DIRECTION('',(-0.247171660733656,0.0186644614334853,0.96879193225871));
#16157=DIRECTION('',(-0.247171660733656,0.0186644614334853,0.96879193225871));
#16158=DIRECTION('center_axis',(-0.424746940023785,0.896551513933143,-0.125640040610548));
#16159=DIRECTION('ref_axis',(-0.870916877245238,-0.44254606623897,-0.213674453751064));
#16160=DIRECTION('',(-0.247171660733656,0.0186644614334853,0.96879193225871));
#16161=DIRECTION('',(-0.247171660733656,0.0186644614334853,0.96879193225871));
#16162=DIRECTION('center_axis',(-0.778745991375079,-0.59877378480052,-0.187148699041444));
#16163=DIRECTION('ref_axis',(0.576594182287171,-0.800700688469205,0.162534785315423));
#16164=DIRECTION('center_axis',(0.540416766097056,0.832529210570617,0.12183937158351));
#16165=DIRECTION('ref_axis',(-0.804273516318526,0.553666642869211,-0.215864215474847));
#16166=DIRECTION('',(-0.247171660733656,0.0186644614334853,0.96879193225871));
#16167=DIRECTION('center_axis',(0.968685752466941,-0.0195285764315803,0.247520802499734));
#16168=DIRECTION('ref_axis',(0.0235389697676542,0.999635069703917,-0.013253087199728));
#16169=DIRECTION('center_axis',(0.608395815104598,0.785733953219043,-0.111699090963115));
#16170=DIRECTION('ref_axis',(-0.786693732320827,0.578500442047406,-0.21552310799096));
#16171=DIRECTION('',(-0.104725850153336,0.218996331726653,0.970089224246889));
#16172=DIRECTION('center_axis',(0.967205710218593,-0.204538739267634,0.150588904834831));
#16173=DIRECTION('ref_axis',(0.231399244662137,0.954046388195604,-0.190394009203849));
#16174=DIRECTION('center_axis',(0.431164002258953,-0.882647066984356,-0.187167727720232));
#16175=DIRECTION('ref_axis',(0.896816286959129,0.442014906896588,-0.0185302327573768));
#16176=DIRECTION('center_axis',(0.,1.,0.));
#16177=DIRECTION('ref_axis',(-1.,0.,0.));
#16178=DIRECTION('',(0.997885924151842,0.,0.0649898636682961));
#16179=DIRECTION('center_axis',(0.00884125818756278,0.990703266845166,-0.135752971297046));
#16180=DIRECTION('ref_axis',(-0.991591901688767,-0.00884125818756274,-0.129102024224704));
#16181=DIRECTION('center_axis',(0.,0.,1.));
#16182=DIRECTION('ref_axis',(-1.,0.,0.));
#16183=DIRECTION('center_axis',(0.,-0.994521895368273,-0.104528463267653));
#16184=DIRECTION('ref_axis',(1.,0.,0.));
#16185=DIRECTION('',(1.,0.,0.));
#16186=DIRECTION('',(0.,0.104528463267653,-0.994521895368273));
#16187=DIRECTION('',(-1.,0.,0.));
#16188=DIRECTION('',(0.,-0.104528463267653,0.994521895368273));
#16189=DIRECTION('center_axis',(0.,-0.994521895368273,-0.104528463267653));
#16190=DIRECTION('ref_axis',(1.,0.,0.));
#16191=DIRECTION('',(1.,0.,0.));
#16192=DIRECTION('',(0.,-0.104528463267653,0.994521895368273));
#16193=DIRECTION('',(-1.,0.,0.));
#16194=DIRECTION('',(0.,-0.104528463267653,0.994521895368273));
#16195=DIRECTION('center_axis',(0.,0.994521895368273,0.104528463267653));
#16196=DIRECTION('ref_axis',(-1.,0.,0.));
#16197=DIRECTION('',(-1.,0.,0.));
#16198=DIRECTION('',(0.,-0.104528463267653,0.994521895368273));
#16199=DIRECTION('',(1.,0.,0.));
#16200=DIRECTION('',(0.,-0.104528463267653,0.994521895368273));
#16201=DIRECTION('center_axis',(1.,0.,0.));
#16202=DIRECTION('ref_axis',(0.,0.994521895368273,0.104528463267653));
#16203=DIRECTION('',(0.,0.994521895368273,0.104528463267653));
#16204=DIRECTION('',(0.,-0.994521895368273,-0.104528463267653));
#16205=DIRECTION('center_axis',(-1.,0.,0.));
#16206=DIRECTION('ref_axis',(0.,-0.994521895368273,-0.104528463267653));
#16207=DIRECTION('',(0.,-0.994521895368273,-0.104528463267653));
#16208=DIRECTION('',(0.,0.994521895368273,0.104528463267653));
#16209=DIRECTION('center_axis',(0.,-0.994521895368273,-0.104528463267653));
#16210=DIRECTION('ref_axis',(1.,0.,0.));
#16211=DIRECTION('',(1.,0.,0.));
#16212=DIRECTION('',(0.,0.104528463267653,-0.994521895368273));
#16213=DIRECTION('',(-1.,0.,0.));
#16214=DIRECTION('',(0.,-0.104528463267653,0.994521895368273));
#16215=DIRECTION('center_axis',(0.,-0.994521895368273,-0.104528463267653));
#16216=DIRECTION('ref_axis',(1.,0.,0.));
#16217=DIRECTION('',(1.,0.,0.));
#16218=DIRECTION('',(0.,-0.104528463267653,0.994521895368273));
#16219=DIRECTION('',(-1.,0.,0.));
#16220=DIRECTION('',(0.,-0.104528463267653,0.994521895368273));
#16221=DIRECTION('center_axis',(0.,0.994521895368273,0.104528463267653));
#16222=DIRECTION('ref_axis',(-1.,0.,0.));
#16223=DIRECTION('',(-1.,0.,0.));
#16224=DIRECTION('',(0.,-0.104528463267653,0.994521895368273));
#16225=DIRECTION('',(1.,0.,0.));
#16226=DIRECTION('',(0.,-0.104528463267653,0.994521895368273));
#16227=DIRECTION('center_axis',(1.,0.,0.));
#16228=DIRECTION('ref_axis',(0.,0.994521895368273,0.104528463267653));
#16229=DIRECTION('',(0.,0.994521895368273,0.104528463267653));
#16230=DIRECTION('',(0.,-0.994521895368273,-0.104528463267653));
#16231=DIRECTION('center_axis',(-1.,0.,0.));
#16232=DIRECTION('ref_axis',(0.,-0.994521895368273,-0.104528463267653));
#16233=DIRECTION('',(0.,-0.994521895368273,-0.104528463267653));
#16234=DIRECTION('',(0.,0.994521895368273,0.104528463267653));
#16235=DIRECTION('center_axis',(0.,-0.104528463267653,0.994521895368273));
#16236=DIRECTION('ref_axis',(-1.83697019872103E-16,-0.994521895368273,-0.104528463267653));
#16237=DIRECTION('center_axis',(0.,0.104528463267653,-0.994521895368273));
#16238=DIRECTION('ref_axis',(1.,0.,0.));
#16239=DIRECTION('center_axis',(0.,-0.104528463267653,0.994521895368273));
#16240=DIRECTION('ref_axis',(1.,0.,0.));
#16241=DIRECTION('center_axis',(0.,-0.104528463267653,0.994521895368273));
#16242=DIRECTION('ref_axis',(-1.83697019872103E-16,-0.994521895368273,-0.104528463267653));
#16243=DIRECTION('center_axis',(0.,0.104528463267653,-0.994521895368273));
#16244=DIRECTION('ref_axis',(1.,0.,0.));
#16245=DIRECTION('center_axis',(0.,-0.104528463267653,0.994521895368273));
#16246=DIRECTION('ref_axis',(1.,0.,0.));
#16247=DIRECTION('center_axis',(1.,0.,0.));
#16248=DIRECTION('ref_axis',(0.,0.994521895368273,0.104528463267653));
#16249=DIRECTION('',(0.,0.994521895368273,0.104528463267653));
#16250=DIRECTION('',(0.,-0.104528463267653,0.994521895368273));
#16251=DIRECTION('',(0.,0.994521895368273,0.104528463267653));
#16252=DIRECTION('',(0.,-0.104528463267653,0.994521895368273));
#16253=DIRECTION('center_axis',(0.,0.994521895368273,0.104528463267653));
#16254=DIRECTION('ref_axis',(-1.,0.,0.));
#16255=DIRECTION('',(-1.,0.,0.));
#16256=DIRECTION('',(0.,-0.104528463267653,0.994521895368273));
#16257=DIRECTION('',(-1.,0.,0.));
#16258=DIRECTION('',(0.,-0.104528463267653,0.994521895368273));
#16259=DIRECTION('center_axis',(0.,0.994521895368273,0.104528463267653));
#16260=DIRECTION('ref_axis',(-1.,0.,0.));
#16261=DIRECTION('',(-1.,0.,0.));
#16262=DIRECTION('',(-1.,0.,0.));
#16263=DIRECTION('',(0.,-0.104528463267653,0.994521895368273));
#16264=DIRECTION('center_axis',(0.,-0.994521895368273,-0.104528463267653));
#16265=DIRECTION('ref_axis',(1.,0.,0.));
#16266=DIRECTION('',(1.,0.,0.));
#16267=DIRECTION('',(0.,-0.104528463267653,0.994521895368273));
#16268=DIRECTION('',(1.,0.,0.));
#16269=DIRECTION('center_axis',(-1.,0.,0.));
#16270=DIRECTION('ref_axis',(0.,-0.994521895368273,-0.104528463267653));
#16271=DIRECTION('',(0.,-0.994521895368273,-0.104528463267653));
#16272=DIRECTION('',(0.,-0.994521895368273,-0.104528463267653));
#16273=DIRECTION('center_axis',(0.,-0.104528463267653,0.994521895368273));
#16274=DIRECTION('ref_axis',(1.,0.,0.));
#16275=DIRECTION('',(-1.,0.,0.));
#16276=DIRECTION('center_axis',(0.,0.994521895368273,0.104528463267653));
#16277=DIRECTION('ref_axis',(-1.,0.,0.));
#16278=DIRECTION('',(-1.,0.,0.));
#16279=DIRECTION('',(0.,-0.104528463267653,0.994521895368273));
#16280=DIRECTION('',(-1.,0.,0.));
#16281=DIRECTION('',(0.,-0.104528463267653,0.994521895368273));
#16282=DIRECTION('center_axis',(-1.,0.,0.));
#16283=DIRECTION('ref_axis',(0.,-0.994521895368273,-0.104528463267653));
#16284=DIRECTION('',(0.,-0.994521895368273,-0.104528463267653));
#16285=DIRECTION('',(0.,-0.994521895368273,-0.104528463267653));
#16286=DIRECTION('',(0.,-0.104528463267653,0.994521895368273));
#16287=DIRECTION('center_axis',(0.,-0.994521895368273,-0.104528463267653));
#16288=DIRECTION('ref_axis',(1.,0.,0.));
#16289=DIRECTION('',(1.,0.,0.));
#16290=DIRECTION('',(1.,0.,0.));
#16291=DIRECTION('',(0.,-0.104528463267653,0.994521895368273));
#16292=DIRECTION('center_axis',(1.,0.,0.));
#16293=DIRECTION('ref_axis',(0.,0.994521895368273,0.104528463267653));
#16294=DIRECTION('',(0.,0.994521895368273,0.104528463267653));
#16295=DIRECTION('',(0.,-0.104528463267653,0.994521895368273));
#16296=DIRECTION('',(0.,0.994521895368273,0.104528463267653));
#16297=DIRECTION('center_axis',(0.,-0.994521895368273,-0.104528463267653));
#16298=DIRECTION('ref_axis',(1.,0.,0.));
#16299=DIRECTION('',(1.,0.,0.));
#16300=DIRECTION('',(0.,-0.104528463267653,0.994521895368273));
#16301=DIRECTION('',(1.,0.,0.));
#16302=DIRECTION('center_axis',(0.,-0.104528463267653,0.994521895368273));
#16303=DIRECTION('ref_axis',(1.,0.,0.));
#16304=DIRECTION('',(1.,0.,0.));
#16305=DIRECTION('center_axis',(0.,-0.994521895368273,-0.104528463267653));
#16306=DIRECTION('ref_axis',(1.,0.,0.));
#16307=DIRECTION('',(0.,-0.104528463267653,0.994521895368273));
#16308=DIRECTION('',(-1.,0.,0.));
#16309=DIRECTION('',(0.,-0.104528463267653,0.994521895368273));
#16310=DIRECTION('center_axis',(0.,-0.104528463267653,0.994521895368273));
#16311=DIRECTION('ref_axis',(0.,0.994521895368273,0.104528463267653));
#16312=DIRECTION('center_axis',(0.,0.104528463267653,-0.994521895368273));
#16313=DIRECTION('ref_axis',(0.,0.994521895368273,0.104528463267653));
#16314=DIRECTION('',(0.,0.104528463267653,-0.994521895368273));
#16315=DIRECTION('center_axis',(0.,-0.104528463267653,0.994521895368273));
#16316=DIRECTION('ref_axis',(0.,0.994521895368273,0.104528463267653));
#16317=DIRECTION('',(0.,0.104528463267653,-0.994521895368273));
#16318=DIRECTION('center_axis',(0.,-0.104528463267653,0.994521895368273));
#16319=DIRECTION('ref_axis',(-1.,-6.90088191707317E-17,-7.25311916552711E-18));
#16320=DIRECTION('center_axis',(0.,0.104528463267653,-0.994521895368273));
#16321=DIRECTION('ref_axis',(-1.,-6.90088191707317E-17,-7.25311916552711E-18));
#16322=DIRECTION('',(0.,0.104528463267653,-0.994521895368273));
#16323=DIRECTION('center_axis',(0.,-0.104528463267653,0.994521895368273));
#16324=DIRECTION('ref_axis',(-1.,-6.90088191707317E-17,-7.25311916552711E-18));
#16325=DIRECTION('',(0.,0.104528463267653,-0.994521895368273));
#16326=DIRECTION('center_axis',(0.,-0.104528463267653,0.994521895368273));
#16327=DIRECTION('ref_axis',(1.,0.,0.));
#16328=DIRECTION('center_axis',(0.,-0.104528463267653,0.994521895368273));
#16329=DIRECTION('ref_axis',(1.,0.,0.));
#16330=DIRECTION('',(0.,-0.104528463267653,0.994521895368273));
#16331=DIRECTION('center_axis',(0.,0.104528463267653,-0.994521895368273));
#16332=DIRECTION('ref_axis',(1.,0.,0.));
#16333=DIRECTION('center_axis',(0.,-0.104528463267653,0.994521895368273));
#16334=DIRECTION('ref_axis',(1.,0.,0.));
#16335=DIRECTION('center_axis',(0.,-0.104528463267653,0.994521895368273));
#16336=DIRECTION('ref_axis',(1.,0.,0.));
#16337=DIRECTION('',(0.,-0.104528463267653,0.994521895368273));
#16338=DIRECTION('center_axis',(0.,0.104528463267653,-0.994521895368273));
#16339=DIRECTION('ref_axis',(1.,0.,0.));
#16340=DIRECTION('center_axis',(0.,-0.104528463267653,0.994521895368273));
#16341=DIRECTION('ref_axis',(1.,0.,0.));
#16342=DIRECTION('center_axis',(0.,-0.104528463267653,0.994521895368273));
#16343=DIRECTION('ref_axis',(1.,0.,0.));
#16344=DIRECTION('',(0.,-0.104528463267653,0.994521895368273));
#16345=DIRECTION('center_axis',(0.,0.104528463267653,-0.994521895368273));
#16346=DIRECTION('ref_axis',(1.,0.,0.));
#16347=DIRECTION('center_axis',(0.,-0.104528463267653,0.994521895368273));
#16348=DIRECTION('ref_axis',(1.,0.,0.));
#16349=DIRECTION('center_axis',(0.,-0.104528463267653,0.994521895368273));
#16350=DIRECTION('ref_axis',(1.,0.,0.));
#16351=DIRECTION('',(0.,-0.104528463267653,0.994521895368273));
#16352=DIRECTION('center_axis',(0.,0.104528463267653,-0.994521895368273));
#16353=DIRECTION('ref_axis',(1.,0.,0.));
#16354=DIRECTION('center_axis',(0.,-0.994521895368273,-0.104528463267653));
#16355=DIRECTION('ref_axis',(1.,0.,0.));
#16356=DIRECTION('',(1.,0.,0.));
#16357=DIRECTION('',(0.,-0.104528463267653,0.994521895368273));
#16358=DIRECTION('',(-1.,0.,0.));
#16359=DIRECTION('',(0.,-0.104528463267653,0.994521895368273));
#16360=DIRECTION('center_axis',(1.,0.,0.));
#16361=DIRECTION('ref_axis',(0.,0.994521895368273,0.104528463267653));
#16362=DIRECTION('',(0.,0.994521895368273,0.104528463267653));
#16363=DIRECTION('',(0.,-0.994521895368273,-0.104528463267653));
#16364=DIRECTION('',(0.,-0.104528463267653,0.994521895368273));
#16365=DIRECTION('center_axis',(0.,0.994521895368273,0.104528463267653));
#16366=DIRECTION('ref_axis',(-1.,0.,0.));
#16367=DIRECTION('',(-1.,0.,0.));
#16368=DIRECTION('',(1.,0.,0.));
#16369=DIRECTION('',(0.,-0.104528463267653,0.994521895368273));
#16370=DIRECTION('center_axis',(-1.,0.,0.));
#16371=DIRECTION('ref_axis',(0.,-0.994521895368273,-0.104528463267653));
#16372=DIRECTION('',(0.,-0.994521895368273,-0.104528463267653));
#16373=DIRECTION('',(0.,0.994521895368273,0.104528463267653));
#16374=DIRECTION('center_axis',(0.,-0.994521895368273,-0.104528463267653));
#16375=DIRECTION('ref_axis',(1.,0.,0.));
#16376=DIRECTION('',(1.,0.,0.));
#16377=DIRECTION('',(0.,-0.104528463267653,0.994521895368273));
#16378=DIRECTION('',(-1.,0.,0.));
#16379=DIRECTION('',(0.,-0.104528463267653,0.994521895368273));
#16380=DIRECTION('center_axis',(1.,0.,0.));
#16381=DIRECTION('ref_axis',(0.,0.994521895368273,0.104528463267653));
#16382=DIRECTION('',(0.,0.994521895368273,0.104528463267653));
#16383=DIRECTION('',(0.,-0.994521895368273,-0.104528463267653));
#16384=DIRECTION('',(0.,-0.104528463267653,0.994521895368273));
#16385=DIRECTION('center_axis',(0.,0.994521895368273,0.104528463267653));
#16386=DIRECTION('ref_axis',(-1.,0.,0.));
#16387=DIRECTION('',(-1.,0.,0.));
#16388=DIRECTION('',(1.,0.,0.));
#16389=DIRECTION('',(0.,-0.104528463267653,0.994521895368273));
#16390=DIRECTION('center_axis',(-1.,0.,0.));
#16391=DIRECTION('ref_axis',(0.,-0.994521895368273,-0.104528463267653));
#16392=DIRECTION('',(0.,-0.994521895368273,-0.104528463267653));
#16393=DIRECTION('',(0.,0.994521895368273,0.104528463267653));
#16394=DIRECTION('center_axis',(0.,-0.994521895368273,-0.104528463267653));
#16395=DIRECTION('ref_axis',(1.,0.,0.));
#16396=DIRECTION('',(1.,0.,0.));
#16397=DIRECTION('',(0.,-0.104528463267653,0.994521895368273));
#16398=DIRECTION('',(-1.,0.,0.));
#16399=DIRECTION('',(0.,-0.104528463267653,0.994521895368273));
#16400=DIRECTION('center_axis',(1.,0.,0.));
#16401=DIRECTION('ref_axis',(0.,0.994521895368273,0.104528463267653));
#16402=DIRECTION('',(0.,0.994521895368273,0.104528463267653));
#16403=DIRECTION('',(0.,-0.994521895368273,-0.104528463267653));
#16404=DIRECTION('',(0.,-0.104528463267653,0.994521895368273));
#16405=DIRECTION('center_axis',(0.,0.994521895368273,0.104528463267653));
#16406=DIRECTION('ref_axis',(-1.,0.,0.));
#16407=DIRECTION('',(-1.,0.,0.));
#16408=DIRECTION('',(1.,0.,0.));
#16409=DIRECTION('',(0.,-0.104528463267653,0.994521895368273));
#16410=DIRECTION('center_axis',(-1.,0.,0.));
#16411=DIRECTION('ref_axis',(0.,-0.994521895368273,-0.104528463267653));
#16412=DIRECTION('',(0.,-0.994521895368273,-0.104528463267653));
#16413=DIRECTION('',(0.,0.994521895368273,0.104528463267653));
#16414=DIRECTION('center_axis',(0.,-0.994521895368273,-0.104528463267653));
#16415=DIRECTION('ref_axis',(1.,0.,0.));
#16416=DIRECTION('',(1.,0.,0.));
#16417=DIRECTION('',(0.,-0.104528463267653,0.994521895368273));
#16418=DIRECTION('',(-1.,0.,0.));
#16419=DIRECTION('',(0.,-0.104528463267653,0.994521895368273));
#16420=DIRECTION('center_axis',(1.,0.,0.));
#16421=DIRECTION('ref_axis',(0.,0.994521895368273,0.104528463267653));
#16422=DIRECTION('',(0.,0.994521895368273,0.104528463267653));
#16423=DIRECTION('',(0.,-0.994521895368273,-0.104528463267653));
#16424=DIRECTION('',(0.,-0.104528463267653,0.994521895368273));
#16425=DIRECTION('center_axis',(0.,0.994521895368273,0.104528463267653));
#16426=DIRECTION('ref_axis',(-1.,0.,0.));
#16427=DIRECTION('',(-1.,0.,0.));
#16428=DIRECTION('',(1.,0.,0.));
#16429=DIRECTION('',(0.,-0.104528463267653,0.994521895368273));
#16430=DIRECTION('center_axis',(-1.,0.,0.));
#16431=DIRECTION('ref_axis',(0.,-0.994521895368273,-0.104528463267653));
#16432=DIRECTION('',(0.,-0.994521895368273,-0.104528463267653));
#16433=DIRECTION('',(0.,0.994521895368273,0.104528463267653));
#16434=DIRECTION('center_axis',(0.,-0.994521895368273,-0.104528463267653));
#16435=DIRECTION('ref_axis',(1.,0.,0.));
#16436=DIRECTION('',(1.,0.,0.));
#16437=DIRECTION('',(0.,-0.104528463267653,0.994521895368273));
#16438=DIRECTION('',(-1.,0.,0.));
#16439=DIRECTION('',(0.,-0.104528463267653,0.994521895368273));
#16440=DIRECTION('center_axis',(1.,0.,0.));
#16441=DIRECTION('ref_axis',(0.,0.994521895368273,0.104528463267653));
#16442=DIRECTION('',(0.,0.994521895368273,0.104528463267653));
#16443=DIRECTION('',(0.,-0.994521895368273,-0.104528463267653));
#16444=DIRECTION('',(0.,-0.104528463267653,0.994521895368273));
#16445=DIRECTION('center_axis',(0.,0.994521895368273,0.104528463267653));
#16446=DIRECTION('ref_axis',(-1.,0.,0.));
#16447=DIRECTION('',(-1.,0.,0.));
#16448=DIRECTION('',(1.,0.,0.));
#16449=DIRECTION('',(0.,-0.104528463267653,0.994521895368273));
#16450=DIRECTION('center_axis',(-1.,0.,0.));
#16451=DIRECTION('ref_axis',(0.,-0.994521895368273,-0.104528463267653));
#16452=DIRECTION('',(0.,-0.994521895368273,-0.104528463267653));
#16453=DIRECTION('',(0.,0.994521895368273,0.104528463267653));
#16454=DIRECTION('center_axis',(0.,-0.994521895368273,-0.104528463267653));
#16455=DIRECTION('ref_axis',(1.,0.,0.));
#16456=DIRECTION('',(1.,0.,0.));
#16457=DIRECTION('',(0.,-0.104528463267653,0.994521895368273));
#16458=DIRECTION('',(-1.,0.,0.));
#16459=DIRECTION('',(0.,-0.104528463267653,0.994521895368273));
#16460=DIRECTION('center_axis',(1.,0.,0.));
#16461=DIRECTION('ref_axis',(0.,0.994521895368273,0.104528463267653));
#16462=DIRECTION('',(0.,0.994521895368273,0.104528463267653));
#16463=DIRECTION('',(0.,-0.994521895368273,-0.104528463267653));
#16464=DIRECTION('',(0.,-0.104528463267653,0.994521895368273));
#16465=DIRECTION('center_axis',(0.,0.994521895368273,0.104528463267653));
#16466=DIRECTION('ref_axis',(-1.,0.,0.));
#16467=DIRECTION('',(-1.,0.,0.));
#16468=DIRECTION('',(1.,0.,0.));
#16469=DIRECTION('',(0.,-0.104528463267653,0.994521895368273));
#16470=DIRECTION('center_axis',(-1.,0.,0.));
#16471=DIRECTION('ref_axis',(0.,-0.994521895368273,-0.104528463267653));
#16472=DIRECTION('',(0.,-0.994521895368273,-0.104528463267653));
#16473=DIRECTION('',(0.,0.994521895368273,0.104528463267653));
#16474=DIRECTION('center_axis',(0.,-0.994521895368273,-0.104528463267653));
#16475=DIRECTION('ref_axis',(1.,0.,0.));
#16476=DIRECTION('',(1.,0.,0.));
#16477=DIRECTION('',(0.,-0.104528463267653,0.994521895368273));
#16478=DIRECTION('',(-1.,0.,0.));
#16479=DIRECTION('',(0.,-0.104528463267653,0.994521895368273));
#16480=DIRECTION('center_axis',(1.,0.,0.));
#16481=DIRECTION('ref_axis',(0.,0.994521895368273,0.104528463267653));
#16482=DIRECTION('',(0.,0.994521895368273,0.104528463267653));
#16483=DIRECTION('',(0.,-0.994521895368273,-0.104528463267653));
#16484=DIRECTION('',(0.,-0.104528463267653,0.994521895368273));
#16485=DIRECTION('center_axis',(0.,0.994521895368273,0.104528463267653));
#16486=DIRECTION('ref_axis',(-1.,0.,0.));
#16487=DIRECTION('',(-1.,0.,0.));
#16488=DIRECTION('',(1.,0.,0.));
#16489=DIRECTION('',(0.,-0.104528463267653,0.994521895368273));
#16490=DIRECTION('center_axis',(-1.,0.,0.));
#16491=DIRECTION('ref_axis',(0.,-0.994521895368273,-0.104528463267653));
#16492=DIRECTION('',(0.,-0.994521895368273,-0.104528463267653));
#16493=DIRECTION('',(0.,0.994521895368273,0.104528463267653));
#16494=DIRECTION('center_axis',(0.,-0.994521895368273,-0.104528463267653));
#16495=DIRECTION('ref_axis',(1.,0.,0.));
#16496=DIRECTION('',(1.,0.,0.));
#16497=DIRECTION('',(0.,-0.104528463267653,0.994521895368273));
#16498=DIRECTION('',(-1.,0.,0.));
#16499=DIRECTION('',(0.,-0.104528463267653,0.994521895368273));
#16500=DIRECTION('center_axis',(1.,0.,0.));
#16501=DIRECTION('ref_axis',(0.,0.994521895368273,0.104528463267653));
#16502=DIRECTION('',(0.,0.994521895368273,0.104528463267653));
#16503=DIRECTION('',(0.,-0.994521895368273,-0.104528463267653));
#16504=DIRECTION('',(0.,-0.104528463267653,0.994521895368273));
#16505=DIRECTION('center_axis',(0.,0.994521895368273,0.104528463267653));
#16506=DIRECTION('ref_axis',(-1.,0.,0.));
#16507=DIRECTION('',(-1.,0.,0.));
#16508=DIRECTION('',(1.,0.,0.));
#16509=DIRECTION('',(0.,-0.104528463267653,0.994521895368273));
#16510=DIRECTION('center_axis',(-1.,0.,0.));
#16511=DIRECTION('ref_axis',(0.,-0.994521895368273,-0.104528463267653));
#16512=DIRECTION('',(0.,-0.994521895368273,-0.104528463267653));
#16513=DIRECTION('',(0.,0.994521895368273,0.104528463267653));
#16514=DIRECTION('center_axis',(0.,-0.994521895368273,-0.104528463267653));
#16515=DIRECTION('ref_axis',(1.,0.,0.));
#16516=DIRECTION('',(1.,0.,0.));
#16517=DIRECTION('',(0.,-0.104528463267653,0.994521895368273));
#16518=DIRECTION('',(-1.,0.,0.));
#16519=DIRECTION('',(0.,-0.104528463267653,0.994521895368273));
#16520=DIRECTION('center_axis',(1.,0.,0.));
#16521=DIRECTION('ref_axis',(0.,0.994521895368273,0.104528463267653));
#16522=DIRECTION('',(0.,0.994521895368273,0.104528463267653));
#16523=DIRECTION('',(0.,-0.994521895368273,-0.104528463267653));
#16524=DIRECTION('',(0.,-0.104528463267653,0.994521895368273));
#16525=DIRECTION('center_axis',(0.,0.994521895368273,0.104528463267653));
#16526=DIRECTION('ref_axis',(-1.,0.,0.));
#16527=DIRECTION('',(-1.,0.,0.));
#16528=DIRECTION('',(1.,0.,0.));
#16529=DIRECTION('',(0.,-0.104528463267653,0.994521895368273));
#16530=DIRECTION('center_axis',(-1.,0.,0.));
#16531=DIRECTION('ref_axis',(0.,-0.994521895368273,-0.104528463267653));
#16532=DIRECTION('',(0.,-0.994521895368273,-0.104528463267653));
#16533=DIRECTION('',(0.,0.994521895368273,0.104528463267653));
#16534=DIRECTION('center_axis',(0.,-0.994521895368273,-0.104528463267653));
#16535=DIRECTION('ref_axis',(1.,0.,0.));
#16536=DIRECTION('',(1.,0.,0.));
#16537=DIRECTION('',(0.,-0.104528463267653,0.994521895368273));
#16538=DIRECTION('',(-1.,0.,0.));
#16539=DIRECTION('',(0.,-0.104528463267653,0.994521895368273));
#16540=DIRECTION('center_axis',(1.,0.,0.));
#16541=DIRECTION('ref_axis',(0.,0.994521895368273,0.104528463267653));
#16542=DIRECTION('',(0.,0.994521895368273,0.104528463267653));
#16543=DIRECTION('',(0.,-0.994521895368273,-0.104528463267653));
#16544=DIRECTION('',(0.,-0.104528463267653,0.994521895368273));
#16545=DIRECTION('center_axis',(0.,0.994521895368273,0.104528463267653));
#16546=DIRECTION('ref_axis',(-1.,0.,0.));
#16547=DIRECTION('',(-1.,0.,0.));
#16548=DIRECTION('',(1.,0.,0.));
#16549=DIRECTION('',(0.,-0.104528463267653,0.994521895368273));
#16550=DIRECTION('center_axis',(-1.,0.,0.));
#16551=DIRECTION('ref_axis',(0.,-0.994521895368273,-0.104528463267653));
#16552=DIRECTION('',(0.,-0.994521895368273,-0.104528463267653));
#16553=DIRECTION('',(0.,0.994521895368273,0.104528463267653));
#16554=DIRECTION('center_axis',(0.,-0.994521895368273,-0.104528463267653));
#16555=DIRECTION('ref_axis',(1.,0.,0.));
#16556=DIRECTION('',(1.,0.,0.));
#16557=DIRECTION('',(0.,-0.104528463267653,0.994521895368273));
#16558=DIRECTION('',(-1.,0.,0.));
#16559=DIRECTION('',(0.,-0.104528463267653,0.994521895368273));
#16560=DIRECTION('center_axis',(1.,0.,0.));
#16561=DIRECTION('ref_axis',(0.,0.994521895368273,0.104528463267653));
#16562=DIRECTION('',(0.,0.994521895368273,0.104528463267653));
#16563=DIRECTION('',(0.,-0.994521895368273,-0.104528463267653));
#16564=DIRECTION('',(0.,-0.104528463267653,0.994521895368273));
#16565=DIRECTION('center_axis',(0.,0.994521895368273,0.104528463267653));
#16566=DIRECTION('ref_axis',(-1.,0.,0.));
#16567=DIRECTION('',(-1.,0.,0.));
#16568=DIRECTION('',(1.,0.,0.));
#16569=DIRECTION('',(0.,-0.104528463267653,0.994521895368273));
#16570=DIRECTION('center_axis',(-1.,0.,0.));
#16571=DIRECTION('ref_axis',(0.,-0.994521895368273,-0.104528463267653));
#16572=DIRECTION('',(0.,-0.994521895368273,-0.104528463267653));
#16573=DIRECTION('',(0.,0.994521895368273,0.104528463267653));
#16574=DIRECTION('center_axis',(0.,-0.994521895368273,-0.104528463267653));
#16575=DIRECTION('ref_axis',(1.,0.,0.));
#16576=DIRECTION('',(1.,0.,0.));
#16577=DIRECTION('',(0.,-0.104528463267653,0.994521895368273));
#16578=DIRECTION('',(-1.,0.,0.));
#16579=DIRECTION('',(0.,-0.104528463267653,0.994521895368273));
#16580=DIRECTION('center_axis',(1.,0.,0.));
#16581=DIRECTION('ref_axis',(0.,0.994521895368273,0.104528463267653));
#16582=DIRECTION('',(0.,0.994521895368273,0.104528463267653));
#16583=DIRECTION('',(0.,-0.994521895368273,-0.104528463267653));
#16584=DIRECTION('',(0.,-0.104528463267653,0.994521895368273));
#16585=DIRECTION('center_axis',(0.,0.994521895368273,0.104528463267653));
#16586=DIRECTION('ref_axis',(-1.,0.,0.));
#16587=DIRECTION('',(-1.,0.,0.));
#16588=DIRECTION('',(1.,0.,0.));
#16589=DIRECTION('',(0.,-0.104528463267653,0.994521895368273));
#16590=DIRECTION('center_axis',(-1.,0.,0.));
#16591=DIRECTION('ref_axis',(0.,-0.994521895368273,-0.104528463267653));
#16592=DIRECTION('',(0.,-0.994521895368273,-0.104528463267653));
#16593=DIRECTION('',(0.,0.994521895368273,0.104528463267653));
#16594=DIRECTION('center_axis',(0.,-0.994521895368273,-0.104528463267653));
#16595=DIRECTION('ref_axis',(1.,0.,0.));
#16596=DIRECTION('',(1.,0.,0.));
#16597=DIRECTION('',(0.,-0.104528463267653,0.994521895368273));
#16598=DIRECTION('',(-1.,0.,0.));
#16599=DIRECTION('',(0.,-0.104528463267653,0.994521895368273));
#16600=DIRECTION('center_axis',(1.,0.,0.));
#16601=DIRECTION('ref_axis',(0.,0.994521895368273,0.104528463267653));
#16602=DIRECTION('',(0.,0.994521895368273,0.104528463267653));
#16603=DIRECTION('',(0.,-0.994521895368273,-0.104528463267653));
#16604=DIRECTION('',(0.,-0.104528463267653,0.994521895368273));
#16605=DIRECTION('center_axis',(0.,0.994521895368273,0.104528463267653));
#16606=DIRECTION('ref_axis',(-1.,0.,0.));
#16607=DIRECTION('',(-1.,0.,0.));
#16608=DIRECTION('',(1.,0.,0.));
#16609=DIRECTION('',(0.,-0.104528463267653,0.994521895368273));
#16610=DIRECTION('center_axis',(-1.,0.,0.));
#16611=DIRECTION('ref_axis',(0.,-0.994521895368273,-0.104528463267653));
#16612=DIRECTION('',(0.,-0.994521895368273,-0.104528463267653));
#16613=DIRECTION('',(0.,0.994521895368273,0.104528463267653));
#16614=DIRECTION('center_axis',(0.,-0.994521895368273,-0.104528463267653));
#16615=DIRECTION('ref_axis',(1.,0.,0.));
#16616=DIRECTION('',(1.,0.,0.));
#16617=DIRECTION('',(0.,-0.104528463267653,0.994521895368273));
#16618=DIRECTION('',(-1.,0.,0.));
#16619=DIRECTION('',(0.,-0.104528463267653,0.994521895368273));
#16620=DIRECTION('center_axis',(1.,0.,0.));
#16621=DIRECTION('ref_axis',(0.,0.994521895368273,0.104528463267653));
#16622=DIRECTION('',(0.,0.994521895368273,0.104528463267653));
#16623=DIRECTION('',(0.,-0.994521895368273,-0.104528463267653));
#16624=DIRECTION('',(0.,-0.104528463267653,0.994521895368273));
#16625=DIRECTION('center_axis',(0.,0.994521895368273,0.104528463267653));
#16626=DIRECTION('ref_axis',(-1.,0.,0.));
#16627=DIRECTION('',(-1.,0.,0.));
#16628=DIRECTION('',(1.,0.,0.));
#16629=DIRECTION('',(0.,-0.104528463267653,0.994521895368273));
#16630=DIRECTION('center_axis',(-1.,0.,0.));
#16631=DIRECTION('ref_axis',(0.,-0.994521895368273,-0.104528463267653));
#16632=DIRECTION('',(0.,-0.994521895368273,-0.104528463267653));
#16633=DIRECTION('',(0.,0.994521895368273,0.104528463267653));
#16634=DIRECTION('center_axis',(0.,-0.994521895368273,-0.104528463267653));
#16635=DIRECTION('ref_axis',(1.,0.,0.));
#16636=DIRECTION('',(1.,0.,0.));
#16637=DIRECTION('',(0.,-0.104528463267653,0.994521895368273));
#16638=DIRECTION('',(-1.,0.,0.));
#16639=DIRECTION('',(0.,-0.104528463267653,0.994521895368273));
#16640=DIRECTION('center_axis',(1.,0.,0.));
#16641=DIRECTION('ref_axis',(0.,0.994521895368273,0.104528463267653));
#16642=DIRECTION('',(0.,0.994521895368273,0.104528463267653));
#16643=DIRECTION('',(0.,-0.994521895368273,-0.104528463267653));
#16644=DIRECTION('',(0.,-0.104528463267653,0.994521895368273));
#16645=DIRECTION('center_axis',(0.,0.994521895368273,0.104528463267653));
#16646=DIRECTION('ref_axis',(-1.,0.,0.));
#16647=DIRECTION('',(-1.,0.,0.));
#16648=DIRECTION('',(1.,0.,0.));
#16649=DIRECTION('',(0.,-0.104528463267653,0.994521895368273));
#16650=DIRECTION('center_axis',(-1.,0.,0.));
#16651=DIRECTION('ref_axis',(0.,-0.994521895368273,-0.104528463267653));
#16652=DIRECTION('',(0.,-0.994521895368273,-0.104528463267653));
#16653=DIRECTION('',(0.,0.994521895368273,0.104528463267653));
#16654=DIRECTION('center_axis',(0.,-0.994521895368273,-0.104528463267653));
#16655=DIRECTION('ref_axis',(1.,0.,0.));
#16656=DIRECTION('',(1.,0.,0.));
#16657=DIRECTION('',(0.,-0.104528463267653,0.994521895368273));
#16658=DIRECTION('',(-1.,0.,0.));
#16659=DIRECTION('',(0.,-0.104528463267653,0.994521895368273));
#16660=DIRECTION('center_axis',(1.,0.,0.));
#16661=DIRECTION('ref_axis',(0.,0.994521895368273,0.104528463267653));
#16662=DIRECTION('',(0.,0.994521895368273,0.104528463267653));
#16663=DIRECTION('',(0.,-0.994521895368273,-0.104528463267653));
#16664=DIRECTION('',(0.,-0.104528463267653,0.994521895368273));
#16665=DIRECTION('center_axis',(0.,0.994521895368273,0.104528463267653));
#16666=DIRECTION('ref_axis',(-1.,0.,0.));
#16667=DIRECTION('',(-1.,0.,0.));
#16668=DIRECTION('',(1.,0.,0.));
#16669=DIRECTION('',(0.,-0.104528463267653,0.994521895368273));
#16670=DIRECTION('center_axis',(-1.,0.,0.));
#16671=DIRECTION('ref_axis',(0.,-0.994521895368273,-0.104528463267653));
#16672=DIRECTION('',(0.,-0.994521895368273,-0.104528463267653));
#16673=DIRECTION('',(0.,0.994521895368273,0.104528463267653));
#16674=DIRECTION('center_axis',(0.,-0.104528463267653,0.994521895368273));
#16675=DIRECTION('ref_axis',(1.,0.,0.));
#16676=DIRECTION('center_axis',(0.,-0.104528463267653,0.994521895368273));
#16677=DIRECTION('ref_axis',(1.,0.,0.));
#16678=DIRECTION('',(0.,-0.104528463267653,0.994521895368273));
#16679=DIRECTION('center_axis',(0.,0.104528463267653,-0.994521895368273));
#16680=DIRECTION('ref_axis',(1.,0.,0.));
#16681=DIRECTION('center_axis',(0.,-0.104528463267653,0.994521895368273));
#16682=DIRECTION('ref_axis',(1.,0.,0.));
#16683=DIRECTION('center_axis',(0.,-0.104528463267653,0.994521895368273));
#16684=DIRECTION('ref_axis',(1.,0.,0.));
#16685=DIRECTION('',(0.,-0.104528463267653,0.994521895368273));
#16686=DIRECTION('center_axis',(0.,0.104528463267653,-0.994521895368273));
#16687=DIRECTION('ref_axis',(1.,0.,0.));
#16688=DIRECTION('center_axis',(0.,-0.104528463267653,0.994521895368273));
#16689=DIRECTION('ref_axis',(1.,0.,0.));
#16690=DIRECTION('center_axis',(0.,-0.104528463267653,0.994521895368273));
#16691=DIRECTION('ref_axis',(1.,0.,0.));
#16692=DIRECTION('',(0.,-0.104528463267653,0.994521895368273));
#16693=DIRECTION('center_axis',(0.,0.104528463267653,-0.994521895368273));
#16694=DIRECTION('ref_axis',(1.,0.,0.));
#16695=DIRECTION('center_axis',(1.,0.,0.));
#16696=DIRECTION('ref_axis',(0.,0.994521895368273,0.104528463267653));
#16697=DIRECTION('',(0.,0.994521895368273,0.104528463267653));
#16698=DIRECTION('',(0.,-0.994521895368273,-0.104528463267653));
#16699=DIRECTION('',(0.,-0.104528463267653,0.994521895368273));
#16700=DIRECTION('center_axis',(0.,0.994521895368273,0.104528463267653));
#16701=DIRECTION('ref_axis',(-1.,0.,0.));
#16702=DIRECTION('',(1.,0.,0.));
#16703=DIRECTION('',(0.,-0.104528463267653,0.994521895368273));
#16704=DIRECTION('center_axis',(-1.,0.,0.));
#16705=DIRECTION('ref_axis',(0.,-0.994521895368273,-0.104528463267653));
#16706=DIRECTION('',(0.,-0.994521895368273,-0.104528463267653));
#16707=DIRECTION('',(0.,0.994521895368273,0.104528463267653));
#16708=DIRECTION('center_axis',(0.,-0.104528463267653,0.994521895368273));
#16709=DIRECTION('ref_axis',(0.,-0.994521895368273,-0.104528463267653));
#16710=DIRECTION('center_axis',(0.,0.104528463267653,-0.994521895368273));
#16711=DIRECTION('ref_axis',(0.,-0.994521895368273,-0.104528463267653));
#16712=DIRECTION('',(0.,0.104528463267653,-0.994521895368273));
#16713=DIRECTION('center_axis',(0.,-0.104528463267653,0.994521895368273));
#16714=DIRECTION('ref_axis',(0.,-0.994521895368273,-0.104528463267653));
#16715=DIRECTION('',(0.,0.104528463267653,-0.994521895368273));
#16716=DIRECTION('center_axis',(0.,-0.104528463267653,0.994521895368273));
#16717=DIRECTION('ref_axis',(1.,0.,0.));
#16718=DIRECTION('center_axis',(0.,0.104528463267653,-0.994521895368273));
#16719=DIRECTION('ref_axis',(1.,0.,0.));
#16720=DIRECTION('',(0.,0.104528463267653,-0.994521895368273));
#16721=DIRECTION('center_axis',(0.,-0.104528463267653,0.994521895368273));
#16722=DIRECTION('ref_axis',(1.,0.,0.));
#16723=DIRECTION('',(0.,0.104528463267653,-0.994521895368273));
#16724=DIRECTION('center_axis',(0.,-0.104528463267653,0.994521895368273));
#16725=DIRECTION('ref_axis',(1.,0.,0.));
#16726=DIRECTION('',(0.,-0.994521895368273,-0.104528463267653));
#16727=DIRECTION('',(1.,0.,0.));
#16728=DIRECTION('',(0.,0.994521895368273,0.104528463267653));
#16729=DIRECTION('',(-1.,0.,0.));
#16730=DIRECTION('center_axis',(0.,-0.104528463267653,0.994521895368273));
#16731=DIRECTION('ref_axis',(1.,0.,0.));
#16732=DIRECTION('',(-1.,0.,0.));
#16733=DIRECTION('',(0.,0.994521895368273,0.104528463267653));
#16734=DIRECTION('',(1.,0.,0.));
#16735=DIRECTION('',(0.,-0.994521895368273,-0.104528463267653));
#16736=DIRECTION('center_axis',(0.,0.994521895368273,0.104528463267653));
#16737=DIRECTION('ref_axis',(-1.,0.,0.));
#16738=DIRECTION('center_axis',(1.,0.,0.));
#16739=DIRECTION('ref_axis',(0.,0.994521895368273,0.104528463267653));
#16740=DIRECTION('center_axis',(0.,-0.994521895368273,-0.104528463267653));
#16741=DIRECTION('ref_axis',(1.,0.,0.));
#16742=DIRECTION('center_axis',(-1.,0.,0.));
#16743=DIRECTION('ref_axis',(0.,-0.994521895368273,-0.104528463267653));
#16744=CARTESIAN_POINT('',(0.,0.,0.));
#16745=CARTESIAN_POINT('Origin',(79.95,89.,0.));
#16746=CARTESIAN_POINT('',(76.45,89.,23.8542769386452));
#16747=CARTESIAN_POINT('',(76.45,89.,3.));
#16748=CARTESIAN_POINT('',(76.45,89.,0.));
#16749=CARTESIAN_POINT('',(81.95,91.872281323269,24.1561658705953));
#16750=CARTESIAN_POINT('Origin',(79.95,89.,23.8542769386452));
#16751=CARTESIAN_POINT('',(81.95,91.872281323269,13.4));
#16752=CARTESIAN_POINT('',(81.95,91.872281323269,0.));
#16753=CARTESIAN_POINT('',(83.4430299097631,89.2207760165872,13.4));
#16754=CARTESIAN_POINT('Origin',(79.95,89.,13.4));
#16755=CARTESIAN_POINT('',(81.3004388643396,85.7710195303035,-1.11022302462516E-15));
#16756=CARTESIAN_POINT('Origin',(79.95,89.,6.2645683787905));
#16757=CARTESIAN_POINT('',(82.2861209660204,86.3937500441976,0.));
#16758=CARTESIAN_POINT('Origin',(79.95,89.,0.));
#16759=CARTESIAN_POINT('',(82.3922233637177,91.5070989293826,0.));
#16760=CARTESIAN_POINT('Origin',(79.95,89.,-13.7817881416193));
#16761=CARTESIAN_POINT('',(76.4515115999711,89.1028538519605,-1.11022302462516E-15));
#16762=CARTESIAN_POINT('Origin',(79.95,89.,0.));
#16763=CARTESIAN_POINT('',(76.6230498208727,90.0869234129436,3.));
#16764=CARTESIAN_POINT('Origin',(79.95,89.,6.2645683787905));
#16765=CARTESIAN_POINT('Origin',(79.95,89.,3.));
#16766=CARTESIAN_POINT('Origin',(81.,75.,7.5));
#16767=CARTESIAN_POINT('',(81.95,75.,8.75));
#16768=CARTESIAN_POINT('Origin',(81.95,75.,7.5));
#16769=CARTESIAN_POINT('',(84.45,75.,8.75));
#16770=CARTESIAN_POINT('',(81.,75.,8.75));
#16771=CARTESIAN_POINT('Origin',(84.45,75.,7.5));
#16772=CARTESIAN_POINT('Origin',(3.5,44.95,6.));
#16773=CARTESIAN_POINT('',(2.5,44.95,10.2));
#16774=CARTESIAN_POINT('',(2.5,44.95,6.));
#16775=CARTESIAN_POINT('',(2.5,44.95,4.5));
#16776=CARTESIAN_POINT('',(0.,44.95,10.2));
#16777=CARTESIAN_POINT('',(3.5,44.95,10.2));
#16778=CARTESIAN_POINT('',(0.,44.95,6.));
#16779=CARTESIAN_POINT('',(0.,44.95,3.));
#16780=CARTESIAN_POINT('',(3.5,44.95,6.));
#16781=CARTESIAN_POINT('Origin',(1.25,40.5,6.));
#16782=CARTESIAN_POINT('',(2.5,36.05,6.));
#16783=CARTESIAN_POINT('',(2.5,74.25,6.));
#16784=CARTESIAN_POINT('',(0.,36.05,6.));
#16785=CARTESIAN_POINT('',(0.,75.5,6.));
#16786=CARTESIAN_POINT('',(-1.,36.05,6.));
#16787=CARTESIAN_POINT('Origin',(-1.,36.05,6.));
#16788=CARTESIAN_POINT('',(2.5,36.05,10.2));
#16789=CARTESIAN_POINT('',(2.5,36.05,4.5));
#16790=CARTESIAN_POINT('',(0.,36.05,10.2));
#16791=CARTESIAN_POINT('',(0.,36.05,3.));
#16792=CARTESIAN_POINT('',(-1.,36.05,10.2));
#16793=CARTESIAN_POINT('Origin',(1.25,40.5,10.2));
#16794=CARTESIAN_POINT('',(2.5,41.6329282670981,10.2));
#16795=CARTESIAN_POINT('',(2.5,74.25,10.2));
#16796=CARTESIAN_POINT('',(2.34310668093822,41.0163713538813,10.2));
#16797=CARTESIAN_POINT('',(2.59183081220295,41.9938035577009,10.2));
#16798=CARTESIAN_POINT('',(2.5,40.7795724591038,10.2));
#16799=CARTESIAN_POINT('',(3.14278873850013,39.8094122014048,10.2));
#16800=CARTESIAN_POINT('',(2.5,74.25,10.2));
#16801=CARTESIAN_POINT('',(0.,75.5,10.2));
#16802=CARTESIAN_POINT('Origin',(2.5,108.,3.));
#16803=CARTESIAN_POINT('',(2.5,83.3209799052266,13.4));
#16804=CARTESIAN_POINT('',(2.5,82.5803782826833,3.));
#16805=CARTESIAN_POINT('',(2.5,82.3467991494806,-0.280067058138594));
#16806=CARTESIAN_POINT('',(2.5,86.127718676731,3.));
#16807=CARTESIAN_POINT('',(2.5,108.,3.));
#16808=CARTESIAN_POINT('',(2.5,86.127718676731,23.5523880066951));
#16809=CARTESIAN_POINT('',(2.5,86.127718676731,0.));
#16810=CARTESIAN_POINT('',(2.5,91.872281323269,24.1561658705953));
#16811=CARTESIAN_POINT('',(2.5,-3.30171261515833,14.1529760205167));
#16812=CARTESIAN_POINT('',(2.5,91.872281323269,3.));
#16813=CARTESIAN_POINT('',(2.5,91.872281323269,0.));
#16814=CARTESIAN_POINT('',(2.5,97.8352784826674,3.));
#16815=CARTESIAN_POINT('',(2.5,108.,3.));
#16816=CARTESIAN_POINT('',(2.5,97.7211837465638,3.53804886882373));
#16817=CARTESIAN_POINT('',(2.5,99.0684283700537,-2.81529809925644));
#16818=CARTESIAN_POINT('',(2.5,96.158447192499,13.4));
#16819=CARTESIAN_POINT('',(2.5,98.6723344838899,-2.4643717346321));
#16820=CARTESIAN_POINT('',(2.5,108.,13.4));
#16821=CARTESIAN_POINT('',(2.5,108.,13.4));
#16822=CARTESIAN_POINT('',(2.5,108.,28.8512574086931));
#16823=CARTESIAN_POINT('',(2.5,108.,13.4));
#16824=CARTESIAN_POINT('',(2.5,-0.999999999999996,17.3948957647343));
#16825=CARTESIAN_POINT('',(2.5,-3.45764638327165,17.1365867210671));
#16826=CARTESIAN_POINT('',(2.5,-0.999999999999996,13.4));
#16827=CARTESIAN_POINT('',(2.5,-0.999999999999996,13.4));
#16828=CARTESIAN_POINT('',(2.5,7.36287815902115,13.4));
#16829=CARTESIAN_POINT('',(2.5,108.,13.4));
#16830=CARTESIAN_POINT('',(2.5,7.00321792974481,3.));
#16831=CARTESIAN_POINT('',(2.5,6.91774517530867,0.528454430659795));
#16832=CARTESIAN_POINT('',(2.5,15.3764376709602,3.));
#16833=CARTESIAN_POINT('',(2.5,108.,3.));
#16834=CARTESIAN_POINT('',(2.5,14.9275539298457,13.4));
#16835=CARTESIAN_POINT('',(2.5,15.6039926986218,-2.27212743728402));
#16836=CARTESIAN_POINT('',(2.5,26.1623177285485,13.4));
#16837=CARTESIAN_POINT('',(2.5,108.,13.4));
#16838=CARTESIAN_POINT('',(2.5,26.5438593435261,8.43080214734315));
#16839=CARTESIAN_POINT('',(2.5,27.5173776473987,-4.24829988300853));
#16840=CARTESIAN_POINT('',(2.5,25.5900195730077,3.));
#16841=CARTESIAN_POINT('',(2.5,25.9300840977255,4.93619851903289));
#16842=CARTESIAN_POINT('',(2.5,57.6051528393382,3.));
#16843=CARTESIAN_POINT('',(2.5,108.,3.));
#16844=CARTESIAN_POINT('',(2.5,55.7148282455577,8.77116098554163));
#16845=CARTESIAN_POINT('',(2.5,61.519340161187,-8.9500138951147));
#16846=CARTESIAN_POINT('',(2.5,55.1165515589614,13.4));
#16847=CARTESIAN_POINT('',(2.5,57.470418834424,-4.8117620887203));
#16848=CARTESIAN_POINT('',(2.5,68.5962714753664,13.4));
#16849=CARTESIAN_POINT('',(2.5,108.,13.4));
#16850=CARTESIAN_POINT('',(2.5,69.7548416790457,3.));
#16851=CARTESIAN_POINT('',(2.5,70.457969923498,-3.31168807818616));
#16852=CARTESIAN_POINT('',(2.5,71.0052701054999,3.));
#16853=CARTESIAN_POINT('',(2.5,108.,3.));
#16854=CARTESIAN_POINT('',(2.5,71.2593984482464,7.26237619309237));
#16855=CARTESIAN_POINT('',(2.5,70.7968249619033,-0.496153195781989));
#16856=CARTESIAN_POINT('',(2.5,72.5539310294978,13.4));
#16857=CARTESIAN_POINT('',(2.5,70.2637327130707,2.54173662909706));
#16858=CARTESIAN_POINT('',(2.5,108.,13.4));
#16859=CARTESIAN_POINT('',(2.5,40.4695554763757,13.4));
#16860=CARTESIAN_POINT('',(2.5,42.2096749521405,-4.56153963388276));
#16861=CARTESIAN_POINT('',(2.5,43.9130604523141,13.4));
#16862=CARTESIAN_POINT('',(2.5,108.,13.4));
#16863=CARTESIAN_POINT('',(2.5,47.4080811035883,18.3050077695466));
#16864=CARTESIAN_POINT('Origin',(34.5,107.,4.5));
#16865=CARTESIAN_POINT('',(34.5,108.,8.5));
#16866=CARTESIAN_POINT('',(34.5,108.,4.5));
#16867=CARTESIAN_POINT('',(34.5,108.,3.75));
#16868=CARTESIAN_POINT('',(34.5,110.5,8.5));
#16869=CARTESIAN_POINT('',(34.5,107.,8.5));
#16870=CARTESIAN_POINT('',(34.5,110.5,4.5));
#16871=CARTESIAN_POINT('',(34.5,110.5,2.25));
#16872=CARTESIAN_POINT('',(34.5,107.,4.5));
#16873=CARTESIAN_POINT('Origin',(25.5,113.5,4.5));
#16874=CARTESIAN_POINT('',(25.5,108.,4.5));
#16875=CARTESIAN_POINT('',(25.5,108.,8.5));
#16876=CARTESIAN_POINT('',(25.5,108.,3.75));
#16877=CARTESIAN_POINT('',(25.5,110.5,4.5));
#16878=CARTESIAN_POINT('',(25.5,113.5,4.5));
#16879=CARTESIAN_POINT('',(25.5,110.5,8.5));
#16880=CARTESIAN_POINT('',(25.5,110.5,2.25));
#16881=CARTESIAN_POINT('',(25.5,113.5,8.5));
#16882=CARTESIAN_POINT('Origin',(30.,110.25,8.5));
#16883=CARTESIAN_POINT('',(55.975,108.,8.5));
#16884=CARTESIAN_POINT('',(57.225,110.5,8.5));
#16885=CARTESIAN_POINT('Origin',(23.175,0.9,10.0945938));
#16886=CARTESIAN_POINT('',(21.425,0.9,10.0945938));
#16887=CARTESIAN_POINT('Origin',(23.175,0.9,10.0945938));
#16888=CARTESIAN_POINT('',(21.425,0.9,14.5945938117391));
#16889=CARTESIAN_POINT('',(21.425,0.9,10.0945938));
#16890=CARTESIAN_POINT('Origin',(23.175,0.9,14.5945938117391));
#16891=CARTESIAN_POINT('Origin',(23.175,0.9,10.0945938));
#16892=CARTESIAN_POINT('',(21.975,0.9,10.0945938));
#16893=CARTESIAN_POINT('Origin',(23.175,0.9,10.0945938));
#16894=CARTESIAN_POINT('Origin',(42.225,0.9,10.0945938));
#16895=CARTESIAN_POINT('',(40.475,0.9,10.0945938));
#16896=CARTESIAN_POINT('Origin',(42.225,0.9,10.0945938));
#16897=CARTESIAN_POINT('',(40.475,0.9,14.5945938117391));
#16898=CARTESIAN_POINT('',(40.475,0.9,10.0945938));
#16899=CARTESIAN_POINT('Origin',(42.225,0.9,14.5945938117391));
#16900=CARTESIAN_POINT('Origin',(42.225,0.9,10.0945938));
#16901=CARTESIAN_POINT('',(41.025,0.9,10.0945938));
#16902=CARTESIAN_POINT('Origin',(42.225,0.9,10.0945938));
#16903=CARTESIAN_POINT('Origin',(61.275,0.9,10.0945938));
#16904=CARTESIAN_POINT('',(59.525,0.9,10.0945938));
#16905=CARTESIAN_POINT('Origin',(61.275,0.9,10.0945938));
#16906=CARTESIAN_POINT('',(59.525,0.9,14.5945938117391));
#16907=CARTESIAN_POINT('',(59.525,0.9,10.0945938));
#16908=CARTESIAN_POINT('Origin',(61.275,0.9,14.5945938117391));
#16909=CARTESIAN_POINT('Origin',(61.275,0.9,10.0945938));
#16910=CARTESIAN_POINT('',(60.075,0.9,10.0945938));
#16911=CARTESIAN_POINT('Origin',(61.275,0.9,10.0945938));
#16912=CARTESIAN_POINT('Origin',(23.175,0.9,2.3));
#16913=CARTESIAN_POINT('',(21.975,0.9,2.5));
#16914=CARTESIAN_POINT('Origin',(23.175,0.9,2.5));
#16915=CARTESIAN_POINT('',(21.975,0.9,2.3));
#16916=CARTESIAN_POINT('Origin',(42.225,0.9,2.3));
#16917=CARTESIAN_POINT('',(41.025,0.9,2.5));
#16918=CARTESIAN_POINT('Origin',(42.225,0.9,2.5));
#16919=CARTESIAN_POINT('',(41.025,0.9,2.3));
#16920=CARTESIAN_POINT('Origin',(61.275,0.9,2.3));
#16921=CARTESIAN_POINT('',(60.075,0.9,2.5));
#16922=CARTESIAN_POINT('Origin',(61.275,0.9,2.5));
#16923=CARTESIAN_POINT('',(60.075,0.9,2.3));
#16924=CARTESIAN_POINT('Origin',(23.175,0.9,0.));
#16925=CARTESIAN_POINT('',(21.075,0.9,0.));
#16926=CARTESIAN_POINT('Origin',(23.175,0.9,0.));
#16927=CARTESIAN_POINT('',(21.075,0.9,2.5));
#16928=CARTESIAN_POINT('',(21.075,0.9,0.));
#16929=CARTESIAN_POINT('Origin',(23.175,0.9,2.5));
#16930=CARTESIAN_POINT('Origin',(23.175,0.9,2.5));
#16931=CARTESIAN_POINT('Origin',(42.225,0.9,0.));
#16932=CARTESIAN_POINT('',(40.125,0.9,0.));
#16933=CARTESIAN_POINT('Origin',(42.225,0.9,0.));
#16934=CARTESIAN_POINT('',(40.125,0.9,2.5));
#16935=CARTESIAN_POINT('',(40.125,0.9,0.));
#16936=CARTESIAN_POINT('Origin',(42.225,0.9,2.5));
#16937=CARTESIAN_POINT('Origin',(42.225,0.9,2.5));
#16938=CARTESIAN_POINT('Origin',(61.275,0.9,0.));
#16939=CARTESIAN_POINT('',(59.175,0.9,0.));
#16940=CARTESIAN_POINT('Origin',(61.275,0.9,0.));
#16941=CARTESIAN_POINT('',(59.175,0.9,2.5));
#16942=CARTESIAN_POINT('',(59.175,0.9,0.));
#16943=CARTESIAN_POINT('Origin',(61.275,0.9,2.5));
#16944=CARTESIAN_POINT('Origin',(61.275,0.9,2.5));
#16945=CARTESIAN_POINT('Origin',(4.5,89.,19.3542769));
#16946=CARTESIAN_POINT('',(2.75,89.,19.3542769));
#16947=CARTESIAN_POINT('Origin',(4.5,89.,19.3542769));
#16948=CARTESIAN_POINT('',(2.75,89.,23.8542769386452));
#16949=CARTESIAN_POINT('',(2.75,89.,19.3542769));
#16950=CARTESIAN_POINT('Origin',(4.5,89.,23.8542769386452));
#16951=CARTESIAN_POINT('Origin',(4.5,89.,19.3542769));
#16952=CARTESIAN_POINT('',(3.3,89.,19.3542769));
#16953=CARTESIAN_POINT('Origin',(4.5,89.,19.3542769));
#16954=CARTESIAN_POINT('Origin',(79.95,89.,19.3542769));
#16955=CARTESIAN_POINT('',(78.2,89.,19.3542769));
#16956=CARTESIAN_POINT('Origin',(79.95,89.,19.3542769));
#16957=CARTESIAN_POINT('',(78.2,89.,23.8542769386452));
#16958=CARTESIAN_POINT('',(78.2,89.,19.3542769));
#16959=CARTESIAN_POINT('Origin',(79.95,89.,23.8542769386452));
#16960=CARTESIAN_POINT('Origin',(79.95,89.,19.3542769));
#16961=CARTESIAN_POINT('',(78.75,89.,19.3542769));
#16962=CARTESIAN_POINT('Origin',(79.95,89.,19.3542769));
#16963=CARTESIAN_POINT('Origin',(20.,102.4,20.7626737));
#16964=CARTESIAN_POINT('',(18.25,102.4,20.7626737));
#16965=CARTESIAN_POINT('Origin',(20.,102.4,20.7626737));
#16966=CARTESIAN_POINT('',(18.25,102.4,25.2626736912053));
#16967=CARTESIAN_POINT('',(18.25,102.4,20.7626737));
#16968=CARTESIAN_POINT('Origin',(20.,102.4,25.2626736912053));
#16969=CARTESIAN_POINT('Origin',(20.,102.4,20.7626737));
#16970=CARTESIAN_POINT('',(18.8,102.4,20.7626737));
#16971=CARTESIAN_POINT('Origin',(20.,102.4,20.7626737));
#16972=CARTESIAN_POINT('Origin',(64.,102.4,20.7626737));
#16973=CARTESIAN_POINT('',(62.25,102.4,20.7626737));
#16974=CARTESIAN_POINT('Origin',(64.,102.4,20.7626737));
#16975=CARTESIAN_POINT('',(62.25,102.4,25.2626736912053));
#16976=CARTESIAN_POINT('',(62.25,102.4,20.7626737));
#16977=CARTESIAN_POINT('Origin',(64.,102.4,25.2626736912053));
#16978=CARTESIAN_POINT('Origin',(64.,102.4,20.7626737));
#16979=CARTESIAN_POINT('',(62.8,102.4,20.7626737));
#16980=CARTESIAN_POINT('Origin',(64.,102.4,20.7626737));
#16981=CARTESIAN_POINT('Origin',(4.5,89.,2.3));
#16982=CARTESIAN_POINT('',(3.3,89.,2.5));
#16983=CARTESIAN_POINT('Origin',(4.5,89.,2.5));
#16984=CARTESIAN_POINT('',(3.3,89.,2.3));
#16985=CARTESIAN_POINT('Origin',(79.95,89.,2.3));
#16986=CARTESIAN_POINT('',(78.75,89.,2.5));
#16987=CARTESIAN_POINT('Origin',(79.95,89.,2.5));
#16988=CARTESIAN_POINT('',(78.75,89.,2.3));
#16989=CARTESIAN_POINT('Origin',(20.,102.4,2.3));
#16990=CARTESIAN_POINT('',(18.8,102.4,2.5));
#16991=CARTESIAN_POINT('Origin',(20.,102.4,2.5));
#16992=CARTESIAN_POINT('',(18.8,102.4,2.3));
#16993=CARTESIAN_POINT('',(20.7,103.374679434481,4.45));
#16994=CARTESIAN_POINT('',(20.7,101.425320565519,4.45));
#16995=CARTESIAN_POINT('Origin',(20.,102.4,4.45));
#16996=CARTESIAN_POINT('',(20.7,103.374679434481,9.5));
#16997=CARTESIAN_POINT('',(20.7,103.374679434481,2.3));
#16998=CARTESIAN_POINT('',(20.7,101.425320565519,9.5));
#16999=CARTESIAN_POINT('Origin',(20.,102.4,9.5));
#17000=CARTESIAN_POINT('',(20.7,101.425320565519,2.3));
#17001=CARTESIAN_POINT('Origin',(64.,102.4,2.3));
#17002=CARTESIAN_POINT('',(62.8,102.4,2.5));
#17003=CARTESIAN_POINT('Origin',(64.,102.4,2.5));
#17004=CARTESIAN_POINT('',(62.8,102.4,2.3));
#17005=CARTESIAN_POINT('Origin',(30.,87.75,9.5));
#17006=CARTESIAN_POINT('',(20.7,105.829285639896,9.5));
#17007=CARTESIAN_POINT('',(20.7,107.9,9.5));
#17008=CARTESIAN_POINT('',(20.7,98.9707143601036,9.5));
#17009=CARTESIAN_POINT('Origin',(20.,102.4,9.5));
#17010=CARTESIAN_POINT('',(20.7,107.9,9.5));
#17011=CARTESIAN_POINT('Origin',(20.7,107.9,4.45));
#17012=CARTESIAN_POINT('',(20.7,107.9,4.45));
#17013=CARTESIAN_POINT('',(20.7,107.9,4.45));
#17014=CARTESIAN_POINT('',(20.7,107.9,6.));
#17015=CARTESIAN_POINT('',(20.7,107.9,4.45));
#17016=CARTESIAN_POINT('',(20.7,105.829285639896,6.));
#17017=CARTESIAN_POINT('',(20.7,98.,6.));
#17018=CARTESIAN_POINT('',(20.7,105.829285639896,0.));
#17019=CARTESIAN_POINT('Origin',(4.5,89.,0.));
#17020=CARTESIAN_POINT('',(2.4,89.,0.));
#17021=CARTESIAN_POINT('Origin',(4.5,89.,0.));
#17022=CARTESIAN_POINT('',(2.4,89.,2.5));
#17023=CARTESIAN_POINT('',(2.4,89.,0.));
#17024=CARTESIAN_POINT('Origin',(4.5,89.,2.5));
#17025=CARTESIAN_POINT('Origin',(4.5,89.,2.5));
#17026=CARTESIAN_POINT('Origin',(79.95,89.,0.));
#17027=CARTESIAN_POINT('',(77.85,89.,0.));
#17028=CARTESIAN_POINT('Origin',(79.95,89.,0.));
#17029=CARTESIAN_POINT('',(77.85,89.,2.5));
#17030=CARTESIAN_POINT('',(77.85,89.,0.));
#17031=CARTESIAN_POINT('Origin',(79.95,89.,2.5));
#17032=CARTESIAN_POINT('Origin',(79.95,89.,2.5));
#17033=CARTESIAN_POINT('Origin',(20.,102.4,0.));
#17034=CARTESIAN_POINT('',(17.9,102.4,0.));
#17035=CARTESIAN_POINT('Origin',(20.,102.4,0.));
#17036=CARTESIAN_POINT('',(17.9,102.4,2.5));
#17037=CARTESIAN_POINT('',(17.9,102.4,0.));
#17038=CARTESIAN_POINT('Origin',(20.,102.4,2.5));
#17039=CARTESIAN_POINT('Origin',(20.,102.4,2.5));
#17040=CARTESIAN_POINT('Origin',(64.,102.4,0.));
#17041=CARTESIAN_POINT('',(61.9,102.4,0.));
#17042=CARTESIAN_POINT('Origin',(64.,102.4,0.));
#17043=CARTESIAN_POINT('',(61.9,102.4,2.5));
#17044=CARTESIAN_POINT('',(61.9,102.4,0.));
#17045=CARTESIAN_POINT('Origin',(64.,102.4,2.5));
#17046=CARTESIAN_POINT('Origin',(64.,102.4,2.5));
#17047=CARTESIAN_POINT('Origin',(0.1,110.4,13.4));
#17048=CARTESIAN_POINT('',(0.1,69.0255256841798,13.4));
#17049=CARTESIAN_POINT('',(0.1,68.9481524047852,13.7649054134806));
#17050=CARTESIAN_POINT('',(0.1,71.6972870556362,0.79952350991032));
#17051=CARTESIAN_POINT('',(0.1,65.5328121172373,13.4));
#17052=CARTESIAN_POINT('',(0.1,110.4,13.4));
#17053=CARTESIAN_POINT('',(0.1,90.3439817010462,16.0509013256822));
#17054=CARTESIAN_POINT('Origin',(84.35,110.4,13.4));
#17055=CARTESIAN_POINT('',(43.4281843663362,110.4,26.1035075733307));
#17056=CARTESIAN_POINT('',(46.0720315419306,110.4,13.4));
#17057=CARTESIAN_POINT('',(48.9509718483884,110.4,-0.433114229846502));
#17058=CARTESIAN_POINT('',(1.37550020016017,110.4,26.1035075733307));
#17059=CARTESIAN_POINT('',(42.175,110.4,26.1035075733307));
#17060=CARTESIAN_POINT('',(1.37550020016017,110.4,13.4));
#17061=CARTESIAN_POINT('',(1.37550020016017,110.4,-0.5));
#17062=CARTESIAN_POINT('',(0.1,110.4,13.4));
#17063=CARTESIAN_POINT('',(84.35,110.4,13.4));
#17064=CARTESIAN_POINT('',(0.1,110.4,29.1035075733307));
#17065=CARTESIAN_POINT('',(0.1,110.4,13.4));
#17066=CARTESIAN_POINT('',(84.35,110.4,29.1035075733307));
#17067=CARTESIAN_POINT('',(42.175,110.4,29.1035075733307));
#17068=CARTESIAN_POINT('',(84.35,110.4,13.4));
#17069=CARTESIAN_POINT('',(84.35,110.4,13.4));
#17070=CARTESIAN_POINT('',(83.0744997998398,110.4,13.4));
#17071=CARTESIAN_POINT('',(84.35,110.4,13.4));
#17072=CARTESIAN_POINT('',(83.0744997998398,110.4,26.1035075733307));
#17073=CARTESIAN_POINT('',(83.0744997998398,110.4,-0.5));
#17074=CARTESIAN_POINT('',(52.9551008785437,110.4,26.1035075733307));
#17075=CARTESIAN_POINT('',(42.175,110.4,26.1035075733307));
#17076=CARTESIAN_POINT('',(54.3693681685769,110.4,13.4));
#17077=CARTESIAN_POINT('',(55.5559252671451,110.4,2.74187533426092));
#17078=CARTESIAN_POINT('',(84.35,110.4,13.4));
#17079=CARTESIAN_POINT('Origin',(84.35,-3.4,13.4));
#17080=CARTESIAN_POINT('',(84.35,59.2203001145988,13.468651262071));
#17081=CARTESIAN_POINT('',(84.35,59.2076984720226,13.4));
#17082=CARTESIAN_POINT('',(84.35,56.3513573566867,-2.16078275412426));
#17083=CARTESIAN_POINT('',(84.35,44.045039569766,14.6550271364862));
#17084=CARTESIAN_POINT('',(84.35,19.7673169268673,16.5530179053556));
#17085=CARTESIAN_POINT('',(84.35,43.8837276866867,13.4));
#17086=CARTESIAN_POINT('',(84.35,42.3193956972019,1.22929651678772));
#17087=CARTESIAN_POINT('',(84.35,-3.4,13.4));
#17088=CARTESIAN_POINT('Origin',(84.35,-3.4,13.4));
#17089=CARTESIAN_POINT('',(84.35,100.27726249677,25.0395649892585));
#17090=CARTESIAN_POINT('',(84.35,98.7343659236531,13.4));
#17091=CARTESIAN_POINT('',(84.35,96.475175571903,-3.64326354759061));
#17092=CARTESIAN_POINT('',(84.35,109.12449979984,25.9694471002116));
#17093=CARTESIAN_POINT('',(84.35,-4.48860117559862,14.0282290060261));
#17094=CARTESIAN_POINT('',(84.35,109.12449979984,13.4));
#17095=CARTESIAN_POINT('',(84.35,109.12449979984,-0.5));
#17096=CARTESIAN_POINT('',(84.35,-3.4,13.4));
#17097=CARTESIAN_POINT('',(84.35,-3.4,17.1426456000967));
#17098=CARTESIAN_POINT('',(84.35,-4.64453494371194,17.0118397065764));
#17099=CARTESIAN_POINT('',(84.35,-3.4,13.4));
#17100=CARTESIAN_POINT('',(84.35,-3.4,13.4));
#17101=CARTESIAN_POINT('',(84.35,-1.25064380964966,13.4));
#17102=CARTESIAN_POINT('',(84.35,-3.4,13.4));
#17103=CARTESIAN_POINT('',(84.35,-1.04801925553025,14.3898487376038));
#17104=CARTESIAN_POINT('',(84.35,-3.30062629435606,3.38555439929232));
#17105=CARTESIAN_POINT('',(84.35,0.889447197069524,14.5934846674572));
#17106=CARTESIAN_POINT('',(84.35,-4.48860117559862,14.0282290060261));
#17107=CARTESIAN_POINT('',(84.35,1.02995949498653,13.4));
#17108=CARTESIAN_POINT('',(84.35,2.1465932790649,3.91552554318398));
#17109=CARTESIAN_POINT('',(84.35,16.5044580199813,13.4));
#17110=CARTESIAN_POINT('',(84.35,-3.4,13.4));
#17111=CARTESIAN_POINT('',(84.35,15.7904769597245,16.1596460053321));
#17112=CARTESIAN_POINT('',(84.35,18.1755260570501,6.94106643742584));
#17113=CARTESIAN_POINT('',(84.35,24.2228269799695,17.0459217057025));
#17114=CARTESIAN_POINT('',(84.35,-4.48860117559862,14.0282290060261));
#17115=CARTESIAN_POINT('',(84.35,24.0499496701347,13.4));
#17116=CARTESIAN_POINT('',(84.35,23.589490765153,3.68908352484061));
#17117=CARTESIAN_POINT('',(84.35,40.0905332350315,13.4));
#17118=CARTESIAN_POINT('',(84.35,-3.4,13.4));
#17119=CARTESIAN_POINT('',(84.35,39.2057718416365,18.6206926674158));
#17120=CARTESIAN_POINT('',(84.35,41.1170959009826,7.3425835905783));
#17121=CARTESIAN_POINT('',(84.35,61.4035379969789,20.9537719037794));
#17122=CARTESIAN_POINT('',(84.35,-4.48860117559862,14.0282290060261));
#17123=CARTESIAN_POINT('',(84.35,61.6036532314754,13.4));
#17124=CARTESIAN_POINT('',(84.35,61.8060928026206,5.75849110350022));
#17125=CARTESIAN_POINT('',(84.35,64.6257863229174,13.4));
#17126=CARTESIAN_POINT('',(84.35,-3.4,13.4));
#17127=CARTESIAN_POINT('',(84.35,67.1001232041531,21.5525071356052));
#17128=CARTESIAN_POINT('',(84.35,58.7600471967225,-5.92658420304524));
#17129=CARTESIAN_POINT('',(84.35,92.5756008345197,24.2300877299727));
#17130=CARTESIAN_POINT('',(84.35,-4.48860117559862,14.0282290060261));
#17131=CARTESIAN_POINT('',(84.35,88.5975713548937,13.4));
#17132=CARTESIAN_POINT('',(84.35,80.2658504109718,-9.28290600320217));
#17133=CARTESIAN_POINT('',(84.35,-3.4,13.4));
#17134=CARTESIAN_POINT('Origin',(0.1,-3.4,13.4));
#17135=CARTESIAN_POINT('',(6.6148497374065,-3.4,13.4));
#17136=CARTESIAN_POINT('',(9.45959871413413,-3.4,13.5999767443601));
#17137=CARTESIAN_POINT('',(0.662875934671709,-3.4,12.9815952995063));
#17138=CARTESIAN_POINT('',(9.48647555958056,-3.4,13.4));
#17139=CARTESIAN_POINT('',(0.1,-3.4,13.4));
#17140=CARTESIAN_POINT('',(10.6025598589683,-3.4,5.09579238501937));
#17141=CARTESIAN_POINT('Origin',(0.1,-3.4,13.4));
#17142=CARTESIAN_POINT('',(83.0744997998398,-3.4,13.4));
#17143=CARTESIAN_POINT('',(83.0744997998398,-3.4,14.1426456000967));
#17144=CARTESIAN_POINT('',(83.0744997998398,-3.4,-0.5));
#17145=CARTESIAN_POINT('',(0.1,-3.4,13.4));
#17146=CARTESIAN_POINT('',(0.1,-3.4,17.1426456000967));
#17147=CARTESIAN_POINT('',(0.05,-3.4,17.1426456000967));
#17148=CARTESIAN_POINT('',(0.1,-3.4,13.4));
#17149=CARTESIAN_POINT('',(0.1,-3.4,13.4));
#17150=CARTESIAN_POINT('',(1.37550020016016,-3.4,13.4));
#17151=CARTESIAN_POINT('',(0.1,-3.4,13.4));
#17152=CARTESIAN_POINT('',(1.37550020016016,-3.4,14.1426456000967));
#17153=CARTESIAN_POINT('',(1.37550020016016,-3.4,-0.5));
#17154=CARTESIAN_POINT('',(34.688434626401,-3.4,14.1426456000967));
#17155=CARTESIAN_POINT('',(0.05,-3.4,14.1426456000967));
#17156=CARTESIAN_POINT('',(34.8566878686116,-3.4,13.4));
#17157=CARTESIAN_POINT('',(36.2066083499715,-3.4,7.44164524385579));
#17158=CARTESIAN_POINT('',(41.6759325892622,-3.4,13.4));
#17159=CARTESIAN_POINT('',(0.1,-3.4,13.4));
#17160=CARTESIAN_POINT('',(41.4540568116388,-3.4,14.1426456000967));
#17161=CARTESIAN_POINT('',(42.681353594829,-3.4,10.0347318574983));
#17162=CARTESIAN_POINT('',(47.0841253182957,-3.4,14.1426456000967));
#17163=CARTESIAN_POINT('',(0.05,-3.4,14.1426456000967));
#17164=CARTESIAN_POINT('',(47.1481280512964,-3.4,13.4));
#17165=CARTESIAN_POINT('',(47.7609393507697,-3.4,6.28934090927135));
#17166=CARTESIAN_POINT('',(54.8534888768466,-3.4,13.4));
#17167=CARTESIAN_POINT('',(0.1,-3.4,13.4));
#17168=CARTESIAN_POINT('',(54.7530143385657,-3.4,14.1426456000967));
#17169=CARTESIAN_POINT('',(55.6700039839134,-3.4,7.36482569563188));
#17170=CARTESIAN_POINT('',(0.05,-3.4,14.1426456000967));
#17171=CARTESIAN_POINT('Origin',(0.1,-3.4,13.4));
#17172=CARTESIAN_POINT('',(68.1008778824418,-3.4,13.6126199557745));
#17173=CARTESIAN_POINT('',(71.3401356766853,-3.4,13.4));
#17174=CARTESIAN_POINT('',(33.6643994346262,-3.4,15.8729780345966));
#17175=CARTESIAN_POINT('',(68.0738032510168,-3.4,13.4));
#17176=CARTESIAN_POINT('',(66.4014930900848,-3.4,0.267170714994533));
#17177=CARTESIAN_POINT('',(0.1,-3.4,13.4));
#17178=CARTESIAN_POINT('Origin',(42.225,53.5,13.4));
#17179=CARTESIAN_POINT('',(18.4585127286385,-3.24872236117776,13.4));
#17180=CARTESIAN_POINT('',(18.3995197192732,-1.,13.4));
#17181=CARTESIAN_POINT('',(17.7901921842194,22.2266241050803,13.4));
#17182=CARTESIAN_POINT('',(12.1466667777775,-3.32056821164753,13.4));
#17183=CARTESIAN_POINT('',(26.8032433959328,-3.15373679334225,13.4));
#17184=CARTESIAN_POINT('',(12.0349772148947,-1.,13.4));
#17185=CARTESIAN_POINT('',(10.7634265789408,25.418941117987,13.4));
#17186=CARTESIAN_POINT('',(2.5,-1.,13.4));
#17187=CARTESIAN_POINT('Origin',(42.225,53.5,13.4));
#17188=CARTESIAN_POINT('',(32.694072836172,-3.35998731964467,13.4));
#17189=CARTESIAN_POINT('',(33.0453371177916,-1.,13.4));
#17190=CARTESIAN_POINT('',(36.7321961370012,23.7703538046463,13.4));
#17191=CARTESIAN_POINT('',(28.198099104227,-3.32840399617459,13.4));
#17192=CARTESIAN_POINT('',(35.7917106411875,-3.38174761065655,13.4));
#17193=CARTESIAN_POINT('',(27.7016139442774,-1.,13.4));
#17194=CARTESIAN_POINT('',(22.0367835783863,25.5667833111669,13.4));
#17195=CARTESIAN_POINT('',(2.5,-1.,13.4));
#17196=CARTESIAN_POINT('Origin',(42.225,53.5,13.4));
#17197=CARTESIAN_POINT('',(81.95,57.9897191656539,13.4));
#17198=CARTESIAN_POINT('',(66.2243929064347,50.0091091573011,13.4));
#17199=CARTESIAN_POINT('',(81.95,45.2298758780451,13.4));
#17200=CARTESIAN_POINT('',(63.104063466438,55.8004689526742,13.4));
#17201=CARTESIAN_POINT('',(81.95,-1.,13.4));
#17202=CARTESIAN_POINT('Origin',(42.225,53.5,13.4));
#17203=CARTESIAN_POINT('',(81.95,66.3902780893162,13.4));
#17204=CARTESIAN_POINT('',(72.4416888196426,73.3808350851903,13.4));
#17205=CARTESIAN_POINT('',(81.95,60.4018020489833,13.4));
#17206=CARTESIAN_POINT('',(58.4610949270424,48.6392319084089,13.4));
#17207=CARTESIAN_POINT('',(81.95,-1.,13.4));
#17208=CARTESIAN_POINT('Origin',(42.225,53.5,13.4));
#17209=CARTESIAN_POINT('',(81.95,97.2272319698449,13.4));
#17210=CARTESIAN_POINT('',(56.8752089134392,81.4809532068433,13.4));
#17211=CARTESIAN_POINT('',(74.3159453438737,95.4922525629067,13.4));
#17212=CARTESIAN_POINT('',(81.95,-1.,13.4));
#17213=CARTESIAN_POINT('Origin',(42.225,53.5,13.4));
#17214=CARTESIAN_POINT('',(81.95,15.5935736493869,13.4));
#17215=CARTESIAN_POINT('',(71.7133482930094,11.7084044630883,13.4));
#17216=CARTESIAN_POINT('',(81.95,2.5524877485557,13.4));
#17217=CARTESIAN_POINT('',(51.1028929229028,22.1214844426199,13.4));
#17218=CARTESIAN_POINT('',(81.95,-1.,13.4));
#17219=CARTESIAN_POINT('Origin',(42.225,53.5,13.4));
#17220=CARTESIAN_POINT('',(81.95,25.175369791008,13.4));
#17221=CARTESIAN_POINT('',(55.2830143031205,37.6801874019705,13.4));
#17222=CARTESIAN_POINT('',(81.95,38.2763075792164,13.4));
#17223=CARTESIAN_POINT('',(81.95,-1.,13.4));
#17224=CARTESIAN_POINT('',(73.430931388674,31.8365105632511,13.4));
#17225=CARTESIAN_POINT('Origin',(42.225,53.5,13.4));
#17226=CARTESIAN_POINT('',(81.95,18.5965837837013,13.4));
#17227=CARTESIAN_POINT('',(84.3188596095182,19.4922291702736,13.4));
#17228=CARTESIAN_POINT('',(67.9116460253796,13.2888032289076,13.4));
#17229=CARTESIAN_POINT('',(81.95,22.2793324850195,13.4));
#17230=CARTESIAN_POINT('',(81.95,-1.,13.4));
#17231=CARTESIAN_POINT('',(84.3130604147695,21.1718489646033,13.4));
#17232=CARTESIAN_POINT('',(62.3178680421145,31.4802240399288,13.4));
#17233=CARTESIAN_POINT('',(84.2610806495526,36.2267395739115,13.4));
#17234=CARTESIAN_POINT('Origin',(42.225,53.5,13.4));
#17235=CARTESIAN_POINT('Origin',(82.45,108.5,13.4));
#17236=CARTESIAN_POINT('Origin',(42.225,53.5,13.4));
#17237=CARTESIAN_POINT('',(10.6972744004453,110.349651480919,13.4));
#17238=CARTESIAN_POINT('',(10.9068204819839,108.,13.4));
#17239=CARTESIAN_POINT('',(13.2106743240367,82.1667629761799,13.4));
#17240=CARTESIAN_POINT('',(14.1316243778536,110.367646068358,13.4));
#17241=CARTESIAN_POINT('',(28.6221961395739,110.443570730176,13.4));
#17242=CARTESIAN_POINT('',(16.1764442369311,108.,13.4));
#17243=CARTESIAN_POINT('',(34.8596484813728,86.367182381711,13.4));
#17244=CARTESIAN_POINT('',(81.95,108.,13.4));
#17245=CARTESIAN_POINT('Origin',(42.225,53.5,13.4));
#17246=CARTESIAN_POINT('',(44.7402115197412,108.,13.4));
#17247=CARTESIAN_POINT('',(33.3725155456686,87.5148969956736,13.4));
#17248=CARTESIAN_POINT('',(54.7184292885386,108.,13.4));
#17249=CARTESIAN_POINT('',(59.1612052360876,77.4533087062631,13.4));
#17250=CARTESIAN_POINT('',(81.95,108.,13.4));
#17251=CARTESIAN_POINT('Origin',(42.225,53.5,13.4));
#17252=CARTESIAN_POINT('',(41.0502076364119,-2.13024139342975,13.4));
#17253=CARTESIAN_POINT('',(30.5512675075183,19.1748376637544,13.4));
#17254=CARTESIAN_POINT('',(35.2734439980649,-1.,13.4));
#17255=CARTESIAN_POINT('',(40.5126724919196,29.1714779858089,13.4));
#17256=CARTESIAN_POINT('',(39.588240625313,-1.,13.4));
#17257=CARTESIAN_POINT('',(2.5,-1.,13.4));
#17258=CARTESIAN_POINT('Origin',(42.225,0.9,13.4));
#17259=CARTESIAN_POINT('Origin',(42.225,53.5,13.4));
#17260=CARTESIAN_POINT('',(54.6874023003093,-1.,13.4));
#17261=CARTESIAN_POINT('',(52.7133586932675,27.5255121495986,13.4));
#17262=CARTESIAN_POINT('',(47.4306937442861,-1.,13.4));
#17263=CARTESIAN_POINT('',(51.1627899738254,30.6989329317531,13.4));
#17264=CARTESIAN_POINT('',(2.5,-1.,13.4));
#17265=CARTESIAN_POINT('Origin',(42.225,53.5,13.4));
#17266=CARTESIAN_POINT('',(83.3140166803841,-3.30373922062419,13.4));
#17267=CARTESIAN_POINT('',(54.2106490721942,-3.53770787686519,13.4));
#17268=CARTESIAN_POINT('',(68.1466089950495,-1.6032044350584,13.4));
#17269=CARTESIAN_POINT('',(69.1936494573444,24.237032265506,13.4));
#17270=CARTESIAN_POINT('',(68.2058348746791,-1.,13.4));
#17271=CARTESIAN_POINT('',(70.8494651242201,25.9248764417274,13.4));
#17272=CARTESIAN_POINT('',(81.95,-1.,13.4));
#17273=CARTESIAN_POINT('',(2.5,-1.,13.4));
#17274=CARTESIAN_POINT('',(81.95,0.221178712024567,13.4));
#17275=CARTESIAN_POINT('',(81.95,-1.,13.4));
#17276=CARTESIAN_POINT('',(56.6035701116814,15.765114692718,13.4));
#17277=CARTESIAN_POINT('Origin',(82.45,-1.5,13.4));
#17278=CARTESIAN_POINT('Origin',(42.225,53.5,13.4));
#17279=CARTESIAN_POINT('',(1.86689605927622,41.4250984806232,13.4));
#17280=CARTESIAN_POINT('',(6.25724976666493,34.7987429939221,13.4));
#17281=CARTESIAN_POINT('',(4.84629824266802,53.1335066168566,13.4));
#17282=CARTESIAN_POINT('Origin',(42.225,53.5,13.4));
#17283=CARTESIAN_POINT('',(1.93272333287725,68.9635640598373,13.4));
#17284=CARTESIAN_POINT('',(21.7206832871583,56.1515247600767,13.4));
#17285=CARTESIAN_POINT('',(0.257680940577408,56.3243256478593,13.4));
#17286=CARTESIAN_POINT('',(15.0303107829376,48.3673850539207,13.4));
#17287=CARTESIAN_POINT('',(0.148124592425403,62.7223604762785,13.4));
#17288=CARTESIAN_POINT('',(20.8793438521282,68.3230072654135,13.4));
#17289=CARTESIAN_POINT('Origin',(42.225,53.5,13.4));
#17290=CARTESIAN_POINT('',(0.124431225845596,13.7437169609609,13.4));
#17291=CARTESIAN_POINT('',(22.9940045437082,25.140501870269,13.4));
#17292=CARTESIAN_POINT('',(0.226214949297836,24.71443099184,13.4));
#17293=CARTESIAN_POINT('',(0.35488482910653,38.5830576041405,13.4));
#17294=CARTESIAN_POINT('',(21.4648226870575,38.2386198504836,13.4));
#17295=CARTESIAN_POINT('Origin',(42.225,53.5,13.4));
#17296=CARTESIAN_POINT('',(0.174110329189425,96.2577939985015,13.4));
#17297=CARTESIAN_POINT('',(21.0111633812989,95.3677712716232,13.4));
#17298=CARTESIAN_POINT('',(0.1,105.485417002154,13.4));
#17299=CARTESIAN_POINT('',(0.278866899004271,83.2143472350087,13.4));
#17300=CARTESIAN_POINT('',(0.1,110.4,13.4));
#17301=CARTESIAN_POINT('',(1.35143935663796,110.391922062846,13.4));
#17302=CARTESIAN_POINT('Origin',(2.,108.5,13.4));
#17303=CARTESIAN_POINT('',(8.34839582707206,110.335274979586,13.4));
#17304=CARTESIAN_POINT('',(24.5800318536152,110.203864295339,13.4));
#17305=CARTESIAN_POINT('',(8.58786661113695,108.,13.4));
#17306=CARTESIAN_POINT('',(11.8095626770656,76.5826133489595,13.4));
#17307=CARTESIAN_POINT('',(81.95,108.,13.4));
#17308=CARTESIAN_POINT('Origin',(42.225,53.5,13.4));
#17309=CARTESIAN_POINT('',(0.1,8.56507934218959,13.4));
#17310=CARTESIAN_POINT('',(13.8266728660163,1.68915335865165,13.4));
#17311=CARTESIAN_POINT('',(9.32089214689656,-1.,13.4));
#17312=CARTESIAN_POINT('',(2.5,-1.,13.4));
#17313=CARTESIAN_POINT('',(7.68179931233759,22.7573482704374,13.4));
#17314=CARTESIAN_POINT('',(1.26667325939051,-3.36070736321085,13.4));
#17315=CARTESIAN_POINT('',(22.1671047540077,-3.51426120849443,13.4));
#17316=CARTESIAN_POINT('Origin',(2.,-1.5,13.4));
#17317=CARTESIAN_POINT('',(0.1,110.4,13.4));
#17318=CARTESIAN_POINT('Origin',(0.,-5.5,16.9219267060388));
#17319=CARTESIAN_POINT('',(0.1,51.6337642971648,22.9269273103417));
#17320=CARTESIAN_POINT('',(81.95,-1.,17.3948957647343));
#17321=CARTESIAN_POINT('',(40.975,-1.,17.3948957647343));
#17322=CARTESIAN_POINT('',(81.95,108.,28.8512574086931));
#17323=CARTESIAN_POINT('',(1.25,108.,28.8512574086931));
#17324=CARTESIAN_POINT('',(81.95,50.4468757367246,22.802180295851));
#17325=CARTESIAN_POINT('Origin',(0.1,110.4,13.4));
#17326=CARTESIAN_POINT('',(0.1,83.198238795251,13.4));
#17327=CARTESIAN_POINT('',(0.1,83.9045680422487,23.3187254593775));
#17328=CARTESIAN_POINT('',(0.1,82.5991644064676,4.98741561765504));
#17329=CARTESIAN_POINT('',(0.1,71.6760639922656,13.4));
#17330=CARTESIAN_POINT('',(0.1,110.4,13.4));
#17331=CARTESIAN_POINT('',(0.1,72.1940477587794,22.0879001804202));
#17332=CARTESIAN_POINT('',(0.1,71.1605608364063,4.75370594538328));
#17333=CARTESIAN_POINT('',(0.1,8.63450493798479,15.4075230384046));
#17334=CARTESIAN_POINT('',(0.1,51.7896980652782,19.9433166097913));
#17335=CARTESIAN_POINT('',(0.1,8.29955903026603,5.7221668140483));
#17336=CARTESIAN_POINT('',(0.0999999999999995,109.12449979984,13.693500919374));
#17337=CARTESIAN_POINT('',(0.1,111.083004003239,13.8514590687904));
#17338=CARTESIAN_POINT('',(0.1,109.12449979984,25.9694471002116));
#17339=CARTESIAN_POINT('',(0.1,109.12449979984,-0.5));
#17340=CARTESIAN_POINT('',(0.1,51.7896980652782,19.9433166097913));
#17341=CARTESIAN_POINT('Origin',(42.225,53.5,13.4));
#17342=CARTESIAN_POINT('',(26.5429522934805,84.5505876767235,13.4));
#17343=CARTESIAN_POINT('',(1.5158148185811,71.6461357139263,13.4));
#17344=CARTESIAN_POINT('',(8.52517095137275,78.111444054931,13.4));
#17345=CARTESIAN_POINT('',(22.747624124574,71.1973259612551,13.4));
#17346=CARTESIAN_POINT('Origin',(12.5539455762866,82.4965507074031,-5.39760607974829));
#17347=CARTESIAN_POINT('',(0.,83.8994152625771,23.3181838804106));
#17348=CARTESIAN_POINT('',(3.82408312535114,84.0964618404843,23.3388943102932));
#17349=CARTESIAN_POINT('',(0.,83.0517046397926,11.4140910339983));
#17350=CARTESIAN_POINT('',(0.,82.1196172301287,-1.67487443061325));
#17351=CARTESIAN_POINT('',(1.83028149141114,82.3324923687926,0.));
#17352=CARTESIAN_POINT('',(2.93703083947396,81.897593302292,-6.90196446278197));
#17353=CARTESIAN_POINT('',(11.6884243117141,82.8366587821518,0.));
#17354=CARTESIAN_POINT('',(26.5916266816351,83.5988402825998,0.));
#17355=CARTESIAN_POINT('',(11.2073659026057,83.0256915142873,3.));
#17356=CARTESIAN_POINT('',(12.5539455762866,82.4965507074031,-5.39760607974829));
#17357=CARTESIAN_POINT('',(26.5807294305557,83.8119180574036,3.));
#17358=CARTESIAN_POINT('Origin',(11.6131978173685,2.15212401565194,-5.27398176820849));
#17359=CARTESIAN_POINT('',(2.22044604925031E-15,8.6847793910165,15.4128070963439));
#17360=CARTESIAN_POINT('',(9.23928282001593,4.03978048920221,14.9245980389588));
#17361=CARTESIAN_POINT('',(0.,8.54418682656391,11.3474071680596));
#17362=CARTESIAN_POINT('',(2.22044604925031E-15,8.1182232293833,-0.969832966030039));
#17363=CARTESIAN_POINT('',(1.60772719733496,7.34642454463136,0.));
#17364=CARTESIAN_POINT('',(2.60243694021802,6.60536237097957,-7.02070381420455));
#17365=CARTESIAN_POINT('',(10.865967740804,2.7088129882078,0.));
#17366=CARTESIAN_POINT('',(13.6411057821023,1.31869872291423,2.77555756156289E-16));
#17367=CARTESIAN_POINT('',(10.4409207216417,3.02547447682627,3.));
#17368=CARTESIAN_POINT('',(11.6131978173685,2.15212401565194,-5.27398176820849));
#17369=CARTESIAN_POINT('',(13.6826506516353,1.40163632793007,3.));
#17370=CARTESIAN_POINT('Origin',(0.,-5.5,13.9219267060388));
#17371=CARTESIAN_POINT('',(-1.38777878078145E-16,72.196174944103,22.0881237566069));
#17372=CARTESIAN_POINT('',(2.32479702729233,72.1467222029352,22.0829260640647));
#17373=CARTESIAN_POINT('',(0.,51.142647591057,19.87530886452));
#17374=CARTESIAN_POINT('Origin',(2.88034079366308,70.4493291714517,-6.18968932157811));
#17375=CARTESIAN_POINT('',(4.61233962918674,70.429350945193,-5.91069960721561));
#17376=CARTESIAN_POINT('',(3.18348397015681,70.9908222425232,3.));
#17377=CARTESIAN_POINT('',(22.7345227781402,70.5775415481926,3.));
#17378=CARTESIAN_POINT('',(3.66454237926519,70.8017895103877,0.));
#17379=CARTESIAN_POINT('',(4.61233962918674,70.429350945193,-5.91069960721561));
#17380=CARTESIAN_POINT('',(1.88780676102526,70.8393471326276,0.));
#17381=CARTESIAN_POINT('',(22.7307435435919,70.3987575828861,-5.55111512312578E-16));
#17382=CARTESIAN_POINT('',(0.,71.5811640576075,11.7728329363844));
#17383=CARTESIAN_POINT('',(2.88034079366308,70.4493291714517,-6.18968932157811));
#17384=CARTESIAN_POINT('',(-1.38777878078145E-16,70.7647966439858,-1.91971702097545));
#17385=CARTESIAN_POINT('Origin',(4.61233962918674,70.429350945193,-5.91069960721561));
#17386=CARTESIAN_POINT('Origin',(7.03600613246607,67.7913761893639,-5.73821833073956));
#17387=CARTESIAN_POINT('',(0.,71.5278433870472,1.61459303856216));
#17388=CARTESIAN_POINT('',(-0.822223479349137,72.6187448288499,-3.39918112794158));
#17389=CARTESIAN_POINT('',(0.,71.7077106356574,0.));
#17390=CARTESIAN_POINT('',(0.,72.2371699416869,-4.75273467694961));
#17391=CARTESIAN_POINT('',(3.75394769435646,69.2771556163192,0.));
#17392=CARTESIAN_POINT('',(22.4017090644249,57.2033565952036,-5.55111512312578E-16));
#17393=CARTESIAN_POINT('',(3.4346208552491,69.1497060735819,3.));
#17394=CARTESIAN_POINT('',(4.47463462967997,69.5647957677719,-6.7706830156037));
#17395=CARTESIAN_POINT('',(22.2492406068279,56.9678718559961,3.));
#17396=CARTESIAN_POINT('Origin',(-0.822223479349137,72.6187448288499,-3.39918112794158));
#17397=CARTESIAN_POINT('',(0.,69.0808294043117,13.1551230012254));
#17398=CARTESIAN_POINT('',(-2.66528267542424,72.6170464869639,-3.09730199039626));
#17399=CARTESIAN_POINT('',(0.,73.0621950910821,-5.62166794670761));
#17400=CARTESIAN_POINT('Origin',(65.7542620510764,-5.59053390486381,-4.11856220133216));
#17401=CARTESIAN_POINT('',(82.45,-3.5,11.8542881746649));
#17402=CARTESIAN_POINT('Origin',(82.45,-1.5,28.1838326862921));
#17403=CARTESIAN_POINT('',(67.9937525909247,-3.5,12.8031742714262));
#17404=CARTESIAN_POINT('',(33.9991427113765,-3.5,15.0345287693632));
#17405=CARTESIAN_POINT('',(65.7542620510764,-5.59053390486381,-4.11856220133216));
#17406=CARTESIAN_POINT('Origin',(82.45,-1.5,-0.5));
#17407=CARTESIAN_POINT('',(82.45,-3.5,14.1321351765701));
#17408=CARTESIAN_POINT('Origin',(82.45,-1.5,14.3423436471015));
#17409=CARTESIAN_POINT('',(82.45,-3.5,-0.5));
#17410=CARTESIAN_POINT('Origin',(57.1626541140929,1.13310457235886,-5.98662054139827));
#17411=CARTESIAN_POINT('',(56.0944465189574,-1.,3.));
#17412=CARTESIAN_POINT('',(56.2193491792054,-1.,2.07679684166073));
#17413=CARTESIAN_POINT('',(55.6301542338928,5.70916041131463,3.));
#17414=CARTESIAN_POINT('',(54.1136966663995,27.6224193745789,3.));
#17415=CARTESIAN_POINT('',(55.9814915659322,6.49729116710392,0.));
#17416=CARTESIAN_POINT('',(56.4915621965817,7.64149736149371,-4.35539224672396));
#17417=CARTESIAN_POINT('',(56.4615463511107,-0.439642018279783,0.));
#17418=CARTESIAN_POINT('',(54.5176403124952,27.6503733817848,5.55111512312578E-16));
#17419=CARTESIAN_POINT('',(55.0972828701024,-3.5,11.6491760760764));
#17420=CARTESIAN_POINT('',(57.1626541140929,1.13310457235886,-5.98662054139827));
#17421=CARTESIAN_POINT('',(54.7613565963053,-3.5,14.1321351765701));
#17422=CARTESIAN_POINT('',(56.566068559367,-3.5,0.792821339031859));
#17423=CARTESIAN_POINT('',(54.5620427817147,-1.11079289548372,14.3832509621816));
#17424=CARTESIAN_POINT('Origin',(0.,-5.5,13.9219267060388));
#17425=CARTESIAN_POINT('',(58.638240625313,-1.,14.3948957647343));
#17426=CARTESIAN_POINT('',(63.9117593746871,-1.,14.3948957647343));
#17427=CARTESIAN_POINT('',(40.975,-1.,14.3948957647343));
#17428=CARTESIAN_POINT('Origin',(61.275,0.9,14.5945938117391));
#17429=CARTESIAN_POINT('Origin',(0.,-5.5,13.9219267060388));
#17430=CARTESIAN_POINT('',(0.,-3.5,14.1321351765701));
#17431=CARTESIAN_POINT('Origin',(46.2967664834936,-1.63838844381351,-4.9721569906042));
#17432=CARTESIAN_POINT('',(44.6349226590934,-1.28054414703952,0.));
#17433=CARTESIAN_POINT('Origin',(42.225,0.9,4.46965235892981));
#17434=CARTESIAN_POINT('',(45.076733153234,-2.17709250243531,-5.55111512312578E-16));
#17435=CARTESIAN_POINT('',(33.7724623694498,20.7622118250118,0.));
#17436=CARTESIAN_POINT('',(42.0806702610988,-3.5,12.2102361336708));
#17437=CARTESIAN_POINT('',(46.2967664834936,-1.63838844381351,-4.9721569906042));
#17438=CARTESIAN_POINT('',(41.5064759958914,-3.5,14.1321351765701));
#17439=CARTESIAN_POINT('',(44.5601842173405,-3.5,3.91099702922749));
#17440=CARTESIAN_POINT('',(38.0254022635797,3.14083919264042,14.8301155014349));
#17441=CARTESIAN_POINT('Origin',(42.225,0.9,0.));
#17442=CARTESIAN_POINT('',(39.588240625313,-1.,14.3948957647343));
#17443=CARTESIAN_POINT('',(39.588240625313,-1.,0.));
#17444=CARTESIAN_POINT('',(44.861759374687,-1.,14.3948957647343));
#17445=CARTESIAN_POINT('Origin',(42.225,0.9,14.5945938117391));
#17446=CARTESIAN_POINT('',(44.861759374687,-1.,3.));
#17447=CARTESIAN_POINT('',(44.861759374687,-1.,0.));
#17448=CARTESIAN_POINT('',(41.1522684700646,3.96785708022432,3.));
#17449=CARTESIAN_POINT('Origin',(42.225,0.9,3.));
#17450=CARTESIAN_POINT('',(41.9639760294447,4.13950096261686,0.));
#17451=CARTESIAN_POINT('Origin',(42.225,0.9,4.46965235892981));
#17452=CARTESIAN_POINT('',(41.3309650468295,-2.22461221634133,1.11022302462516E-15));
#17453=CARTESIAN_POINT('Origin',(42.225,0.9,0.));
#17454=CARTESIAN_POINT('',(43.198013631257,-2.20092638954684,1.11022302462516E-15));
#17455=CARTESIAN_POINT('Origin',(42.225,0.9,-29.5850283631622));
#17456=CARTESIAN_POINT('Origin',(42.225,0.9,0.));
#17457=CARTESIAN_POINT('Origin',(0.,-5.5,13.9219267060388));
#17458=CARTESIAN_POINT('',(40.975,-1.,14.3948957647343));
#17459=CARTESIAN_POINT('Origin',(0.,-5.5,13.9219267060388));
#17460=CARTESIAN_POINT('',(47.0732575577809,-3.5,14.1321351765701));
#17461=CARTESIAN_POINT('',(0.,-3.5,14.1321351765701));
#17462=CARTESIAN_POINT('',(47.2742873618817,-1.65021867819052,14.3265550278077));
#17463=CARTESIAN_POINT('Origin',(11.8828566973934,113.302657787586,-4.79007588067723));
#17464=CARTESIAN_POINT('',(11.7352359904289,108.,3.));
#17465=CARTESIAN_POINT('',(12.2653566578344,108.,-3.65518074542968));
#17466=CARTESIAN_POINT('',(12.3829635677399,100.736995843178,3.));
#17467=CARTESIAN_POINT('',(14.0325531112913,82.2400595824074,3.));
#17468=CARTESIAN_POINT('',(12.5784958411716,101.224020690029,0.));
#17469=CARTESIAN_POINT('',(13.0025717179832,102.280293832731,-6.50648411183711));
#17470=CARTESIAN_POINT('',(11.7512475736636,110.5,0.));
#17471=CARTESIAN_POINT('',(14.2696335306917,82.2612028342039,0.));
#17472=CARTESIAN_POINT('',(10.7576367986535,110.5,12.4738756756287));
#17473=CARTESIAN_POINT('',(12.170418828943,110.5,-5.26231222190544));
#17474=CARTESIAN_POINT('',(11.8828566973934,113.302657787586,-4.79007588067723));
#17475=CARTESIAN_POINT('Origin',(81.95,108.,3.));
#17476=CARTESIAN_POINT('',(39.,108.,4.5));
#17477=CARTESIAN_POINT('',(55.975,108.,4.5));
#17478=CARTESIAN_POINT('',(39.,108.,6.));
#17479=CARTESIAN_POINT('',(39.,108.,3.7));
#17480=CARTESIAN_POINT('',(39.8,108.,6.));
#17481=CARTESIAN_POINT('',(60.975,108.,6.));
#17482=CARTESIAN_POINT('',(39.8,108.,8.));
#17483=CARTESIAN_POINT('',(39.8,108.,3.75));
#17484=CARTESIAN_POINT('',(45.8640566204582,108.,8.));
#17485=CARTESIAN_POINT('',(67.325,108.,8.));
#17486=CARTESIAN_POINT('',(48.6619166351401,108.,-5.44352888991786));
#17487=CARTESIAN_POINT('',(55.3196052489649,108.,8.));
#17488=CARTESIAN_POINT('',(56.4578451245523,108.,-2.22412027888431));
#17489=CARTESIAN_POINT('',(65.6,108.,8.));
#17490=CARTESIAN_POINT('',(67.325,108.,8.));
#17491=CARTESIAN_POINT('',(65.6,108.,3.));
#17492=CARTESIAN_POINT('',(65.6,108.,1.5));
#17493=CARTESIAN_POINT('',(81.95,108.,3.));
#17494=CARTESIAN_POINT('',(81.95,108.,3.));
#17495=CARTESIAN_POINT('',(81.95,108.,13.4));
#17496=CARTESIAN_POINT('',(7.71223028802036,108.,3.));
#17497=CARTESIAN_POINT('',(7.56325137120852,108.,1.23056593937497));
#17498=CARTESIAN_POINT('',(81.95,108.,3.));
#17499=CARTESIAN_POINT('',(16.52054298918,108.,11.7246071500827));
#17500=CARTESIAN_POINT('',(20.3585793180664,108.,-6.96252432340715));
#17501=CARTESIAN_POINT('',(17.1198443917602,108.,3.));
#17502=CARTESIAN_POINT('',(17.6028379656705,108.,-4.03140217967129));
#17503=CARTESIAN_POINT('',(19.,108.,3.));
#17504=CARTESIAN_POINT('',(81.95,108.,3.));
#17505=CARTESIAN_POINT('',(19.,108.,6.));
#17506=CARTESIAN_POINT('',(19.,108.,1.5));
#17507=CARTESIAN_POINT('',(21.,108.,6.));
#17508=CARTESIAN_POINT('',(50.975,108.,6.));
#17509=CARTESIAN_POINT('',(21.,108.,4.5));
#17510=CARTESIAN_POINT('',(21.,108.,3.7));
#17511=CARTESIAN_POINT('',(55.975,108.,4.5));
#17512=CARTESIAN_POINT('Origin',(7.46813279867187,102.3389859173,-6.79391136940362));
#17513=CARTESIAN_POINT('',(8.24629725414931,110.5,12.387991745369));
#17514=CARTESIAN_POINT('',(6.50118356573407,113.315552457976,-4.90969819670348));
#17515=CARTESIAN_POINT('',(7.20328037504223,110.5,0.));
#17516=CARTESIAN_POINT('',(7.19208748053935,110.5,-0.132938869433213));
#17517=CARTESIAN_POINT('',(8.15355078039838,101.233138031284,0.));
#17518=CARTESIAN_POINT('',(10.6930793093582,76.4681235566235,0.));
#17519=CARTESIAN_POINT('',(8.4562120653895,100.744826736411,3.));
#17520=CARTESIAN_POINT('',(7.46813279867187,102.3389859173,-6.79391136940362));
#17521=CARTESIAN_POINT('',(10.9430382722778,76.4937555996838,3.));
#17522=CARTESIAN_POINT('Origin',(6.50118356573407,113.315552457976,-4.90969819670348));
#17523=CARTESIAN_POINT('',(2.,110.5,12.7002401864385));
#17524=CARTESIAN_POINT('Origin',(2.,108.5,25.0494521644452));
#17525=CARTESIAN_POINT('',(46.1229246940383,110.5,10.4945631444137));
#17526=CARTESIAN_POINT('Origin',(2.,108.5,-0.5));
#17527=CARTESIAN_POINT('',(2.,110.5,26.1140179968573));
#17528=CARTESIAN_POINT('Origin',(2.,108.5,25.9038095263259));
#17529=CARTESIAN_POINT('',(2.,110.5,-0.5));
#17530=CARTESIAN_POINT('Origin',(2.,108.5,-0.5));
#17531=CARTESIAN_POINT('',(0.,108.5,12.6389140321116));
#17532=CARTESIAN_POINT('Origin',(2.,108.5,32.7233030821429));
#17533=CARTESIAN_POINT('',(0.,108.5,25.9038095263259));
#17534=CARTESIAN_POINT('',(0.,108.5,-0.5));
#17535=CARTESIAN_POINT('Origin',(2.,108.5,25.9038095263259));
#17536=CARTESIAN_POINT('Origin',(0.,-5.5,13.9219267060388));
#17537=CARTESIAN_POINT('',(0.,51.142647591057,19.87530886452));
#17538=CARTESIAN_POINT('Origin',(0.,-5.5,13.9219267060388));
#17539=CARTESIAN_POINT('',(43.4814894435595,110.5,26.1140179968572));
#17540=CARTESIAN_POINT('',(13.9434658137067,55.0868476916091,20.2898609998234));
#17541=CARTESIAN_POINT('',(42.225,110.5,26.1140179968572));
#17542=CARTESIAN_POINT('Origin',(58.0446537417269,98.7809859613899,-4.43356983831956));
#17543=CARTESIAN_POINT('',(52.939386551516,110.5,26.1140179968572));
#17544=CARTESIAN_POINT('',(62.3987377900338,50.3042867387419,19.7871935882608));
#17545=CARTESIAN_POINT('',(54.5212643338927,110.5,11.9049667587183));
#17546=CARTESIAN_POINT('',(56.2789430966154,110.5,-3.88319834351393));
#17547=CARTESIAN_POINT('',(56.0859216345819,108.854736272295,0.));
#17548=CARTESIAN_POINT('',(56.8573697537554,108.043545471777,-5.86969696865345));
#17549=CARTESIAN_POINT('',(56.1375152347896,108.5,0.));
#17550=CARTESIAN_POINT('',(60.6221091436168,77.6657856871459,0.));
#17551=CARTESIAN_POINT('',(55.2468841823062,108.5,8.));
#17552=CARTESIAN_POINT('',(56.4508817551364,108.5,-2.81478189625685));
#17553=CARTESIAN_POINT('',(57.4050795114427,93.6611408612474,8.));
#17554=CARTESIAN_POINT('Origin',(82.45,108.5,-0.5));
#17555=CARTESIAN_POINT('',(84.45,108.5,25.9038095263259));
#17556=CARTESIAN_POINT('Origin',(82.45,108.5,25.9038095263259));
#17557=CARTESIAN_POINT('',(84.45,108.5,0.));
#17558=CARTESIAN_POINT('',(84.45,108.5,-0.5));
#17559=CARTESIAN_POINT('',(82.45,110.5,0.));
#17560=CARTESIAN_POINT('Origin',(82.45,108.5,0.));
#17561=CARTESIAN_POINT('',(82.45,110.5,26.1140179968573));
#17562=CARTESIAN_POINT('',(82.45,110.5,-0.5));
#17563=CARTESIAN_POINT('Origin',(82.45,108.5,25.9038095263259));
#17564=CARTESIAN_POINT('Origin',(0.,-5.5,13.9219267060388));
#17565=CARTESIAN_POINT('',(84.45,100.340947011428,25.0462585014699));
#17566=CARTESIAN_POINT('',(27.0035239384383,63.7564375434259,21.2010716112656));
#17567=CARTESIAN_POINT('',(84.45,-5.23455902985646,13.9498256762139));
#17568=CARTESIAN_POINT('Origin',(0.,-5.5,13.9219267060388));
#17569=CARTESIAN_POINT('',(42.225,110.5,26.1140179968572));
#17570=CARTESIAN_POINT('Origin',(87.5774995617923,18.8197924290939,-4.32999752804875));
#17571=CARTESIAN_POINT('',(84.45,21.1435907925501,12.6549227459344));
#17572=CARTESIAN_POINT('',(87.5831992587717,20.49703936929,-4.39256207181539));
#17573=CARTESIAN_POINT('',(84.45,19.4651676912197,12.6864756974922));
#17574=CARTESIAN_POINT('',(84.45,7.94316349735701,12.9030797467861));
#17575=CARTESIAN_POINT('',(87.5774995617923,18.8197924290939,-4.32999752804875));
#17576=CARTESIAN_POINT('Origin',(87.5831992587717,20.49703936929,-4.39256207181539));
#17577=CARTESIAN_POINT('',(81.95,22.7807225330767,3.));
#17578=CARTESIAN_POINT('',(81.95,22.9282891780475,-0.0608766840153051));
#17579=CARTESIAN_POINT('',(75.1112677130972,25.9857964537202,3.));
#17580=CARTESIAN_POINT('',(62.5105335952816,31.8913185019102,3.));
#17581=CARTESIAN_POINT('',(75.6626451084611,25.8720169554237,0.));
#17582=CARTESIAN_POINT('',(76.8676656319887,25.6233549105943,-6.55641961563809));
#17583=CARTESIAN_POINT('',(84.45,21.7536919775256,0.));
#17584=CARTESIAN_POINT('',(62.5661101971567,32.0099034428664,0.));
#17585=CARTESIAN_POINT('',(84.45,21.8285934040541,-1.55363042987101));
#17586=CARTESIAN_POINT('Origin',(71.7329561833195,29.0937857177882,-5.00307743301456));
#17587=CARTESIAN_POINT('',(84.45,24.1756996067936,17.0409684191848));
#17588=CARTESIAN_POINT('',(50.0484387909616,40.3882517361324,18.7449763124438));
#17589=CARTESIAN_POINT('',(84.45,23.9096677445117,11.4304499420725));
#17590=CARTESIAN_POINT('',(84.45,23.2256125625939,-2.99603342948418));
#17591=CARTESIAN_POINT('',(82.4259724981305,24.3167915606522,0.));
#17592=CARTESIAN_POINT('',(81.2141867459567,24.560536687294,-6.84341312948839));
#17593=CARTESIAN_POINT('',(72.618867618978,28.9155887100328,0.));
#17594=CARTESIAN_POINT('',(55.0387736411846,37.1593351639715,-5.55111512312578E-16));
#17595=CARTESIAN_POINT('',(73.1500875216398,28.8087362716238,3.));
#17596=CARTESIAN_POINT('',(71.7329561833195,29.0937857177882,-5.00307743301456));
#17597=CARTESIAN_POINT('',(81.95,24.6822368695109,3.));
#17598=CARTESIAN_POINT('',(55.0934543863941,37.2759438739713,3.));
#17599=CARTESIAN_POINT('',(81.95,24.4690648505643,-1.49572295906473));
#17600=CARTESIAN_POINT('Origin',(72.6186058412119,10.6642858906042,-5.21915305455738));
#17601=CARTESIAN_POINT('',(84.45,0.826783928684634,14.5868984925544));
#17602=CARTESIAN_POINT('',(49.6852791519832,22.611494256939,16.8765638120898));
#17603=CARTESIAN_POINT('',(84.45,1.26200303192063,10.890230411562));
#17604=CARTESIAN_POINT('',(84.45,2.86136390111261,-2.69443586611315));
#17605=CARTESIAN_POINT('',(82.9356777570853,3.50480640797733,0.));
#17606=CARTESIAN_POINT('',(81.8711528254131,5.08143259954368,-7.65551839379209));
#17607=CARTESIAN_POINT('',(74.3976432036076,8.92122259031885,-1.11022302462516E-15));
#17608=CARTESIAN_POINT('',(51.8165179666798,23.2463897447382,-1.11022302462516E-15));
#17609=CARTESIAN_POINT('',(73.9742530188739,8.83661730730834,3.));
#17610=CARTESIAN_POINT('',(75.0841287733886,9.05840174091838,-4.8642051318176));
#17611=CARTESIAN_POINT('',(81.95,3.77690892310686,3.));
#17612=CARTESIAN_POINT('',(51.6567511658342,22.9945452741147,3.));
#17613=CARTESIAN_POINT('',(81.95,4.26855282624344,-1.175929573004));
#17614=CARTESIAN_POINT('Origin',(79.95,89.,0.));
#17615=CARTESIAN_POINT('',(81.95,86.127718676731,3.));
#17616=CARTESIAN_POINT('Origin',(79.95,89.,3.));
#17617=CARTESIAN_POINT('',(81.95,86.127718676731,23.5523880066951));
#17618=CARTESIAN_POINT('',(81.95,86.127718676731,0.));
#17619=CARTESIAN_POINT('Origin',(79.95,89.,23.8542769386452));
#17620=CARTESIAN_POINT('Origin',(73.425165457337,89.4851236271219,-4.62063382113006));
#17621=CARTESIAN_POINT('',(84.45,92.5041287616112,24.2225757124068));
#17622=CARTESIAN_POINT('',(77.7465935011772,97.2951923418018,24.726136786112));
#17623=CARTESIAN_POINT('',(84.45,88.1141588676357,12.2709903038031));
#17624=CARTESIAN_POINT('',(84.45,78.0309287820493,-15.1803563962889));
#17625=CARTESIAN_POINT('',(82.2595246479746,85.1120047096832,0.));
#17626=CARTESIAN_POINT('',(81.4210829741417,83.962879176282,-4.6969301162856));
#17627=CARTESIAN_POINT('',(72.0185912375885,92.1488381291616,-1.11022302462516E-15));
#17628=CARTESIAN_POINT('Origin',(0.,-5.5,13.9219267060388));
#17629=CARTESIAN_POINT('',(84.45,67.0241801460953,21.5445251985643));
#17630=CARTESIAN_POINT('',(75.7909632406952,73.6001174594591,22.2356840610404));
#17631=CARTESIAN_POINT('',(84.45,-5.23455902985646,13.9498256762139));
#17632=CARTESIAN_POINT('Origin',(0.,-5.5,13.9219267060388));
#17633=CARTESIAN_POINT('',(84.45,39.2800416662245,18.6284987405324));
#17634=CARTESIAN_POINT('',(45.3349903105468,10.2293925822741,15.5751524845923));
#17635=CARTESIAN_POINT('',(84.45,61.4534760804217,20.9590206078503));
#17636=CARTESIAN_POINT('',(84.45,-5.23455902985646,13.9498256762139));
#17637=CARTESIAN_POINT('',(29.2848076944217,33.9050363154855,18.0635629135941));
#17638=CARTESIAN_POINT('Origin',(81.2651046132088,41.0910160375228,-6.26365531543684));
#17639=CARTESIAN_POINT('',(81.95,40.0388167092287,3.));
#17640=CARTESIAN_POINT('',(81.95,40.2436750525205,1.79119674675403));
#17641=CARTESIAN_POINT('',(73.5426148962129,33.6834443118919,3.));
#17642=CARTESIAN_POINT('',(72.5830844491404,32.9581089974692,3.));
#17643=CARTESIAN_POINT('',(73.0113949935511,33.7902967503009,0.));
#17644=CARTESIAN_POINT('',(72.1433377323061,33.9649024730492,-4.90224814749214));
#17645=CARTESIAN_POINT('',(82.3742307355334,40.8679204229203,0.));
#17646=CARTESIAN_POINT('',(72.3385132165827,33.2816470073398,0.));
#17647=CARTESIAN_POINT('',(84.45,40.4503889893819,11.722655273638));
#17648=CARTESIAN_POINT('',(81.2651046132088,41.0910160375228,-6.26365531543684));
#17649=CARTESIAN_POINT('',(84.45,42.2929439499413,0.850330550029967));
#17650=CARTESIAN_POINT('Origin',(76.9692181252278,45.5960879590962,-5.48613654630071));
#17651=CARTESIAN_POINT('',(84.45,43.7393983406564,12.7134827443165));
#17652=CARTESIAN_POINT('',(85.3283813947363,41.0547026495141,-4.34068196704869));
#17653=CARTESIAN_POINT('',(84.45,42.105301529233,0.));
#17654=CARTESIAN_POINT('',(84.45,41.4162326517449,-5.36104423088594));
#17655=CARTESIAN_POINT('',(76.686652525985,46.4597249296631,0.));
#17656=CARTESIAN_POINT('',(62.3692028743938,54.4903119935608,5.55111512312578E-16));
#17657=CARTESIAN_POINT('',(76.5321363577171,46.93199004553,3.));
#17658=CARTESIAN_POINT('',(76.9692181252278,45.5960879590962,-5.48613654630071));
#17659=CARTESIAN_POINT('',(81.95,43.893136985911,3.));
#17660=CARTESIAN_POINT('',(62.5337239024634,54.7836307157504,3.));
#17661=CARTESIAN_POINT('',(81.95,43.0056616503435,-3.90467191776525));
#17662=CARTESIAN_POINT('Origin',(40.5643539231582,4.53663866417129,-5.70970856594009));
#17663=CARTESIAN_POINT('',(34.6734510215155,-3.5,14.1321351765701));
#17664=CARTESIAN_POINT('',(34.6456453744522,-3.68557381401682,14.1126305827626));
#17665=CARTESIAN_POINT('',(35.294233234615,-3.5,11.3920918162195));
#17666=CARTESIAN_POINT('',(37.6314864288128,-3.5,1.07579253914457));
#17667=CARTESIAN_POINT('',(38.0895455595136,-2.26573364252446,0.));
#17668=CARTESIAN_POINT('',(39.7042260816137,-1.55277365277751,-6.58051288143383));
#17669=CARTESIAN_POINT('',(39.1633453126739,3.91802521656053,0.));
#17670=CARTESIAN_POINT('',(43.4597026130442,28.659730958033,2.77555756156289E-16));
#17671=CARTESIAN_POINT('',(38.4272261600214,3.59299280529127,3.));
#17672=CARTESIAN_POINT('',(40.5643539231582,4.53663866417129,-5.70970856594009));
#17673=CARTESIAN_POINT('',(37.6296603666297,-1.,3.));
#17674=CARTESIAN_POINT('',(42.7999197501058,28.7743011881321,3.));
#17675=CARTESIAN_POINT('',(37.7821941806317,-1.,2.32673769404835));
#17676=CARTESIAN_POINT('Origin',(2.,-1.5,-0.5));
#17677=CARTESIAN_POINT('',(2.,-3.5,12.1187711591582));
#17678=CARTESIAN_POINT('Origin',(2.,-1.5,31.2551647742616));
#17679=CARTESIAN_POINT('',(2.,-3.5,14.1321351765701));
#17680=CARTESIAN_POINT('',(2.,-3.5,-0.5));
#17681=CARTESIAN_POINT('Origin',(2.,-1.5,14.3423436471015));
#17682=CARTESIAN_POINT('Origin',(2.51443093529114,-5.37325967975687,-5.76878328083066));
#17683=CARTESIAN_POINT('',(9.59382628345957,-3.5,12.6525928319404));
#17684=CARTESIAN_POINT('',(12.0141618173943,-5.30315828268225,-4.43023865365389));
#17685=CARTESIAN_POINT('',(0.211379878413344,-3.5,11.9930368916576));
#17686=CARTESIAN_POINT('Origin',(0.,-5.5,13.9219267060388));
#17687=CARTESIAN_POINT('',(20.538240625313,-1.,14.3948957647343));
#17688=CARTESIAN_POINT('',(25.811759374687,-1.,14.3948957647343));
#17689=CARTESIAN_POINT('',(40.975,-1.,14.3948957647343));
#17690=CARTESIAN_POINT('Origin',(23.175,0.9,14.5945938117391));
#17691=CARTESIAN_POINT('Origin',(0.,-5.5,13.9219267060388));
#17692=CARTESIAN_POINT('',(0.,-3.5,14.1321351765701));
#17693=CARTESIAN_POINT('Origin',(12.0141618173943,-5.30315828268225,-4.43023865365389));
#17694=CARTESIAN_POINT('',(10.7186506389522,-1.,3.));
#17695=CARTESIAN_POINT('',(11.1476849087691,-1.,-0.192222713334036));
#17696=CARTESIAN_POINT('',(9.07293592971674,22.8533270823604,3.));
#17697=CARTESIAN_POINT('',(11.0078257044938,0.652694519958097,1.38777878078145E-16));
#17698=CARTESIAN_POINT('',(9.47422533857611,22.8810132781075,0.));
#17699=CARTESIAN_POINT('',(10.8143139542783,0.908191167413801,1.30866396670459));
#17700=CARTESIAN_POINT('',(11.9118333751242,-0.540881213108245,-6.11354226739036));
#17701=CARTESIAN_POINT('',(11.0641787595868,-3.5,1.71245843917093));
#17702=CARTESIAN_POINT('',(11.0148132053242,-2.62907782267966,1.63268114553859));
#17703=CARTESIAN_POINT('',(11.4929515984854,-3.5,-1.4778191015413));
#17704=CARTESIAN_POINT('Origin',(10.2561841188471,-1.1722776132356,-5.74230312818261));
#17705=CARTESIAN_POINT('',(12.0985303984019,-3.5,12.7918833835828));
#17706=CARTESIAN_POINT('',(10.7958290898037,-8.35591206740574,-3.66540572423844));
#17707=CARTESIAN_POINT('',(10.5886699153259,-3.5,-3.3809395433834));
#17708=CARTESIAN_POINT('',(10.9481941850635,1.40723927918417,3.));
#17709=CARTESIAN_POINT('',(10.2561841188471,-1.1722776132356,-5.74230312818261));
#17710=CARTESIAN_POINT('',(11.0640552493911,-1.,3.));
#17711=CARTESIAN_POINT('',(9.79474857773036,25.3723183891285,3.));
#17712=CARTESIAN_POINT('',(10.6190112466168,-1.,-1.76707479416546));
#17713=CARTESIAN_POINT('Origin',(0.,-5.5,13.9219267060388));
#17714=CARTESIAN_POINT('',(84.45,15.8274257354162,16.1635294781452));
#17715=CARTESIAN_POINT('',(43.1770639896732,0.577581187553798,14.5607062290217));
#17716=CARTESIAN_POINT('',(84.45,-5.23455902985646,13.9498256762139));
#17717=CARTESIAN_POINT('Origin',(0.,-5.5,13.9219267060388));
#17718=CARTESIAN_POINT('Origin',(4.5,89.,23.8542769386452));
#17719=CARTESIAN_POINT('Origin',(0.,-5.5,13.9219267060388));
#17720=CARTESIAN_POINT('',(84.45,-1.11069363984735,14.3832613943694));
#17721=CARTESIAN_POINT('',(55.4866435847436,17.0419116709801,16.2911770936436));
#17722=CARTESIAN_POINT('',(84.45,-5.23455902985646,13.9498256762139));
#17723=CARTESIAN_POINT('Origin',(0.,-5.5,13.9219267060388));
#17724=CARTESIAN_POINT('',(81.95,50.6028095048379,19.8185695953007));
#17725=CARTESIAN_POINT('Origin',(0.,-5.5,13.9219267060388));
#17726=CARTESIAN_POINT('',(16.5,102.4,25.2626736912053));
#17727=CARTESIAN_POINT('Origin',(20.,102.4,25.2626736912053));
#17728=CARTESIAN_POINT('Origin',(0.,-5.5,13.9219267060388));
#17729=CARTESIAN_POINT('',(60.5,102.4,25.2626736912053));
#17730=CARTESIAN_POINT('Origin',(64.,102.4,25.2626736912053));
#17731=CARTESIAN_POINT('Origin',(79.5661806530021,61.8524713163722,-7.32577553964062));
#17732=CARTESIAN_POINT('',(81.95,63.2338130734851,3.));
#17733=CARTESIAN_POINT('',(81.95,59.0318118261094,-10.8448589651801));
#17734=CARTESIAN_POINT('',(75.1075935602909,68.2643838339936,3.));
#17735=CARTESIAN_POINT('',(70.9352889407806,71.3318826456742,3.));
#17736=CARTESIAN_POINT('',(74.3066112976519,67.9427511658678,0.));
#17737=CARTESIAN_POINT('',(72.6854711160708,67.291785886949,-6.07182052785955));
#17738=CARTESIAN_POINT('',(81.5221194087778,62.6378742273406,0.));
#17739=CARTESIAN_POINT('',(70.5007505141858,70.7408386727369,0.));
#17740=CARTESIAN_POINT('',(84.45,63.813558247366,10.9660877442234));
#17741=CARTESIAN_POINT('',(79.5661806530021,61.8524713163722,-7.32577553964062));
#17742=CARTESIAN_POINT('',(84.45,56.8265363872042,-12.0549268975467));
#17743=CARTESIAN_POINT('Origin',(-1.70426750705476,113.249651555879,-4.09260079310822));
#17744=CARTESIAN_POINT('',(0.,96.5387022101341,11.674206139105));
#17745=CARTESIAN_POINT('',(-1.81584026394691,99.4683643590166,-6.3245306071572));
#17746=CARTESIAN_POINT('',(2.77555756156289E-16,110.676271107905,12.8144356144683));
#17747=CARTESIAN_POINT('Origin',(-1.81584026394691,99.4683643590166,-6.3245306071572));
#17748=CARTESIAN_POINT('',(2.1430565276668,98.2970734880504,0.));
#17749=CARTESIAN_POINT('',(1.4701416781376,99.3827489206468,-6.669979441364));
#17750=CARTESIAN_POINT('',(0.,98.3886108570746,0.));
#17751=CARTESIAN_POINT('',(21.1016951280479,97.4872843502671,3.46944695195361E-17));
#17752=CARTESIAN_POINT('',(0.,99.0389906560965,-4.10434745253406));
#17753=CARTESIAN_POINT('Origin',(4.5,89.,0.));
#17754=CARTESIAN_POINT('Origin',(4.5,89.,3.));
#17755=CARTESIAN_POINT('Origin',(10.7958290898037,-8.35591206740574,-3.66540572423844));
#17756=CARTESIAN_POINT('',(18.3911021774648,-3.5,12.5483888729811));
#17757=CARTESIAN_POINT('',(17.0699676710526,-8.42462312735114,-4.14177055100935));
#17758=CARTESIAN_POINT('',(5.97299296294595,-3.5,13.0289144087961));
#17759=CARTESIAN_POINT('Origin',(17.0699676710526,-8.42462312735114,-4.14177055100935));
#17760=CARTESIAN_POINT('',(17.4957894580085,-1.,3.));
#17761=CARTESIAN_POINT('',(17.1300264912017,-1.,-1.20914847917908));
#17762=CARTESIAN_POINT('',(17.4019407713354,2.57736692125479,3.));
#17763=CARTESIAN_POINT('',(16.8870834634952,22.2029319400806,3.));
#17764=CARTESIAN_POINT('',(17.1644712889565,1.69218248372225,0.));
#17765=CARTESIAN_POINT('',(16.6479482391575,-0.23319403509879,-6.52534015686506));
#17766=CARTESIAN_POINT('',(17.3006830664427,-3.5,0.));
#17767=CARTESIAN_POINT('',(16.626571332517,22.1960976617153,1.38777878078145E-16));
#17768=CARTESIAN_POINT('',(17.0563830093652,-3.5,-2.81137049682333));
#17769=CARTESIAN_POINT('Origin',(23.175,0.9,0.));
#17770=CARTESIAN_POINT('',(25.811759374687,-1.,3.));
#17771=CARTESIAN_POINT('',(25.811759374687,-1.,0.));
#17772=CARTESIAN_POINT('',(20.538240625313,-1.,3.));
#17773=CARTESIAN_POINT('Origin',(23.175,0.9,3.));
#17774=CARTESIAN_POINT('',(20.538240625313,-1.,0.));
#17775=CARTESIAN_POINT('Origin',(27.77663097148,3.16220294634733,-6.70917695831088));
#17776=CARTESIAN_POINT('',(28.2831825424815,-3.5,12.3868546466251));
#17777=CARTESIAN_POINT('',(29.7365823908461,-6.43121212607673,-4.91974853227252));
#17778=CARTESIAN_POINT('',(28.8760775218508,-3.5,0.));
#17779=CARTESIAN_POINT('',(29.0020182463423,-3.5,-2.63117331509016));
#17780=CARTESIAN_POINT('',(27.2131976580179,4.29853343552008,0.));
#17781=CARTESIAN_POINT('',(22.6502788493639,25.6975987960398,0.));
#17782=CARTESIAN_POINT('',(26.9612591637899,4.80664217802321,3.));
#17783=CARTESIAN_POINT('',(27.77663097148,3.16220294634733,-6.70917695831088));
#17784=CARTESIAN_POINT('',(28.1994084176404,-1.,3.));
#17785=CARTESIAN_POINT('',(22.5129291618316,25.6683117471876,3.));
#17786=CARTESIAN_POINT('',(28.4013863014769,-1.,-1.21975354147315));
#17787=CARTESIAN_POINT('Origin',(29.7365823908461,-6.43121212607673,-4.91974853227252));
#17788=CARTESIAN_POINT('',(32.7634961326258,-3.5,12.5733304193965));
#17789=CARTESIAN_POINT('',(34.2015083909585,-6.40017848413483,-4.550042442764));
#17790=CARTESIAN_POINT('',(14.274620673319,-3.5,11.8038022893714));
#17791=CARTESIAN_POINT('Origin',(34.2015083909585,-6.40017848413483,-4.550042442764));
#17792=CARTESIAN_POINT('',(34.1808999823338,-1.,3.));
#17793=CARTESIAN_POINT('',(34.4017271878309,-1.,0.977564246876111));
#17794=CARTESIAN_POINT('',(34.5258640027223,1.31765868734724,3.));
#17795=CARTESIAN_POINT('',(37.8431471907527,23.604998075587,3.));
#17796=CARTESIAN_POINT('',(34.7778024969503,0.809549944844117,0.));
#17797=CARTESIAN_POINT('',(35.2418134193536,-0.126265786739302,-5.52528811238276));
#17798=CARTESIAN_POINT('',(34.1363622006917,-3.5,0.));
#17799=CARTESIAN_POINT('',(38.1636138408733,23.5572993075891,2.77555756156289E-16));
#17800=CARTESIAN_POINT('',(34.1811335326988,-3.5,-0.410036174493495));
#17801=CARTESIAN_POINT('Origin',(82.083623404557,20.2891471907646,-4.55308957213335));
#17802=CARTESIAN_POINT('',(81.95,17.7155685553134,5.19816511747698));
#17803=CARTESIAN_POINT('',(81.95,18.658023461801,1.55543275009667));
#17804=CARTESIAN_POINT('',(83.4403845510576,18.2797013848196,5.20404208724701));
#17805=CARTESIAN_POINT('',(80.1110505880134,17.0194987159108,5.19091366677243));
#17806=CARTESIAN_POINT('',(84.45,16.7843994779754,12.4646795886101));
#17807=CARTESIAN_POINT('',(82.083623404557,20.2891471907646,-4.55308957213335));
#17808=CARTESIAN_POINT('',(84.45,19.832647129188,0.682736169962812));
#17809=CARTESIAN_POINT('Origin',(77.7724354214229,14.9348337905394,-5.98475155548038));
#17810=CARTESIAN_POINT('',(84.45,18.1024264943832,0.));
#17811=CARTESIAN_POINT('',(84.45,17.6433885518401,-4.27342602969668));
#17812=CARTESIAN_POINT('',(82.7429187175232,17.4569937853232,0.));
#17813=CARTESIAN_POINT('',(68.3877979637883,12.0294464435095,0.));
#17814=CARTESIAN_POINT('',(81.6648696161583,16.1853627667418,-8.04370999392488));
#17815=CARTESIAN_POINT('',(81.95,16.8824879155746,-2.55742142722656));
#17816=CARTESIAN_POINT('Origin',(-2.66528267542424,72.6170464869639,-3.09730199039626));
#17817=CARTESIAN_POINT('',(0.,56.666208988169,11.8287069446252));
#17818=CARTESIAN_POINT('',(-2.87515501443379,60.4808783930552,-5.70348265846525));
#17819=CARTESIAN_POINT('',(0.,89.7515615101873,15.3636473094888));
#17820=CARTESIAN_POINT('Origin',(-2.87515501443379,60.4808783930552,-5.70348265846525));
#17821=CARTESIAN_POINT('',(1.06159167446257,57.6232652528199,0.));
#17822=CARTESIAN_POINT('',(-0.00257848418729223,59.0351742891728,-6.48912246391507));
#17823=CARTESIAN_POINT('',(0.,58.1950674287938,0.));
#17824=CARTESIAN_POINT('',(15.7534022450825,49.709856118814,0.));
#17825=CARTESIAN_POINT('',(0.,59.0060893728949,-6.27483921828115));
#17826=CARTESIAN_POINT('Origin',(5.860900346829,42.9971886750217,-6.42128653834556));
#17827=CARTESIAN_POINT('',(4.76377185800035,38.9387370517069,-6.06618184106111));
#17828=CARTESIAN_POINT('Origin',(4.76377185800035,38.9387370517069,-6.06618184106111));
#17829=CARTESIAN_POINT('Origin',(-0.87704183534549,25.4611472060073,-5.47491716976669));
#17830=CARTESIAN_POINT('',(0.,24.6419043003642,12.4685097361407));
#17831=CARTESIAN_POINT('',(-4.12552196854738,23.3192222233476,-4.51924266027617));
#17832=CARTESIAN_POINT('',(0.,25.5992530480192,0.));
#17833=CARTESIAN_POINT('',(0.,26.0565962185058,-5.95643728363106));
#17834=CARTESIAN_POINT('',(0.452556720883401,25.8874293088197,0.));
#17835=CARTESIAN_POINT('',(20.9986780754518,38.9706609849608,0.));
#17836=CARTESIAN_POINT('',(-0.87704183534549,25.4611472060073,-5.47491716976669));
#17837=CARTESIAN_POINT('Origin',(0.,-3.5,0.));
#17838=CARTESIAN_POINT('',(18.3286436484861,-3.5,9.3467916597551));
#17839=CARTESIAN_POINT('',(0.,-3.5,0.));
#17840=CARTESIAN_POINT('',(66.3634200889455,-3.5,0.));
#17841=CARTESIAN_POINT('',(0.,-3.5,0.));
#17842=CARTESIAN_POINT('',(65.5571557043843,-3.5,-6.33167983331559));
#17843=CARTESIAN_POINT('',(47.3256841903525,-3.5,11.2031426283253));
#17844=CARTESIAN_POINT('',(23.9577265682565,-3.5,9.86199119544919));
#17845=CARTESIAN_POINT('',(48.3220467228075,-3.5,-0.357992594135607));
#17846=CARTESIAN_POINT('Origin',(61.275,0.9,0.));
#17847=CARTESIAN_POINT('',(63.9117593746871,-1.,3.));
#17848=CARTESIAN_POINT('',(63.9117593746871,-1.,0.));
#17849=CARTESIAN_POINT('',(58.638240625313,-1.,3.));
#17850=CARTESIAN_POINT('Origin',(61.275,0.9,3.));
#17851=CARTESIAN_POINT('',(58.638240625313,-1.,0.));
#17852=CARTESIAN_POINT('Origin',(2.5,-1.,3.));
#17853=CARTESIAN_POINT('',(66.9556086809181,-1.,3.));
#17854=CARTESIAN_POINT('',(66.0130914063277,-1.,-4.84032497851697));
#17855=CARTESIAN_POINT('',(2.5,-1.,3.));
#17856=CARTESIAN_POINT('',(2.5,-1.,3.));
#17857=CARTESIAN_POINT('',(48.3269872429903,-1.,3.));
#17858=CARTESIAN_POINT('',(48.4951116578229,-1.,1.04919491574206));
#17859=CARTESIAN_POINT('',(2.5,-1.,3.));
#17860=CARTESIAN_POINT('',(2.5,-1.,3.));
#17861=CARTESIAN_POINT('',(2.5,-1.,3.));
#17862=CARTESIAN_POINT('',(2.5,-1.,3.));
#17863=CARTESIAN_POINT('',(2.5,-1.,3.));
#17864=CARTESIAN_POINT('',(81.95,-1.,13.4));
#17865=CARTESIAN_POINT('Origin',(81.95,-1.,3.));
#17866=CARTESIAN_POINT('',(81.95,95.848647428651,3.));
#17867=CARTESIAN_POINT('',(81.95,-1.,3.));
#17868=CARTESIAN_POINT('',(81.95,94.3373979314689,-8.40082040749013));
#17869=CARTESIAN_POINT('',(81.95,-1.,3.));
#17870=CARTESIAN_POINT('',(81.95,60.6773198254364,3.));
#17871=CARTESIAN_POINT('',(81.95,60.743588404167,0.498552624550474));
#17872=CARTESIAN_POINT('',(81.95,56.080692603888,3.));
#17873=CARTESIAN_POINT('',(81.95,-1.,3.));
#17874=CARTESIAN_POINT('',(81.95,54.2887947418513,-6.76190595689873));
#17875=CARTESIAN_POINT('',(81.95,-1.,3.));
#17876=CARTESIAN_POINT('',(81.95,-1.,3.));
#17877=CARTESIAN_POINT('',(81.95,-1.,3.));
#17878=CARTESIAN_POINT('',(81.95,-1.,3.));
#17879=CARTESIAN_POINT('',(81.95,-1.,7.43437450244175));
#17880=CARTESIAN_POINT('',(81.95,-1.,3.));
#17881=CARTESIAN_POINT('',(81.95,-2.86137907450412,-1.65871757175069));
#17882=CARTESIAN_POINT('Origin',(84.45,-3.5,0.));
#17883=CARTESIAN_POINT('',(84.45,61.7152892406252,11.0763302741464));
#17884=CARTESIAN_POINT('',(84.45,28.9918266686023,12.7956128304782));
#17885=CARTESIAN_POINT('',(84.45,62.0334722907513,-0.934160533057137));
#17886=CARTESIAN_POINT('',(84.45,10.2721488964702,11.1895320487275));
#17887=CARTESIAN_POINT('',(84.45,-0.682139500272004,10.6930344682349));
#17888=CARTESIAN_POINT('',(84.45,-1.5,12.4814464301715));
#17889=CARTESIAN_POINT('',(84.45,-4.67784466751195,-3.04276062414165));
#17890=CARTESIAN_POINT('',(84.45,-1.5,0.));
#17891=CARTESIAN_POINT('',(84.45,-1.5,-0.5));
#17892=CARTESIAN_POINT('',(84.45,-3.5,0.));
#17893=CARTESIAN_POINT('',(84.45,-3.5,0.));
#17894=CARTESIAN_POINT('',(84.45,58.9146588854892,11.5271068699012));
#17895=CARTESIAN_POINT('',(84.45,20.0855120443471,14.5627030562313));
#17896=CARTESIAN_POINT('',(84.45,56.798740309051,0.));
#17897=CARTESIAN_POINT('',(84.45,55.2090572030894,-8.66027986887057));
#17898=CARTESIAN_POINT('',(84.45,-3.5,0.));
#17899=CARTESIAN_POINT('',(84.45,98.483059771652,11.0304134689005));
#17900=CARTESIAN_POINT('',(84.45,95.6632344210693,-10.2422635195292));
#17901=CARTESIAN_POINT('',(84.45,42.6316378809793,17.7127012866099));
#17902=CARTESIAN_POINT('Origin',(39.3,107.9,4.45));
#17903=CARTESIAN_POINT('',(21.,107.9,6.));
#17904=CARTESIAN_POINT('',(29.65,107.9,6.));
#17905=CARTESIAN_POINT('',(39.3,107.9,4.45));
#17906=CARTESIAN_POINT('',(39.3,107.9,4.45));
#17907=CARTESIAN_POINT('',(39.3,107.9,6.));
#17908=CARTESIAN_POINT('',(39.3,107.9,4.45));
#17909=CARTESIAN_POINT('',(39.,107.9,6.));
#17910=CARTESIAN_POINT('',(39.65,107.9,6.));
#17911=CARTESIAN_POINT('',(39.,107.9,4.5));
#17912=CARTESIAN_POINT('',(39.,107.9,4.425));
#17913=CARTESIAN_POINT('',(21.,107.9,4.5));
#17914=CARTESIAN_POINT('',(29.65,107.9,4.5));
#17915=CARTESIAN_POINT('',(21.,107.9,4.425));
#17916=CARTESIAN_POINT('Origin',(39.3,67.6,4.45));
#17917=CARTESIAN_POINT('',(39.3,67.7,6.));
#17918=CARTESIAN_POINT('',(39.3,77.85,6.));
#17919=CARTESIAN_POINT('',(39.3,67.7,4.45));
#17920=CARTESIAN_POINT('',(39.3,67.6,4.45));
#17921=CARTESIAN_POINT('',(39.3,67.7,2.225));
#17922=CARTESIAN_POINT('Origin',(30.,87.75,4.45));
#17923=CARTESIAN_POINT('',(20.7,67.7,4.45));
#17924=CARTESIAN_POINT('',(20.7,107.9,4.45));
#17925=CARTESIAN_POINT('',(24.5,67.7,4.45));
#17926=CARTESIAN_POINT('Origin',(20.7,107.9,4.45));
#17927=CARTESIAN_POINT('',(20.7,98.9707143601036,6.));
#17928=CARTESIAN_POINT('',(20.7,98.9707143601036,0.));
#17929=CARTESIAN_POINT('',(20.7,67.7,6.));
#17930=CARTESIAN_POINT('',(20.7,98.,6.));
#17931=CARTESIAN_POINT('',(20.7,67.7,2.225));
#17932=CARTESIAN_POINT('Origin',(21.,67.7,4.4));
#17933=CARTESIAN_POINT('',(21.,77.9,4.5));
#17934=CARTESIAN_POINT('',(21.,67.7,6.));
#17935=CARTESIAN_POINT('Origin',(20.,88.1,4.5));
#17936=CARTESIAN_POINT('',(39.,98.3,4.5));
#17937=CARTESIAN_POINT('',(57.225,110.5,4.5));
#17938=CARTESIAN_POINT('Origin',(39.,108.5,4.4));
#17939=CARTESIAN_POINT('',(39.,108.5,6.));
#17940=CARTESIAN_POINT('Origin',(40.,88.1,6.));
#17941=CARTESIAN_POINT('',(39.8,67.7,6.));
#17942=CARTESIAN_POINT('',(39.,67.7,6.));
#17943=CARTESIAN_POINT('',(39.8,98.3,6.));
#17944=CARTESIAN_POINT('Origin',(19.,67.7,0.));
#17945=CARTESIAN_POINT('',(19.,67.7,6.));
#17946=CARTESIAN_POINT('',(19.,67.7,6.));
#17947=CARTESIAN_POINT('',(19.,67.7,3.));
#17948=CARTESIAN_POINT('',(19.,67.7,0.));
#17949=CARTESIAN_POINT('',(21.3504976653765,67.7,3.));
#17950=CARTESIAN_POINT('',(31.6125,67.7,3.));
#17951=CARTESIAN_POINT('',(21.7503667782509,67.7,0.));
#17952=CARTESIAN_POINT('',(22.1621725039245,67.7,-3.08955389962529));
#17953=CARTESIAN_POINT('',(30.6825633750229,67.7,2.77555756156289E-16));
#17954=CARTESIAN_POINT('',(21.,67.7,0.));
#17955=CARTESIAN_POINT('',(29.836774387928,67.7,1.87882580086024));
#17956=CARTESIAN_POINT('',(30.8856868177195,67.7,-0.45121604882621));
#17957=CARTESIAN_POINT('',(30.5524341015685,67.7,3.));
#17958=CARTESIAN_POINT('',(26.0788052504877,67.7,-4.00852255444815));
#17959=CARTESIAN_POINT('',(39.3995984299045,67.7,3.));
#17960=CARTESIAN_POINT('',(40.6125,67.7,3.));
#17961=CARTESIAN_POINT('',(38.4189655595376,67.7,0.));
#17962=CARTESIAN_POINT('',(37.8784813017885,67.7,-1.65347585446575));
#17963=CARTESIAN_POINT('',(39.8,67.7,0.));
#17964=CARTESIAN_POINT('',(21.,67.7,0.));
#17965=CARTESIAN_POINT('',(39.8,67.7,0.));
#17966=CARTESIAN_POINT('',(27.5732634329922,67.7,3.));
#17967=CARTESIAN_POINT('',(26.8256432986055,67.7,3.));
#17968=CARTESIAN_POINT('',(31.6125,67.7,3.));
#17969=CARTESIAN_POINT('',(27.181221729574,67.7,1.52767715485763));
#17970=CARTESIAN_POINT('',(26.1302739818338,67.7,-2.4191845299015));
#17971=CARTESIAN_POINT('',(27.9521943627669,67.7,-1.66464420653035));
#17972=CARTESIAN_POINT('Origin',(63.4,106.5,4.5));
#17973=CARTESIAN_POINT('',(63.4,105.848187929913,8.));
#17974=CARTESIAN_POINT('',(63.4,105.848187929913,4.5));
#17975=CARTESIAN_POINT('',(63.4,105.848187929913,0.));
#17976=CARTESIAN_POINT('',(63.4,106.5,8.));
#17977=CARTESIAN_POINT('',(63.4,108.5,8.));
#17978=CARTESIAN_POINT('',(63.4,106.5,4.5));
#17979=CARTESIAN_POINT('',(63.4,106.5,4.5));
#17980=CARTESIAN_POINT('',(63.4,97.225,4.5));
#17981=CARTESIAN_POINT('Origin',(63.4,106.5,4.5));
#17982=CARTESIAN_POINT('',(63.4,98.9518120700867,4.5));
#17983=CARTESIAN_POINT('',(63.4,98.9518120700867,8.));
#17984=CARTESIAN_POINT('',(63.4,98.9518120700867,0.));
#17985=CARTESIAN_POINT('',(63.4,67.4,4.5));
#17986=CARTESIAN_POINT('',(63.4,97.225,4.5));
#17987=CARTESIAN_POINT('',(63.4,67.4,8.));
#17988=CARTESIAN_POINT('',(63.4,67.4,4.5));
#17989=CARTESIAN_POINT('',(63.4,108.5,8.));
#17990=CARTESIAN_POINT('Origin',(52.7,87.95,8.));
#17991=CARTESIAN_POINT('',(65.6,105.512876483255,8.));
#17992=CARTESIAN_POINT('Origin',(64.,102.4,8.));
#17993=CARTESIAN_POINT('',(65.6,67.4,8.));
#17994=CARTESIAN_POINT('',(46.141519125081,108.5,8.));
#17995=CARTESIAN_POINT('',(63.4,108.5,8.));
#17996=CARTESIAN_POINT('',(42.7729901726643,102.429758262299,8.));
#17997=CARTESIAN_POINT('',(39.8,67.4,8.));
#17998=CARTESIAN_POINT('',(39.8,108.5,8.));
#17999=CARTESIAN_POINT('',(42.4,67.4,8.));
#18000=CARTESIAN_POINT('',(39.8,67.4,8.));
#18001=CARTESIAN_POINT('',(42.4,106.5,8.));
#18002=CARTESIAN_POINT('',(42.4,67.4,8.));
#18003=CARTESIAN_POINT('',(42.4,106.5,8.));
#18004=CARTESIAN_POINT('Origin',(42.4,106.5,4.5));
#18005=CARTESIAN_POINT('',(42.4,106.5,4.5));
#18006=CARTESIAN_POINT('',(47.55,106.5,4.5));
#18007=CARTESIAN_POINT('',(42.4,106.5,4.5));
#18008=CARTESIAN_POINT('Origin',(42.4,67.4,4.5));
#18009=CARTESIAN_POINT('',(42.4,67.4,4.5));
#18010=CARTESIAN_POINT('',(42.4,77.675,4.5));
#18011=CARTESIAN_POINT('',(42.4,67.4,4.5));
#18012=CARTESIAN_POINT('Origin',(52.7,87.95,8.));
#18013=CARTESIAN_POINT('',(65.6,99.2871235167453,8.));
#18014=CARTESIAN_POINT('Origin',(64.,102.4,8.));
#18015=CARTESIAN_POINT('',(65.6,67.4,8.));
#18016=CARTESIAN_POINT('',(63.4,67.4,8.));
#18017=CARTESIAN_POINT('',(65.6,67.4,8.));
#18018=CARTESIAN_POINT('Origin',(64.,102.4,0.));
#18019=CARTESIAN_POINT('',(60.5,102.4,4.5));
#18020=CARTESIAN_POINT('',(60.5,102.4,0.));
#18021=CARTESIAN_POINT('Origin',(64.,102.4,4.5));
#18022=CARTESIAN_POINT('',(65.6,99.2871235167453,1.71971927018948));
#18023=CARTESIAN_POINT('',(65.6,99.2871235167453,0.));
#18024=CARTESIAN_POINT('',(65.9801488011672,99.5139974488514,3.));
#18025=CARTESIAN_POINT('Origin',(64.,102.4,22.9893596005062));
#18026=CARTESIAN_POINT('',(65.6,105.512876483255,3.));
#18027=CARTESIAN_POINT('Origin',(64.,102.4,3.));
#18028=CARTESIAN_POINT('',(65.6,105.512876483255,0.));
#18029=CARTESIAN_POINT('Origin',(64.,102.4,4.5));
#18030=CARTESIAN_POINT('Origin',(48.949914334701,107.973040806655,-6.89922181584906));
#18031=CARTESIAN_POINT('',(47.806474829847,108.5,0.));
#18032=CARTESIAN_POINT('',(48.8876896792746,108.5,-5.19516451438334));
#18033=CARTESIAN_POINT('',(48.0431568441488,108.926511709435,0.));
#18034=CARTESIAN_POINT('',(35.5047211822043,86.3316827631055,0.));
#18035=CARTESIAN_POINT('',(46.546758485683,110.5,11.3856067443584));
#18036=CARTESIAN_POINT('',(48.949914334701,107.973040806655,-6.89922181584906));
#18037=CARTESIAN_POINT('',(50.342747470634,110.5,-6.85386460774977));
#18038=CARTESIAN_POINT('Origin',(39.8,108.5,0.));
#18039=CARTESIAN_POINT('',(39.8,67.4,0.));
#18040=CARTESIAN_POINT('',(39.8,108.5,0.));
#18041=CARTESIAN_POINT('',(39.8,67.4,0.));
#18042=CARTESIAN_POINT('Origin',(65.6,67.4,0.));
#18043=CARTESIAN_POINT('',(65.6,60.45,3.));
#18044=CARTESIAN_POINT('Origin',(39.8,67.4,0.));
#18045=CARTESIAN_POINT('',(65.6,67.4,3.));
#18046=CARTESIAN_POINT('',(59.9574454717819,67.4,3.));
#18047=CARTESIAN_POINT('',(41.7125,67.4,3.));
#18048=CARTESIAN_POINT('',(65.6,67.4,0.));
#18049=CARTESIAN_POINT('',(39.8,67.4,4.5));
#18050=CARTESIAN_POINT('',(42.5012314031038,67.4,0.));
#18051=CARTESIAN_POINT('',(39.8,67.4,0.));
#18052=CARTESIAN_POINT('',(41.3827588468903,67.4,3.));
#18053=CARTESIAN_POINT('',(43.5532416342307,67.4,-2.82173279607782));
#18054=CARTESIAN_POINT('',(46.1744807591457,67.4,3.));
#18055=CARTESIAN_POINT('',(41.7125,67.4,3.));
#18056=CARTESIAN_POINT('',(47.4445653560557,67.4,2.77555756156289E-16));
#18057=CARTESIAN_POINT('',(48.1911820877753,67.4,-1.76354409824997));
#18058=CARTESIAN_POINT('',(59.5720378181888,67.4,0.));
#18059=CARTESIAN_POINT('',(39.8,67.4,0.));
#18060=CARTESIAN_POINT('',(59.0029702106122,67.4,-4.42960280319766));
#18061=CARTESIAN_POINT('',(49.0959506660387,67.4,0.827885823303864));
#18062=CARTESIAN_POINT('',(49.6075398906837,67.4,3.));
#18063=CARTESIAN_POINT('',(48.2011595039241,67.4,-2.97123361624291));
#18064=CARTESIAN_POINT('',(48.8024262915481,67.4,3.));
#18065=CARTESIAN_POINT('',(49.5853920889787,67.4,-2.79403707585971));
#18066=CARTESIAN_POINT('',(41.7125,67.4,3.));
#18067=CARTESIAN_POINT('Origin',(65.6,108.5,0.));
#18068=CARTESIAN_POINT('',(65.6,108.5,0.));
#18069=CARTESIAN_POINT('Origin',(65.6,67.4,0.));
#18070=CARTESIAN_POINT('',(65.6,95.5986958641085,1.11022302462516E-15));
#18071=CARTESIAN_POINT('',(65.6,96.2058619451145,3.));
#18072=CARTESIAN_POINT('',(65.6,94.3948611238938,-5.94813237040559));
#18073=CARTESIAN_POINT('',(65.6,99.0247122867343,0.));
#18074=CARTESIAN_POINT('',(65.6,67.4,0.));
#18075=CARTESIAN_POINT('',(65.6,98.3427176210462,-4.4694709471885));
#18076=CARTESIAN_POINT('',(65.6,69.6875613658055,3.));
#18077=CARTESIAN_POINT('',(65.6,60.45,3.));
#18078=CARTESIAN_POINT('',(65.6,74.2233949870649,0.815925956990358));
#18079=CARTESIAN_POINT('',(65.6,73.435828820228,1.19515124737114));
#18080=CARTESIAN_POINT('',(65.6,74.4759660672079,3.));
#18081=CARTESIAN_POINT('',(65.6,73.7232063029465,-3.50938761799006));
#18082=CARTESIAN_POINT('',(65.6,86.0196992024296,3.));
#18083=CARTESIAN_POINT('',(65.6,60.45,3.));
#18084=CARTESIAN_POINT('',(65.6,85.4532815562398,-1.11022302462516E-15));
#18085=CARTESIAN_POINT('',(65.6,84.5544638871849,-4.7605384918766));
#18086=CARTESIAN_POINT('',(65.6,92.5610383941256,-1.11022302462516E-15));
#18087=CARTESIAN_POINT('',(65.6,67.4,0.));
#18088=CARTESIAN_POINT('',(65.6,93.3305212273214,3.));
#18089=CARTESIAN_POINT('',(65.6,90.8888943466295,-6.519225544843));
#18090=CARTESIAN_POINT('',(65.6,60.45,3.));
#18091=CARTESIAN_POINT('Origin',(52.7,87.95,4.5));
#18092=CARTESIAN_POINT('Origin',(42.225,53.5,3.));
#18093=CARTESIAN_POINT('',(70.2426556009514,99.8673828759249,3.));
#18094=CARTESIAN_POINT('',(55.3619150823975,98.6336870508332,3.));
#18095=CARTESIAN_POINT('',(70.175083155965,97.4280421632754,3.));
#18096=CARTESIAN_POINT('',(69.5444684459034,74.6630802537512,3.));
#18097=CARTESIAN_POINT('',(49.2656255495412,91.8423239177552,3.));
#18098=CARTESIAN_POINT('',(69.453176909271,94.4279089934631,3.));
#18099=CARTESIAN_POINT('',(51.658988358576,89.3601103214199,3.));
#18100=CARTESIAN_POINT('',(73.7239149044435,91.1210656108827,3.));
#18101=CARTESIAN_POINT('',(73.7119157242152,91.1303566069071,3.));
#18102=CARTESIAN_POINT('',(72.7549286837585,86.5390044858097,3.));
#18103=CARTESIAN_POINT('',(68.6062841899705,66.9212408366052,3.));
#18104=CARTESIAN_POINT('',(71.098958877784,85.732094138296,3.));
#18105=CARTESIAN_POINT('',(52.11894519272,76.4836347864563,3.));
#18106=CARTESIAN_POINT('',(77.4291512052001,80.1275250593235,3.));
#18107=CARTESIAN_POINT('',(73.804660093597,83.3365445899186,3.));
#18108=CARTESIAN_POINT('',(74.973969141637,74.3230643897718,3.));
#18109=CARTESIAN_POINT('',(68.5137873427593,59.050115093571,3.));
#18110=CARTESIAN_POINT('',(78.7061927374802,72.3829803432893,3.));
#18111=CARTESIAN_POINT('',(68.8794670444873,77.4911077790003,3.));
#18112=CARTESIAN_POINT('',(78.8067046355266,71.6170687823499,3.));
#18113=CARTESIAN_POINT('',(79.6686077849633,65.049273333308,3.));
#18114=CARTESIAN_POINT('',(70.5776412545872,66.3456047128792,3.));
#18115=CARTESIAN_POINT('',(58.5190181308289,58.6209590780653,3.));
#18116=CARTESIAN_POINT('',(65.6721376361138,69.1444750638286,3.));
#18117=CARTESIAN_POINT('',(61.1592130621266,71.7193566190347,3.));
#18118=CARTESIAN_POINT('',(66.1615364180836,65.4600491661932,3.));
#18119=CARTESIAN_POINT('',(60.0025178766001,67.02449776903,3.));
#18120=CARTESIAN_POINT('',(60.771887824913,60.6148079999013,3.));
#18121=CARTESIAN_POINT('',(56.4414574219976,65.0036389645922,3.));
#18122=CARTESIAN_POINT('',(47.4829951855918,59.9198198282825,3.));
#18123=CARTESIAN_POINT('',(56.2934700930754,59.8451774566125,3.));
#18124=CARTESIAN_POINT('',(56.2292233545915,57.6056997263448,3.));
#18125=CARTESIAN_POINT('',(52.6901495848707,58.3722852699189,3.));
#18126=CARTESIAN_POINT('',(48.2702308254126,56.5656006322902,3.));
#18127=CARTESIAN_POINT('',(47.270856089497,61.3388703930911,3.));
#18128=CARTESIAN_POINT('',(46.9102065774823,61.5362941860515,3.));
#18129=CARTESIAN_POINT('',(47.5531699676605,65.9162383857483,3.));
#18130=CARTESIAN_POINT('',(47.228526171472,60.6525434822069,3.));
#18131=CARTESIAN_POINT('',(45.36668498834,64.3370571262799,3.));
#18132=CARTESIAN_POINT('',(47.5738951291475,66.5621148034904,3.));
#18133=CARTESIAN_POINT('',(43.6930345895877,63.915282801719,3.));
#18134=CARTESIAN_POINT('',(46.9643145446576,66.9270950114777,3.));
#18135=CARTESIAN_POINT('',(44.8331154482484,65.2367125358777,3.));
#18136=CARTESIAN_POINT('',(46.4929451524167,64.1960407426515,3.));
#18137=CARTESIAN_POINT('',(44.5780589927378,60.6381186035204,3.));
#18138=CARTESIAN_POINT('',(44.4198166260723,57.7850546191853,3.));
#18139=CARTESIAN_POINT('',(40.9350219911078,57.7073012764825,3.));
#18140=CARTESIAN_POINT('',(40.9674675270061,57.7334036572031,3.));
#18141=CARTESIAN_POINT('',(34.9035262113071,59.946201068105,3.));
#18142=CARTESIAN_POINT('',(39.2925151445127,58.3170021485109,3.));
#18143=CARTESIAN_POINT('',(34.067260990334,65.4795315776729,3.));
#18144=CARTESIAN_POINT('',(34.9399250659304,59.7053601389966,3.));
#18145=CARTESIAN_POINT('',(39.0823443602708,67.5678904605232,3.));
#18146=CARTESIAN_POINT('',(29.7769335781523,67.405169423273,3.));
#18147=CARTESIAN_POINT('',(32.0130938564225,68.2553151093032,3.));
#18148=CARTESIAN_POINT('',(32.0053871365374,65.9283201156665,3.));
#18149=CARTESIAN_POINT('',(38.4196068395121,61.6774637801014,3.));
#18150=CARTESIAN_POINT('',(32.8827448381989,59.892387351759,3.));
#18151=CARTESIAN_POINT('',(33.3219866990804,56.8705476456121,3.));
#18152=CARTESIAN_POINT('',(29.6902254531686,57.1215335914466,3.));
#18153=CARTESIAN_POINT('',(33.2203367386582,60.1853903609889,3.));
#18154=CARTESIAN_POINT('',(24.250942648535,59.0114372830807,3.));
#18155=CARTESIAN_POINT('',(33.4116688785716,55.8285010501187,3.));
#18156=CARTESIAN_POINT('',(25.6657623257628,66.7238418487564,3.));
#18157=CARTESIAN_POINT('',(24.9279174935029,62.7017336291199,3.));
#18158=CARTESIAN_POINT('',(31.7099550674848,69.8169399288353,3.));
#18159=CARTESIAN_POINT('',(25.0079832831502,66.8198730774221,3.));
#18160=CARTESIAN_POINT('',(30.0325338552819,69.2528045358828,3.));
#18161=CARTESIAN_POINT('',(32.7368840679391,64.9600124044041,3.));
#18162=CARTESIAN_POINT('',(19.,99.0458980337503,3.));
#18163=CARTESIAN_POINT('',(19.,81.,3.));
#18164=CARTESIAN_POINT('',(17.2889526283381,100.186355460196,3.));
#18165=CARTESIAN_POINT('Origin',(20.,102.4,3.));
#18166=CARTESIAN_POINT('',(17.3353961699449,98.0404320408026,3.));
#18167=CARTESIAN_POINT('',(17.8062423510707,76.2849885054088,3.));
#18168=CARTESIAN_POINT('',(16.896314105917,97.7001365440752,3.));
#18169=CARTESIAN_POINT('',(14.6864059207088,95.9874229872778,3.));
#18170=CARTESIAN_POINT('',(33.4490409274755,86.5624458310785,3.));
#18171=CARTESIAN_POINT('',(9.68287556350325,101.344039222415,3.));
#18172=CARTESIAN_POINT('',(11.9207289890489,79.0499052778072,3.));
#18173=CARTESIAN_POINT('',(14.6781635536008,63.6818961978842,3.));
#18174=CARTESIAN_POINT('',(9.61837214480688,76.9262513177225,3.));
#18175=CARTESIAN_POINT('',(10.9558379954111,76.2266581012213,3.));
#18176=CARTESIAN_POINT('',(12.8506206437773,78.0095192599143,3.));
#18177=CARTESIAN_POINT('',(14.4162834765982,74.3097092226192,3.));
#18178=CARTESIAN_POINT('',(29.3710621490447,66.0253578690897,3.));
#18179=CARTESIAN_POINT('',(13.9349805656749,66.6234560052633,3.));
#18180=CARTESIAN_POINT('',(13.5333890661692,60.2101684786673,3.));
#18181=CARTESIAN_POINT('',(10.0535446032831,64.5377946496662,3.));
#18182=CARTESIAN_POINT('',(19.595877791016,69.6652979151387,3.));
#18183=CARTESIAN_POINT('',(8.501101862486,65.5151078685954,3.));
#18184=CARTESIAN_POINT('',(20.5768072745479,57.9130583907229,3.));
#18185=CARTESIAN_POINT('',(8.81558471413986,61.8400809458708,3.));
#18186=CARTESIAN_POINT('',(9.19671153833924,57.3862567308483,3.));
#18187=CARTESIAN_POINT('',(14.7197946974957,65.7991608944625,3.));
#18188=CARTESIAN_POINT('',(8.47730340278428,23.1835147951273,3.));
#18189=CARTESIAN_POINT('',(16.8428659480762,19.8154799342024,3.));
#18190=CARTESIAN_POINT('',(8.60646761898354,18.4195245288533,3.));
#18191=CARTESIAN_POINT('',(8.15287662412276,35.1494141838395,3.));
#18192=CARTESIAN_POINT('',(22.814809951204,25.500086077925,3.));
#18193=CARTESIAN_POINT('',(15.6499414954767,3.47466669400386,3.));
#18194=CARTESIAN_POINT('',(35.1572296576952,12.0523080840541,3.));
#18195=CARTESIAN_POINT('',(17.175411809928,2.69338545413481,3.));
#18196=CARTESIAN_POINT('',(28.5042746815664,5.9946353281896,3.));
#18197=CARTESIAN_POINT('',(44.1505781667143,18.0409829842162,3.));
#18198=CARTESIAN_POINT('',(24.8601156745887,8.82505860054226,3.));
#18199=CARTESIAN_POINT('',(40.6615268679876,4.96369937483141,3.));
#18200=CARTESIAN_POINT('',(52.9595417272189,12.5083283049249,3.));
#18201=CARTESIAN_POINT('',(33.0512993406592,20.4068295501034,3.));
#18202=CARTESIAN_POINT('',(49.0592724029578,5.21973731250632,3.));
#18203=CARTESIAN_POINT('',(52.0468291893807,30.5948499510975,3.));
#18204=CARTESIAN_POINT('',(48.1426749029163,4.88181724121774,3.));
#18205=CARTESIAN_POINT('',(53.5658871834597,6.88118149910777,3.));
#18206=CARTESIAN_POINT('',(43.3050349566484,6.68414734808621,3.));
#18207=CARTESIAN_POINT('',(35.8695064271048,9.45435701191504,3.));
#18208=CARTESIAN_POINT('',(42.1533405478157,12.4087869655553,3.));
#18209=CARTESIAN_POINT('',(38.3887715563957,31.1210431210938,3.));
#18210=CARTESIAN_POINT('',(46.6972587093722,15.8384409235514,3.));
#18211=CARTESIAN_POINT('',(54.2192236567909,21.5158620250321,3.));
#18212=CARTESIAN_POINT('',(51.6182447074849,12.8088383394555,3.));
#18213=CARTESIAN_POINT('',(39.873478483487,20.0394978283206,3.));
#18214=CARTESIAN_POINT('',(50.7912244065656,7.63982792944866,3.));
#18215=CARTESIAN_POINT('',(54.006223582606,27.7340918678824,3.));
#18216=CARTESIAN_POINT('',(51.4898744878101,7.91688508935763,3.));
#18217=CARTESIAN_POINT('',(55.9918234102099,9.70218107082157,3.));
#18218=CARTESIAN_POINT('',(40.4247472159236,13.8171517481369,3.));
#18219=CARTESIAN_POINT('',(67.3100602209465,2.61002221150337,3.));
#18220=CARTESIAN_POINT('',(69.6111764987996,26.0464583280885,3.));
#18221=CARTESIAN_POINT('',(72.3389774372758,3.98632203790678,3.));
#18222=CARTESIAN_POINT('',(63.9479575027835,1.68989145804156,3.));
#18223=CARTESIAN_POINT('',(80.469830658195,-1.,3.));
#18224=CARTESIAN_POINT('',(55.6548133904165,14.2180422043547,3.));
#18225=CARTESIAN_POINT('',(2.5,-1.,3.));
#18226=CARTESIAN_POINT('',(73.7868816300341,6.56393712394393,3.));
#18227=CARTESIAN_POINT('',(75.5762052908844,28.2671461934794,3.));
#18228=CARTESIAN_POINT('',(68.8964600825651,5.29301635463853,3.));
#18229=CARTESIAN_POINT('',(62.698998000134,3.68242242094769,3.));
#18230=CARTESIAN_POINT('',(65.4528488946817,8.25123423937526,3.));
#18231=CARTESIAN_POINT('',(48.1381644071228,23.1253319597838,3.));
#18232=CARTESIAN_POINT('',(65.2378071859745,12.6330907032108,3.));
#18233=CARTESIAN_POINT('',(64.2324983480621,33.1180424646177,3.));
#18234=CARTESIAN_POINT('',(69.7900228317966,15.1725304212708,3.));
#18235=CARTESIAN_POINT('',(67.7157870304853,14.0154242584056,3.));
#18236=CARTESIAN_POINT('',(74.0444004780883,12.8370416012987,3.));
#18237=CARTESIAN_POINT('',(53.9518876314873,23.8670542188396,3.));
#18238=CARTESIAN_POINT('',(74.2285850743027,15.3537337661423,3.));
#18239=CARTESIAN_POINT('',(75.5819501805047,33.8460693303354,3.));
#18240=CARTESIAN_POINT('',(75.2560036240359,15.7436752240635,3.));
#18241=CARTESIAN_POINT('',(70.8207114222066,14.0603259133694,3.));
#18242=CARTESIAN_POINT('',(71.5397956089153,17.7544057538652,3.));
#18243=CARTESIAN_POINT('',(53.5026737952617,27.5137602767816,3.));
#18244=CARTESIAN_POINT('',(72.5937999034499,24.6086860284018,3.));
#18245=CARTESIAN_POINT('',(74.4058573452164,36.3926508982149,3.));
#18246=CARTESIAN_POINT('',(68.8470890164979,22.5591525236225,3.));
#18247=CARTESIAN_POINT('',(74.2411959955358,42.3589638354718,3.));
#18248=CARTESIAN_POINT('',(75.4899744875353,52.8022853568898,3.));
#18249=CARTESIAN_POINT('',(75.0570152790454,55.2410604496356,3.));
#18250=CARTESIAN_POINT('',(66.994792848422,48.4910539234385,3.));
#18251=CARTESIAN_POINT('',(71.1298052277897,55.2588765413633,3.));
#18252=CARTESIAN_POINT('',(58.3507859250997,48.8595100996852,3.));
#18253=CARTESIAN_POINT('',(67.2197806991893,57.7375547231909,3.));
#18254=CARTESIAN_POINT('',(58.7017925676626,63.1373549495695,3.));
#18255=CARTESIAN_POINT('',(63.7574790990782,55.3202693535467,3.));
#18256=CARTESIAN_POINT('',(56.6354298439575,50.3478471169237,3.));
#18257=CARTESIAN_POINT('',(59.3114053707892,57.4685703316951,3.));
#18258=CARTESIAN_POINT('',(53.8848031525372,60.0906534472576,3.));
#18259=CARTESIAN_POINT('',(59.4077314231257,64.2297438146956,3.));
#18260=CARTESIAN_POINT('',(59.3296437268029,58.7487296038991,3.));
#18261=CARTESIAN_POINT('',(63.9368620983391,66.6895041973263,3.));
#18262=CARTESIAN_POINT('',(53.4115284034964,60.9732198387784,3.));
#18263=CARTESIAN_POINT('',(68.5478149204861,63.9980709302246,3.));
#18264=CARTESIAN_POINT('',(61.6667896762509,68.0145553681369,3.));
#18265=CARTESIAN_POINT('',(59.1061657964706,57.8574628849742,3.));
#18266=CARTESIAN_POINT('',(74.78551292227,91.349546705123,3.));
#18267=CARTESIAN_POINT('',(72.5329242464583,92.8973637486568,3.));
#18268=CARTESIAN_POINT('',(57.4960813658877,80.4922594798449,3.));
#18269=CARTESIAN_POINT('',(72.5427916659482,46.9120096872986,3.));
#18270=CARTESIAN_POINT('',(68.1428157196348,44.6769387750198,3.));
#18271=CARTESIAN_POINT('',(58.1269156209362,39.5891275587679,3.));
#18272=CARTESIAN_POINT('',(68.2784086157998,41.4467519677862,3.));
#18273=CARTESIAN_POINT('',(67.9696569268768,48.8020460906919,3.));
#18274=CARTESIAN_POINT('',(63.097404947346,37.0969440572476,3.));
#18275=CARTESIAN_POINT('',(62.1002392936731,36.2597551019736,3.));
#18276=CARTESIAN_POINT('',(59.0037640422729,39.3493403515435,3.));
#18277=CARTESIAN_POINT('',(49.9049569186423,44.3556708829733,3.));
#18278=CARTESIAN_POINT('',(60.7294068078738,45.7505617580683,3.));
#18279=CARTESIAN_POINT('',(61.3578761207376,48.0818503069161,3.));
#18280=CARTESIAN_POINT('',(62.4196204793638,46.6737026007752,3.));
#18281=CARTESIAN_POINT('',(57.8569544050068,44.1817197965188,3.));
#18282=CARTESIAN_POINT('',(62.4279576858058,48.6569721964295,3.));
#18283=CARTESIAN_POINT('',(62.4419742804953,51.9912648369664,3.));
#18284=CARTESIAN_POINT('',(59.9902521381952,47.359469361078,3.));
#18285=CARTESIAN_POINT('',(55.4924238449998,44.9654374120326,3.));
#18286=CARTESIAN_POINT('',(54.5150533088223,49.8093175645522,3.));
#18287=CARTESIAN_POINT('',(49.4635938911338,52.0695658523325,3.));
#18288=CARTESIAN_POINT('',(55.0242552694358,55.2982251706106,3.));
#18289=CARTESIAN_POINT('',(54.958655344069,54.5910952749037,3.));
#18290=CARTESIAN_POINT('',(58.8040239934943,56.7890905832386,3.));
#18291=CARTESIAN_POINT('',(52.1205128573227,54.1528934200605,3.));
#18292=CARTESIAN_POINT('',(63.4711455669007,54.6103453948555,3.));
#18293=CARTESIAN_POINT('',(55.4816455652534,58.3400713967155,3.));
#18294=CARTESIAN_POINT('',(63.4404040112726,52.5747179010368,3.));
#18295=CARTESIAN_POINT('',(63.4283721463592,51.7779984599047,3.));
#18296=CARTESIAN_POINT('',(67.5041024276898,55.4923310223293,3.));
#18297=CARTESIAN_POINT('',(57.99589195776,48.665722159082,3.));
#18298=CARTESIAN_POINT('',(71.5586155302434,52.8195494515065,3.));
#18299=CARTESIAN_POINT('',(61.138907198839,59.6883407704903,3.));
#18300=CARTESIAN_POINT('',(71.6948626141526,52.0017232141588,3.));
#18301=CARTESIAN_POINT('',(49.8809369743264,48.8130872625185,3.));
#18302=CARTESIAN_POINT('',(55.1141862525468,46.2197037582793,3.));
#18303=CARTESIAN_POINT('',(47.633946570599,49.9266034619976,3.));
#18304=CARTESIAN_POINT('',(53.6928932290327,40.0086783783152,3.));
#18305=CARTESIAN_POINT('',(55.110120536813,46.2019366524166,3.));
#18306=CARTESIAN_POINT('',(50.2369632912419,38.7846082576944,3.));
#18307=CARTESIAN_POINT('',(48.8238356071095,38.2840867176442,3.));
#18308=CARTESIAN_POINT('',(46.0364175669112,41.2755976455957,3.));
#18309=CARTESIAN_POINT('',(41.0702620250077,44.22060564346,3.));
#18310=CARTESIAN_POINT('',(45.8406266656122,46.3012327630326,3.));
#18311=CARTESIAN_POINT('',(45.6615766177406,50.8971573049402,3.));
#18312=CARTESIAN_POINT('',(48.2425195427634,47.7944857485132,3.));
#18313=CARTESIAN_POINT('',(10.1097592743907,43.7717949311475,3.));
#18314=CARTESIAN_POINT('',(9.66389969432194,38.7355966346655,3.));
#18315=CARTESIAN_POINT('',(10.3328454549166,46.291660585173,3.));
#18316=CARTESIAN_POINT('',(14.1434522413497,36.2147268059191,3.));
#18317=CARTESIAN_POINT('',(20.6330607230977,32.5626972671943,3.));
#18318=CARTESIAN_POINT('',(14.0633847601716,30.9212130817304,3.));
#18319=CARTESIAN_POINT('',(14.2567612139143,43.7059403737548,3.));
#18320=CARTESIAN_POINT('',(11.4173064632107,28.475835798536,3.));
#18321=CARTESIAN_POINT('',(26.6340732023476,42.5384339273557,3.));
#18322=CARTESIAN_POINT('',(4.66239689407432,31.433805078861,3.));
#18323=CARTESIAN_POINT('',(15.8857108795413,26.5191252222811,3.));
#18324=CARTESIAN_POINT('',(5.84132803179271,36.4340483540837,3.));
#18325=CARTESIAN_POINT('',(9.0311673267613,49.9632291292867,3.));
#18326=CARTESIAN_POINT('',(3.41458057967772,40.096735318712,3.));
#18327=CARTESIAN_POINT('',(6.72116367804258,35.1061134881272,3.));
#18328=CARTESIAN_POINT('',(4.45886387205358,44.2005434803436,3.));
#18329=CARTESIAN_POINT('',(6.61732707014976,52.6828384223375,3.));
#18330=CARTESIAN_POINT('',(6.40223489882339,45.837219814843,3.));
#18331=CARTESIAN_POINT('',(18.8816966326088,56.3472250612041,3.));
#18332=CARTESIAN_POINT('',(21.0146513985605,37.6967881973541,3.));
#18333=CARTESIAN_POINT('',(39.3480427544886,33.0036267217259,3.));
#18334=CARTESIAN_POINT('',(44.743338443312,35.9625414764954,3.));
#18335=CARTESIAN_POINT('',(46.7687845502373,37.0733466513047,3.));
#18336=CARTESIAN_POINT('',(48.737172107865,33.7210335198727,3.));
#18337=CARTESIAN_POINT('',(41.7196729707325,37.6595501113582,3.));
#18338=CARTESIAN_POINT('',(48.4075153901099,27.5815294981522,3.));
#18339=CARTESIAN_POINT('',(49.0668519865057,39.8609688883314,3.));
#18340=CARTESIAN_POINT('',(44.2414182382254,24.6808411722842,3.));
#18341=CARTESIAN_POINT('',(49.7375809144446,28.5076014063247,3.));
#18342=CARTESIAN_POINT('',(39.0304048631121,28.3032226730472,3.));
#18343=CARTESIAN_POINT('',(34.0072287275699,31.7950310793279,3.));
#18344=CARTESIAN_POINT('',(39.0222244614605,28.8733454350439,3.));
#18345=CARTESIAN_POINT('',(38.8234702709005,42.7252677374824,3.));
#18346=CARTESIAN_POINT('',(38.5209747959231,28.512008111904,3.));
#18347=CARTESIAN_POINT('',(44.5448446227757,32.8544529010588,3.));
#18348=CARTESIAN_POINT('',(43.0278735579957,25.2764570276499,3.));
#18349=CARTESIAN_POINT('',(35.2210215372795,30.8810800408864,3.));
#18350=CARTESIAN_POINT('',(43.1459440070782,21.4671178578201,3.));
#18351=CARTESIAN_POINT('',(42.6175870707386,38.5136421057599,3.));
#18352=CARTESIAN_POINT('',(38.3573553043425,17.8652159894478,3.));
#18353=CARTESIAN_POINT('',(48.1986812179756,25.2677081214875,3.));
#18354=CARTESIAN_POINT('',(33.4027842775892,19.8004944162759,3.));
#18355=CARTESIAN_POINT('',(30.5123744373598,20.9295019082026,3.));
#18356=CARTESIAN_POINT('',(33.0698553606065,16.9148745274182,3.));
#18357=CARTESIAN_POINT('',(35.1676626081315,35.0973573568156,3.));
#18358=CARTESIAN_POINT('',(29.9031830923949,15.3282398844702,3.));
#18359=CARTESIAN_POINT('',(42.7048609045938,21.7424134346003,3.));
#18360=CARTESIAN_POINT('',(25.4720851904917,18.0221587483878,3.));
#18361=CARTESIAN_POINT('',(24.3696337465081,18.6924022878558,3.));
#18362=CARTESIAN_POINT('',(25.0341771670121,23.4403300926222,3.));
#18363=CARTESIAN_POINT('',(23.9319147176189,37.0784606974744,3.));
#18364=CARTESIAN_POINT('',(28.0268163766302,26.2760583415669,3.));
#18365=CARTESIAN_POINT('',(38.61499836693,36.3090775836999,3.));
#18366=CARTESIAN_POINT('',(33.4070624041355,23.2231390419332,3.));
#18367=CARTESIAN_POINT('',(31.0547042046239,24.5579404079352,3.));
#18368=CARTESIAN_POINT('',(33.7135377900818,26.099475800645,3.));
#18369=CARTESIAN_POINT('',(35.2806491065348,40.8071492100115,3.));
#18370=CARTESIAN_POINT('',(34.5129805228074,26.6851311425871,3.));
#18371=CARTESIAN_POINT('',(45.0621338391296,34.4132244002563,3.));
#18372=CARTESIAN_POINT('',(29.3838385581083,29.5358861825405,3.));
#18373=CARTESIAN_POINT('',(29.8139278431404,29.2968444080344,3.));
#18374=CARTESIAN_POINT('',(29.3252175747813,34.0991788225577,3.));
#18375=CARTESIAN_POINT('',(29.2019509220374,43.6947498502241,3.));
#18376=CARTESIAN_POINT('',(35.9973558778198,35.8188240070426,3.));
#18377=CARTESIAN_POINT('',(41.7156623964085,37.2926331251213,3.));
#18378=CARTESIAN_POINT('',(39.332807076306,33.7121282008262,3.));
#18379=CARTESIAN_POINT('',(36.3770325382063,35.5790174020119,3.));
#18380=CARTESIAN_POINT('',(39.1701618214314,41.2755856502533,3.));
#18381=CARTESIAN_POINT('',(25.2208391068654,16.2772295310299,3.));
#18382=CARTESIAN_POINT('',(29.6779894422639,13.6327126712629,3.));
#18383=CARTESIAN_POINT('',(26.3794822256629,15.5897832858857,3.));
#18384=CARTESIAN_POINT('',(29.0512762593213,8.96445593318764,3.));
#18385=CARTESIAN_POINT('',(32.0850885184717,31.5626952973857,3.));
#18386=CARTESIAN_POINT('',(26.719653623563,7.23999169363361,3.));
#18387=CARTESIAN_POINT('',(43.275249846473,19.4844832391615,3.));
#18388=CARTESIAN_POINT('',(21.7005368245404,6.46495243312762,3.));
#18389=CARTESIAN_POINT('',(36.3005237908351,8.71944531601045,3.));
#18390=CARTESIAN_POINT('',(19.7490115239201,7.4285882251291,3.));
#18391=CARTESIAN_POINT('',(20.7182116574506,6.95001080776958,3.));
#18392=CARTESIAN_POINT('',(19.587147814218,14.2829891002118,3.));
#18393=CARTESIAN_POINT('',(19.1399817078519,33.2190171723782,3.));
#18394=CARTESIAN_POINT('',(39.4951241377552,21.3301078040679,3.));
#18395=CARTESIAN_POINT('',(56.1756333504683,37.8200240469776,3.));
#18396=CARTESIAN_POINT('',(60.8115224826303,35.1520390947895,3.));
#18397=CARTESIAN_POINT('',(49.6020853815029,41.6031445150693,3.));
#18398=CARTESIAN_POINT('',(61.6645899755188,30.8373046117375,3.));
#18399=CARTESIAN_POINT('',(58.9530780987326,44.5518745531607,3.));
#18400=CARTESIAN_POINT('',(58.1100186340605,27.7884786853142,3.));
#18401=CARTESIAN_POINT('',(60.5804110889827,29.9073830035821,3.));
#18402=CARTESIAN_POINT('',(52.5688778389724,30.5806602407418,3.));
#18403=CARTESIAN_POINT('',(43.5732426742781,35.1135619508878,3.));
#18404=CARTESIAN_POINT('',(52.8741090921908,36.5839726597052,3.));
#18405=CARTESIAN_POINT('',(53.3370386163347,45.6889071383801,3.));
#18406=CARTESIAN_POINT('',(53.0754514905427,36.6593528572536,3.));
#18407=CARTESIAN_POINT('',(7.60877441141269,94.5440937687978,3.));
#18408=CARTESIAN_POINT('',(12.8295220804424,97.0174559377251,3.));
#18409=CARTESIAN_POINT('',(17.2655778060104,99.1190653443548,3.));
#18410=CARTESIAN_POINT('',(17.5715814790389,93.9392595545937,3.));
#18411=CARTESIAN_POINT('',(36.163820736107,81.8705445038379,3.));
#18412=CARTESIAN_POINT('',(17.4958539202332,90.1829075470008,3.));
#18413=CARTESIAN_POINT('',(17.1302368510301,72.0470210405464,3.));
#18414=CARTESIAN_POINT('',(13.49138321505,86.8933613203383,3.));
#18415=CARTESIAN_POINT('',(14.4610835712136,87.6899395406465,3.));
#18416=CARTESIAN_POINT('',(24.4599078580943,72.6280497554454,3.));
#18417=CARTESIAN_POINT('',(17.3592703644164,67.9180707657613,3.));
#18418=CARTESIAN_POINT('',(22.8336874133886,66.6155128279991,3.));
#18419=CARTESIAN_POINT('',(33.6821655392054,64.034275196848,3.));
#18420=CARTESIAN_POINT('',(21.4738093423925,59.0304746316436,3.));
#18421=CARTESIAN_POINT('',(21.4833777661309,59.0838447543645,3.));
#18422=CARTESIAN_POINT('',(18.0935769007359,57.2691079093685,3.));
#18423=CARTESIAN_POINT('',(27.5851505243081,62.2149636193359,3.));
#18424=CARTESIAN_POINT('',(13.5948519398618,61.6650908035797,3.));
#18425=CARTESIAN_POINT('',(22.7482629577082,52.7207257650203,3.));
#18426=CARTESIAN_POINT('',(13.3558728601457,65.7526808977613,3.));
#18427=CARTESIAN_POINT('',(13.7150050952536,59.6099450211649,3.));
#18428=CARTESIAN_POINT('',(24.5813904478148,71.824429211903,3.));
#18429=CARTESIAN_POINT('',(38.4372819583804,46.6179206191259,3.));
#18430=CARTESIAN_POINT('',(42.7392623887715,43.4877312326114,3.));
#18431=CARTESIAN_POINT('',(39.6104881247179,45.7642771520102,3.));
#18432=CARTESIAN_POINT('',(42.8325606842318,38.5613979236133,3.));
#18433=CARTESIAN_POINT('',(42.6949122510005,45.829505644269,3.));
#18434=CARTESIAN_POINT('',(37.0228311036983,35.4358220593178,3.));
#18435=CARTESIAN_POINT('',(42.0451448440733,38.1377761506809,3.));
#18436=CARTESIAN_POINT('',(33.8368485641508,37.4208310626079,3.));
#18437=CARTESIAN_POINT('',(32.7401765415398,38.1041065707181,3.));
#18438=CARTESIAN_POINT('',(33.7770677566391,43.8612743570546,3.));
#18439=CARTESIAN_POINT('',(33.7343415222866,48.464355194973,3.));
#18440=CARTESIAN_POINT('',(40.5378243654353,47.8604498514875,3.));
#18441=CARTESIAN_POINT('',(62.5241894030731,25.4234985370108,3.));
#18442=CARTESIAN_POINT('',(68.1633295765676,23.4629389285286,3.));
#18443=CARTESIAN_POINT('',(52.0016959821161,29.0818533476633,3.));
#18444=CARTESIAN_POINT('',(67.1046897658636,16.6769348299495,3.));
#18445=CARTESIAN_POINT('',(69.5035676602541,32.0540206515175,3.));
#18446=CARTESIAN_POINT('',(62.4824426092664,14.0247601734074,3.));
#18447=CARTESIAN_POINT('',(62.9838628832813,14.3124674504016,3.));
#18448=CARTESIAN_POINT('',(58.6768924431495,16.5453146763699,3.));
#18449=CARTESIAN_POINT('',(44.6419413064793,25.8411740770331,3.));
#18450=CARTESIAN_POINT('',(58.7597994774741,22.241281413813,3.));
#18451=CARTESIAN_POINT('',(58.9747113994323,37.0063875224415,3.));
#18452=CARTESIAN_POINT('',(63.0189161616504,25.8417145012346,3.));
#18453=CARTESIAN_POINT('',(17.2463251579214,24.6993896242528,3.));
#18454=CARTESIAN_POINT('',(23.2448084158105,22.1407341750741,3.));
#18455=CARTESIAN_POINT('',(26.5867911544541,20.7152100921244,3.));
#18456=CARTESIAN_POINT('',(23.711189163868,17.1211799163633,3.));
#18457=CARTESIAN_POINT('',(22.1879182715206,33.5158122563523,3.));
#18458=CARTESIAN_POINT('',(18.2139642543845,15.1662601876292,3.));
#18459=CARTESIAN_POINT('',(35.3334839512143,21.2542932139021,3.));
#18460=CARTESIAN_POINT('',(14.9060096077896,17.1743354708816,3.));
#18461=CARTESIAN_POINT('',(17.8466405015423,15.3892420080702,3.));
#18462=CARTESIAN_POINT('',(14.6186983395828,22.3677669427844,3.));
#18463=CARTESIAN_POINT('',(13.8610118952025,36.0636886190844,3.));
#18464=CARTESIAN_POINT('',(31.411283468973,37.2686547305454,3.));
#18465=CARTESIAN_POINT('',(59.8192078527489,5.97262575236403,3.));
#18466=CARTESIAN_POINT('',(64.4060729984145,8.82137356659761,3.));
#18467=CARTESIAN_POINT('',(67.1980965936116,10.5554056040606,3.));
#18468=CARTESIAN_POINT('',(67.5339218335544,6.11724820506091,3.));
#18469=CARTESIAN_POINT('',(48.5272410996953,22.5491316239925,3.));
#18470=CARTESIAN_POINT('',(67.1224822902677,2.18097915706204,3.));
#18471=CARTESIAN_POINT('',(69.7381668534704,27.2054046248153,3.));
#18472=CARTESIAN_POINT('',(43.3490285145933,14.5234614009211,3.));
#18473=CARTESIAN_POINT('',(35.1188025567801,15.222479848265,3.));
#18474=CARTESIAN_POINT('',(40.9013280974294,13.0756296909692,3.));
#18475=CARTESIAN_POINT('',(35.7828114125587,14.9759565071309,3.));
#18476=CARTESIAN_POINT('',(42.0674586218189,7.39937320125435,3.));
#18477=CARTESIAN_POINT('',(37.6107416511034,29.0928870050288,3.));
#18478=CARTESIAN_POINT('',(40.4587325598593,6.0955434371038,3.));
#18479=CARTESIAN_POINT('',(52.9841628541375,16.247072160757,3.));
#18480=CARTESIAN_POINT('',(37.3860798611693,4.25283013546547,3.));
#18481=CARTESIAN_POINT('',(50.592518781866,12.1729184281701,3.));
#18482=CARTESIAN_POINT('',(31.1257017875694,8.9504736892726,3.));
#18483=CARTESIAN_POINT('',(24.8779308482233,13.6386571398299,3.));
#18484=CARTESIAN_POINT('',(31.7484973992237,13.5743533401303,3.));
#18485=CARTESIAN_POINT('',(34.4572515225042,33.6852096715434,3.));
#18486=CARTESIAN_POINT('',(46.2867541409841,20.683764861648,3.));
#18487=CARTESIAN_POINT('',(51.5337926281811,24.7264713426151,3.));
#18488=CARTESIAN_POINT('',(57.207802772951,21.8508642188444,3.));
#18489=CARTESIAN_POINT('',(45.4195471128889,27.8251912094564,3.));
#18490=CARTESIAN_POINT('',(57.1796521196323,16.5293663305492,3.));
#18491=CARTESIAN_POINT('',(57.2734000859157,34.2511434758554,3.));
#18492=CARTESIAN_POINT('',(52.6800230720982,14.8819650596101,3.));
#18493=CARTESIAN_POINT('',(54.2923053644483,15.4722528076603,3.));
#18494=CARTESIAN_POINT('',(47.4483718140685,18.0897816788392,3.));
#18495=CARTESIAN_POINT('',(38.2244147310689,23.7455032410302,3.));
#18496=CARTESIAN_POINT('',(47.3665834482509,21.7933878433761,3.));
#18497=CARTESIAN_POINT('',(47.0347619553924,36.8191939490763,3.));
#18498=CARTESIAN_POINT('',(54.9794737236739,27.1517084565818,3.));
#18499=CARTESIAN_POINT('',(20.5554660234628,36.4589876901242,3.));
#18500=CARTESIAN_POINT('',(23.4549795028972,34.2873719308324,3.));
#18501=CARTESIAN_POINT('',(24.2043237704435,33.7261440448163,3.));
#18502=CARTESIAN_POINT('',(23.5089026637287,29.1772880833071,3.));
#18503=CARTESIAN_POINT('',(23.3825144503531,41.1545972344998,3.));
#18504=CARTESIAN_POINT('',(20.316758190386,26.2194351709494,3.));
#18505=CARTESIAN_POINT('',(32.4304577661571,37.4440341415909,3.));
#18506=CARTESIAN_POINT('',(14.4370649805374,28.5532055535467,3.));
#18507=CARTESIAN_POINT('',(21.4485197764724,25.7702158706387,3.));
#18508=CARTESIAN_POINT('',(14.5289207707729,33.3598936359137,3.));
#18509=CARTESIAN_POINT('',(14.7245636094395,43.5976162509798,3.));
#18510=CARTESIAN_POINT('',(31.7416228939494,42.2113633536635,3.));
#18511=CARTESIAN_POINT('',(66.2456927305276,37.0033105213658,3.));
#18512=CARTESIAN_POINT('',(71.3587424670924,33.1914318174541,3.));
#18513=CARTESIAN_POINT('',(56.7088474980833,44.1132153955712,3.));
#18514=CARTESIAN_POINT('',(70.9367991946251,28.2520417396035,3.));
#18515=CARTESIAN_POINT('',(71.8875121576539,39.3813628661361,3.));
#18516=CARTESIAN_POINT('',(68.3984742997946,26.8481952237022,3.));
#18517=CARTESIAN_POINT('',(63.4333071558863,24.1021588080964,3.));
#18518=CARTESIAN_POINT('',(62.2339058073645,28.9468036913954,3.));
#18519=CARTESIAN_POINT('',(48.9894810996178,33.4556126819245,3.));
#18520=CARTESIAN_POINT('',(61.3857830182969,33.0084472125973,3.));
#18521=CARTESIAN_POINT('',(58.9304540283822,44.7669699322485,3.));
#18522=CARTESIAN_POINT('',(62.651135380415,34.0485714172441,3.));
#18523=CARTESIAN_POINT('',(23.0097400167898,44.7207621739404,3.));
#18524=CARTESIAN_POINT('',(23.6088598316137,45.1369164998057,3.));
#18525=CARTESIAN_POINT('',(34.4075391343751,52.6377819265267,3.));
#18526=CARTESIAN_POINT('',(19.2996943382795,48.620845138688,3.));
#18527=CARTESIAN_POINT('',(25.7643587076441,43.3942114965057,3.));
#18528=CARTESIAN_POINT('',(19.914192844892,52.8416323454474,3.));
#18529=CARTESIAN_POINT('',(20.1801483567115,54.6683928823334,3.));
#18530=CARTESIAN_POINT('',(23.6280349349994,54.6712776885087,3.));
#18531=CARTESIAN_POINT('',(31.5544448589627,58.5762684373628,3.));
#18532=CARTESIAN_POINT('',(29.0833409679979,52.7473580387338,3.));
#18533=CARTESIAN_POINT('',(35.8187260430378,50.3719936473895,3.));
#18534=CARTESIAN_POINT('',(31.9245857890494,55.168079522387,3.));
#18535=CARTESIAN_POINT('',(33.8741129565619,56.8290635609313,3.));
#18536=CARTESIAN_POINT('',(37.8497209279488,53.0025353728145,3.));
#18537=CARTESIAN_POINT('',(39.2332817668484,52.4968655425035,3.));
#18538=CARTESIAN_POINT('',(37.8907287707399,48.3145406733881,3.));
#18539=CARTESIAN_POINT('',(37.8724102920301,50.4086993817739,3.));
#18540=CARTESIAN_POINT('',(33.1562136817632,45.4582551448617,3.));
#18541=CARTESIAN_POINT('',(37.621730389436,48.1522566444483,3.));
#18542=CARTESIAN_POINT('',(32.7092620331835,45.6824549075401,3.));
#18543=CARTESIAN_POINT('',(32.6678791870411,45.7032133594074,3.));
#18544=CARTESIAN_POINT('',(32.8299430932707,39.9198954408864,3.));
#18545=CARTESIAN_POINT('',(32.6687744083416,47.6157520267964,3.));
#18546=CARTESIAN_POINT('',(26.309481692485,38.2266055587107,3.));
#18547=CARTESIAN_POINT('',(35.5509924074364,40.6265210904183,3.));
#18548=CARTESIAN_POINT('',(23.2764454314627,40.6121977068027,3.));
#18549=CARTESIAN_POINT('',(25.3605417731658,38.9729809481615,3.));
#18550=CARTESIAN_POINT('',(22.7113406549386,49.3175680416499,3.));
#18551=CARTESIAN_POINT('',(16.3768463814711,51.1859994868417,3.));
#18552=CARTESIAN_POINT('',(16.1696522865019,49.6277248731118,3.));
#18553=CARTESIAN_POINT('',(16.3384920633703,50.8975426163297,3.));
#18554=CARTESIAN_POINT('',(16.7817152786529,49.9357534305128,3.));
#18555=CARTESIAN_POINT('',(28.2530500684789,55.7088499125513,3.));
#18556=CARTESIAN_POINT('',(21.9187938225172,45.5578410932525,3.));
#18557=CARTESIAN_POINT('',(25.4746676745327,42.5274603284745,3.));
#18558=CARTESIAN_POINT('',(22.106270909702,41.4479660429514,3.));
#18559=CARTESIAN_POINT('',(21.7965466903644,48.2377442534201,3.));
#18560=CARTESIAN_POINT('',(16.1213661169219,38.1298735225286,3.));
#18561=CARTESIAN_POINT('',(30.2825377046724,45.9809721034823,3.));
#18562=CARTESIAN_POINT('',(11.3069400533851,40.796790628968,3.));
#18563=CARTESIAN_POINT('',(20.1457427234405,35.9005986986892,3.));
#18564=CARTESIAN_POINT('',(11.7285007847899,44.8159199379457,3.));
#18565=CARTESIAN_POINT('',(12.6072536044893,53.1938853172904,3.));
#18566=CARTESIAN_POINT('',(10.8989230244927,44.4150110475614,3.));
#18567=CARTESIAN_POINT('',(25.2332940558848,51.342362598661,3.));
#18568=CARTESIAN_POINT('',(6.70684297793018,46.8347052605045,3.));
#18569=CARTESIAN_POINT('',(19.2755207263755,39.5799876800999,3.));
#18570=CARTESIAN_POINT('',(5.22058466411284,50.8610834782175,3.));
#18571=CARTESIAN_POINT('',(7.445096914444,44.8347234662998,3.));
#18572=CARTESIAN_POINT('',(12.0055489064296,55.5397669338552,3.));
#18573=CARTESIAN_POINT('',(21.4223195784101,62.0332557091896,3.));
#18574=CARTESIAN_POINT('',(23.0032938725479,44.5861257558233,3.));
#18575=CARTESIAN_POINT('',(46.6339759229329,59.0425082931329,3.));
#18576=CARTESIAN_POINT('',(51.8403443423807,56.2416166378299,3.));
#18577=CARTESIAN_POINT('',(48.8048791170351,57.8746184799344,3.));
#18578=CARTESIAN_POINT('',(51.3302256784889,50.4770389716439,3.));
#18579=CARTESIAN_POINT('',(51.5142966882351,52.5571268156762,3.));
#18580=CARTESIAN_POINT('',(47.2683017540672,47.8995464242124,3.));
#18581=CARTESIAN_POINT('',(47.767630381195,48.2163952473533,3.));
#18582=CARTESIAN_POINT('',(43.0636347841618,51.0394475930322,3.));
#18583=CARTESIAN_POINT('',(42.1975928000827,51.6861780612286,3.));
#18584=CARTESIAN_POINT('',(43.0690660830115,56.1623795233437,3.));
#18585=CARTESIAN_POINT('',(43.0686478299927,55.7678731990841,3.));
#18586=CARTESIAN_POINT('',(44.7032423043825,57.4826479624972,3.));
#18587=CARTESIAN_POINT('Origin',(72.2172221843949,98.9164265143126,-4.3049478044029));
#18588=CARTESIAN_POINT('',(71.053571696308,99.4768435919731,0.));
#18589=CARTESIAN_POINT('',(55.3996075724052,98.1790432465054,0.));
#18590=CARTESIAN_POINT('',(72.2172221843949,98.9164265143126,-4.3049478044029));
#18591=CARTESIAN_POINT('Origin',(59.1061492549606,65.3034475135236,-5.58532727890273));
#18592=CARTESIAN_POINT('',(59.6892967520511,66.4231053469604,0.));
#18593=CARTESIAN_POINT('',(60.3919541637186,60.5692036802222,0.));
#18594=CARTESIAN_POINT('',(59.1061492549606,65.3034475135236,-5.58532727890273));
#18595=CARTESIAN_POINT('Origin',(70.4656189056469,92.310751835343,-6.37838240913086));
#18596=CARTESIAN_POINT('',(69.7770415009058,93.750663046638,0.));
#18597=CARTESIAN_POINT('',(51.8616957669749,88.6483587150328,-1.11022302462516E-15));
#18598=CARTESIAN_POINT('',(70.4656189056469,92.310751835343,-6.37838240913086));
#18599=CARTESIAN_POINT('Origin',(51.994872139617,70.3468124061608,-4.18703030655757));
#18600=CARTESIAN_POINT('',(47.9180139094665,66.6900690612191,0.));
#18601=CARTESIAN_POINT('',(48.5507676524919,68.032133983411,-5.20294024804045));
#18602=CARTESIAN_POINT('',(48.2408472047509,66.9232342988802,0.));
#18603=CARTESIAN_POINT('',(45.1244599596615,64.6724343248411,0.));
#18604=CARTESIAN_POINT('',(48.1972933341671,66.774393322104,0.690058569558526));
#18605=CARTESIAN_POINT('',(48.6096819958563,68.1836901399191,-5.84374258687276));
#18606=CARTESIAN_POINT('',(50.4137759001536,68.3174133871975,1.03000094159494));
#18607=CARTESIAN_POINT('Origin',(45.6055791414574,70.1693833673779,-6.58153058307332));
#18608=CARTESIAN_POINT('',(49.9155052000874,67.3594759653084,-5.67660842339525));
#18609=CARTESIAN_POINT('',(47.2994749881448,67.4868713899433,2.77555756156289E-16));
#18610=CARTESIAN_POINT('Origin',(42.225,53.5,3.));
#18611=CARTESIAN_POINT('',(69.9644767554936,76.7939445218346,3.));
#18612=CARTESIAN_POINT('',(55.3573956693306,69.0361075256603,3.));
#18613=CARTESIAN_POINT('',(67.2462968631929,78.2337963181054,3.));
#18614=CARTESIAN_POINT('',(62.1273372891406,80.9453692933207,3.));
#18615=CARTESIAN_POINT('',(67.7267232844856,84.3002509269073,3.));
#18616=CARTESIAN_POINT('',(66.413542528959,67.7184163452068,3.));
#18617=CARTESIAN_POINT('',(68.9279074278231,84.8808704004424,3.));
#18618=CARTESIAN_POINT('',(52.2288783352191,76.8090176923682,3.));
#18619=CARTESIAN_POINT('',(59.8059756382282,88.0024472102121,3.));
#18620=CARTESIAN_POINT('Origin',(20.,88.1,6.));
#18621=CARTESIAN_POINT('',(19.,105.75410196625,6.));
#18622=CARTESIAN_POINT('',(19.,108.5,6.));
#18623=CARTESIAN_POINT('Origin',(20.,102.4,6.));
#18624=CARTESIAN_POINT('Origin',(20.,88.1,6.));
#18625=CARTESIAN_POINT('',(19.,99.0458980337503,6.));
#18626=CARTESIAN_POINT('Origin',(20.,102.4,6.));
#18627=CARTESIAN_POINT('',(19.,108.5,6.));
#18628=CARTESIAN_POINT('Origin',(20.,102.4,0.));
#18629=CARTESIAN_POINT('',(16.5,102.4,-9.32587340685131E-14));
#18630=CARTESIAN_POINT('',(16.5,102.4,0.));
#18631=CARTESIAN_POINT('',(17.5001326801553,99.9503748484365,0.));
#18632=CARTESIAN_POINT('Origin',(20.,102.4,0.));
#18633=CARTESIAN_POINT('Origin',(20.,102.4,-37.1647855343741));
#18634=CARTESIAN_POINT('',(19.,99.0458980337503,0.));
#18635=CARTESIAN_POINT('',(19.,105.75410196625,3.));
#18636=CARTESIAN_POINT('',(19.,105.75410196625,0.));
#18637=CARTESIAN_POINT('',(17.1957176237468,104.494278003092,3.));
#18638=CARTESIAN_POINT('Origin',(20.,102.4,3.));
#18639=CARTESIAN_POINT('',(17.3964902071449,104.739174375396,0.));
#18640=CARTESIAN_POINT('Origin',(20.,102.4,-37.1647855343741));
#18641=CARTESIAN_POINT('Origin',(20.,102.4,0.));
#18642=CARTESIAN_POINT('Origin',(19.,108.5,0.));
#18643=CARTESIAN_POINT('',(19.,81.,3.));
#18644=CARTESIAN_POINT('Origin',(29.5858337767385,69.7372579404538,-4.39243574786099));
#18645=CARTESIAN_POINT('',(25.8883413001301,67.0575327095217,1.38706510024456));
#18646=CARTESIAN_POINT('',(26.7777984984106,68.3910087889757,-5.05845187198442));
#18647=CARTESIAN_POINT('',(27.6003375615008,67.908270004559,1.57325966728954));
#18648=CARTESIAN_POINT('Origin',(33.0251181286347,67.4571029374464,-4.38955559567931));
#18649=CARTESIAN_POINT('',(32.4193758990119,66.5489729284042,0.));
#18650=CARTESIAN_POINT('',(38.8317422532625,62.2993448512291,2.77555756156289E-16));
#18651=CARTESIAN_POINT('',(33.0251181286347,67.4571029374464,-4.38955559567931));
#18652=CARTESIAN_POINT('',(30.1826933229159,69.4043131516023,-4.60229279288906));
#18653=CARTESIAN_POINT('Origin',(41.0244581954395,69.4249760431426,-4.70190052610691));
#18654=CARTESIAN_POINT('',(34.347983813978,66.0047797487825,0.));
#18655=CARTESIAN_POINT('',(34.8814315818107,67.0028904859127,-5.70079512140839));
#18656=CARTESIAN_POINT('',(38.9374292745505,67.9158963719673,0.));
#18657=CARTESIAN_POINT('Origin',(45.5604202123194,66.5975406018281,-4.77248626916037));
#18658=CARTESIAN_POINT('',(45.1138382718924,65.7619607069873,0.));
#18659=CARTESIAN_POINT('',(46.808550431798,64.6994184847207,0.));
#18660=CARTESIAN_POINT('',(45.5604202123194,66.5975406018281,-4.77248626916037));
#18661=CARTESIAN_POINT('Origin',(19.,108.5,0.));
#18662=CARTESIAN_POINT('Origin',(19.,108.5,0.));
#18663=CARTESIAN_POINT('',(19.,68.1927924143727,0.));
#18664=CARTESIAN_POINT('',(19.,67.7,2.22275797540857));
#18665=CARTESIAN_POINT('',(19.,69.5931487918259,-6.31635799500033));
#18666=CARTESIAN_POINT('',(19.,67.7,0.));
#18667=CARTESIAN_POINT('',(19.,108.5,0.));
#18668=CARTESIAN_POINT('',(19.,67.7,0.));
#18669=CARTESIAN_POINT('Origin',(19.,67.7,0.));
#18670=CARTESIAN_POINT('',(21.071118002997,67.7,0.));
#18671=CARTESIAN_POINT('',(22.7240623244402,67.7,-1.77396708834438));
#18672=CARTESIAN_POINT('',(19.,67.7,0.));
#18673=CARTESIAN_POINT('Origin',(23.5916216780954,68.0638057813391,-4.34600519568356));
#18674=CARTESIAN_POINT('',(23.1432165701957,67.2069742746331,0.));
#18675=CARTESIAN_POINT('',(33.8319394589265,64.6637480792758,0.));
#18676=CARTESIAN_POINT('',(23.5916216780954,68.0638057813391,-4.34600519568356));
#18677=CARTESIAN_POINT('',(17.6687995212235,68.5095322123953,0.));
#18678=CARTESIAN_POINT('',(18.1474862736831,69.4242271704241,-4.63949914183395));
#18679=CARTESIAN_POINT('',(33.8319394589265,64.6637480792758,0.));
#18680=CARTESIAN_POINT('Origin',(42.225,53.5,3.));
#18681=CARTESIAN_POINT('',(17.8062423510707,76.2849885054088,3.));
#18682=CARTESIAN_POINT('Origin',(39.7042260816137,-1.55277365277751,-6.58051288143383));
#18683=CARTESIAN_POINT('',(41.322343888622,-2.2247215864251,1.11022302462516E-15));
#18684=CARTESIAN_POINT('',(41.322343888622,-2.2247215864251,1.11022302462516E-15));
#18685=CARTESIAN_POINT('Origin',(46.2967664834936,-1.63838844381351,-4.9721569906042));
#18686=CARTESIAN_POINT('',(41.3976460206402,5.28873178610067,0.));
#18687=CARTESIAN_POINT('',(42.6391667145071,5.83692356091614,-5.0597271762046));
#18688=CARTESIAN_POINT('',(33.7724623694498,20.7622118250118,0.));
#18689=CARTESIAN_POINT('Origin',(81.4210829741417,83.962879176282,-4.6969301162856));
#18690=CARTESIAN_POINT('',(81.9109774351288,68.3146133130839,0.));
#18691=CARTESIAN_POINT('',(82.4809780850543,95.7844184362962,0.));
#18692=CARTESIAN_POINT('',(81.2091363193926,94.0412967702576,-7.12482701984107));
#18693=CARTESIAN_POINT('',(81.9109774351288,68.3146133130839,0.));
#18694=CARTESIAN_POINT('Origin',(73.425165457337,89.4851236271219,-4.62063382113006));
#18695=CARTESIAN_POINT('',(74.2499875984468,90.6155829213634,0.));
#18696=CARTESIAN_POINT('',(72.0185912375885,92.1488381291616,-1.11022302462516E-15));
#18697=CARTESIAN_POINT('',(73.425165457337,89.4851236271219,-4.62063382113006));
#18698=CARTESIAN_POINT('Origin',(42.225,53.5,0.));
#18699=CARTESIAN_POINT('',(17.2847226862298,109.90339166722,0.));
#18700=CARTESIAN_POINT('',(18.0122186686784,76.2894463856809,0.));
#18701=CARTESIAN_POINT('',(16.7694613119629,110.5,0.));
#18702=CARTESIAN_POINT('',(36.4360019577138,87.728601614267,0.));
#18703=CARTESIAN_POINT('',(84.45,110.5,0.));
#18704=CARTESIAN_POINT('',(75.6444906558032,52.3300202410228,0.));
#18705=CARTESIAN_POINT('',(67.2170236009183,48.0531533752089,0.));
#18706=CARTESIAN_POINT('',(75.1255301394137,55.2532239901782,0.));
#18707=CARTESIAN_POINT('',(73.1451772988137,24.4949065301053,0.));
#18708=CARTESIAN_POINT('',(69.0219847109504,22.2394292300251,0.));
#18709=CARTESIAN_POINT('',(72.0911730042792,17.6406262555687,0.));
#18710=CARTESIAN_POINT('',(74.9615900165236,36.3071941327034,-6.93889390390723E-17));
#18711=CARTESIAN_POINT('',(74.6133708396131,16.2759394110565,-1.11022302462516E-15));
#18712=CARTESIAN_POINT('',(53.5799172352837,27.656520674891,0.));
#18713=CARTESIAN_POINT('',(73.8114252386466,15.9715728635618,0.));
#18714=CARTESIAN_POINT('',(70.5632200171673,14.7387647932582,-1.11022302462516E-15));
#18715=CARTESIAN_POINT('',(73.5959992899926,13.0279999034725,-5.55111512312578E-16));
#18716=CARTESIAN_POINT('',(75.1220370008066,33.879728164133,-5.55111512312578E-16));
#18717=CARTESIAN_POINT('',(70.1840535255848,14.9010261953606,0.));
#18718=CARTESIAN_POINT('',(53.9286036522675,23.8246396117295,0.));
#18719=CARTESIAN_POINT('',(65.6318378797627,12.3615864773006,0.));
#18720=CARTESIAN_POINT('',(67.9248160976084,13.6407174350767,-3.46944695195361E-17));
#18721=CARTESIAN_POINT('',(65.8155878900644,8.6173539039492,5.55111512312578E-16));
#18722=CARTESIAN_POINT('',(64.6122901500647,33.1366809295536,2.77555756156289E-16));
#18723=CARTESIAN_POINT('',(64.8742655484031,9.43115717630391,0.));
#18724=CARTESIAN_POINT('',(49.0291891489445,23.1297325249258,5.55111512312578E-16));
#18725=CARTESIAN_POINT('',(60.2874004027375,6.58240936207032,0.));
#18726=CARTESIAN_POINT('',(67.0551219966787,10.7856138352387,0.));
#18727=CARTESIAN_POINT('',(67.5906748402563,2.79076276676834,0.));
#18728=CARTESIAN_POINT('',(43.6977991243461,15.195245391001,0.));
#18729=CARTESIAN_POINT('',(67.9446868286574,6.17761863733522,0.));
#18730=CARTESIAN_POINT('',(70.1382504877904,27.1635857791587,0.));
#18731=CARTESIAN_POINT('',(69.2904907763533,5.02151212872837,0.));
#18732=CARTESIAN_POINT('',(48.1712745052378,23.1638748625528,0.));
#18733=CARTESIAN_POINT('',(74.1809123238223,6.29243289803377,5.55111512312578E-16));
#18734=CARTESIAN_POINT('',(62.7900207763565,3.33217262025215,6.93889390390723E-17));
#18735=CARTESIAN_POINT('',(75.9898088378905,28.2330465997051,0.));
#18736=CARTESIAN_POINT('',(82.5755095868405,29.5743168705143,0.));
#18737=CARTESIAN_POINT('',(82.9106182762847,-3.44623503296814,0.));
#18738=CARTESIAN_POINT('Origin',(82.45,-1.5,0.));
#18739=CARTESIAN_POINT('',(82.9133034970766,-3.11259027811923,0.));
#18740=CARTESIAN_POINT('',(83.1292577437451,23.7202131565905,0.));
#18741=CARTESIAN_POINT('',(71.9419453932914,3.61569803459082,0.));
#18742=CARTESIAN_POINT('',(55.3811335669747,13.7717712942499,0.));
#18743=CARTESIAN_POINT('',(66.9130281769621,2.2393982081874,0.));
#18744=CARTESIAN_POINT('',(64.0146558023401,1.44617986227946,6.93889390390723E-17));
#18745=CARTESIAN_POINT('',(66.3731991985858,-3.25865831653637,0.));
#18746=CARTESIAN_POINT('',(69.2539778568513,26.0815300260772,0.));
#18747=CARTESIAN_POINT('',(67.4901152230883,24.3060590818173,1.11022302462516E-15));
#18748=CARTESIAN_POINT('',(28.7562131757945,5.48652658568647,0.));
#18749=CARTESIAN_POINT('',(24.7087601132532,8.63018890119916,-1.38777878078145E-16));
#18750=CARTESIAN_POINT('',(44.4899509402178,17.600191338445,0.));
#18751=CARTESIAN_POINT('',(15.4124720130978,2.58948225647132,0.));
#18752=CARTESIAN_POINT('',(16.7669183701248,1.89579223895377,-5.55111512312578E-16));
#18753=CARTESIAN_POINT('',(35.4449192723154,11.3980438220643,1.38777878078145E-16));
#18754=CARTESIAN_POINT('',(1.68758508292697,-3.47544853630517,0.));
#18755=CARTESIAN_POINT('',(1.44131287277033,29.8979194400641,0.));
#18756=CARTESIAN_POINT('',(0.,-1.5,0.));
#18757=CARTESIAN_POINT('Origin',(2.,-1.5,0.));
#18758=CARTESIAN_POINT('',(0.,14.2600775476976,0.));
#18759=CARTESIAN_POINT('',(0.,110.5,0.));
#18760=CARTESIAN_POINT('',(7.87790944266748,18.1859417606063,0.));
#18761=CARTESIAN_POINT('',(22.7631192033663,25.6038122916719,0.));
#18762=CARTESIAN_POINT('',(7.74874522646823,22.9499320268803,0.));
#18763=CARTESIAN_POINT('',(7.41852522609006,35.1295039998466,0.));
#18764=CARTESIAN_POINT('',(16.6603194783912,19.3620689771815,3.46944695195361E-17));
#18765=CARTESIAN_POINT('',(0.,110.5,0.));
#18766=CARTESIAN_POINT('',(8.32360594602404,62.4928236137142,0.));
#18767=CARTESIAN_POINT('',(14.2652602956421,66.4770119578533,1.73472347597681E-17));
#18768=CARTESIAN_POINT('',(8.1065476865649,65.0293528493054,0.));
#18769=CARTESIAN_POINT('',(8.76376026250483,57.3492078180881,1.38777878078145E-16));
#18770=CARTESIAN_POINT('',(9.69624613138517,64.0285859524623,0.));
#18771=CARTESIAN_POINT('',(20.2458174277392,57.3872875579917,0.));
#18772=CARTESIAN_POINT('',(13.577682093777,66.1142473080594,0.));
#18773=CARTESIAN_POINT('',(19.7281423261671,69.4191523355092,5.55111512312578E-16));
#18774=CARTESIAN_POINT('',(14.0589850047003,73.8005005254153,0.));
#18775=CARTESIAN_POINT('',(13.2092475531629,60.2304657872973,0.));
#18776=CARTESIAN_POINT('',(10.5985395235131,75.7174494040174,0.));
#18777=CARTESIAN_POINT('',(29.0713187839645,65.4842659365996,5.55111512312578E-16));
#18778=CARTESIAN_POINT('',(12.9369681615428,77.9177511614318,0.));
#18779=CARTESIAN_POINT('',(0.,110.5,0.));
#18780=CARTESIAN_POINT('',(9.43198651941804,101.857640723793,2.77555756156289E-16));
#18781=CARTESIAN_POINT('',(84.45,110.5,0.));
#18782=CARTESIAN_POINT('',(17.0918463793487,98.1871613909265,0.));
#18783=CARTESIAN_POINT('',(33.7355514335263,86.9882549382241,0.));
#18784=CARTESIAN_POINT('',(17.5309284433766,98.5274568876538,0.));
#18785=CARTESIAN_POINT('',(14.5239683609792,96.197015590435,-1.38777878078145E-16));
#18786=CARTESIAN_POINT('',(18.0122186686784,76.2894463856809,0.));
#18787=CARTESIAN_POINT('',(13.6654020169528,66.3441423443953,0.));
#18788=CARTESIAN_POINT('',(24.4039451953424,72.1524920200794,1.38777878078145E-16));
#18789=CARTESIAN_POINT('',(13.9043810966689,62.2565522502137,0.));
#18790=CARTESIAN_POINT('',(14.0579415821191,59.6299946455509,0.));
#18791=CARTESIAN_POINT('',(18.403106057543,57.8605693560025,0.));
#18792=CARTESIAN_POINT('',(23.1951044851117,53.178010786655,-5.55111512312578E-16));
#18793=CARTESIAN_POINT('',(21.7833384991996,59.6219360782776,0.));
#18794=CARTESIAN_POINT('',(27.4088629851489,62.553276391679,2.77555756156289E-16));
#18795=CARTESIAN_POINT('',(21.6805301468888,59.0484984327907,5.55111512312578E-16));
#18796=CARTESIAN_POINT('',(53.0159551180067,12.4163724612916,2.77555756156289E-16));
#18797=CARTESIAN_POINT('',(52.3292856243615,56.905608935483,0.));
#18798=CARTESIAN_POINT('',(47.1229172049137,59.706500590786,0.));
#18799=CARTESIAN_POINT('',(49.1916574302483,58.5935718144656,0.));
#18800=CARTESIAN_POINT('',(43.5580073649923,56.8263718209968,0.));
#18801=CARTESIAN_POINT('',(44.5717591019497,57.6453926866407,0.));
#18802=CARTESIAN_POINT('',(43.5525760661426,51.7034398906852,0.));
#18803=CARTESIAN_POINT('',(43.5568846029091,55.7673555736581,0.));
#18804=CARTESIAN_POINT('',(47.757243036048,48.5635387218655,0.));
#18805=CARTESIAN_POINT('',(42.690967276939,52.3468598009063,0.));
#18806=CARTESIAN_POINT('',(51.8191669604697,51.1410312692969,0.));
#18807=CARTESIAN_POINT('',(47.6076034659045,48.4685849797417,-5.55111512312578E-16));
#18808=CARTESIAN_POINT('',(51.9411374883309,52.5193548449876,0.));
#18809=CARTESIAN_POINT('',(57.4023893008307,21.290845342894,0.));
#18810=CARTESIAN_POINT('',(51.7283791560608,24.1664524666647,0.));
#18811=CARTESIAN_POINT('',(45.2334946607263,27.4580814286022,-2.77555756156289E-16));
#18812=CARTESIAN_POINT('',(47.5611699761306,21.2333689674257,0.));
#18813=CARTESIAN_POINT('',(55.3075238850999,26.6856277450962,6.93889390390723E-17));
#18814=CARTESIAN_POINT('',(47.6429583419481,17.5297628028888,0.));
#18815=CARTESIAN_POINT('',(47.2168925186993,36.8232160185072,5.55111512312578E-16));
#18816=CARTESIAN_POINT('',(52.8746095999778,14.3219461836598,0.));
#18817=CARTESIAN_POINT('',(38.0280267208875,23.4252126189389,0.));
#18818=CARTESIAN_POINT('',(57.3742386475119,15.9693474545988,0.));
#18819=CARTESIAN_POINT('',(54.4961042560289,14.9156067563381,0.));
#18820=CARTESIAN_POINT('',(57.4709435781797,34.2500984733988,2.77555756156289E-16));
#18821=CARTESIAN_POINT('',(41.6119938762855,12.862073219533,0.));
#18822=CARTESIAN_POINT('',(35.8294683356362,15.0089233768287,0.));
#18823=CARTESIAN_POINT('',(35.799220198837,15.0201534555873,-5.55111512312578E-16));
#18824=CARTESIAN_POINT('',(32.4591631780797,13.3607968686941,0.));
#18825=CARTESIAN_POINT('',(46.5081804066183,20.2309634041131,0.));
#18826=CARTESIAN_POINT('',(31.8363675664255,8.73691721783637,0.));
#18827=CARTESIAN_POINT('',(35.1835059732259,33.5873896331758,5.55111512312578E-16));
#18828=CARTESIAN_POINT('',(38.0967456400253,4.03927366402924,0.));
#18829=CARTESIAN_POINT('',(25.0314135913495,13.8431979886059,0.));
#18830=CARTESIAN_POINT('',(41.1693983387153,5.88198696566757,0.));
#18831=CARTESIAN_POINT('',(50.8746993511267,11.7023933134462,0.));
#18832=CARTESIAN_POINT('',(42.778124400675,7.18581672981812,0.));
#18833=CARTESIAN_POINT('',(53.3703705694784,15.7705510426771,0.));
#18834=CARTESIAN_POINT('',(38.2505316394018,29.2243255043118,0.));
#18835=CARTESIAN_POINT('',(51.8412118198495,8.70501584514693,0.));
#18836=CARTESIAN_POINT('',(51.3824085096954,8.52307248683275,0.));
#18837=CARTESIAN_POINT('',(55.7694964052317,10.2628190999629,1.11022302462516E-15));
#18838=CARTESIAN_POINT('',(51.9708718240778,12.2010632139867,0.));
#18839=CARTESIAN_POINT('',(54.4448636028365,27.6639112776433,0.));
#18840=CARTESIAN_POINT('',(47.049885825965,15.2306657980826,0.));
#18841=CARTESIAN_POINT('',(39.6990637162164,19.756195776722,0.));
#18842=CARTESIAN_POINT('',(42.5059676644085,11.8010118400865,0.));
#18843=CARTESIAN_POINT('',(54.6394492730749,20.9591088268466,0.));
#18844=CARTESIAN_POINT('',(43.6576620732412,6.07637222261746,0.));
#18845=CARTESIAN_POINT('',(38.6101645584011,31.165583406527,0.));
#18846=CARTESIAN_POINT('',(48.4953020195092,4.27404211574898,0.));
#18847=CARTESIAN_POINT('',(35.713650728506,9.03602423784577,0.));
#18848=CARTESIAN_POINT('',(49.2387459769767,4.54812603491208,0.));
#18849=CARTESIAN_POINT('',(53.8053369715705,6.23168152613815,0.));
#18850=CARTESIAN_POINT('',(48.6377116041831,-0.556819577707573,0.));
#18851=CARTESIAN_POINT('',(52.3018405015601,30.5648260143699,2.77555756156289E-16));
#18852=CARTESIAN_POINT('',(46.2519659627051,-0.592550886039928,0.));
#18853=CARTESIAN_POINT('',(40.8297452020712,14.5766689904487,0.));
#18854=CARTESIAN_POINT('',(23.837976944294,21.5081713628759,0.));
#18855=CARTESIAN_POINT('',(17.8394936864049,24.0668268120546,0.));
#18856=CARTESIAN_POINT('',(26.4498171880561,20.3940898551386,0.));
#18857=CARTESIAN_POINT('',(15.2118668680663,21.7352041305862,0.));
#18858=CARTESIAN_POINT('',(31.9866246536148,36.6202728381942,5.55111512312578E-16));
#18859=CARTESIAN_POINT('',(15.4991781362731,16.5417726586835,0.));
#18860=CARTESIAN_POINT('',(14.4174826581164,36.0944737216659,1.11022302462516E-15));
#18861=CARTESIAN_POINT('',(18.807132782868,14.533697375431,0.));
#18862=CARTESIAN_POINT('',(17.7257716370422,15.1901315836321,0.));
#18863=CARTESIAN_POINT('',(24.3043576923515,16.4886171041652,0.));
#18864=CARTESIAN_POINT('',(35.5997742507247,20.5054861677067,0.));
#18865=CARTESIAN_POINT('',(22.7177397943735,33.5650394477382,5.55111512312578E-16));
#18866=CARTESIAN_POINT('',(68.0390107773212,22.9687204554303,0.));
#18867=CARTESIAN_POINT('',(62.3998706038267,24.9292800639125,0.));
#18868=CARTESIAN_POINT('',(51.8349940978402,28.6023701998159,-2.77555756156289E-16));
#18869=CARTESIAN_POINT('',(58.6354806782277,21.7470629407148,0.));
#18870=CARTESIAN_POINT('',(63.2107651193376,25.6147676099337,2.77555756156289E-16));
#18871=CARTESIAN_POINT('',(58.5525736439031,16.0510962032716,0.));
#18872=CARTESIAN_POINT('',(58.857610953123,37.0080919654569,0.));
#18873=CARTESIAN_POINT('',(62.35812381002,13.5305417003091,0.));
#18874=CARTESIAN_POINT('',(44.3765079077054,25.4404209437009,0.));
#18875=CARTESIAN_POINT('',(66.9803709666172,16.1827163568512,0.));
#18876=CARTESIAN_POINT('',(63.1664090655506,13.9943234059056,-6.93889390390723E-17));
#18877=CARTESIAN_POINT('',(69.4574704999604,32.0612119659255,0.));
#18878=CARTESIAN_POINT('',(73.704849653445,42.4021521905043,0.));
#18879=CARTESIAN_POINT('',(82.3797736500505,39.0948557293176,-1.11022302462516E-15));
#18880=CARTESIAN_POINT('',(68.7960667397125,44.7237896984432,6.93889390390723E-17));
#18881=CARTESIAN_POINT('',(72.2071348454016,46.4565216942205,0.));
#18882=CARTESIAN_POINT('',(58.2419868919918,39.3625974643646,-2.77555756156289E-16));
#18883=CARTESIAN_POINT('',(71.2229587096968,52.3640614584284,0.));
#18884=CARTESIAN_POINT('',(71.2944366311183,51.9350136002843,0.));
#18885=CARTESIAN_POINT('',(67.1684456071431,55.0368430292512,0.));
#18886=CARTESIAN_POINT('',(60.8279226914177,59.216588505436,5.55111512312578E-16));
#18887=CARTESIAN_POINT('',(64.2127966592257,52.9147760674068,6.93889390390723E-17));
#18888=CARTESIAN_POINT('',(58.0975112151061,48.5241852252982,0.));
#18889=CARTESIAN_POINT('',(64.2454201974111,55.0750236514602,0.));
#18890=CARTESIAN_POINT('',(64.195454374703,51.7664141690334,6.93889390390723E-17));
#18891=CARTESIAN_POINT('',(59.5782986240046,57.2537688398433,0.));
#18892=CARTESIAN_POINT('',(55.7982993657972,59.0183800817784,-1.38777878078145E-16));
#18893=CARTESIAN_POINT('',(55.7985298999461,55.7629034272153,0.));
#18894=CARTESIAN_POINT('',(52.0661462548215,54.2907282521162,-5.55111512312578E-16));
#18895=CARTESIAN_POINT('',(55.2893279393327,50.2739958211569,0.));
#18896=CARTESIAN_POINT('',(55.6835832814822,54.5238442381715,0.));
#18897=CARTESIAN_POINT('',(60.7645267687055,47.8241476176827,0.));
#18898=CARTESIAN_POINT('',(49.7659857540032,52.7453855097488,0.));
#18899=CARTESIAN_POINT('',(62.0936886486381,48.5316125982436,0.));
#18900=CARTESIAN_POINT('',(55.470624138995,45.0063939809251,0.));
#18901=CARTESIAN_POINT('',(62.0864457752722,46.8086649140744,5.55111512312578E-16));
#18902=CARTESIAN_POINT('',(62.1082381237448,51.9926677865412,0.));
#18903=CARTESIAN_POINT('',(61.356933773977,46.4102287074575,0.));
#18904=CARTESIAN_POINT('',(57.7236277052303,44.4258327209085,5.55111512312578E-16));
#18905=CARTESIAN_POINT('',(59.631291008376,40.0090073009326,0.));
#18906=CARTESIAN_POINT('',(61.7771032148342,47.9688349687286,1.38777878078145E-16));
#18907=CARTESIAN_POINT('',(63.7249319134492,37.7566110066368,0.));
#18908=CARTESIAN_POINT('',(50.3293995630915,45.127078550254,0.));
#18909=CARTESIAN_POINT('',(68.905935581903,42.1064189171754,0.));
#18910=CARTESIAN_POINT('',(62.0348343258668,36.3376581692145,5.55111512312578E-16));
#18911=CARTESIAN_POINT('',(68.6237221021413,48.8295016518366,6.93889390390723E-17));
#18912=CARTESIAN_POINT('',(12.4017873981573,78.8608725456717,0.));
#18913=CARTESIAN_POINT('',(15.1113581265752,63.7596229666858,0.));
#18914=CARTESIAN_POINT('',(1.90404378000127,67.5953046701488,-1.11022302462516E-15));
#18915=CARTESIAN_POINT('',(9.93371864291289,76.5843687973739,0.));
#18916=CARTESIAN_POINT('',(13.5949237704339,96.9596588169647,0.));
#18917=CARTESIAN_POINT('',(8.37417610140421,94.4862966480375,0.));
#18918=CARTESIAN_POINT('',(17.4282411841018,98.7757171429972,-1.11022302462516E-15));
#18919=CARTESIAN_POINT('',(14.2567849050415,86.8355641995779,0.));
#18920=CARTESIAN_POINT('',(24.9130011842221,72.9764308819721,0.));
#18921=CARTESIAN_POINT('',(18.2612556102247,90.1251104262404,0.));
#18922=CARTESIAN_POINT('',(14.7978258769399,87.2800122723967,-1.11022302462516E-15));
#18923=CARTESIAN_POINT('',(18.3369831690304,93.8814624338333,0.));
#18924=CARTESIAN_POINT('',(17.8964923015808,72.0315734321821,1.11022302462516E-15));
#18925=CARTESIAN_POINT('',(36.3643293707195,82.1794344305738,-1.38777878078145E-16));
#18926=CARTESIAN_POINT('',(23.3374027662969,45.7210344228413,0.));
#18927=CARTESIAN_POINT('',(22.7989262667442,45.3470035209732,0.));
#18928=CARTESIAN_POINT('',(34.0455064202045,53.1589851417596,0.));
#18929=CARTESIAN_POINT('',(23.0656316814171,41.2384390538356,0.));
#18930=CARTESIAN_POINT('',(22.5418930836693,49.3065684370137,2.77555756156289E-16));
#18931=CARTESIAN_POINT('',(26.0986679424394,38.8528469057436,0.));
#18932=CARTESIAN_POINT('',(25.5842752988073,39.2574352278336,1.11022302462516E-15));
#18933=CARTESIAN_POINT('',(32.6191293432251,40.5461367879193,0.));
#18934=CARTESIAN_POINT('',(35.3853203564129,41.2644852247694,-5.55111512312578E-16));
#18935=CARTESIAN_POINT('',(32.5209148211764,45.2359118312095,-2.77555756156289E-16));
#18936=CARTESIAN_POINT('',(32.4711622403743,47.6116135799735,0.));
#18937=CARTESIAN_POINT('',(32.7111902934827,45.1404659012747,0.));
#18938=CARTESIAN_POINT('',(32.4510508578356,45.2709569732301,-2.77555756156289E-16));
#18939=CARTESIAN_POINT('',(37.4457053824595,47.9967514298011,0.));
#18940=CARTESIAN_POINT('',(37.6435410828855,48.116103726189,0.));
#18941=CARTESIAN_POINT('',(37.4046975396684,52.6847461292275,0.));
#18942=CARTESIAN_POINT('',(37.4246413309067,50.4047825601174,0.));
#18943=CARTESIAN_POINT('',(31.4795624007689,54.8502902788,0.));
#18944=CARTESIAN_POINT('',(39.0783805929154,52.0730411707359,0.));
#18945=CARTESIAN_POINT('',(29.0958392327335,52.8193741672451,0.));
#18946=CARTESIAN_POINT('',(33.8438185675381,56.8646206361678,0.));
#18947=CARTESIAN_POINT('',(24.260348032721,54.5247040753647,0.));
#18948=CARTESIAN_POINT('',(35.8426970047753,50.4399637064293,0.));
#18949=CARTESIAN_POINT('',(20.5465059426136,52.6950587323034,0.));
#18950=CARTESIAN_POINT('',(31.7360470462721,58.2076495411144,0.));
#18951=CARTESIAN_POINT('',(19.9320074360011,48.474271525544,0.));
#18952=CARTESIAN_POINT('',(20.8202336282025,54.5752037628237,0.));
#18953=CARTESIAN_POINT('',(25.9426385581959,43.6147204275959,0.));
#18954=CARTESIAN_POINT('',(16.4588507781792,50.5336216668845,-1.38777878078145E-16));
#18955=CARTESIAN_POINT('',(12.2434423173461,54.7321252547617,0.));
#18956=CARTESIAN_POINT('',(22.7179450353062,44.2996279887925,0.));
#18957=CARTESIAN_POINT('',(5.45847807502929,50.053441799124,0.));
#18958=CARTESIAN_POINT('',(21.8764303850474,61.3747102841148,0.));
#18959=CARTESIAN_POINT('',(6.94473638884663,46.027063581411,0.));
#18960=CARTESIAN_POINT('',(7.39208811735017,44.8151563116198,0.));
#18961=CARTESIAN_POINT('',(11.1368164354092,43.6073693684678,0.));
#18962=CARTESIAN_POINT('',(18.9852963704265,39.0771788023945,0.));
#18963=CARTESIAN_POINT('',(11.7844963238714,43.9203727273267,0.));
#18964=CARTESIAN_POINT('',(25.5947451980242,50.5944324924829,0.));
#18965=CARTESIAN_POINT('',(11.5494203917767,41.6791759124131,0.));
#18966=CARTESIAN_POINT('',(12.755550308239,53.1783306878939,0.));
#18967=CARTESIAN_POINT('',(16.3638464553134,39.0122588059737,0.));
#18968=CARTESIAN_POINT('',(20.576699325074,36.6785788954295,0.));
#18969=CARTESIAN_POINT('',(22.3487512480935,42.3303513263965,0.));
#18970=CARTESIAN_POINT('',(29.9653575213891,46.5530758611151,0.));
#18971=CARTESIAN_POINT('',(22.1612741609087,46.4402263766976,0.));
#18972=CARTESIAN_POINT('',(22.0786910384372,48.2506146204981,0.));
#18973=CARTESIAN_POINT('',(17.0241956170445,50.8181387139579,0.));
#18974=CARTESIAN_POINT('',(26.0122946396716,43.1583162557876,5.55111512312578E-16));
#18975=CARTESIAN_POINT('',(27.9477233492123,56.315544262435,-1.38777878078145E-16));
#18976=CARTESIAN_POINT('',(61.2951557605801,31.1121336076406,-1.11022302462516E-15));
#18977=CARTESIAN_POINT('',(61.7639120196708,28.8672690110275,0.));
#18978=CARTESIAN_POINT('',(58.4641830829617,44.6696066327302,0.));
#18979=CARTESIAN_POINT('',(67.9284805121009,26.7686605433343,0.));
#18980=CARTESIAN_POINT('',(48.9164050367071,33.2409550161879,-2.77555756156289E-16));
#18981=CARTESIAN_POINT('',(70.4668054069314,28.1725070592356,0.));
#18982=CARTESIAN_POINT('',(63.3569046520976,24.2403038084205,-5.55111512312578E-16));
#18983=CARTESIAN_POINT('',(70.8887486793987,33.1118971370862,0.));
#18984=CARTESIAN_POINT('',(71.4276681676165,39.4206446549649,1.11022302462516E-15));
#18985=CARTESIAN_POINT('',(65.7756989428339,36.9237758409979,0.));
#18986=CARTESIAN_POINT('',(56.5028331883617,43.8368788450483,5.55111512312578E-16));
#18987=CARTESIAN_POINT('',(61.4478174428836,33.3662416412702,-2.77555756156289E-16));
#18988=CARTESIAN_POINT('',(62.5006348191707,34.2316613211418,0.));
#18989=CARTESIAN_POINT('',(60.9536582883149,35.8656517842048,0.));
#18990=CARTESIAN_POINT('',(59.2256479092857,44.6057644149445,-2.77555756156289E-16));
#18991=CARTESIAN_POINT('',(56.3177691561529,38.5336367363928,0.));
#18992=CARTESIAN_POINT('',(49.9459575457772,42.200656591704,0.));
#18993=CARTESIAN_POINT('',(53.0162448978754,37.2975853491204,0.));
#18994=CARTESIAN_POINT('',(52.8586011991621,37.2385654246111,0.));
#18995=CARTESIAN_POINT('',(52.711013644657,31.294272930157,0.));
#18996=CARTESIAN_POINT('',(53.4426187024308,45.6835390449435,0.));
#18997=CARTESIAN_POINT('',(58.2521544397451,28.5020913747295,0.));
#18998=CARTESIAN_POINT('',(43.8887982580323,35.7397883919512,0.));
#18999=CARTESIAN_POINT('',(60.2880116537202,30.248286248938,-1.11022302462516E-15));
#19000=CARTESIAN_POINT('',(10.1924322603457,39.2796057116966,1.11022302462516E-15));
#19001=CARTESIAN_POINT('',(10.5562067321988,43.388613249827,0.));
#19002=CARTESIAN_POINT('',(10.8094806231842,46.2494636057335,5.55111512312578E-16));
#19003=CARTESIAN_POINT('',(6.84868235663152,45.4540381335224,0.));
#19004=CARTESIAN_POINT('',(20.9574818814794,37.5941665141397,2.77555756156289E-16));
#19005=CARTESIAN_POINT('',(4.9053113298617,43.8173617990231,0.));
#19006=CARTESIAN_POINT('',(19.2557520141379,55.9030759184884,-5.55111512312578E-16));
#19007=CARTESIAN_POINT('',(3.86102803748584,39.7135536373915,0.));
#19008=CARTESIAN_POINT('',(7.12820077038488,52.5528379816108,-1.11022302462516E-15));
#19009=CARTESIAN_POINT('',(5.73282844278383,36.8884475725244,-1.38777878078145E-16));
#19010=CARTESIAN_POINT('',(6.85498499863228,35.1947780537633,0.));
#19011=CARTESIAN_POINT('',(4.6471720479156,32.2838138378107,0.));
#19012=CARTESIAN_POINT('',(8.82688772213237,50.011393103206,-1.38777878078145E-16));
#19013=CARTESIAN_POINT('',(11.402081617052,29.3258445574857,0.));
#19014=CARTESIAN_POINT('',(16.1955887205949,27.2267717849819,1.11022302462516E-15));
#19015=CARTESIAN_POINT('',(13.8106248037782,31.5517034072323,0.));
#19016=CARTESIAN_POINT('',(26.203374375214,43.004481774793,0.));
#19017=CARTESIAN_POINT('',(13.7521705674759,28.492873035433,0.));
#19018=CARTESIAN_POINT('',(14.0410717562823,43.6106777775893,0.));
#19019=CARTESIAN_POINT('',(19.6318637773245,26.1591026528356,0.));
#19020=CARTESIAN_POINT('',(21.3346154581075,25.4832457161382,6.93889390390723E-17));
#19021=CARTESIAN_POINT('',(22.8240082506672,29.1169555651934,0.));
#19022=CARTESIAN_POINT('',(32.1441434488758,37.753027419022,-5.55111512312578E-16));
#19023=CARTESIAN_POINT('',(22.7700850898357,34.2270394127187,0.));
#19024=CARTESIAN_POINT('',(22.6970597163481,41.1473641074186,1.38777878078145E-16));
#19025=CARTESIAN_POINT('',(19.8705716104013,36.3986551720105,0.));
#19026=CARTESIAN_POINT('',(23.9292517872731,33.3588714646627,0.));
#19027=CARTESIAN_POINT('',(14.0730583908977,33.4173386806507,0.));
#19028=CARTESIAN_POINT('',(31.6229221618807,42.4421905956981,0.));
#19029=CARTESIAN_POINT('',(14.128227395191,37.0647355648688,0.));
#19030=CARTESIAN_POINT('',(14.2286859128833,43.7063650290507,0.));
#19031=CARTESIAN_POINT('',(20.9926912681274,33.2017560181088,1.11022302462516E-15));
#19032=CARTESIAN_POINT('',(30.434329493346,13.4091527790438,0.));
#19033=CARTESIAN_POINT('',(25.9771791579476,16.0536696388108,0.));
#19034=CARTESIAN_POINT('',(26.4783047221582,15.7563417715207,0.));
#19035=CARTESIAN_POINT('',(20.3434878653001,14.0594292079927,0.));
#19036=CARTESIAN_POINT('',(39.6496689606733,20.8935216182987,0.));
#19037=CARTESIAN_POINT('',(20.5053515750022,7.20502833291001,0.));
#19038=CARTESIAN_POINT('',(19.8906238948981,33.2367432627059,0.));
#19039=CARTESIAN_POINT('',(22.4568768756225,6.24139254090853,0.));
#19040=CARTESIAN_POINT('',(20.7777245148308,7.07053439962202,-5.55111512312578E-16));
#19041=CARTESIAN_POINT('',(27.4759936746451,7.01643180141452,0.));
#19042=CARTESIAN_POINT('',(36.351856076228,8.38701991632255,-6.93889390390723E-17));
#19043=CARTESIAN_POINT('',(29.8076163104035,8.74089604096855,0.));
#19044=CARTESIAN_POINT('',(43.6495644652941,18.9783779699886,6.93889390390723E-17));
#19045=CARTESIAN_POINT('',(32.8575199049452,31.4589964307674,0.));
#19046=CARTESIAN_POINT('',(44.3195180037702,35.6701964134105,0.));
#19047=CARTESIAN_POINT('',(39.843047135903,33.2151881128152,0.));
#19048=CARTESIAN_POINT('',(46.794044117139,37.0272882671669,0.));
#19049=CARTESIAN_POINT('',(39.8324975804551,33.705771830134,0.));
#19050=CARTESIAN_POINT('',(39.6694847378253,41.2863231342075,0.));
#19051=CARTESIAN_POINT('',(36.8807258249794,35.5701328440176,0.));
#19052=CARTESIAN_POINT('',(36.5166578721801,35.8000808731442,0.));
#19053=CARTESIAN_POINT('',(42.1751351182653,38.4184715960042,0.));
#19054=CARTESIAN_POINT('',(41.9572086652422,38.3012293642757,0.));
#19055=CARTESIAN_POINT('',(42.081836822805,43.3448049050023,0.));
#19056=CARTESIAN_POINT('',(42.0350165351383,45.8170080843984,0.));
#19057=CARTESIAN_POINT('',(37.7798563924139,46.4749942915168,0.));
#19058=CARTESIAN_POINT('',(39.3149175896863,45.3580593483898,0.));
#19059=CARTESIAN_POINT('',(33.1196421906726,43.7183480294454,0.));
#19060=CARTESIAN_POINT('',(40.4300451711063,48.0426546337895,5.55111512312578E-16));
#19061=CARTESIAN_POINT('',(33.1794229981843,37.2779047349988,0.));
#19062=CARTESIAN_POINT('',(33.0756460519638,48.458241120938,2.77555756156289E-16));
#19063=CARTESIAN_POINT('',(35.8140265969611,35.6364293663311,-1.38777878078145E-16));
#19064=CARTESIAN_POINT('',(32.492189420552,37.7060818583917,-1.38777878078145E-16));
#19065=CARTESIAN_POINT('',(29.8249080789304,34.0928224518655,0.));
#19066=CARTESIAN_POINT('',(41.7483241861983,37.1659069954122,0.));
#19067=CARTESIAN_POINT('',(29.8835290622574,29.5295298118483,0.));
#19068=CARTESIAN_POINT('',(29.7014773366471,43.7011668679199,5.55111512312578E-16));
#19069=CARTESIAN_POINT('',(33.9828520207316,27.251143745583,0.));
#19070=CARTESIAN_POINT('',(29.9291581578233,29.5041693568154,0.));
#19071=CARTESIAN_POINT('',(33.2803884660045,26.7365333594921,0.));
#19072=CARTESIAN_POINT('',(44.6071542504682,35.034289555212,5.55111512312578E-16));
#19073=CARTESIAN_POINT('',(32.9219069546651,23.3721080396563,0.));
#19074=CARTESIAN_POINT('',(34.7852452562528,40.8599347837989,0.));
#19075=CARTESIAN_POINT('',(28.418960844047,25.9272200207883,0.));
#19076=CARTESIAN_POINT('',(31.0004825867882,24.4623841172724,-2.77555756156289E-16));
#19077=CARTESIAN_POINT('',(25.4263216344289,23.0914917718436,0.));
#19078=CARTESIAN_POINT('',(38.9746874656687,35.9294856039119,2.77555756156289E-16));
#19079=CARTESIAN_POINT('',(25.8642296579085,17.6733204276092,0.));
#19080=CARTESIAN_POINT('',(24.2935033629544,37.1076850536144,0.));
#19081=CARTESIAN_POINT('',(30.2953275598117,14.9794015636916,0.));
#19082=CARTESIAN_POINT('',(24.3206144294416,18.611772764853,2.77555756156289E-16));
#19083=CARTESIAN_POINT('',(33.4619998280233,16.5660362066396,0.));
#19084=CARTESIAN_POINT('',(42.9232607487135,21.3065218241218,3.46944695195361E-17));
#19085=CARTESIAN_POINT('',(33.8681826379173,20.0865750813179,0.));
#19086=CARTESIAN_POINT('',(35.594374217214,35.0481254276816,0.));
#19087=CARTESIAN_POINT('',(37.9242059802652,18.5022735482949,0.));
#19088=CARTESIAN_POINT('',(30.6709338927067,21.3354352729264,0.));
#19089=CARTESIAN_POINT('',(42.7127946830009,22.1041754166671,0.));
#19090=CARTESIAN_POINT('',(47.7361309489347,25.882650747278,0.));
#19091=CARTESIAN_POINT('',(42.6161049940485,25.2237012786191,-5.55111512312578E-16));
#19092=CARTESIAN_POINT('',(42.2045801141454,38.5008409571446,-5.55111512312578E-16));
#19093=CARTESIAN_POINT('',(43.8175977986836,24.3884961091993,0.));
#19094=CARTESIAN_POINT('',(33.7321387344831,31.3992976003905,0.));
#19095=CARTESIAN_POINT('',(47.983694950568,27.2891844350674,0.));
#19096=CARTESIAN_POINT('',(49.7362940187646,28.5094497029442,-5.55111512312578E-16));
#19097=CARTESIAN_POINT('',(48.3133516683232,33.4286884567878,0.));
#19098=CARTESIAN_POINT('',(48.6599020976872,39.8828198007446,5.55111512312578E-16));
#19099=CARTESIAN_POINT('',(41.4933776099425,37.2563456402854,0.));
#19100=CARTESIAN_POINT('',(54.7207993796046,46.9888532653092,0.));
#19101=CARTESIAN_POINT('',(49.4875501013842,49.5822367695484,0.));
#19102=CARTESIAN_POINT('',(47.8623958060381,50.3875965216501,0.));
#19103=CARTESIAN_POINT('',(45.44723979267,47.0703822700625,0.));
#19104=CARTESIAN_POINT('',(47.7879775249579,48.5256151991478,5.55111512312578E-16));
#19105=CARTESIAN_POINT('',(45.643030693969,42.0447471526256,0.));
#19106=CARTESIAN_POINT('',(45.2987053607573,50.8830204070557,-2.77555756156289E-16));
#19107=CARTESIAN_POINT('',(49.8435764182997,39.5537577647243,0.));
#19108=CARTESIAN_POINT('',(41.3053614695725,44.6170529231857,0.));
#19109=CARTESIAN_POINT('',(53.2995063560905,40.7778278853451,0.));
#19110=CARTESIAN_POINT('',(48.5379241907783,39.091303401239,1.11022302462516E-15));
#19111=CARTESIAN_POINT('',(54.5690588635314,46.3257498933039,0.));
#19112=CARTESIAN_POINT('',(68.6460366386536,64.2612576221847,0.));
#19113=CARTESIAN_POINT('',(59.0150733230167,57.9975244498637,0.));
#19114=CARTESIAN_POINT('',(64.4940331411266,66.6848001673811,0.));
#19115=CARTESIAN_POINT('',(61.8063338797033,68.2536219452606,0.));
#19116=CARTESIAN_POINT('',(59.9649024659132,64.2250397847504,0.));
#19117=CARTESIAN_POINT('',(53.5404094637325,60.7359125110033,0.));
#19118=CARTESIAN_POINT('',(59.8685764135766,57.4638663017499,0.));
#19119=CARTESIAN_POINT('',(59.8867687049815,58.7407922761644,-2.77555756156289E-16));
#19120=CARTESIAN_POINT('',(64.3146501418656,55.3155653236015,0.));
#19121=CARTESIAN_POINT('',(53.9884223782927,60.3051013863792,5.55111512312578E-16));
#19122=CARTESIAN_POINT('',(66.8927090440833,57.115496348158,2.77555756156289E-16));
#19123=CARTESIAN_POINT('',(56.8202263553964,50.0831612567913,2.77555756156289E-16));
#19124=CARTESIAN_POINT('',(70.3288229651507,54.9372438732374,0.));
#19125=CARTESIAN_POINT('',(58.3267354243432,62.5457159700695,5.55111512312578E-16));
#19126=CARTESIAN_POINT('',(81.4926853050923,60.5277860209198,0.));
#19127=CARTESIAN_POINT('',(58.3189660206931,48.9230518856303,-2.77555756156289E-16));
#19128=CARTESIAN_POINT('',(81.434359277094,56.346477661031,-1.11022302462516E-15));
#19129=CARTESIAN_POINT('',(57.6751791887093,80.2070593662877,5.55111512312578E-16));
#19130=CARTESIAN_POINT('',(25.6247280313063,66.7676847422076,0.));
#19131=CARTESIAN_POINT('',(32.7587715618755,65.0509688246974,0.));
#19132=CARTESIAN_POINT('',(26.0079799063371,66.9532586616837,0.));
#19133=CARTESIAN_POINT('',(30.1701414969302,68.9686138110806,-5.55111512312578E-16));
#19134=CARTESIAN_POINT('',(24.6649314110095,59.6320900958183,0.));
#19135=CARTESIAN_POINT('',(25.2182777172391,62.6484678344474,0.));
#19136=CARTESIAN_POINT('',(30.1042142156431,57.7421864041842,0.));
#19137=CARTESIAN_POINT('',(33.6486827720807,56.5106445906227,0.));
#19138=CARTESIAN_POINT('',(33.2967336006734,60.5130401644966,0.));
#19139=CARTESIAN_POINT('',(33.0909652105592,60.334449512808,0.));
#19140=CARTESIAN_POINT('',(33.8157583767024,56.9423202118697,5.55111512312578E-16));
#19141=CARTESIAN_POINT('',(49.7923047778852,108.910901920906,0.));
#19142=CARTESIAN_POINT('',(35.1842490349511,60.4714492392146,0.));
#19143=CARTESIAN_POINT('',(35.2919884041153,59.7585682972287,0.));
#19144=CARTESIAN_POINT('',(41.2157448147519,58.2325494475921,0.));
#19145=CARTESIAN_POINT('',(39.4978726370659,58.8702260374582,5.55111512312578E-16));
#19146=CARTESIAN_POINT('',(44.8587818163818,61.1633667746301,0.));
#19147=CARTESIAN_POINT('',(40.8212375852147,57.9151690247603,0.));
#19148=CARTESIAN_POINT('',(44.6706354972643,57.771143199042,5.55111512312578E-16));
#19149=CARTESIAN_POINT('',(47.635700031303,62.112701068562,0.));
#19150=CARTESIAN_POINT('',(47.5444415896673,60.6330590739126,-5.55111512312578E-16));
#19151=CARTESIAN_POINT('',(53.0549935266767,59.1461159453898,0.));
#19152=CARTESIAN_POINT('',(47.3202624242968,62.2853753319199,0.));
#19153=CARTESIAN_POINT('',(56.6583140348814,60.6190081320833,0.));
#19154=CARTESIAN_POINT('',(48.0514368737185,57.1008636612701,-5.55111512312578E-16));
#19155=CARTESIAN_POINT('',(56.7774174226814,64.7706489915476,5.55111512312578E-16));
#19156=CARTESIAN_POINT('',(56.5715856642701,57.5958779444715,-5.55111512312578E-16));
#19157=CARTESIAN_POINT('',(47.664844408577,59.5993738499436,5.55111512312578E-16));
#19158=CARTESIAN_POINT('',(68.1148498365604,84.5926856746948,-1.11022302462516E-15));
#19159=CARTESIAN_POINT('',(59.6324634078917,87.4954064336288,-1.11022302462516E-15));
#19160=CARTESIAN_POINT('',(67.1764323161456,84.139080380551,0.));
#19161=CARTESIAN_POINT('',(52.1878054398317,76.8939891976467,5.55111512312578E-16));
#19162=CARTESIAN_POINT('',(66.6960058948528,78.0726257717491,0.));
#19163=CARTESIAN_POINT('',(65.8793654779439,67.7607199286843,0.));
#19164=CARTESIAN_POINT('',(69.8647988559752,76.3940789434079,0.));
#19165=CARTESIAN_POINT('',(61.9400941307335,80.591888060411,0.));
#19166=CARTESIAN_POINT('',(65.8219535550071,74.2469193116749,0.));
#19167=CARTESIAN_POINT('',(55.5011111448516,68.7655084391744,0.));
#19168=CARTESIAN_POINT('',(66.4882174032992,69.2309693997735,0.));
#19169=CARTESIAN_POINT('',(66.9747570420426,65.5680684869491,0.));
#19170=CARTESIAN_POINT('',(71.3937210217726,66.4320990488241,0.));
#19171=CARTESIAN_POINT('',(61.3968626030186,72.1358784784267,0.));
#19172=CARTESIAN_POINT('',(79.622784402712,71.7035631182948,0.));
#19173=CARTESIAN_POINT('',(58.7171782118917,58.3116196146547,0.));
#19174=CARTESIAN_POINT('',(79.5222725046656,72.4694746792342,0.));
#19175=CARTESIAN_POINT('',(80.4820297894752,65.1560201089878,-5.55111512312578E-16));
#19176=CARTESIAN_POINT('',(74.7558334729494,74.9471644763468,0.));
#19177=CARTESIAN_POINT('',(69.0884687353369,77.8931733717638,0.));
#19178=CARTESIAN_POINT('',(76.87886023686,79.9663545129672,0.));
#19179=CARTESIAN_POINT('',(68.1048356725677,59.2230942664311,-5.55111512312578E-16));
#19180=CARTESIAN_POINT('',(71.2349550116089,84.9633048541279,0.));
#19181=CARTESIAN_POINT('',(73.4828569129113,82.9730775692413,0.));
#19182=CARTESIAN_POINT('',(73.0787932753933,85.8617585389845,0.));
#19183=CARTESIAN_POINT('',(52.4477712308246,75.8088064214498,0.));
#19184=CARTESIAN_POINT('',(74.0477794960783,90.4438196640575,0.));
#19185=CARTESIAN_POINT('',(69.0533742043455,66.8266929788814,0.));
#19186=CARTESIAN_POINT('',(73.5054681641638,90.8637327191939,-1.11022302462516E-15));
#19187=CARTESIAN_POINT('',(70.9859992513216,97.0375028793236,0.));
#19188=CARTESIAN_POINT('',(49.4170190236124,91.2756008413594,1.11022302462516E-15));
#19189=CARTESIAN_POINT('',(70.365572837182,74.640334750829,-2.77555756156289E-16));
#19190=CARTESIAN_POINT('Origin',(17.962275745332,99.6018414380276,-6.61804766627476));
#19191=CARTESIAN_POINT('',(17.600290228711,110.689396101939,-4.84166941256415));
#19192=CARTESIAN_POINT('Origin',(17.962275745332,99.6018414380276,-6.61804766627476));
#19193=CARTESIAN_POINT('',(17.962275745332,99.6018414380276,-6.61804766627476));
#19194=CARTESIAN_POINT('Origin',(65.8248935641418,94.5527662500958,-5.46476827439494));
#19195=CARTESIAN_POINT('',(72.0754312344428,96.5128296251625,-4.03037498956777));
#19196=CARTESIAN_POINT('Origin',(72.0754312344428,96.5128296251625,-4.03037498956777));
#19197=CARTESIAN_POINT('Origin',(17.5284973075345,99.2747560252793,-6.69941980199451));
#19198=CARTESIAN_POINT('',(17.5284973075345,99.2747560252793,-6.69941980199451));
#19199=CARTESIAN_POINT('Origin',(13.0025717179832,102.280293832731,-6.50648411183711));
#19200=CARTESIAN_POINT('Origin',(15.3028656986608,113.284932380641,-4.57004607348652));
#19201=CARTESIAN_POINT('',(14.1847622522741,110.5,12.5847196349555));
#19202=CARTESIAN_POINT('',(49.3587041639222,110.5,13.7223549621061));
#19203=CARTESIAN_POINT('',(15.3028656986608,113.284932380641,-4.57004607348652));
#19204=CARTESIAN_POINT('Origin',(17.600290228711,110.689396101939,-4.84166941256415));
#19205=CARTESIAN_POINT('',(18.6330434420342,110.5,-9.07365154784594));
#19206=CARTESIAN_POINT('Origin',(81.2091363193926,94.0412967702576,-7.12482701984107));
#19207=CARTESIAN_POINT('Origin',(75.6707686079126,79.6125257222217,-6.58610643342937));
#19208=CARTESIAN_POINT('',(75.6707686079126,79.6125257222217,-6.58610643342937));
#19209=CARTESIAN_POINT('',(71.5094367832211,83.4116530624184,-6.05491708975227));
#19210=CARTESIAN_POINT('Origin',(69.3514507526976,85.3908985203475,-5.73738641980589));
#19211=CARTESIAN_POINT('',(66.2436182995624,83.865875561008,-5.08538611526024));
#19212=CARTESIAN_POINT('',(66.6606976806395,84.0772677697975,-5.36549503336894));
#19213=CARTESIAN_POINT('Origin',(73.2908007581233,73.6993221629073,-5.83187007974624));
#19214=CARTESIAN_POINT('',(74.4650716408019,75.7790526572564,-3.99882101671331));
#19215=CARTESIAN_POINT('Origin',(65.8364618774822,77.8208804463355,-4.68594289288516));
#19216=CARTESIAN_POINT('',(69.6996685845266,75.731646129037,-4.96991626769142));
#19217=CARTESIAN_POINT('',(65.8364618774822,77.8208804463355,-4.68594289288516));
#19218=CARTESIAN_POINT('Origin',(66.2436182995624,83.865875561008,-5.08538611526024));
#19219=CARTESIAN_POINT('Origin',(69.9716239690388,83.1340764879003,-4.36008950380699));
#19220=CARTESIAN_POINT('',(73.5502300173248,84.8759186821298,-4.36698009700735));
#19221=CARTESIAN_POINT('Origin',(64.4927538200091,84.8252226240548,-5.33333414035201));
#19222=CARTESIAN_POINT('Origin',(67.7367078470063,74.4498595237025,-7.03884976319077));
#19223=CARTESIAN_POINT('',(68.3937024971276,69.4329271917329,-7.00477515966444));
#19224=CARTESIAN_POINT('',(67.7367078470063,74.4498595237025,-7.03884976319077));
#19225=CARTESIAN_POINT('Origin',(72.4521987384196,77.1114748716514,-5.6793726428938));
#19226=CARTESIAN_POINT('Origin',(80.506775052898,72.5738197415301,-3.61914087747047));
#19227=CARTESIAN_POINT('',(80.506775052898,72.5738197415301,-3.61914087747047));
#19228=CARTESIAN_POINT('Origin',(80.6059558160939,71.8077670968026,-3.61424747769258));
#19229=CARTESIAN_POINT('',(80.6059558160939,71.8077670968026,-3.61424747769258));
#19230=CARTESIAN_POINT('Origin',(72.9819015067133,66.6004264868137,-5.83832812232855));
#19231=CARTESIAN_POINT('',(72.9819015067133,66.6004264868137,-5.83832812232855));
#19232=CARTESIAN_POINT('Origin',(68.3937024971276,69.4329271917329,-7.00477515966444));
#19233=CARTESIAN_POINT('Origin',(49.9155052000874,67.3594759653084,-5.67660842339525));
#19234=CARTESIAN_POINT('Origin',(26.7157326683573,66.6753650007113,-5.30691817147818));
#19235=CARTESIAN_POINT('',(26.4509394557413,66.5671860826959,-5.13558082359735));
#19236=CARTESIAN_POINT('',(26.7157326683573,66.6753650007113,-5.30691817147818));
#19237=CARTESIAN_POINT('Origin',(21.230364069169,68.0322756609672,-6.45821389935919));
#19238=CARTESIAN_POINT('Origin',(26.7777984984106,68.3910087889757,-5.05845187198442));
#19239=CARTESIAN_POINT('',(25.5957114520525,61.0275174669876,-6.74496598999109));
#19240=CARTESIAN_POINT('Origin',(72.6854711160708,67.291785886949,-6.07182052785955));
#19241=CARTESIAN_POINT('',(68.8303133975377,64.7550301959155,-5.62839142876309));
#19242=CARTESIAN_POINT('Origin',(65.3426399099671,57.2588646494092,-3.03568960107037));
#19243=CARTESIAN_POINT('',(66.4034704758466,56.1850123272725,-4.48744390349055));
#19244=CARTESIAN_POINT('',(69.3133814334275,54.529495556692,-3.80323602314552));
#19245=CARTESIAN_POINT('Origin',(79.5944672497493,59.7655607304209,-7.10958835376242));
#19246=CARTESIAN_POINT('',(79.5944672497493,59.7655607304209,-7.10958835376242));
#19247=CARTESIAN_POINT('Origin',(69.3133814334275,54.529495556692,-3.80323602314552));
#19248=CARTESIAN_POINT('Origin',(70.2147226493171,63.8657985436191,-4.86888043901411));
#19249=CARTESIAN_POINT('',(65.5596853882154,66.6758031813633,-5.737837209329));
#19250=CARTESIAN_POINT('Origin',(85.3283813947363,41.0547026495141,-4.34068196704869));
#19251=CARTESIAN_POINT('',(85.3886648213998,56.0457121881431,-6.69748733125705));
#19252=CARTESIAN_POINT('Origin',(57.3476440536225,62.0810708194457,-5.66814963676454));
#19253=CARTESIAN_POINT('',(57.3543791659889,64.3705230814768,-5.15205746636318));
#19254=CARTESIAN_POINT('',(57.3476440536225,62.0810708194457,-5.66814963676454));
#19255=CARTESIAN_POINT('Origin',(53.8363382119183,60.8033409018002,-6.42475805990278));
#19256=CARTESIAN_POINT('',(53.8363382119183,60.8033409018002,-6.42475805990278));
#19257=CARTESIAN_POINT('Origin',(48.4051066635258,63.7446055233201,-6.32659510595855));
#19258=CARTESIAN_POINT('',(48.4051066635258,63.7446055233201,-6.32659510595855));
#19259=CARTESIAN_POINT('Origin',(48.5507676524919,68.032133983411,-5.20294024804045));
#19260=CARTESIAN_POINT('Origin',(34.0490264321289,61.6408791402562,-5.45154530494156));
#19261=CARTESIAN_POINT('',(34.0490264321289,61.6408791402562,-5.45154530494156));
#19262=CARTESIAN_POINT('Origin',(30.9882597703708,59.0675493363816,-6.40630109940848));
#19263=CARTESIAN_POINT('',(30.9882597703708,59.0675493363816,-6.40630109940848));
#19264=CARTESIAN_POINT('Origin',(25.5957114520525,61.0275174669876,-6.74496598999109));
#19265=CARTESIAN_POINT('Origin',(7.2393768346342,63.931346266699,-6.61143842980601));
#19266=CARTESIAN_POINT('',(7.2393768346342,63.931346266699,-6.61143842980601));
#19267=CARTESIAN_POINT('',(7.34989253641315,64.0977975408365,-5.75324147857759));
#19268=CARTESIAN_POINT('Origin',(-0.00257848418729223,59.0351742891728,
-6.48912246391507));
#19269=CARTESIAN_POINT('Origin',(0.,110.5,0.));
#19270=CARTESIAN_POINT('',(0.,13.7038231115276,12.8876268091255));
#19271=CARTESIAN_POINT('',(-5.55111512312578E-16,67.4111581511145,10.829710007175));
#19272=CARTESIAN_POINT('',(-2.22044604925031E-15,14.4274103283869,-3.87686333848341));
#19273=CARTESIAN_POINT('',(0.,-1.5,11.873434851205));
#19274=CARTESIAN_POINT('',(0.,-1.5,-0.5));
#19275=CARTESIAN_POINT('',(-2.77555756156289E-16,59.1918877406118,8.69491839734097));
#19276=CARTESIAN_POINT('',(0.,96.6504014947152,10.988790905835));
#19277=CARTESIAN_POINT('Origin',(2.22912898910355,67.5689187655423,-4.74212350816529));
#19278=CARTESIAN_POINT('',(9.1218104072744,63.2099211953811,-4.823158529557));
#19279=CARTESIAN_POINT('Origin',(65.4454787336506,42.5755018077534,-4.69794125453385));
#19280=CARTESIAN_POINT('',(71.5541557215328,45.570425740119,-5.83613158349174));
#19281=CARTESIAN_POINT('',(69.697033430575,44.788406698866,-4.13761324439468));
#19282=CARTESIAN_POINT('Origin',(71.5541557215328,45.570425740119,-5.83613158349174));
#19283=CARTESIAN_POINT('',(70.4849693151261,51.3626061395747,-6.59592788880787));
#19284=CARTESIAN_POINT('Origin',(70.4849693151261,51.3626061395747,-6.59592788880787));
#19285=CARTESIAN_POINT('',(66.4356244267909,54.0424010030764,-6.54973594004858));
#19286=CARTESIAN_POINT('Origin',(61.4937599600548,50.5715032290847,-5.46982834813799));
#19287=CARTESIAN_POINT('',(61.4839220293973,48.3029342287995,-5.47253755005705));
#19288=CARTESIAN_POINT('',(61.5673535745991,47.0189386334114,-4.67405413104451));
#19289=CARTESIAN_POINT('Origin',(66.4356244267909,54.0424010030764,-6.54973594004858));
#19290=CARTESIAN_POINT('',(65.6278198255959,53.5377625556937,-5.49599936037725));
#19291=CARTESIAN_POINT('Origin',(69.8534772070729,43.1024906831056,-4.52988481620519));
#19292=CARTESIAN_POINT('',(69.8534772070729,43.1024906831056,-4.52988481620519));
#19293=CARTESIAN_POINT('Origin',(62.2281003910945,48.7025062936167,-5.67075388260237));
#19294=CARTESIAN_POINT('',(62.2281003910945,48.7025062936167,-5.67075388260237));
#19295=CARTESIAN_POINT('Origin',(44.6146507227334,53.1457590760318,-6.51657793521644));
#19296=CARTESIAN_POINT('',(48.8207842682182,50.0078495469539,-6.52557641192584));
#19297=CARTESIAN_POINT('',(44.6146507227334,53.1457590760318,-6.51657793521644));
#19298=CARTESIAN_POINT('Origin',(44.4481312352603,58.035178308804,-5.46153844892388));
#19299=CARTESIAN_POINT('',(44.4481312352603,58.035178308804,-5.46153844892388));
#19300=CARTESIAN_POINT('Origin',(47.8284034096033,60.6645653385952,-4.32865600035805));
#19301=CARTESIAN_POINT('',(47.8284034096033,60.6645653385952,-4.32865600035805));
#19302=CARTESIAN_POINT('Origin',(53.0001296546791,57.8166288993791,-4.11610180019937));
#19303=CARTESIAN_POINT('',(53.0001296546791,57.8166288993791,-4.11610180019937));
#19304=CARTESIAN_POINT('Origin',(52.6959459154012,52.3317150881399,-5.37965797066407));
#19305=CARTESIAN_POINT('',(52.6959459154012,52.3317150881399,-5.37965797066407));
#19306=CARTESIAN_POINT('Origin',(48.8207842682182,50.0078495469539,-6.52557641192584));
#19307=CARTESIAN_POINT('Origin',(2.60243694021802,6.60536237097957,-7.02070381420455));
#19308=CARTESIAN_POINT('Origin',(2.,-1.5,-2.3206841781168));
#19309=CARTESIAN_POINT('Origin',(16.3590167889732,44.8503880409744,-4.16441227836204));
#19310=CARTESIAN_POINT('',(16.5817960669889,50.4902008621399,0.415443100400228));
#19311=CARTESIAN_POINT('',(17.0287618622084,48.9727641077644,-5.22110387453562));
#19312=CARTESIAN_POINT('',(17.0928598333224,51.5596825532236,-2.78944181100556));
#19313=CARTESIAN_POINT('Origin',(12.7691031168748,52.9475210947326,-6.62894525960601));
#19314=CARTESIAN_POINT('',(5.93110036595166,48.4489019375655,-5.96009308246484));
#19315=CARTESIAN_POINT('',(12.7691031168748,52.9475210947326,-6.62894525960601));
#19316=CARTESIAN_POINT('Origin',(17.0287618622084,48.9727641077644,-5.22110387453562));
#19317=CARTESIAN_POINT('',(15.3270113316089,50.9333554028209,-3.82458647574694));
#19318=CARTESIAN_POINT('Origin',(11.4487758175152,42.5482757256364,-3.93402298412885));
#19319=CARTESIAN_POINT('',(11.8464192786338,42.9300272405167,-3.31756542279476));
#19320=CARTESIAN_POINT('',(11.4487758175152,42.5482757256364,-3.93402298412885));
#19321=CARTESIAN_POINT('Origin',(7.32901573780492,44.7224456122205,-4.84602764924718));
#19322=CARTESIAN_POINT('',(7.32901573780492,44.7224456122205,-4.84602764924718));
#19323=CARTESIAN_POINT('Origin',(5.93110036595166,48.4489019375655,-5.96009308246484));
#19324=CARTESIAN_POINT('Origin',(17.3172866552391,51.8846961945688,-3.62616251864544));
#19325=CARTESIAN_POINT('',(17.3172866552391,51.8846961945688,-3.62616251864544));
#19326=CARTESIAN_POINT('Origin',(44.9414681619781,43.4164413110902,-5.35017241483304));
#19327=CARTESIAN_POINT('',(48.9979850150081,41.2070569867502,-6.44854819608521));
#19328=CARTESIAN_POINT('',(44.9414681619781,43.4164413110902,-5.35017241483304));
#19329=CARTESIAN_POINT('Origin',(44.9048058881011,48.1309483412561,-4.13664467636086));
#19330=CARTESIAN_POINT('',(44.9048058881011,48.1309483412561,-4.13664467636086));
#19331=CARTESIAN_POINT('Origin',(48.9589438508851,50.6157670293241,-4.03119387191738));
#19332=CARTESIAN_POINT('',(48.9589438508851,50.6157670293241,-4.03119387191738));
#19333=CARTESIAN_POINT('Origin',(54.0285881032704,48.3422638607646,-5.27885898548528));
#19334=CARTESIAN_POINT('',(54.0285881032704,48.3422638607646,-5.27885898548528));
#19335=CARTESIAN_POINT('Origin',(52.4370424348698,42.4641162326828,-6.57721937773574));
#19336=CARTESIAN_POINT('',(52.4370424348698,42.4641162326828,-6.57721937773574));
#19337=CARTESIAN_POINT('Origin',(48.9979850150081,41.2070569867502,-6.44854819608521));
#19338=CARTESIAN_POINT('Origin',(27.814214396301,50.0132267476236,-4.5914142113328));
#19339=CARTESIAN_POINT('',(22.4495486279999,46.384861455112,-4.97184323131714));
#19340=CARTESIAN_POINT('',(22.8068169298515,46.862742399441,-5.86375420907909));
#19341=CARTESIAN_POINT('Origin',(32.1563376339217,41.9209014954733,-6.58579019447206));
#19342=CARTESIAN_POINT('',(32.1550878299681,44.368590736737,-5.8269032067398));
#19343=CARTESIAN_POINT('',(32.1563376339217,41.9209014954733,-6.58579019447206));
#19344=CARTESIAN_POINT('Origin',(25.6428953327547,40.2067607418567,-6.48590440025013));
#19345=CARTESIAN_POINT('',(25.6428953327547,40.2067607418567,-6.48590440025013));
#19346=CARTESIAN_POINT('Origin',(22.6575183026453,42.4507768259637,-5.80768633948613));
#19347=CARTESIAN_POINT('',(22.6575183026453,42.4507768259637,-5.80768633948613));
#19348=CARTESIAN_POINT('Origin',(22.4495486279999,46.384861455112,-4.97184323131714));
#19349=CARTESIAN_POINT('Origin',(21.321041368105,48.1522859096493,-6.59025063900617));
#19350=CARTESIAN_POINT('',(21.321041368105,48.1522859096493,-6.59025063900617));
#19351=CARTESIAN_POINT('Origin',(10.696755609223,36.2276600913162,-4.83698166078707));
#19352=CARTESIAN_POINT('',(11.3834373181683,42.6786089677379,-5.55875437188643));
#19353=CARTESIAN_POINT('',(10.9862607110373,40.0966790777347,-4.5058441147551));
#19354=CARTESIAN_POINT('Origin',(4.76377185800035,38.9387370517069,-6.06618184106111));
#19355=CARTESIAN_POINT('',(5.53590013542961,37.7131886592697,-5.44504294863591));
#19356=CARTESIAN_POINT('',(4.76377185800035,38.9387370517069,-6.06618184106111));
#19357=CARTESIAN_POINT('Origin',(7.79278464394188,44.6437239622507,-6.34409898050841));
#19358=CARTESIAN_POINT('',(5.860900346829,42.9971886750217,-6.42128653834556));
#19359=CARTESIAN_POINT('',(7.79278464394188,44.6437239622507,-6.34409898050841));
#19360=CARTESIAN_POINT('Origin',(5.860900346829,42.9971886750217,-6.42128653834556));
#19361=CARTESIAN_POINT('Origin',(11.3834373181683,42.6786089677379,-5.55875437188643));
#19362=CARTESIAN_POINT('Origin',(14.1044414060409,38.3927160848137,-4.68694177311462));
#19363=CARTESIAN_POINT('',(14.1044414060409,38.3927160848137,-4.68694177311462));
#19364=CARTESIAN_POINT('Origin',(60.9699336098516,28.7329080456329,-5.06801428407394));
#19365=CARTESIAN_POINT('',(66.9954277638803,26.610764728455,-5.95573456065777));
#19366=CARTESIAN_POINT('',(60.9699336098516,28.7329080456329,-5.06801428407394));
#19367=CARTESIAN_POINT('Origin',(60.1256600694795,32.795202955795,-5.04344428679088));
#19368=CARTESIAN_POINT('',(61.6964904352705,30.997465331039,2.32669056333834));
#19369=CARTESIAN_POINT('',(60.2654509971944,31.4063381159276,-5.96959223082851));
#19370=CARTESIAN_POINT('',(61.2938246870311,32.9928855675801,2.41302416963611));
#19371=CARTESIAN_POINT('',(61.3783887259101,32.5738263473691,2.39489320500487));
#19372=CARTESIAN_POINT('',(60.1256600694795,32.795202955795,-5.04344428679088));
#19373=CARTESIAN_POINT('Origin',(64.8530426614365,36.7676393678107,-5.88937325698505));
#19374=CARTESIAN_POINT('',(61.8306849695929,34.2945055438432,-5.99942893809277));
#19375=CARTESIAN_POINT('',(64.8530426614365,36.7676393678107,-5.88937325698505));
#19376=CARTESIAN_POINT('Origin',(69.8591314997209,32.9376602100646,-6.57211141915482));
#19377=CARTESIAN_POINT('',(69.8591314997209,32.9376602100646,-6.57211141915482));
#19378=CARTESIAN_POINT('Origin',(69.4672994837148,28.0033657084128,-6.37990936936406));
#19379=CARTESIAN_POINT('',(69.4672994837148,28.0033657084128,-6.37990936936406));
#19380=CARTESIAN_POINT('Origin',(66.9954277638803,26.610764728455,-5.95573456065777));
#19381=CARTESIAN_POINT('Origin',(62.0782855987106,32.9143213412185,-5.73169757329997));
#19382=CARTESIAN_POINT('',(62.0782855987106,32.9143213412185,-5.73169757329997));
#19383=CARTESIAN_POINT('',(61.1811012710566,37.0075610858137,-4.80054230486557));
#19384=CARTESIAN_POINT('Origin',(47.3617286089994,32.7722729625003,-6.73603467793416));
#19385=CARTESIAN_POINT('',(43.4153484033933,35.0465136123938,-6.40013682224217));
#19386=CARTESIAN_POINT('',(47.3617286089994,32.7722729625003,-6.73603467793416));
#19387=CARTESIAN_POINT('Origin',(47.1205664351557,26.6938111667056,-6.10962875937754));
#19388=CARTESIAN_POINT('',(47.1205664351557,26.6938111667056,-6.10962875937754));
#19389=CARTESIAN_POINT('Origin',(43.074028906568,23.8755932984985,-5.26332962789203));
#19390=CARTESIAN_POINT('',(43.074028906568,23.8755932984985,-5.26332962789203));
#19391=CARTESIAN_POINT('Origin',(37.7923561581583,31.9845473634834,-5.30737356853639));
#19392=CARTESIAN_POINT('',(38.958318651361,28.2534986716642,2.48973995806586));
#19393=CARTESIAN_POINT('',(37.9156002594454,27.5342469659328,-4.89111024143969));
#19394=CARTESIAN_POINT('',(38.7891452549018,28.5011323533243,1.32889161021389));
#19395=CARTESIAN_POINT('',(37.8414487070371,29.8883574735628,-5.17409287126665));
#19396=CARTESIAN_POINT('',(37.8948440570563,27.072988634499,-5.08298123241578));
#19397=CARTESIAN_POINT('Origin',(37.9156002594454,27.5342469659328,-4.89111024143969));
#19398=CARTESIAN_POINT('',(42.9114961663944,25.4476199335519,2.19396809507267));
#19399=CARTESIAN_POINT('',(41.8241665708479,24.6233793898356,-5.881989024809));
#19400=CARTESIAN_POINT('',(40.3621421159037,27.2570955513277,2.38470761893048));
#19401=CARTESIAN_POINT('Origin',(43.4153484033933,35.0465136123938,-6.40013682224217));
#19402=CARTESIAN_POINT('',(40.7953579216431,33.6221990447281,-5.77152943385501));
#19403=CARTESIAN_POINT('Origin',(36.7756952050452,26.2044290004056,-5.58871450355761));
#19404=CARTESIAN_POINT('',(39.897575538532,28.4561795266295,-5.57830895737296));
#19405=CARTESIAN_POINT('Origin',(41.7651086176403,27.1336778648613,-5.7459326622197));
#19406=CARTESIAN_POINT('',(41.7651086176403,27.1336778648613,-5.7459326622197));
#19407=CARTESIAN_POINT('Origin',(12.7895998032827,33.2066764220258,-4.61863843967739));
#19408=CARTESIAN_POINT('',(12.7232601098383,28.4022360589313,-4.50687188279843));
#19409=CARTESIAN_POINT('',(14.0536063568601,31.4671449339592,1.07320155299323));
#19410=CARTESIAN_POINT('',(12.5033763127335,32.0066306854114,-5.77385852112029));
#19411=CARTESIAN_POINT('',(14.0813226259419,33.3204646047146,1.0394139463179));
#19412=CARTESIAN_POINT('',(14.0833463272041,33.4557845983989,1.03694694680667));
#19413=CARTESIAN_POINT('',(12.7895998032827,33.2066764220258,-4.61863843967739));
#19414=CARTESIAN_POINT('Origin',(12.7232601098383,28.4022360589313,-4.50687188279843));
#19415=CARTESIAN_POINT('',(18.3219765974682,26.0437143674322,-5.73761657947143));
#19416=CARTESIAN_POINT('Origin',(18.5041973996748,36.2782909300972,-5.98504317454745));
#19417=CARTESIAN_POINT('',(14.0245893843457,33.9854965556641,-6.09607073195437));
#19418=CARTESIAN_POINT('',(18.5041973996748,36.2782909300972,-5.98504317454745));
#19419=CARTESIAN_POINT('Origin',(21.2696025601463,34.0948615358441,-6.57246942480732));
#19420=CARTESIAN_POINT('',(21.2696025601463,34.0948615358441,-6.57246942480732));
#19421=CARTESIAN_POINT('Origin',(21.34314643597,28.9865060819516,-6.48652603871175));
#19422=CARTESIAN_POINT('',(21.34314643597,28.9865060819516,-6.48652603871175));
#19423=CARTESIAN_POINT('Origin',(18.3219765974682,26.0437143674322,-5.73761657947143));
#19424=CARTESIAN_POINT('Origin',(73.3573066196749,17.3793532169071,-6.88893102641762));
#19425=CARTESIAN_POINT('',(73.3573066196749,17.3793532169071,-6.88893102641762));
#19426=CARTESIAN_POINT('',(73.5179572124693,17.1832218557213,-5.11371495679753));
#19427=CARTESIAN_POINT('Origin',(74.4230712976238,24.2312066771856,-6.95291832538866));
#19428=CARTESIAN_POINT('',(74.4230712976238,24.2312066771856,-6.95291832538866));
#19429=CARTESIAN_POINT('Origin',(76.8676656319887,25.6233549105943,-6.55641961563809));
#19430=CARTESIAN_POINT('Origin',(82.083623404557,20.2891471907646,-4.55308957213335));
#19431=CARTESIAN_POINT('',(73.249318233779,16.8040875374503,-4.04238584462647));
#19432=CARTESIAN_POINT('Origin',(48.0096557141345,16.4744099353317,-5.65348551385578));
#19433=CARTESIAN_POINT('',(48.0096557141345,16.4744099353317,-5.65348551385578));
#19434=CARTESIAN_POINT('',(53.1827437161752,13.4351380203447,-4.75059788909857));
#19435=CARTESIAN_POINT('Origin',(53.1827437161752,13.4351380203447,-4.75059788909857));
#19436=CARTESIAN_POINT('',(57.683350923124,15.0797241542756,-4.76567847189101));
#19437=CARTESIAN_POINT('Origin',(57.683350923124,15.0797241542756,-4.76567847189101));
#19438=CARTESIAN_POINT('',(57.773398596512,20.22308278503,-5.71996375685653));
#19439=CARTESIAN_POINT('Origin',(57.773398596512,20.22308278503,-5.71996375685653));
#19440=CARTESIAN_POINT('',(52.1558715957865,22.9361317544283,-6.59078165971724));
#19441=CARTESIAN_POINT('Origin',(47.9713563420608,20.0528550331799,-6.32396862824874));
#19442=CARTESIAN_POINT('',(47.9713563420608,20.0528550331799,-6.32396862824874));
#19443=CARTESIAN_POINT('Origin',(52.1558715957865,22.9361317544283,-6.59078165971724));
#19444=CARTESIAN_POINT('Origin',(29.2719609819666,25.1684202404524,-6.52565731862939));
#19445=CARTESIAN_POINT('',(29.2719609819666,25.1684202404524,-6.52565731862939));
#19446=CARTESIAN_POINT('',(26.2871150666554,22.3257593431466,-6.58527790456997));
#19447=CARTESIAN_POINT('Origin',(26.2871150666554,22.3257593431466,-6.58527790456997));
#19448=CARTESIAN_POINT('',(26.6378555885304,16.985129230302,-5.91842543936437));
#19449=CARTESIAN_POINT('Origin',(26.6378555885304,16.985129230302,-5.91842543936437));
#19450=CARTESIAN_POINT('',(30.9557605859366,14.3919029070415,-5.05247234884121));
#19451=CARTESIAN_POINT('Origin',(34.0933325846194,16.0044241555649,-4.82984825022432));
#19452=CARTESIAN_POINT('',(34.0933325846194,16.0044241555649,-4.82984825022432));
#19453=CARTESIAN_POINT('',(34.6021616498467,20.5377524419593,-4.73129521607194));
#19454=CARTESIAN_POINT('Origin',(30.9557605859366,14.3919029070415,-5.05247234884121));
#19455=CARTESIAN_POINT('Origin',(34.8754468752958,22.0350118963452,-5.42884768649957));
#19456=CARTESIAN_POINT('',(32.1654953820877,23.6043673576873,-4.6773353163589));
#19457=CARTESIAN_POINT('Origin',(31.8353966760065,21.7320017354044,-5.45930952652398));
#19458=CARTESIAN_POINT('',(36.97275833547,19.9016221799824,-6.58974348041668));
#19459=CARTESIAN_POINT('Origin',(-4.12552196854738,23.3192222233476,-4.51924266027617));
#19460=CARTESIAN_POINT('',(-4.02689505971257,12.4127617713831,-3.69400739917283));
#19461=CARTESIAN_POINT('Origin',(6.06726666373787,22.4108338049421,-6.92386119897552));
#19462=CARTESIAN_POINT('',(6.06726666373787,22.4108338049421,-6.92386119897552));
#19463=CARTESIAN_POINT('Origin',(6.27385828420802,17.6716675101994,-6.60503667628985));
#19464=CARTESIAN_POINT('',(6.27385828420802,17.6716675101994,-6.60503667628985));
#19465=CARTESIAN_POINT('Origin',(-4.02689505971257,12.4127617713831,-3.69400739917283));
#19466=CARTESIAN_POINT('Origin',(70.0066663973799,4.52803608569945,-5.45268908476072));
#19467=CARTESIAN_POINT('',(74.8295481137955,5.84549472587967,-4.9384664712584));
#19468=CARTESIAN_POINT('',(70.0066663973799,4.52803608569945,-5.45268908476072));
#19469=CARTESIAN_POINT('Origin',(66.6552787605403,7.42270794665788,-6.15484416428425));
#19470=CARTESIAN_POINT('',(67.7054693490923,6.34067521871897,1.90078868912691));
#19471=CARTESIAN_POINT('',(68.6643345984131,5.68708882592608,-5.71822068936763));
#19472=CARTESIAN_POINT('',(65.5924021155757,8.15507602173025,1.93749479600921));
#19473=CARTESIAN_POINT('',(67.1740907565515,6.79694737594915,1.91001927067368));
#19474=CARTESIAN_POINT('',(66.6552787605403,7.42270794665788,-6.15484416428425));
#19475=CARTESIAN_POINT('Origin',(75.3981160367371,11.9390727136726,-5.41526612507725));
#19476=CARTESIAN_POINT('',(70.9997185900296,14.3389976137926,-6.21016390832127));
#19477=CARTESIAN_POINT('',(72.910755271448,13.3198212407703,-4.58458208900837));
#19478=CARTESIAN_POINT('Origin',(66.4946485992046,11.7670724960752,-6.56911301360942));
#19479=CARTESIAN_POINT('',(66.4755074539101,9.98422515328502,-5.72881817250436));
#19480=CARTESIAN_POINT('',(66.4946485992046,11.7670724960752,-6.56911301360942));
#19481=CARTESIAN_POINT('Origin',(70.9997185900296,14.3389976137926,-6.21016390832127));
#19482=CARTESIAN_POINT('Origin',(74.8295481137955,5.84549472587967,-4.9384664712584));
#19483=CARTESIAN_POINT('Origin',(73.249318233779,16.8040875374503,-4.04238584462647));
#19484=CARTESIAN_POINT('Origin',(39.2637815293848,3.68857707220484,-4.92651788258903));
#19485=CARTESIAN_POINT('',(39.2637815293848,3.68857707220484,-4.92651788258903));
#19486=CARTESIAN_POINT('',(42.2032321299922,5.57131786763949,-4.36421939272653));
#19487=CARTESIAN_POINT('Origin',(42.2032321299922,5.57131786763949,-4.36421939272653));
#19488=CARTESIAN_POINT('',(43.7476063849273,6.89448547701573,-4.09256508374267));
#19489=CARTESIAN_POINT('Origin',(43.7476063849273,6.89448547701573,-4.09256508374267));
#19490=CARTESIAN_POINT('',(42.7333418623726,12.5251059329607,-4.73365125822789));
#19491=CARTESIAN_POINT('Origin',(42.7333418623726,12.5251059329607,-4.73365125822789));
#19492=CARTESIAN_POINT('',(37.2907158437308,14.5698156119579,-6.16850093913401));
#19493=CARTESIAN_POINT('Origin',(33.4091062747619,8.26430612688987,-6.63914918290321));
#19494=CARTESIAN_POINT('',(33.4091062747619,8.26430612688987,-6.63914918290321));
#19495=CARTESIAN_POINT('Origin',(34.0724450108336,12.8760024887119,-6.81029767051995));
#19496=CARTESIAN_POINT('',(34.0724450108336,12.8760024887119,-6.81029767051995));
#19497=CARTESIAN_POINT('Origin',(37.2907158437308,14.5698156119579,-6.16850093913401));
#19498=CARTESIAN_POINT('Origin',(82.0698430963532,-5.72184403882597,-6.26160946922378));
#19499=CARTESIAN_POINT('',(84.4413121190306,-1.68621504934266,11.5457327319452));
#19500=CARTESIAN_POINT('Origin',(82.45,-1.5,-3.62605870481071));
#19501=CARTESIAN_POINT('',(82.0553055613661,-3.91351966049001,-6.48308832027788));
#19502=CARTESIAN_POINT('Origin',(66.2416523115668,1.61267798564469,-5.07295979431017));
#19503=CARTESIAN_POINT('',(65.798018364649,-3.79558178791391,-4.34610386731863));
#19504=CARTESIAN_POINT('',(67.1638600357735,2.47354633068891,1.89530187257103));
#19505=CARTESIAN_POINT('',(66.2416523115668,1.61267798564469,-5.07295979431017));
#19506=CARTESIAN_POINT('',(67.2110426363396,2.29632197382803,2.43253894530779));
#19507=CARTESIAN_POINT('',(66.5015990435934,4.96108998036445,-5.64542611949409));
#19508=CARTESIAN_POINT('',(67.2357640287716,2.54066772842771,2.43861312984203));
#19509=CARTESIAN_POINT('',(67.2402355053561,2.58486371468661,2.43971179667441));
#19510=CARTESIAN_POINT('',(66.2416523115668,1.61267798564469,-5.07295979431017));
#19511=CARTESIAN_POINT('Origin',(65.798018364649,-3.79558178791391,-4.34610386731863));
#19512=CARTESIAN_POINT('Origin',(71.1634955192683,2.88902568392646,-5.88201798180513));
#19513=CARTESIAN_POINT('',(67.3602930255352,2.4907087513964,1.47619914964488));
#19514=CARTESIAN_POINT('',(68.3078796826205,2.11055263300776,-5.84716062942731));
#19515=CARTESIAN_POINT('',(70.0217881618627,2.72324453520749,-4.20227603949169));
#19516=CARTESIAN_POINT('',(71.1634955192683,2.88902568392646,-5.88201798180513));
#19517=CARTESIAN_POINT('Origin',(82.0553055613661,-3.91351966049001,-6.48308832027788));
#19518=CARTESIAN_POINT('',(75.2170635983111,-1.,-12.7365347732515));
#19519=CARTESIAN_POINT('Origin',(82.45,-1.5,6.48973402646201));
#19520=CARTESIAN_POINT('Origin',(68.458039109527,3.92043583623314,-5.55774073695878));
#19521=CARTESIAN_POINT('',(68.458039109527,3.92043583623314,-5.55774073695878));
#19522=CARTESIAN_POINT('',(68.458039109527,3.92043583623314,-5.55774073695878));
#19523=CARTESIAN_POINT('',(68.7429043820275,7.69185194981897,-4.74670089369811));
#19524=CARTESIAN_POINT('Origin',(82.45,-1.5,-0.5));
#19525=CARTESIAN_POINT('Origin',(56.4915621965817,7.64149736149371,-4.35539224672396));
#19526=CARTESIAN_POINT('',(52.3409945960382,9.82614400662575,-4.26754629194507));
#19527=CARTESIAN_POINT('Origin',(49.4412561588806,1.24571638830607,-6.86130804859321));
#19528=CARTESIAN_POINT('',(49.4412561588806,1.24571638830607,-6.86130804859321));
#19529=CARTESIAN_POINT('Origin',(50.1775091607066,9.06616560246388,-4.72057147688206));
#19530=CARTESIAN_POINT('',(49.475629041628,3.66168167361432,-3.95963137102049));
#19531=CARTESIAN_POINT('Origin',(52.3409945960382,9.82614400662575,-4.26754629194507));
#19532=CARTESIAN_POINT('',(52.0671924560852,9.54615766525794,-3.47497814689721));
#19533=CARTESIAN_POINT('Origin',(2.5,-1.,3.));
#19534=CARTESIAN_POINT('Origin',(29.3254542316791,4.33848306032949,-6.77833362815988));
#19535=CARTESIAN_POINT('',(29.3254542316791,4.33848306032949,-6.77833362815988));
#19536=CARTESIAN_POINT('Origin',(35.2418134193536,-0.126265786739302,-5.52528811238276));
#19537=CARTESIAN_POINT('Origin',(14.8868210704274,0.630080865754048,-6.64065467366026));
#19538=CARTESIAN_POINT('',(14.8868210704274,0.630080865754048,-6.64065467366026));
#19539=CARTESIAN_POINT('Origin',(16.6479482391575,-0.23319403509879,-6.52534015686506));
#19540=CARTESIAN_POINT('Origin',(42.6391667145071,5.83692356091614,-5.0597271762046));
#19541=CARTESIAN_POINT('Origin',(61.2088159949781,7.78247998662391,-5.90408108114758));
#19542=CARTESIAN_POINT('',(61.2088159949781,7.78247998662391,-5.90408108114758));
#19543=CARTESIAN_POINT('Origin',(65.6060492704936,10.3842473516848,-4.68899209593389));
#19544=CARTESIAN_POINT('',(65.6060492704936,10.3842473516848,-4.68899209593389));
#19545=CARTESIAN_POINT('Origin',(68.7429043820275,7.69185194981897,-4.74670089369811));
#19546=CARTESIAN_POINT('Origin',(22.0915645623812,6.73617361076803,-6.29166597131601));
#19547=CARTESIAN_POINT('',(23.9101335898891,5.8118371921692,-5.76429892422338));
#19548=CARTESIAN_POINT('',(22.0915645623812,6.73617361076803,-6.29166597131601));
#19549=CARTESIAN_POINT('Origin',(22.0597759417952,13.5521267362418,-6.80760488898907));
#19550=CARTESIAN_POINT('',(22.0597759417952,13.5521267362418,-6.80760488898907));
#19551=CARTESIAN_POINT('Origin',(27.3935768660826,15.63500911896,-5.61809878813839));
#19552=CARTESIAN_POINT('',(27.3935768660826,15.63500911896,-5.61809878813839));
#19553=CARTESIAN_POINT('Origin',(31.5392681330135,13.0825537012357,-4.38270578724446));
#19554=CARTESIAN_POINT('',(31.5392681330135,13.0825537012357,-4.38270578724446));
#19555=CARTESIAN_POINT('Origin',(30.8677794179786,8.42753176821181,-4.20510498971321));
#19556=CARTESIAN_POINT('',(30.8677794179786,8.42753176821181,-4.20510498971321));
#19557=CARTESIAN_POINT('Origin',(28.6444728484032,6.67105133693714,-4.6347373992143));
#19558=CARTESIAN_POINT('',(28.6444728484032,6.67105133693714,-4.6347373992143));
#19559=CARTESIAN_POINT('Origin',(23.9101335898891,5.8118371921692,-5.76429892422338));
#19560=CARTESIAN_POINT('Origin',(44.2712848653628,5.0187545524971,-5.22043906932511));
#19561=CARTESIAN_POINT('',(49.0048759600789,3.39575921834221,-4.33523614542161));
#19562=CARTESIAN_POINT('',(44.2712848653628,5.0187545524971,-5.22043906932511));
#19563=CARTESIAN_POINT('Origin',(43.263906839973,10.4946557606752,-6.44822085341416));
#19564=CARTESIAN_POINT('',(43.263906839973,10.4946557606752,-6.44822085341416));
#19565=CARTESIAN_POINT('Origin',(47.8257335484248,13.8934432060745,-6.60057907590468));
#19566=CARTESIAN_POINT('',(47.8257335484248,13.8934432060745,-6.60057907590468));
#19567=CARTESIAN_POINT('Origin',(52.6138737814238,11.0928086955066,-5.4703843841523));
#19568=CARTESIAN_POINT('',(52.6138737814238,11.0928086955066,-5.4703843841523));
#19569=CARTESIAN_POINT('Origin',(51.3393126744761,4.27982553689546,-4.23994542215996));
#19570=CARTESIAN_POINT('Origin',(49.0048759600789,3.39575921834221,-4.33523614542161));
#19571=CARTESIAN_POINT('Origin',(81.8711528254131,5.08143259954368,-7.65551839379209));
#19572=CARTESIAN_POINT('Origin',(16.5940580771288,15.3741781199481,-5.53744790028708));
#19573=CARTESIAN_POINT('',(19.7054001393869,13.5757731129991,-4.5430631265053));
#19574=CARTESIAN_POINT('',(16.5940580771288,15.3741781199481,-5.53744790028708));
#19575=CARTESIAN_POINT('Origin',(16.5169348526253,20.3434622650273,-6.6004917079583));
#19576=CARTESIAN_POINT('',(16.5169348526253,20.3434622650273,-6.6004917079583));
#19577=CARTESIAN_POINT('Origin',(19.1394688967176,22.6805159487227,-6.5747345714864));
#19578=CARTESIAN_POINT('',(19.1394688967176,22.6805159487227,-6.5747345714864));
#19579=CARTESIAN_POINT('Origin',(24.823081977784,20.457642246154,-4.98225202207845));
#19580=CARTESIAN_POINT('',(24.823081977784,20.457642246154,-4.98225202207845));
#19581=CARTESIAN_POINT('Origin',(25.0795039866054,15.6619907809316,-3.92036794114291));
#19582=CARTESIAN_POINT('',(25.0795039866054,15.6619907809316,-3.92036794114291));
#19583=CARTESIAN_POINT('Origin',(19.7054001393869,13.5757731129991,-4.5430631265053));
#19584=CARTESIAN_POINT('Origin',(41.7713002283785,23.4888853205955,-6.52080750647306));
#19585=CARTESIAN_POINT('',(41.7713002283785,23.4888853205955,-6.52080750647306));
#19586=CARTESIAN_POINT('Origin',(36.97275833547,19.9016221799824,-6.58974348041668));
#19587=CARTESIAN_POINT('Origin',(32.6566052307261,27.6539671473957,-4.32033389367849));
#19588=CARTESIAN_POINT('',(32.6566052307261,27.6539671473957,-4.32033389367849));
#19589=CARTESIAN_POINT('Origin',(36.7053911997925,30.6065334524586,-4.27792530141101));
#19590=CARTESIAN_POINT('',(32.9931426633522,28.3078459741677,-5.60077049340311));
#19591=CARTESIAN_POINT('Origin',(58.3434988679026,15.2199377848772,-5.04528946389174));
#19592=CARTESIAN_POINT('',(62.159421834997,12.740619441626,-4.79497814234501));
#19593=CARTESIAN_POINT('',(58.3434988679026,15.2199377848772,-5.04528946389174));
#19594=CARTESIAN_POINT('Origin',(58.3884732525384,20.7651066033941,-5.96066147324317));
#19595=CARTESIAN_POINT('',(58.3884732525384,20.7651066033941,-5.96066147324317));
#19596=CARTESIAN_POINT('Origin',(62.1254652549907,23.8384056882445,-6.62181465311893));
#19597=CARTESIAN_POINT('',(62.1254652549907,23.8384056882445,-6.62181465311893));
#19598=CARTESIAN_POINT('Origin',(67.7682021098429,21.8921443707657,-6.53502131101362));
#19599=CARTESIAN_POINT('',(67.7682021098429,21.8921443707657,-6.53502131101362));
#19600=CARTESIAN_POINT('Origin',(66.756356213039,15.2921653691004,-5.40581364048139));
#19601=CARTESIAN_POINT('',(66.756356213039,15.2921653691004,-5.40581364048139));
#19602=CARTESIAN_POINT('Origin',(62.159421834997,12.740619441626,-4.79497814234501));
#19603=CARTESIAN_POINT('Origin',(11.3680599365926,31.2252874867039,-6.70384713999339));
#19604=CARTESIAN_POINT('',(11.3680599365926,31.2252874867039,-6.70384713999339));
#19605=CARTESIAN_POINT('',(14.0173300162761,33.4924663669376,-6.07491808102391));
#19606=CARTESIAN_POINT('Origin',(4.61724854974044,33.9544537432747,-5.89631537748453));
#19607=CARTESIAN_POINT('',(4.61724854974044,33.9544537432747,-5.89631537748453));
#19608=CARTESIAN_POINT('Origin',(5.99034868146181,39.3171387361121,-4.38384071843981));
#19609=CARTESIAN_POINT('Origin',(14.0173300162761,33.4924663669376,-6.07491808102391));
#19610=CARTESIAN_POINT('Origin',(30.9764638777825,29.5156270084686,-6.56167051274813));
#19611=CARTESIAN_POINT('',(30.9764638777825,29.5156270084686,-6.56167051274813));
#19612=CARTESIAN_POINT('Origin',(30.9209922964277,34.0788795861548,-6.5805786285478));
#19613=CARTESIAN_POINT('',(30.9209922964277,34.0788795861548,-6.5805786285478));
#19614=CARTESIAN_POINT('Origin',(37.4136109737581,35.8008083707443,-5.50279373439358));
#19615=CARTESIAN_POINT('',(36.1464841257172,35.8169270039648,2.10467631468381));
#19616=CARTESIAN_POINT('',(35.0372814868887,35.2147193875072,-4.91731091737348));
#19617=CARTESIAN_POINT('',(37.4136109737581,35.8008083707443,-5.50279373439358));
#19618=CARTESIAN_POINT('Origin',(40.6583003829768,33.6952671103367,-4.95788570524072));
#19619=CARTESIAN_POINT('',(36.8222141018989,35.3922073098959,2.0845336163441));
#19620=CARTESIAN_POINT('',(36.6913240834518,35.4744762198911,2.08843529045978));
#19621=CARTESIAN_POINT('',(37.0179575813181,35.9874344078671,-4.88900675381783));
#19622=CARTESIAN_POINT('',(40.6583003829768,33.6952671103367,-4.95788570524072));
#19623=CARTESIAN_POINT('Origin',(40.7518260429014,29.1508750563118,-4.93267913036585));
#19624=CARTESIAN_POINT('Origin',(35.2603350493492,35.0526500296396,-5.04271758928916));
#19625=CARTESIAN_POINT('',(35.2603350493492,35.0526500296396,-5.04271758928916));
#19626=CARTESIAN_POINT('',(40.7733533748038,38.1137199601168,-6.39668648146039));
#19627=CARTESIAN_POINT('Origin',(53.0045882091143,32.7682050859372,-6.19635347426904));
#19628=CARTESIAN_POINT('',(58.5637012307438,30.0662556071857,-6.57568561626063));
#19629=CARTESIAN_POINT('',(53.0045882091143,32.7682050859372,-6.19635347426904));
#19630=CARTESIAN_POINT('Origin',(53.2452740576124,38.4474582741528,-4.83402106810046));
#19631=CARTESIAN_POINT('',(53.2452740576124,38.4474582741528,-4.83402106810046));
#19632=CARTESIAN_POINT('Origin',(56.5266426924246,39.5823155351558,-4.40860489583912));
#19633=CARTESIAN_POINT('',(56.5266426924246,39.5823155351558,-4.40860489583912));
#19634=CARTESIAN_POINT('Origin',(61.1811012710566,37.0075610858137,-4.80054230486557));
#19635=CARTESIAN_POINT('Origin',(58.5637012307438,30.0662556071857,-6.57568561626063));
#19636=CARTESIAN_POINT('Origin',(81.2141867459567,24.560536687294,-6.84341312948839));
#19637=CARTESIAN_POINT('Origin',(72.1433377323061,33.9649024730492,-4.90224814749214));
#19638=CARTESIAN_POINT('Origin',(12.0740035976137,43.5881327533822,-6.49021536323453));
#19639=CARTESIAN_POINT('',(16.917659337747,41.0275823595585,-6.85184893060451));
#19640=CARTESIAN_POINT('',(12.0740035976137,43.5881327533822,-6.49021536323453));
#19641=CARTESIAN_POINT('Origin',(12.6300897056412,49.7788122816745,-4.62441387725478));
#19642=CARTESIAN_POINT('Origin',(22.5188801611994,47.7415536266568,-4.42435047719212));
#19643=CARTESIAN_POINT('',(22.5188801611994,47.7415536266568,-4.42435047719212));
#19644=CARTESIAN_POINT('Origin',(22.7946255135743,43.9528865502293,-5.51641755911174));
#19645=CARTESIAN_POINT('',(22.7946255135743,43.9528865502293,-5.51641755911174));
#19646=CARTESIAN_POINT('Origin',(16.917659337747,41.0275823595585,-6.85184893060451));
#19647=CARTESIAN_POINT('Origin',(32.2002951630671,37.0650393507215,-4.46800924304347));
#19648=CARTESIAN_POINT('',(32.2002951630671,37.0650393507215,-4.46800924304347));
#19649=CARTESIAN_POINT('Origin',(32.0792268686225,43.49215855817,-4.74767962752043));
#19650=CARTESIAN_POINT('',(32.0792268686225,43.49215855817,-4.74767962752043));
#19651=CARTESIAN_POINT('Origin',(36.4989570987717,46.1965228697243,-5.84506913003473));
#19652=CARTESIAN_POINT('',(36.4989570987717,46.1965228697243,-5.84506913003473));
#19653=CARTESIAN_POINT('Origin',(40.6353510606725,43.0303344788081,-6.60068228411168));
#19654=CARTESIAN_POINT('',(40.6353510606725,43.0303344788081,-6.60068228411168));
#19655=CARTESIAN_POINT('Origin',(40.7733533748038,38.1137199601168,-6.39668648146039));
#19656=CARTESIAN_POINT('Origin',(61.0387500082252,41.4885519818353,-6.72859849476775));
#19657=CARTESIAN_POINT('',(65.0632445723537,39.16346788565,-6.39803258439368));
#19658=CARTESIAN_POINT('',(61.0387500082252,41.4885519818353,-6.72859849476775));
#19659=CARTESIAN_POINT('Origin',(62.4256604821788,47.5336922801996,-5.10923083435834));
#19660=CARTESIAN_POINT('',(62.4256604821788,47.5336922801996,-5.10923083435834));
#19661=CARTESIAN_POINT('Origin',(65.663181724265,49.1918608888562,-4.06740719756293));
#19662=CARTESIAN_POINT('Origin',(65.0632445723537,39.16346788565,-6.39803258439368));
#19663=CARTESIAN_POINT('Origin',(31.1638595526756,52.2101321750492,-4.71392741637496));
#19664=CARTESIAN_POINT('',(25.5252165688637,54.2315006731851,-6.00114978181082));
#19665=CARTESIAN_POINT('',(29.1182358422335,52.9484254509315,-5.37593257319592));
#19666=CARTESIAN_POINT('Origin',(21.9509831311472,52.3694932856227,-6.6635209373064));
#19667=CARTESIAN_POINT('',(21.9509831311472,52.3694932856227,-6.6635209373064));
#19668=CARTESIAN_POINT('Origin',(25.5252165688637,54.2315006731851,-6.00114978181082));
#19669=CARTESIAN_POINT('Origin',(30.5879365365744,54.2135841720944,-6.01064497513098));
#19670=CARTESIAN_POINT('',(30.5879365365744,54.2135841720944,-6.01064497513098));
#19671=CARTESIAN_POINT('Origin',(27.5941201934715,46.8441969127551,-4.78590154321697));
#19672=CARTESIAN_POINT('',(31.9410049781439,44.590479956201,-5.19198767270266));
#19673=CARTESIAN_POINT('Origin',(36.4198158700394,51.9814464621618,-6.63930275733089));
#19674=CARTESIAN_POINT('',(36.4198158700394,51.9814464621618,-6.63930275733089));
#19675=CARTESIAN_POINT('Origin',(36.5312473442223,47.3437409680671,-6.16456165441568));
#19676=CARTESIAN_POINT('',(36.5312473442223,47.3437409680671,-6.16456165441568));
#19677=CARTESIAN_POINT('Origin',(31.9410049781439,44.590479956201,-5.19198767270266));
#19678=CARTESIAN_POINT('Origin',(56.9975125039393,51.2991569127934,-6.61852202291852));
#19679=CARTESIAN_POINT('',(56.9975125039393,51.2991569127934,-6.61852202291852));
#19680=CARTESIAN_POINT('Origin',(57.2744155058331,56.6486510977021,-5.71845782257221));
#19681=CARTESIAN_POINT('',(57.2744155058331,56.6486510977021,-5.71845782257221));
#19682=CARTESIAN_POINT('Origin',(60.7686773199743,57.9681705202626,-4.61223440261155));
#19683=CARTESIAN_POINT('',(60.7686773199743,57.9681705202626,-4.61223440261155));
#19684=CARTESIAN_POINT('Origin',(65.2306058505324,55.6662794329168,-3.817194626945));
#19685=CARTESIAN_POINT('',(65.2306058505324,55.6662794329168,-3.817194626945));
#19686=CARTESIAN_POINT('Origin',(65.3529173883827,50.3471411156531,-4.60952302665471));
#19687=CARTESIAN_POINT('Origin',(85.3886648213998,56.0457121881431,-6.69748733125705));
#19688=CARTESIAN_POINT('',(75.9760729082189,51.3165681692301,-6.43781662720712));
#19689=CARTESIAN_POINT('Origin',(75.9760729082189,51.3165681692301,-6.43781662720712));
#19690=CARTESIAN_POINT('Origin',(14.542445604895,63.4757929866088,-6.18421070384454));
#19691=CARTESIAN_POINT('',(14.542445604895,63.4757929866088,-6.18421070384454));
#19692=CARTESIAN_POINT('',(19.0807420147212,59.1554248961338,-6.5677427370811));
#19693=CARTESIAN_POINT('Origin',(19.0807420147212,59.1554248961338,-6.5677427370811));
#19694=CARTESIAN_POINT('',(22.3925496477894,60.7860425907866,-5.90455989549539));
#19695=CARTESIAN_POINT('Origin',(22.3925496477894,60.7860425907866,-5.90455989549539));
#19696=CARTESIAN_POINT('Origin',(14.2266651671956,67.4166277871542,-5.43984117069156));
#19697=CARTESIAN_POINT('',(13.6274428534697,66.2716083641451,0.367905536343927));
#19698=CARTESIAN_POINT('',(14.2266651671956,67.4166277871542,-5.43984117069156));
#19699=CARTESIAN_POINT('',(13.6271154035577,66.1846978508177,0.415058952126061));
#19700=CARTESIAN_POINT('',(13.6367977909859,68.7545603878724,-0.979223420320782));
#19701=CARTESIAN_POINT('',(13.5891994698193,66.1985312839391,0.738565774412764));
#19702=CARTESIAN_POINT('',(14.24511058498,65.9592254921379,-4.85780756118527));
#19703=CARTESIAN_POINT('',(14.2266651671956,67.4166277871542,-5.43984117069156));
#19704=CARTESIAN_POINT('Origin',(18.1474862736831,69.4242271704241,-4.63949914183395));
#19705=CARTESIAN_POINT('',(13.6657757631147,66.239795179443,0.73966453483394));
#19706=CARTESIAN_POINT('',(13.6130971065891,66.2114087626473,0.738908671363172));
#19707=CARTESIAN_POINT('',(13.0822860381347,66.7240440028294,-4.91911685683501));
#19708=CARTESIAN_POINT('Origin',(9.1218104072744,63.2099211953811,-4.823158529557));
#19709=CARTESIAN_POINT('',(12.9100343809333,65.1627402382353,-5.60579822211776));
#19710=CARTESIAN_POINT('',(12.9100343809333,65.1627402382353,-5.60579822211776));
#19711=CARTESIAN_POINT('Origin',(35.7978686383233,61.6195659838543,-6.55756730507493));
#19712=CARTESIAN_POINT('',(35.7978686383233,61.6195659838543,-6.55756730507493));
#19713=CARTESIAN_POINT('',(41.8138438640961,59.3516263638632,-6.39170383348688));
#19714=CARTESIAN_POINT('Origin',(41.8138438640961,59.3516263638632,-6.39170383348688));
#19715=CARTESIAN_POINT('',(45.3799956789883,62.1385871879094,-5.57005507255212));
#19716=CARTESIAN_POINT('Origin',(45.3799956789883,62.1385871879094,-5.57005507255212));
#19717=CARTESIAN_POINT('Origin',(34.8814315818107,67.0028904859127,-5.70079512140839));
#19718=CARTESIAN_POINT('Origin',(61.085859938211,57.4535891378056,-6.55427201606431));
#19719=CARTESIAN_POINT('',(61.085859938211,57.4535891378056,-6.55427201606431));
#19720=CARTESIAN_POINT('',(65.3830830666905,55.3065448611459,-5.75280933201218));
#19721=CARTESIAN_POINT('Origin',(65.3830830666905,55.3065448611459,-5.75280933201218));
#19722=CARTESIAN_POINT('Origin',(61.1808774919955,64.2147736680716,-6.5472266110544));
#19723=CARTESIAN_POINT('',(61.1808774919955,64.2147736680716,-6.5472266110544));
#19724=CARTESIAN_POINT('Origin',(65.5596853882154,66.6758031813633,-5.737837209329));
#19725=CARTESIAN_POINT('Origin',(12.9100343809333,65.1627402382353,-5.60579822211776));
#19726=CARTESIAN_POINT('',(13.2358153931092,72.6273493410021,-6.91161320017775));
#19727=CARTESIAN_POINT('Origin',(13.2358153931092,72.6273493410021,-6.91161320017775));
#19728=CARTESIAN_POINT('',(9.78527721085061,74.5584177392131,-6.82842813468378));
#19729=CARTESIAN_POINT('Origin',(9.78527721085061,74.5584177392131,-6.82842813468378));
#19730=CARTESIAN_POINT('Origin',(27.3023607636413,68.540751864551,-5.55619029690557));
#19731=CARTESIAN_POINT('Origin',(54.6793650014192,62.9239288573847,-4.64613166890113));
#19732=CARTESIAN_POINT('Origin',(4.61233962918674,70.429350945193,-5.91069960721561));
#19733=CARTESIAN_POINT('',(13.2104815157875,78.543094796394,-5.04321784414359));
#19734=CARTESIAN_POINT('Origin',(13.2104815157875,78.543094796394,-5.04321784414359));
#19735=CARTESIAN_POINT('Origin',(2.93703083947396,81.897593302292,-6.90196446278197));
#19736=CARTESIAN_POINT('Origin',(15.5661885572955,86.7366883256374,-5.13222143108325));
#19737=CARTESIAN_POINT('',(19.3411865594003,90.0435625275375,-4.23280075010359));
#19738=CARTESIAN_POINT('',(15.5661885572955,86.7366883256374,-5.13222143108325));
#19739=CARTESIAN_POINT('Origin',(14.9914688024512,96.8542027108203,-5.47377298853151));
#19740=CARTESIAN_POINT('',(10.0782661774803,94.3576171569918,-6.67919903375824));
#19741=CARTESIAN_POINT('',(14.9914688024512,96.8542027108203,-5.47377298853151));
#19742=CARTESIAN_POINT('Origin',(10.0782661774803,94.3576171569918,-6.67919903375824));
#19743=CARTESIAN_POINT('Origin',(19.4296169077277,93.79895532029,-4.28258946766661));
#19744=CARTESIAN_POINT('',(19.4296169077277,93.79895532029,-4.28258946766661));
#19745=CARTESIAN_POINT('Origin',(19.3411865594003,90.0435625275375,-4.23280075010359));
#19746=CARTESIAN_POINT('Origin',(74.6136765118443,89.2604502246463,-5.24197794741513));
#19747=CARTESIAN_POINT('',(74.6136765118443,89.2604502246463,-5.24197794741513));
#19748=CARTESIAN_POINT('Origin',(73.5502300173248,84.8759186821298,-4.36698009700735));
#19749=CARTESIAN_POINT('Origin',(1.4701416781376,99.3827489206468,-6.669979441364));
#19750=CARTESIAN_POINT('Origin',(84.45,110.5,0.));
#19751=CARTESIAN_POINT('',(69.6231479811542,110.5,12.8885154145472));
#19752=CARTESIAN_POINT('Origin',(56.8573697537554,108.043545471777,-5.86969696865345));
#19753=CARTESIAN_POINT('Origin',(2.,-1.5,-0.5));
#19754=CARTESIAN_POINT('Origin',(12.35,92.8709927263548,23.758380529086));
#19755=CARTESIAN_POINT('',(14.4926149773177,92.818728494721,24.2556414767701));
#19756=CARTESIAN_POINT('',(14.95,92.818728494721,24.2556414767701));
#19757=CARTESIAN_POINT('',(27.2875,92.818728494721,24.2556414767701));
#19758=CARTESIAN_POINT('',(14.4926149773177,92.5574073365518,26.7419462151908));
#19759=CARTESIAN_POINT('',(14.4926149773177,92.8709927263548,23.758380529086));
#19760=CARTESIAN_POINT('',(14.95,92.5574073365518,26.7419462151908));
#19761=CARTESIAN_POINT('',(27.2875,92.5574073365518,26.7419462151908));
#19762=CARTESIAN_POINT('',(14.95,92.8709927263548,23.758380529086));
#19763=CARTESIAN_POINT('Origin',(12.35,92.8709927263548,23.758380529086));
#19764=CARTESIAN_POINT('',(12.35,92.818728494721,24.2556414767701));
#19765=CARTESIAN_POINT('',(12.8073850226823,92.818728494721,24.2556414767701));
#19766=CARTESIAN_POINT('',(27.2875,92.818728494721,24.2556414767701));
#19767=CARTESIAN_POINT('',(12.35,92.5574073365518,26.7419462151908));
#19768=CARTESIAN_POINT('',(12.35,92.8709927263548,23.758380529086));
#19769=CARTESIAN_POINT('',(12.8073850226823,92.5574073365518,26.7419462151908));
#19770=CARTESIAN_POINT('',(27.2875,92.5574073365518,26.7419462151908));
#19771=CARTESIAN_POINT('',(12.8073850226823,92.8709927263548,23.758380529086));
#19772=CARTESIAN_POINT('Origin',(14.95,95.4766400922197,24.0322451028472));
#19773=CARTESIAN_POINT('',(14.95,95.4243758605858,24.5295060505314));
#19774=CARTESIAN_POINT('',(12.35,95.4243758605858,24.5295060505314));
#19775=CARTESIAN_POINT('',(28.5875,95.4243758605858,24.5295060505314));
#19776=CARTESIAN_POINT('',(14.95,95.1630547024167,27.015810788952));
#19777=CARTESIAN_POINT('',(14.95,95.4766400922197,24.0322451028472));
#19778=CARTESIAN_POINT('',(12.35,95.1630547024167,27.015810788952));
#19779=CARTESIAN_POINT('',(28.5875,95.1630547024167,27.015810788952));
#19780=CARTESIAN_POINT('',(12.35,95.4766400922197,24.0322451028472));
#19781=CARTESIAN_POINT('Origin',(14.95,92.8709927263548,23.758380529086));
#19782=CARTESIAN_POINT('',(14.95,73.0053660342465,22.1731731673203));
#19783=CARTESIAN_POINT('',(14.95,72.7440448760774,24.659477905741));
#19784=CARTESIAN_POINT('Origin',(12.35,95.4766400922197,24.0322451028472));
#19785=CARTESIAN_POINT('',(12.35,74.308189717179,22.3101054542009));
#19786=CARTESIAN_POINT('',(12.35,74.0468685590098,24.7964101926216));
#19787=CARTESIAN_POINT('Origin',(69.5,92.8709927263548,23.758380529086));
#19788=CARTESIAN_POINT('',(71.6426149773177,92.818728494721,24.2556414767701));
#19789=CARTESIAN_POINT('',(72.1,92.818728494721,24.2556414767701));
#19790=CARTESIAN_POINT('',(55.8625,92.818728494721,24.2556414767701));
#19791=CARTESIAN_POINT('',(71.6426149773177,92.5574073365518,26.7419462151908));
#19792=CARTESIAN_POINT('',(71.6426149773177,92.8709927263548,23.758380529086));
#19793=CARTESIAN_POINT('',(72.1,92.5574073365518,26.7419462151908));
#19794=CARTESIAN_POINT('',(55.8625,92.5574073365518,26.7419462151908));
#19795=CARTESIAN_POINT('',(72.1,92.8709927263548,23.758380529086));
#19796=CARTESIAN_POINT('Origin',(69.5,92.8709927263548,23.758380529086));
#19797=CARTESIAN_POINT('',(69.5,92.818728494721,24.2556414767701));
#19798=CARTESIAN_POINT('',(69.9573850226823,92.818728494721,24.2556414767701));
#19799=CARTESIAN_POINT('',(55.8625,92.818728494721,24.2556414767701));
#19800=CARTESIAN_POINT('',(69.5,92.5574073365518,26.7419462151908));
#19801=CARTESIAN_POINT('',(69.5,92.8709927263548,23.758380529086));
#19802=CARTESIAN_POINT('',(69.9573850226823,92.5574073365518,26.7419462151908));
#19803=CARTESIAN_POINT('',(55.8625,92.5574073365518,26.7419462151908));
#19804=CARTESIAN_POINT('',(69.9573850226823,92.8709927263548,23.758380529086));
#19805=CARTESIAN_POINT('Origin',(72.1,95.4766400922197,24.0322451028472));
#19806=CARTESIAN_POINT('',(72.1,95.4243758605858,24.5295060505314));
#19807=CARTESIAN_POINT('',(69.5,95.4243758605858,24.5295060505314));
#19808=CARTESIAN_POINT('',(57.1625,95.4243758605858,24.5295060505314));
#19809=CARTESIAN_POINT('',(72.1,95.1630547024167,27.015810788952));
#19810=CARTESIAN_POINT('',(72.1,95.4766400922197,24.0322451028472));
#19811=CARTESIAN_POINT('',(69.5,95.1630547024167,27.015810788952));
#19812=CARTESIAN_POINT('',(57.1625,95.1630547024167,27.015810788952));
#19813=CARTESIAN_POINT('',(69.5,95.4766400922197,24.0322451028472));
#19814=CARTESIAN_POINT('Origin',(72.1,92.8709927263548,23.758380529086));
#19815=CARTESIAN_POINT('',(72.1,73.0053660342465,22.1731731673203));
#19816=CARTESIAN_POINT('',(72.1,72.7440448760774,24.659477905741));
#19817=CARTESIAN_POINT('Origin',(69.5,95.4766400922197,24.0322451028472));
#19818=CARTESIAN_POINT('',(69.5,74.308189717179,22.3101054542009));
#19819=CARTESIAN_POINT('',(69.5,74.0468685590098,24.7964101926216));
#19820=CARTESIAN_POINT('Origin',(13.65,89.3901660925658,23.3925309076492));
#19821=CARTESIAN_POINT('Origin',(13.65,89.0765807027629,26.376096593754));
#19822=CARTESIAN_POINT('Origin',(13.65,89.337901860932,23.8897918553333));
#19823=CARTESIAN_POINT('Origin',(70.8,89.3901660925658,23.3925309076492));
#19824=CARTESIAN_POINT('Origin',(70.8,89.0765807027629,26.376096593754));
#19825=CARTESIAN_POINT('Origin',(70.8,89.337901860932,23.8897918553333));
#19826=CARTESIAN_POINT('Origin',(57.725,79.4449471388831,22.3472462749726));
#19827=CARTESIAN_POINT('',(57.725,79.3926829072493,22.8445072226568));
#19828=CARTESIAN_POINT('',(57.725,83.3707704887224,23.2626210757274));
#19829=CARTESIAN_POINT('',(57.725,66.2923432405107,21.4676060402636));
#19830=CARTESIAN_POINT('',(57.725,79.2881544439816,23.8390291180251));
#19831=CARTESIAN_POINT('',(57.725,79.4449471388831,22.3472462749726));
#19832=CARTESIAN_POINT('',(57.725,83.2662420254547,24.2571429710957));
#19833=CARTESIAN_POINT('',(57.725,79.2881544439816,23.8390291180251));
#19834=CARTESIAN_POINT('',(57.725,83.4230347203562,22.7653601280433));
#19835=CARTESIAN_POINT('Origin',(57.725,83.4230347203562,22.7653601280433));
#19836=CARTESIAN_POINT('',(29.725,83.3707704887224,23.2626210757274));
#19837=CARTESIAN_POINT('',(26.725,83.3707704887224,23.2626210757274));
#19838=CARTESIAN_POINT('',(49.975,83.3707704887224,23.2626210757274));
#19839=CARTESIAN_POINT('',(29.725,83.2662420254547,24.2571429710957));
#19840=CARTESIAN_POINT('',(29.725,83.4230347203562,22.7653601280433));
#19841=CARTESIAN_POINT('',(26.725,83.2662420254547,24.2571429710957));
#19842=CARTESIAN_POINT('',(57.725,83.2662420254547,24.2571429710957));
#19843=CARTESIAN_POINT('',(26.725,83.4230347203562,22.7653601280433));
#19844=CARTESIAN_POINT('Origin',(57.725,83.4230347203562,22.7653601280433));
#19845=CARTESIAN_POINT('',(54.725,83.3707704887224,23.2626210757274));
#19846=CARTESIAN_POINT('',(49.975,83.3707704887224,23.2626210757274));
#19847=CARTESIAN_POINT('',(54.725,83.2662420254547,24.2571429710957));
#19848=CARTESIAN_POINT('',(57.725,83.2662420254547,24.2571429710957));
#19849=CARTESIAN_POINT('',(54.725,83.4230347203562,22.7653601280433));
#19850=CARTESIAN_POINT('Origin',(26.725,79.4449471388831,22.3472462749726));
#19851=CARTESIAN_POINT('',(26.725,79.3926829072493,22.8445072226568));
#19852=CARTESIAN_POINT('',(34.475,79.3926829072493,22.8445072226568));
#19853=CARTESIAN_POINT('',(26.725,79.2881544439816,23.8390291180251));
#19854=CARTESIAN_POINT('',(26.725,79.4449471388831,22.3472462749726));
#19855=CARTESIAN_POINT('',(26.725,79.2881544439816,23.8390291180251));
#19856=CARTESIAN_POINT('Origin',(26.725,83.4230347203562,22.7653601280433));
#19857=CARTESIAN_POINT('',(26.725,68.2813870312472,21.6766629667989));
#19858=CARTESIAN_POINT('',(26.725,83.2662420254547,24.2571429710957));
#19859=CARTESIAN_POINT('Origin',(42.225,81.2771982347182,24.0480860445604));
#19860=CARTESIAN_POINT('',(35.975,83.2662420254547,24.2571429710957));
#19861=CARTESIAN_POINT('Origin',(57.725,104.805255470774,25.0127220882978));
#19862=CARTESIAN_POINT('',(57.725,104.75299123914,25.5099830359819));
#19863=CARTESIAN_POINT('',(26.725,104.75299123914,25.5099830359819));
#19864=CARTESIAN_POINT('',(49.975,104.75299123914,25.5099830359819));
#19865=CARTESIAN_POINT('',(57.725,104.648462775873,26.5045049313502));
#19866=CARTESIAN_POINT('',(57.725,104.805255470774,25.0127220882978));
#19867=CARTESIAN_POINT('',(26.725,104.648462775873,26.5045049313502));
#19868=CARTESIAN_POINT('',(57.725,104.648462775873,26.5045049313502));
#19869=CARTESIAN_POINT('',(26.725,104.805255470774,25.0127220882978));
#19870=CARTESIAN_POINT('Origin',(26.725,104.805255470774,25.0127220882978));
#19871=CARTESIAN_POINT('',(26.725,100.774903657667,25.0918691829113));
#19872=CARTESIAN_POINT('',(26.725,78.9724974064562,22.8003439469262));
#19873=CARTESIAN_POINT('',(26.725,100.670375194399,26.0863910782796));
#19874=CARTESIAN_POINT('',(26.725,104.648462775873,26.5045049313502));
#19875=CARTESIAN_POINT('',(26.725,100.827167889301,24.5946082352272));
#19876=CARTESIAN_POINT('Origin',(26.725,100.827167889301,24.5946082352272));
#19877=CARTESIAN_POINT('',(29.725,100.774903657667,25.0918691829113));
#19878=CARTESIAN_POINT('',(34.475,100.774903657667,25.0918691829113));
#19879=CARTESIAN_POINT('',(29.725,100.670375194399,26.0863910782796));
#19880=CARTESIAN_POINT('',(26.725,100.670375194399,26.0863910782796));
#19881=CARTESIAN_POINT('',(29.725,100.827167889301,24.5946082352272));
#19882=CARTESIAN_POINT('Origin',(57.725,100.827167889301,24.5946082352272));
#19883=CARTESIAN_POINT('',(57.725,100.774903657667,25.0918691829113));
#19884=CARTESIAN_POINT('',(57.725,76.9834536157196,22.5912870203909));
#19885=CARTESIAN_POINT('',(57.725,100.670375194399,26.0863910782796));
#19886=CARTESIAN_POINT('',(57.725,100.827167889301,24.5946082352272));
#19887=CARTESIAN_POINT('',(57.725,100.670375194399,26.0863910782796));
#19888=CARTESIAN_POINT('Origin',(26.725,100.827167889301,24.5946082352272));
#19889=CARTESIAN_POINT('',(54.725,100.774903657667,25.0918691829113));
#19890=CARTESIAN_POINT('',(34.475,100.774903657667,25.0918691829113));
#19891=CARTESIAN_POINT('',(54.725,100.670375194399,26.0863910782796));
#19892=CARTESIAN_POINT('',(54.725,100.827167889301,24.5946082352272));
#19893=CARTESIAN_POINT('',(26.725,100.670375194399,26.0863910782796));
#19894=CARTESIAN_POINT('Origin',(42.225,102.659418985136,26.2954480048149));
#19895=CARTESIAN_POINT('',(48.475,100.670375194399,26.0863910782796));
#19896=CARTESIAN_POINT('Origin',(29.725,83.4230347203562,22.7653601280433));
#19897=CARTESIAN_POINT('',(29.725,83.1094493305532,25.7489258141481));
#19898=CARTESIAN_POINT('',(29.725,83.4230347203562,22.7653601280433));
#19899=CARTESIAN_POINT('',(54.725,83.1094493305532,25.7489258141481));
#19900=CARTESIAN_POINT('',(35.975,83.1094493305532,25.7489258141481));
#19901=CARTESIAN_POINT('',(54.725,83.4230347203562,22.7653601280433));
#19902=CARTESIAN_POINT('Origin',(4.725,105.222954666829,25.0566240428702));
#19903=CARTESIAN_POINT('',(2.725,105.170690435195,25.5538849905544));
#19904=CARTESIAN_POINT('',(4.725,107.159734225931,25.7629419170897));
#19905=CARTESIAN_POINT('Origin',(4.725,105.170690435195,25.5538849905544));
#19906=CARTESIAN_POINT('',(2.72500000000001,104.909369277026,28.040189728975));
#19907=CARTESIAN_POINT('',(2.725,105.222954666829,25.0566240428702));
#19908=CARTESIAN_POINT('',(4.725,106.898413067762,28.2492466555103));
#19909=CARTESIAN_POINT('Origin',(4.725,104.909369277026,28.040189728975));
#19910=CARTESIAN_POINT('',(4.725,107.211998457565,25.2656809694055));
#19911=CARTESIAN_POINT('Origin',(4.725,1.26558094398312,14.1302637775024));
#19912=CARTESIAN_POINT('',(4.725,-0.775727078387253,14.4184677986512));
#19913=CARTESIAN_POINT('',(2.725,1.21331671234929,14.6275247251865));
#19914=CARTESIAN_POINT('Origin',(4.725,1.21331671234929,14.6275247251865));
#19915=CARTESIAN_POINT('',(4.725,-1.03704823655639,16.9047725370719));
#19916=CARTESIAN_POINT('',(4.725,-0.723462846753427,13.9212068509671));
#19917=CARTESIAN_POINT('',(2.725,0.95199555418016,17.1138294636072));
#19918=CARTESIAN_POINT('Origin',(4.725,0.95199555418016,17.1138294636072));
#19919=CARTESIAN_POINT('',(2.725,1.26558094398312,14.1302637775024));
#19920=CARTESIAN_POINT('Origin',(61.275,0.952264231633827,14.097332864055));
#19921=CARTESIAN_POINT('',(60.075,0.9,14.5945938117391));
#19922=CARTESIAN_POINT('Origin',(61.275,0.9,14.5945938117391));
#19923=CARTESIAN_POINT('',(60.075,0.638678841830866,17.0808985501598));
#19924=CARTESIAN_POINT('',(60.075,0.952264231633827,14.097332864055));
#19925=CARTESIAN_POINT('Origin',(61.275,0.638678841830866,17.0808985501598));
#19926=CARTESIAN_POINT('Origin',(23.175,0.952264231633827,14.097332864055));
#19927=CARTESIAN_POINT('',(21.975,0.9,14.5945938117391));
#19928=CARTESIAN_POINT('Origin',(23.175,0.9,14.5945938117391));
#19929=CARTESIAN_POINT('',(21.975,0.638678841830866,17.0808985501598));
#19930=CARTESIAN_POINT('',(21.975,0.952264231633827,14.097332864055));
#19931=CARTESIAN_POINT('Origin',(23.175,0.638678841830866,17.0808985501598));
#19932=CARTESIAN_POINT('Origin',(4.5,89.0522642316338,23.3570159909611));
#19933=CARTESIAN_POINT('',(3.3,89.,23.8542769386452));
#19934=CARTESIAN_POINT('Origin',(4.5,89.,23.8542769386452));
#19935=CARTESIAN_POINT('',(3.3,88.7386788418309,26.3405816770659));
#19936=CARTESIAN_POINT('',(3.3,89.0522642316338,23.3570159909611));
#19937=CARTESIAN_POINT('Origin',(4.5,88.7386788418309,26.3405816770659));
#19938=CARTESIAN_POINT('Origin',(20.,102.452264231634,24.7654127435211));
#19939=CARTESIAN_POINT('',(18.8,102.4,25.2626736912053));
#19940=CARTESIAN_POINT('Origin',(20.,102.4,25.2626736912053));
#19941=CARTESIAN_POINT('',(18.8,102.138678841831,27.748978429626));
#19942=CARTESIAN_POINT('',(18.8,102.452264231634,24.7654127435211));
#19943=CARTESIAN_POINT('Origin',(20.,102.138678841831,27.748978429626));
#19944=CARTESIAN_POINT('Origin',(6.65,6.64594439792548,14.6957627637804));
#19945=CARTESIAN_POINT('',(6.65,6.59368016629166,15.1930237114645));
#19946=CARTESIAN_POINT('',(20.65,6.59368016629165,15.1930237114645));
#19947=CARTESIAN_POINT('',(24.4375,6.59368016629166,15.1930237114645));
#19948=CARTESIAN_POINT('',(6.65,6.33235900812252,17.6793284498852));
#19949=CARTESIAN_POINT('',(6.65,6.64594439792548,14.6957627637804));
#19950=CARTESIAN_POINT('',(20.65,6.33235900812252,17.6793284498852));
#19951=CARTESIAN_POINT('',(24.4375,6.33235900812252,17.6793284498852));
#19952=CARTESIAN_POINT('',(20.65,6.64594439792548,14.6957627637804));
#19953=CARTESIAN_POINT('Origin',(20.65,6.64594439792548,14.6957627637804));
#19954=CARTESIAN_POINT('',(20.65,20.5169867014475,16.6564221972117));
#19955=CARTESIAN_POINT('',(20.65,29.8928418700319,17.6418642846675));
#19956=CARTESIAN_POINT('',(20.65,20.2556655432783,19.1427269356324));
#19957=CARTESIAN_POINT('',(20.65,29.6315207118627,20.1281690230882));
#19958=CARTESIAN_POINT('',(20.65,20.5692509330813,16.1591612495276));
#19959=CARTESIAN_POINT('Origin',(20.65,20.5692509330813,16.1591612495276));
#19960=CARTESIAN_POINT('',(6.65,20.5169867014475,16.6564221972117));
#19961=CARTESIAN_POINT('',(31.4375,20.5169867014475,16.6564221972117));
#19962=CARTESIAN_POINT('',(6.65,20.2556655432783,19.1427269356324));
#19963=CARTESIAN_POINT('',(31.4375,20.2556655432783,19.1427269356324));
#19964=CARTESIAN_POINT('',(6.65,20.5692509330813,16.1591612495276));
#19965=CARTESIAN_POINT('Origin',(6.65,20.5692509330813,16.1591612495276));
#19966=CARTESIAN_POINT('',(6.65,36.8544951376098,18.3735635275411));
#19967=CARTESIAN_POINT('',(6.65,36.5931739794407,20.8598682659618));
#19968=CARTESIAN_POINT('Origin',(63.8,25.5915865046911,16.6870299890292));
#19969=CARTESIAN_POINT('',(63.8,25.5393222730573,17.1842909367133));
#19970=CARTESIAN_POINT('',(77.8,25.5393222730573,17.1842909367133));
#19971=CARTESIAN_POINT('',(53.0125,25.5393222730573,17.1842909367133));
#19972=CARTESIAN_POINT('',(63.8,25.2780011148881,19.670595675134));
#19973=CARTESIAN_POINT('',(63.8,25.5915865046911,16.6870299890292));
#19974=CARTESIAN_POINT('',(77.8,25.2780011148881,19.670595675134));
#19975=CARTESIAN_POINT('',(53.0125,25.2780011148881,19.670595675134));
#19976=CARTESIAN_POINT('',(77.8,25.5915865046911,16.6870299890292));
#19977=CARTESIAN_POINT('Origin',(77.8,25.5915865046911,16.6870299890292));
#19978=CARTESIAN_POINT('',(77.8,39.4626288082131,18.6476894224605));
#19979=CARTESIAN_POINT('',(77.8,39.3656629234147,18.6374978972919));
#19980=CARTESIAN_POINT('',(77.8,39.201307650044,21.1339941608812));
#19981=CARTESIAN_POINT('',(77.8,39.1043417652456,21.1238026357126));
#19982=CARTESIAN_POINT('',(77.8,39.5148930398469,18.1504284747764));
#19983=CARTESIAN_POINT('Origin',(77.8,39.5148930398469,18.1504284747764));
#19984=CARTESIAN_POINT('',(63.8,39.4626288082131,18.6476894224605));
#19985=CARTESIAN_POINT('',(60.0125,39.4626288082131,18.6476894224605));
#19986=CARTESIAN_POINT('',(63.8,39.201307650044,21.1339941608812));
#19987=CARTESIAN_POINT('',(60.0125,39.201307650044,21.1339941608812));
#19988=CARTESIAN_POINT('',(63.8,39.5148930398469,18.1504284747764));
#19989=CARTESIAN_POINT('Origin',(63.8,39.5148930398469,18.1504284747764));
#19990=CARTESIAN_POINT('',(63.8,46.3273161909926,19.3691971401655));
#19991=CARTESIAN_POINT('',(63.8,46.0659950328235,21.8555018785862));
#19992=CARTESIAN_POINT('Origin',(44.75,63.4828707182223,20.6695644395268));
#19993=CARTESIAN_POINT('',(44.75,63.4306064865885,21.1668253872109));
#19994=CARTESIAN_POINT('',(58.75,63.4306064865885,21.1668253872109));
#19995=CARTESIAN_POINT('',(43.4875,63.4306064865885,21.1668253872109));
#19996=CARTESIAN_POINT('',(44.75,63.1692853284193,23.6531301256316));
#19997=CARTESIAN_POINT('',(44.75,63.4828707182223,20.6695644395268));
#19998=CARTESIAN_POINT('',(58.75,63.1692853284193,23.6531301256316));
#19999=CARTESIAN_POINT('',(43.4875,63.1692853284193,23.6531301256316));
#20000=CARTESIAN_POINT('',(58.75,63.4828707182223,20.6695644395268));
#20001=CARTESIAN_POINT('Origin',(58.75,63.4828707182223,20.6695644395268));
#20002=CARTESIAN_POINT('',(58.75,77.3539130217443,22.6302238729581));
#20003=CARTESIAN_POINT('',(58.75,58.3113050301803,20.6287651225407));
#20004=CARTESIAN_POINT('',(58.75,77.0925918635752,25.1165286113788));
#20005=CARTESIAN_POINT('',(58.75,58.0499838720112,23.1150698609614));
#20006=CARTESIAN_POINT('',(58.75,77.4061772533781,22.132962925274));
#20007=CARTESIAN_POINT('Origin',(58.75,77.4061772533781,22.132962925274));
#20008=CARTESIAN_POINT('',(44.75,77.3539130217443,22.6302238729581));
#20009=CARTESIAN_POINT('',(50.4875,77.3539130217443,22.6302238729581));
#20010=CARTESIAN_POINT('',(44.75,77.0925918635752,25.1165286113788));
#20011=CARTESIAN_POINT('',(50.4875,77.0925918635752,25.1165286113788));
#20012=CARTESIAN_POINT('',(44.75,77.4061772533781,22.132962925274));
#20013=CARTESIAN_POINT('Origin',(44.75,77.4061772533781,22.132962925274));
#20014=CARTESIAN_POINT('',(44.75,65.2729582977582,21.3604643654143));
#20015=CARTESIAN_POINT('',(44.75,65.0116371395891,23.846769103835));
#20016=CARTESIAN_POINT('Origin',(44.75,25.5915865046911,16.6870299890292));
#20017=CARTESIAN_POINT('',(44.75,25.5393222730573,17.1842909367133));
#20018=CARTESIAN_POINT('',(58.75,25.5393222730573,17.1842909367133));
#20019=CARTESIAN_POINT('',(43.4875,25.5393222730573,17.1842909367133));
#20020=CARTESIAN_POINT('',(44.75,25.2780011148881,19.670595675134));
#20021=CARTESIAN_POINT('',(44.75,25.5915865046911,16.6870299890292));
#20022=CARTESIAN_POINT('',(58.75,25.2780011148881,19.670595675134));
#20023=CARTESIAN_POINT('',(43.4875,25.2780011148881,19.670595675134));
#20024=CARTESIAN_POINT('',(58.75,25.5915865046911,16.6870299890292));
#20025=CARTESIAN_POINT('Origin',(58.75,25.5915865046911,16.6870299890292));
#20026=CARTESIAN_POINT('',(58.75,39.4626288082131,18.6476894224605));
#20027=CARTESIAN_POINT('',(58.75,39.3656629234147,18.6374978972919));
#20028=CARTESIAN_POINT('',(58.75,39.201307650044,21.1339941608812));
#20029=CARTESIAN_POINT('',(58.75,39.1043417652456,21.1238026357126));
#20030=CARTESIAN_POINT('',(58.75,39.5148930398469,18.1504284747764));
#20031=CARTESIAN_POINT('Origin',(58.75,39.5148930398469,18.1504284747764));
#20032=CARTESIAN_POINT('',(44.75,39.4626288082131,18.6476894224605));
#20033=CARTESIAN_POINT('',(50.4875,39.4626288082131,18.6476894224605));
#20034=CARTESIAN_POINT('',(44.75,39.201307650044,21.1339941608812));
#20035=CARTESIAN_POINT('',(50.4875,39.201307650044,21.1339941608812));
#20036=CARTESIAN_POINT('',(44.75,39.5148930398469,18.1504284747764));
#20037=CARTESIAN_POINT('Origin',(44.75,39.5148930398469,18.1504284747764));
#20038=CARTESIAN_POINT('',(44.75,46.3273161909926,19.3691971401655));
#20039=CARTESIAN_POINT('',(44.75,46.0659950328235,21.8555018785862));
#20040=CARTESIAN_POINT('Origin',(25.7,63.4828707182223,20.6695644395268));
#20041=CARTESIAN_POINT('',(25.7,63.4306064865885,21.1668253872109));
#20042=CARTESIAN_POINT('',(39.7,63.4306064865885,21.1668253872109));
#20043=CARTESIAN_POINT('',(33.9625,63.4306064865885,21.1668253872109));
#20044=CARTESIAN_POINT('',(25.7,63.1692853284193,23.6531301256316));
#20045=CARTESIAN_POINT('',(25.7,63.4828707182223,20.6695644395268));
#20046=CARTESIAN_POINT('',(39.7,63.1692853284193,23.6531301256316));
#20047=CARTESIAN_POINT('',(33.9625,63.1692853284193,23.6531301256316));
#20048=CARTESIAN_POINT('',(39.7,63.4828707182223,20.6695644395268));
#20049=CARTESIAN_POINT('Origin',(39.7,63.4828707182223,20.6695644395268));
#20050=CARTESIAN_POINT('',(39.7,77.3539130217443,22.6302238729581));
#20051=CARTESIAN_POINT('',(39.7,58.3113050301803,20.6287651225407));
#20052=CARTESIAN_POINT('',(39.7,77.0925918635752,25.1165286113788));
#20053=CARTESIAN_POINT('',(39.7,58.0499838720112,23.1150698609614));
#20054=CARTESIAN_POINT('',(39.7,77.4061772533781,22.132962925274));
#20055=CARTESIAN_POINT('Origin',(39.7,77.4061772533781,22.132962925274));
#20056=CARTESIAN_POINT('',(25.7,77.3539130217443,22.6302238729581));
#20057=CARTESIAN_POINT('',(40.9625,77.3539130217443,22.6302238729581));
#20058=CARTESIAN_POINT('',(25.7,77.0925918635752,25.1165286113788));
#20059=CARTESIAN_POINT('',(40.9625,77.0925918635752,25.1165286113788));
#20060=CARTESIAN_POINT('',(25.7,77.4061772533781,22.132962925274));
#20061=CARTESIAN_POINT('Origin',(25.7,77.4061772533781,22.132962925274));
#20062=CARTESIAN_POINT('',(25.7,65.2729582977582,21.3604643654143));
#20063=CARTESIAN_POINT('',(25.7,65.0116371395891,23.846769103835));
#20064=CARTESIAN_POINT('Origin',(25.7,25.5915865046911,16.6870299890292));
#20065=CARTESIAN_POINT('',(25.7,25.5393222730573,17.1842909367133));
#20066=CARTESIAN_POINT('',(39.7,25.5393222730573,17.1842909367133));
#20067=CARTESIAN_POINT('',(33.9625,25.5393222730573,17.1842909367133));
#20068=CARTESIAN_POINT('',(25.7,25.2780011148881,19.670595675134));
#20069=CARTESIAN_POINT('',(25.7,25.5915865046911,16.6870299890292));
#20070=CARTESIAN_POINT('',(39.7,25.2780011148881,19.670595675134));
#20071=CARTESIAN_POINT('',(33.9625,25.2780011148881,19.670595675134));
#20072=CARTESIAN_POINT('',(39.7,25.5915865046911,16.6870299890292));
#20073=CARTESIAN_POINT('Origin',(39.7,25.5915865046911,16.6870299890292));
#20074=CARTESIAN_POINT('',(39.7,39.4626288082131,18.6476894224605));
#20075=CARTESIAN_POINT('',(39.7,39.3656629234147,18.6374978972919));
#20076=CARTESIAN_POINT('',(39.7,39.201307650044,21.1339941608812));
#20077=CARTESIAN_POINT('',(39.7,39.1043417652456,21.1238026357126));
#20078=CARTESIAN_POINT('',(39.7,39.5148930398469,18.1504284747764));
#20079=CARTESIAN_POINT('Origin',(39.7,39.5148930398469,18.1504284747764));
#20080=CARTESIAN_POINT('',(25.7,39.4626288082131,18.6476894224605));
#20081=CARTESIAN_POINT('',(40.9625,39.4626288082131,18.6476894224605));
#20082=CARTESIAN_POINT('',(25.7,39.201307650044,21.1339941608812));
#20083=CARTESIAN_POINT('',(40.9625,39.201307650044,21.1339941608812));
#20084=CARTESIAN_POINT('',(25.7,39.5148930398469,18.1504284747764));
#20085=CARTESIAN_POINT('Origin',(25.7,39.5148930398469,18.1504284747764));
#20086=CARTESIAN_POINT('',(25.7,46.3273161909926,19.3691971401655));
#20087=CARTESIAN_POINT('',(25.7,46.0659950328235,21.8555018785862));
#20088=CARTESIAN_POINT('Origin',(6.65,63.4828707182223,20.6695644395268));
#20089=CARTESIAN_POINT('',(6.65,63.4306064865885,21.1668253872109));
#20090=CARTESIAN_POINT('',(20.65,63.4306064865885,21.1668253872109));
#20091=CARTESIAN_POINT('',(24.4375,63.4306064865885,21.1668253872109));
#20092=CARTESIAN_POINT('',(6.65,63.1692853284193,23.6531301256316));
#20093=CARTESIAN_POINT('',(6.65,63.4828707182223,20.6695644395268));
#20094=CARTESIAN_POINT('',(20.65,63.1692853284193,23.6531301256316));
#20095=CARTESIAN_POINT('',(24.4375,63.1692853284193,23.6531301256316));
#20096=CARTESIAN_POINT('',(20.65,63.4828707182223,20.6695644395268));
#20097=CARTESIAN_POINT('Origin',(20.65,63.4828707182223,20.6695644395268));
#20098=CARTESIAN_POINT('',(20.65,77.3539130217443,22.6302238729581));
#20099=CARTESIAN_POINT('',(20.65,58.3113050301803,20.6287651225407));
#20100=CARTESIAN_POINT('',(20.65,77.0925918635752,25.1165286113788));
#20101=CARTESIAN_POINT('',(20.65,58.0499838720112,23.1150698609614));
#20102=CARTESIAN_POINT('',(20.65,77.4061772533781,22.132962925274));
#20103=CARTESIAN_POINT('Origin',(20.65,77.4061772533781,22.132962925274));
#20104=CARTESIAN_POINT('',(6.65,77.3539130217443,22.6302238729581));
#20105=CARTESIAN_POINT('',(31.4375,77.3539130217443,22.6302238729581));
#20106=CARTESIAN_POINT('',(6.65,77.0925918635752,25.1165286113788));
#20107=CARTESIAN_POINT('',(31.4375,77.0925918635752,25.1165286113788));
#20108=CARTESIAN_POINT('',(6.65,77.4061772533781,22.132962925274));
#20109=CARTESIAN_POINT('Origin',(6.65,77.4061772533781,22.132962925274));
#20110=CARTESIAN_POINT('',(6.65,65.2729582977582,21.3604643654143));
#20111=CARTESIAN_POINT('',(6.65,65.0116371395891,23.846769103835));
#20112=CARTESIAN_POINT('Origin',(6.65,25.5915865046911,16.6870299890292));
#20113=CARTESIAN_POINT('',(6.65,25.5393222730573,17.1842909367133));
#20114=CARTESIAN_POINT('',(20.65,25.5393222730573,17.1842909367133));
#20115=CARTESIAN_POINT('',(24.4375,25.5393222730573,17.1842909367133));
#20116=CARTESIAN_POINT('',(6.65,25.2780011148881,19.670595675134));
#20117=CARTESIAN_POINT('',(6.65,25.5915865046911,16.6870299890292));
#20118=CARTESIAN_POINT('',(20.65,25.2780011148881,19.670595675134));
#20119=CARTESIAN_POINT('',(24.4375,25.2780011148881,19.670595675134));
#20120=CARTESIAN_POINT('',(20.65,25.5915865046911,16.6870299890292));
#20121=CARTESIAN_POINT('Origin',(20.65,25.5915865046911,16.6870299890292));
#20122=CARTESIAN_POINT('',(20.65,39.4626288082131,18.6476894224605));
#20123=CARTESIAN_POINT('',(20.65,39.3656629234147,18.6374978972919));
#20124=CARTESIAN_POINT('',(20.65,39.201307650044,21.1339941608812));
#20125=CARTESIAN_POINT('',(20.65,39.1043417652456,21.1238026357126));
#20126=CARTESIAN_POINT('',(20.65,39.5148930398469,18.1504284747764));
#20127=CARTESIAN_POINT('Origin',(20.65,39.5148930398469,18.1504284747764));
#20128=CARTESIAN_POINT('',(6.65,39.4626288082131,18.6476894224605));
#20129=CARTESIAN_POINT('',(31.4375,39.4626288082131,18.6476894224605));
#20130=CARTESIAN_POINT('',(6.65,39.201307650044,21.1339941608812));
#20131=CARTESIAN_POINT('',(31.4375,39.201307650044,21.1339941608812));
#20132=CARTESIAN_POINT('',(6.65,39.5148930398469,18.1504284747764));
#20133=CARTESIAN_POINT('Origin',(6.65,39.5148930398469,18.1504284747764));
#20134=CARTESIAN_POINT('',(6.65,46.3273161909926,19.3691971401655));
#20135=CARTESIAN_POINT('',(6.65,46.0659950328235,21.8555018785862));
#20136=CARTESIAN_POINT('Origin',(6.65,44.5372286114567,18.678297214278));
#20137=CARTESIAN_POINT('',(6.65,44.4849643798229,19.1755581619621));
#20138=CARTESIAN_POINT('',(20.65,44.4849643798229,19.1755581619621));
#20139=CARTESIAN_POINT('',(24.4375,44.4849643798229,19.1755581619621));
#20140=CARTESIAN_POINT('',(6.65,44.2236432216537,21.6618629003828));
#20141=CARTESIAN_POINT('',(6.65,44.5372286114567,18.678297214278));
#20142=CARTESIAN_POINT('',(20.65,44.2236432216537,21.6618629003828));
#20143=CARTESIAN_POINT('',(24.4375,44.2236432216537,21.6618629003828));
#20144=CARTESIAN_POINT('',(20.65,44.5372286114567,18.678297214278));
#20145=CARTESIAN_POINT('Origin',(20.65,44.5372286114567,18.678297214278));
#20146=CARTESIAN_POINT('',(20.65,58.4082709149787,20.6389566477093));
#20147=CARTESIAN_POINT('',(20.65,48.8384839767975,19.6331315099163));
#20148=CARTESIAN_POINT('',(20.65,58.1469497568096,23.12526138613));
#20149=CARTESIAN_POINT('',(20.65,48.5771628186284,22.119436248337));
#20150=CARTESIAN_POINT('',(20.65,58.4605351466125,20.1416957000252));
#20151=CARTESIAN_POINT('Origin',(20.65,58.4605351466125,20.1416957000252));
#20152=CARTESIAN_POINT('',(6.65,58.4082709149787,20.6389566477093));
#20153=CARTESIAN_POINT('',(31.4375,58.4082709149787,20.6389566477093));
#20154=CARTESIAN_POINT('',(6.65,58.1469497568096,23.12526138613));
#20155=CARTESIAN_POINT('',(31.4375,58.1469497568096,23.12526138613));
#20156=CARTESIAN_POINT('',(6.65,58.4605351466125,20.1416957000252));
#20157=CARTESIAN_POINT('Origin',(6.65,58.4605351466125,20.1416957000252));
#20158=CARTESIAN_POINT('',(6.65,55.8001372443754,20.3648307527899));
#20159=CARTESIAN_POINT('',(6.65,55.5388160862063,22.8511354912106));
#20160=CARTESIAN_POINT('Origin',(25.7,6.64594439792548,14.6957627637804));
#20161=CARTESIAN_POINT('',(25.7,6.59368016629166,15.1930237114645));
#20162=CARTESIAN_POINT('',(39.7,6.59368016629165,15.1930237114645));
#20163=CARTESIAN_POINT('',(33.9625,6.59368016629166,15.1930237114645));
#20164=CARTESIAN_POINT('',(25.7,6.33235900812252,17.6793284498852));
#20165=CARTESIAN_POINT('',(25.7,6.64594439792548,14.6957627637804));
#20166=CARTESIAN_POINT('',(39.7,6.33235900812252,17.6793284498852));
#20167=CARTESIAN_POINT('',(33.9625,6.33235900812252,17.6793284498852));
#20168=CARTESIAN_POINT('',(39.7,6.64594439792548,14.6957627637804));
#20169=CARTESIAN_POINT('Origin',(39.7,6.64594439792548,14.6957627637804));
#20170=CARTESIAN_POINT('',(39.7,20.5169867014475,16.6564221972117));
#20171=CARTESIAN_POINT('',(39.7,29.8928418700319,17.6418642846675));
#20172=CARTESIAN_POINT('',(39.7,20.2556655432783,19.1427269356324));
#20173=CARTESIAN_POINT('',(39.7,29.6315207118627,20.1281690230882));
#20174=CARTESIAN_POINT('',(39.7,20.5692509330813,16.1591612495276));
#20175=CARTESIAN_POINT('Origin',(39.7,20.5692509330813,16.1591612495276));
#20176=CARTESIAN_POINT('',(25.7,20.5169867014475,16.6564221972117));
#20177=CARTESIAN_POINT('',(40.9625,20.5169867014475,16.6564221972117));
#20178=CARTESIAN_POINT('',(25.7,20.2556655432783,19.1427269356324));
#20179=CARTESIAN_POINT('',(40.9625,20.2556655432783,19.1427269356324));
#20180=CARTESIAN_POINT('',(25.7,20.5692509330813,16.1591612495276));
#20181=CARTESIAN_POINT('Origin',(25.7,20.5692509330813,16.1591612495276));
#20182=CARTESIAN_POINT('',(25.7,36.8544951376098,18.3735635275411));
#20183=CARTESIAN_POINT('',(25.7,36.5931739794407,20.8598682659618));
#20184=CARTESIAN_POINT('Origin',(25.7,44.5372286114567,18.678297214278));
#20185=CARTESIAN_POINT('',(25.7,44.4849643798229,19.1755581619621));
#20186=CARTESIAN_POINT('',(39.7,44.4849643798229,19.1755581619621));
#20187=CARTESIAN_POINT('',(33.9625,44.4849643798229,19.1755581619621));
#20188=CARTESIAN_POINT('',(25.7,44.2236432216537,21.6618629003828));
#20189=CARTESIAN_POINT('',(25.7,44.5372286114567,18.678297214278));
#20190=CARTESIAN_POINT('',(39.7,44.2236432216537,21.6618629003828));
#20191=CARTESIAN_POINT('',(33.9625,44.2236432216537,21.6618629003828));
#20192=CARTESIAN_POINT('',(39.7,44.5372286114567,18.678297214278));
#20193=CARTESIAN_POINT('Origin',(39.7,44.5372286114567,18.678297214278));
#20194=CARTESIAN_POINT('',(39.7,58.4082709149787,20.6389566477093));
#20195=CARTESIAN_POINT('',(39.7,48.8384839767975,19.6331315099163));
#20196=CARTESIAN_POINT('',(39.7,58.1469497568096,23.12526138613));
#20197=CARTESIAN_POINT('',(39.7,48.5771628186284,22.119436248337));
#20198=CARTESIAN_POINT('',(39.7,58.4605351466125,20.1416957000252));
#20199=CARTESIAN_POINT('Origin',(39.7,58.4605351466125,20.1416957000252));
#20200=CARTESIAN_POINT('',(25.7,58.4082709149787,20.6389566477093));
#20201=CARTESIAN_POINT('',(40.9625,58.4082709149787,20.6389566477093));
#20202=CARTESIAN_POINT('',(25.7,58.1469497568096,23.12526138613));
#20203=CARTESIAN_POINT('',(40.9625,58.1469497568096,23.12526138613));
#20204=CARTESIAN_POINT('',(25.7,58.4605351466125,20.1416957000252));
#20205=CARTESIAN_POINT('Origin',(25.7,58.4605351466125,20.1416957000252));
#20206=CARTESIAN_POINT('',(25.7,55.8001372443754,20.3648307527899));
#20207=CARTESIAN_POINT('',(25.7,55.5388160862063,22.8511354912106));
#20208=CARTESIAN_POINT('Origin',(44.75,6.64594439792548,14.6957627637804));
#20209=CARTESIAN_POINT('',(44.75,6.59368016629166,15.1930237114645));
#20210=CARTESIAN_POINT('',(58.75,6.59368016629165,15.1930237114645));
#20211=CARTESIAN_POINT('',(43.4875,6.59368016629166,15.1930237114645));
#20212=CARTESIAN_POINT('',(44.75,6.33235900812252,17.6793284498852));
#20213=CARTESIAN_POINT('',(44.75,6.64594439792548,14.6957627637804));
#20214=CARTESIAN_POINT('',(58.75,6.33235900812252,17.6793284498852));
#20215=CARTESIAN_POINT('',(43.4875,6.33235900812252,17.6793284498852));
#20216=CARTESIAN_POINT('',(58.75,6.64594439792548,14.6957627637804));
#20217=CARTESIAN_POINT('Origin',(58.75,6.64594439792548,14.6957627637804));
#20218=CARTESIAN_POINT('',(58.75,20.5169867014475,16.6564221972117));
#20219=CARTESIAN_POINT('',(58.75,29.8928418700319,17.6418642846675));
#20220=CARTESIAN_POINT('',(58.75,20.2556655432783,19.1427269356324));
#20221=CARTESIAN_POINT('',(58.75,29.6315207118627,20.1281690230882));
#20222=CARTESIAN_POINT('',(58.75,20.5692509330813,16.1591612495276));
#20223=CARTESIAN_POINT('Origin',(58.75,20.5692509330813,16.1591612495276));
#20224=CARTESIAN_POINT('',(44.75,20.5169867014475,16.6564221972117));
#20225=CARTESIAN_POINT('',(50.4875,20.5169867014475,16.6564221972117));
#20226=CARTESIAN_POINT('',(44.75,20.2556655432783,19.1427269356324));
#20227=CARTESIAN_POINT('',(50.4875,20.2556655432783,19.1427269356324));
#20228=CARTESIAN_POINT('',(44.75,20.5692509330813,16.1591612495276));
#20229=CARTESIAN_POINT('Origin',(44.75,20.5692509330813,16.1591612495276));
#20230=CARTESIAN_POINT('',(44.75,36.8544951376098,18.3735635275411));
#20231=CARTESIAN_POINT('',(44.75,36.5931739794407,20.8598682659618));
#20232=CARTESIAN_POINT('Origin',(44.75,44.5372286114567,18.678297214278));
#20233=CARTESIAN_POINT('',(44.75,44.4849643798229,19.1755581619621));
#20234=CARTESIAN_POINT('',(58.75,44.4849643798229,19.1755581619621));
#20235=CARTESIAN_POINT('',(43.4875,44.4849643798229,19.1755581619621));
#20236=CARTESIAN_POINT('',(44.75,44.2236432216537,21.6618629003828));
#20237=CARTESIAN_POINT('',(44.75,44.5372286114567,18.678297214278));
#20238=CARTESIAN_POINT('',(58.75,44.2236432216537,21.6618629003828));
#20239=CARTESIAN_POINT('',(43.4875,44.2236432216537,21.6618629003828));
#20240=CARTESIAN_POINT('',(58.75,44.5372286114567,18.678297214278));
#20241=CARTESIAN_POINT('Origin',(58.75,44.5372286114567,18.678297214278));
#20242=CARTESIAN_POINT('',(58.75,58.4082709149787,20.6389566477093));
#20243=CARTESIAN_POINT('',(58.75,48.8384839767975,19.6331315099163));
#20244=CARTESIAN_POINT('',(58.75,58.1469497568096,23.12526138613));
#20245=CARTESIAN_POINT('',(58.75,48.5771628186284,22.119436248337));
#20246=CARTESIAN_POINT('',(58.75,58.4605351466125,20.1416957000252));
#20247=CARTESIAN_POINT('Origin',(58.75,58.4605351466125,20.1416957000252));
#20248=CARTESIAN_POINT('',(44.75,58.4082709149787,20.6389566477093));
#20249=CARTESIAN_POINT('',(50.4875,58.4082709149787,20.6389566477093));
#20250=CARTESIAN_POINT('',(44.75,58.1469497568096,23.12526138613));
#20251=CARTESIAN_POINT('',(50.4875,58.1469497568096,23.12526138613));
#20252=CARTESIAN_POINT('',(44.75,58.4605351466125,20.1416957000252));
#20253=CARTESIAN_POINT('Origin',(44.75,58.4605351466125,20.1416957000252));
#20254=CARTESIAN_POINT('',(44.75,55.8001372443754,20.3648307527899));
#20255=CARTESIAN_POINT('',(44.75,55.5388160862063,22.8511354912106));
#20256=CARTESIAN_POINT('Origin',(63.8,6.64594439792548,14.6957627637804));
#20257=CARTESIAN_POINT('',(63.8,6.59368016629166,15.1930237114645));
#20258=CARTESIAN_POINT('',(77.8,6.59368016629165,15.1930237114645));
#20259=CARTESIAN_POINT('',(53.0125,6.59368016629166,15.1930237114645));
#20260=CARTESIAN_POINT('',(63.8,6.33235900812252,17.6793284498852));
#20261=CARTESIAN_POINT('',(63.8,6.64594439792548,14.6957627637804));
#20262=CARTESIAN_POINT('',(77.8,6.33235900812252,17.6793284498852));
#20263=CARTESIAN_POINT('',(53.0125,6.33235900812252,17.6793284498852));
#20264=CARTESIAN_POINT('',(77.8,6.64594439792548,14.6957627637804));
#20265=CARTESIAN_POINT('Origin',(77.8,6.64594439792548,14.6957627637804));
#20266=CARTESIAN_POINT('',(77.8,20.5169867014475,16.6564221972117));
#20267=CARTESIAN_POINT('',(77.8,29.8928418700319,17.6418642846675));
#20268=CARTESIAN_POINT('',(77.8,20.2556655432783,19.1427269356324));
#20269=CARTESIAN_POINT('',(77.8,29.6315207118627,20.1281690230882));
#20270=CARTESIAN_POINT('',(77.8,20.5692509330813,16.1591612495276));
#20271=CARTESIAN_POINT('Origin',(77.8,20.5692509330813,16.1591612495276));
#20272=CARTESIAN_POINT('',(63.8,20.5169867014475,16.6564221972117));
#20273=CARTESIAN_POINT('',(60.0125,20.5169867014475,16.6564221972117));
#20274=CARTESIAN_POINT('',(63.8,20.2556655432783,19.1427269356324));
#20275=CARTESIAN_POINT('',(60.0125,20.2556655432783,19.1427269356324));
#20276=CARTESIAN_POINT('',(63.8,20.5692509330813,16.1591612495276));
#20277=CARTESIAN_POINT('Origin',(63.8,20.5692509330813,16.1591612495276));
#20278=CARTESIAN_POINT('',(63.8,36.8544951376098,18.3735635275411));
#20279=CARTESIAN_POINT('',(63.8,36.5931739794407,20.8598682659618));
#20280=CARTESIAN_POINT('Origin',(63.8,44.5372286114567,18.678297214278));
#20281=CARTESIAN_POINT('',(63.8,44.4849643798229,19.1755581619621));
#20282=CARTESIAN_POINT('',(77.8,44.4849643798229,19.1755581619621));
#20283=CARTESIAN_POINT('',(53.0125,44.4849643798229,19.1755581619621));
#20284=CARTESIAN_POINT('',(63.8,44.2236432216537,21.6618629003828));
#20285=CARTESIAN_POINT('',(63.8,44.5372286114567,18.678297214278));
#20286=CARTESIAN_POINT('',(77.8,44.2236432216537,21.6618629003828));
#20287=CARTESIAN_POINT('',(53.0125,44.2236432216537,21.6618629003828));
#20288=CARTESIAN_POINT('',(77.8,44.5372286114567,18.678297214278));
#20289=CARTESIAN_POINT('Origin',(77.8,44.5372286114567,18.678297214278));
#20290=CARTESIAN_POINT('',(77.8,58.4082709149787,20.6389566477093));
#20291=CARTESIAN_POINT('',(77.8,48.8384839767975,19.6331315099163));
#20292=CARTESIAN_POINT('',(77.8,58.1469497568096,23.12526138613));
#20293=CARTESIAN_POINT('',(77.8,48.5771628186284,22.119436248337));
#20294=CARTESIAN_POINT('',(77.8,58.4605351466125,20.1416957000252));
#20295=CARTESIAN_POINT('Origin',(77.8,58.4605351466125,20.1416957000252));
#20296=CARTESIAN_POINT('',(63.8,58.4082709149787,20.6389566477093));
#20297=CARTESIAN_POINT('',(60.0125,58.4082709149787,20.6389566477093));
#20298=CARTESIAN_POINT('',(63.8,58.1469497568096,23.12526138613));
#20299=CARTESIAN_POINT('',(60.0125,58.1469497568096,23.12526138613));
#20300=CARTESIAN_POINT('',(63.8,58.4605351466125,20.1416957000252));
#20301=CARTESIAN_POINT('Origin',(63.8,58.4605351466125,20.1416957000252));
#20302=CARTESIAN_POINT('',(63.8,55.8001372443754,20.3648307527899));
#20303=CARTESIAN_POINT('',(63.8,55.5388160862063,22.8511354912106));
#20304=CARTESIAN_POINT('Origin',(63.8,63.4828707182223,20.6695644395268));
#20305=CARTESIAN_POINT('',(63.8,63.4306064865885,21.1668253872109));
#20306=CARTESIAN_POINT('',(77.8,63.4306064865885,21.1668253872109));
#20307=CARTESIAN_POINT('',(53.0125,63.4306064865885,21.1668253872109));
#20308=CARTESIAN_POINT('',(63.8,63.1692853284193,23.6531301256316));
#20309=CARTESIAN_POINT('',(63.8,63.4828707182223,20.6695644395268));
#20310=CARTESIAN_POINT('',(77.8,63.1692853284193,23.6531301256316));
#20311=CARTESIAN_POINT('',(53.0125,63.1692853284193,23.6531301256316));
#20312=CARTESIAN_POINT('',(77.8,63.4828707182223,20.6695644395268));
#20313=CARTESIAN_POINT('Origin',(77.8,63.4828707182223,20.6695644395268));
#20314=CARTESIAN_POINT('',(77.8,77.3539130217443,22.6302238729581));
#20315=CARTESIAN_POINT('',(77.8,58.3113050301803,20.6287651225407));
#20316=CARTESIAN_POINT('',(77.8,77.0925918635752,25.1165286113788));
#20317=CARTESIAN_POINT('',(77.8,58.0499838720112,23.1150698609614));
#20318=CARTESIAN_POINT('',(77.8,77.4061772533781,22.132962925274));
#20319=CARTESIAN_POINT('Origin',(77.8,77.4061772533781,22.132962925274));
#20320=CARTESIAN_POINT('',(63.8,77.3539130217443,22.6302238729581));
#20321=CARTESIAN_POINT('',(60.0125,77.3539130217443,22.6302238729581));
#20322=CARTESIAN_POINT('',(63.8,77.0925918635752,25.1165286113788));
#20323=CARTESIAN_POINT('',(60.0125,77.0925918635752,25.1165286113788));
#20324=CARTESIAN_POINT('',(63.8,77.4061772533781,22.132962925274));
#20325=CARTESIAN_POINT('Origin',(63.8,77.4061772533781,22.132962925274));
#20326=CARTESIAN_POINT('',(63.8,65.2729582977582,21.3604643654143));
#20327=CARTESIAN_POINT('',(63.8,65.0116371395891,23.846769103835));
#20328=CARTESIAN_POINT('Origin',(64.,102.452264231634,24.7654127435211));
#20329=CARTESIAN_POINT('',(62.8,102.4,25.2626736912053));
#20330=CARTESIAN_POINT('Origin',(64.,102.4,25.2626736912053));
#20331=CARTESIAN_POINT('',(62.8,102.138678841831,27.748978429626));
#20332=CARTESIAN_POINT('',(62.8,102.452264231634,24.7654127435211));
#20333=CARTESIAN_POINT('Origin',(64.,102.138678841831,27.748978429626));
#20334=CARTESIAN_POINT('Origin',(79.95,89.0522642316338,23.3570159909611));
#20335=CARTESIAN_POINT('',(78.75,89.,23.8542769386452));
#20336=CARTESIAN_POINT('Origin',(79.95,89.,23.8542769386452));
#20337=CARTESIAN_POINT('',(78.75,88.7386788418309,26.3405816770659));
#20338=CARTESIAN_POINT('',(78.75,89.0522642316338,23.3570159909611));
#20339=CARTESIAN_POINT('Origin',(79.95,88.7386788418309,26.3405816770659));
#20340=CARTESIAN_POINT('Origin',(42.225,0.952264231633827,14.097332864055));
#20341=CARTESIAN_POINT('',(41.025,0.9,14.5945938117391));
#20342=CARTESIAN_POINT('Origin',(42.225,0.9,14.5945938117391));
#20343=CARTESIAN_POINT('',(41.025,0.638678841830866,17.0808985501598));
#20344=CARTESIAN_POINT('',(41.025,0.952264231633827,14.097332864055));
#20345=CARTESIAN_POINT('Origin',(42.225,0.638678841830866,17.0808985501598));
#20346=CARTESIAN_POINT('Origin',(54.725,83.4230347203562,22.7653601280433));
#20347=CARTESIAN_POINT('',(54.725,68.2813870312472,21.6766629667989));
#20348=CARTESIAN_POINT('',(54.725,100.513582499498,27.578173921332));
#20349=CARTESIAN_POINT('',(54.725,68.0200658730781,24.1629677052196));
#20350=CARTESIAN_POINT('',(54.725,100.827167889301,24.5946082352272));
#20351=CARTESIAN_POINT('Origin',(54.725,100.827167889301,24.5946082352272));
#20352=CARTESIAN_POINT('',(29.725,100.513582499498,27.578173921332));
#20353=CARTESIAN_POINT('',(48.475,100.513582499498,27.578173921332));
#20354=CARTESIAN_POINT('',(29.725,100.827167889301,24.5946082352272));
#20355=CARTESIAN_POINT('Origin',(29.725,100.827167889301,24.5946082352272));
#20356=CARTESIAN_POINT('',(29.725,76.9834536157196,22.5912870203909));
#20357=CARTESIAN_POINT('',(29.725,76.7221324575505,25.0775917588116));
#20358=CARTESIAN_POINT('Origin',(79.725,1.26558094398312,14.1302637775024));
#20359=CARTESIAN_POINT('',(81.725,1.21331671234929,14.6275247251865));
#20360=CARTESIAN_POINT('',(79.725,-0.775727078387246,14.4184677986512));
#20361=CARTESIAN_POINT('Origin',(79.725,1.21331671234929,14.6275247251865));
#20362=CARTESIAN_POINT('',(81.725,0.95199555418016,17.1138294636072));
#20363=CARTESIAN_POINT('',(81.725,1.26558094398312,14.1302637775024));
#20364=CARTESIAN_POINT('',(79.725,-1.03704823655638,16.9047725370719));
#20365=CARTESIAN_POINT('Origin',(79.725,0.95199555418016,17.1138294636072));
#20366=CARTESIAN_POINT('',(79.725,-0.723462846753427,13.9212068509671));
#20367=CARTESIAN_POINT('Origin',(79.725,105.222954666829,25.0566240428702));
#20368=CARTESIAN_POINT('',(79.725,107.159734225931,25.7629419170897));
#20369=CARTESIAN_POINT('',(81.725,105.170690435195,25.5538849905544));
#20370=CARTESIAN_POINT('Origin',(79.725,105.170690435195,25.5538849905544));
#20371=CARTESIAN_POINT('',(79.725,106.898413067762,28.2492466555103));
#20372=CARTESIAN_POINT('',(79.725,107.211998457565,25.2656809694055));
#20373=CARTESIAN_POINT('',(81.725,104.909369277026,28.040189728975));
#20374=CARTESIAN_POINT('Origin',(79.725,104.909369277026,28.040189728975));
#20375=CARTESIAN_POINT('',(81.725,105.222954666829,25.0566240428702));
#20376=CARTESIAN_POINT('Origin',(42.225,52.930682415603,22.5770095962911));
#20377=CARTESIAN_POINT('',(2.725,106.898413067762,28.2492466555103));
#20378=CARTESIAN_POINT('',(2.725,-1.03704823655639,16.9047725370719));
#20379=CARTESIAN_POINT('',(81.725,-1.03704823655639,16.9047725370719));
#20380=CARTESIAN_POINT('',(81.725,106.898413067762,28.2492466555103));
#20381=CARTESIAN_POINT('Origin',(42.225,53.1920035737721,20.0907048578704));
#20382=CARTESIAN_POINT('',(81.725,107.159734225931,25.7629419170897));
#20383=CARTESIAN_POINT('',(81.725,-0.775727078387253,14.4184677986512));
#20384=CARTESIAN_POINT('',(2.725,-0.775727078387253,14.4184677986512));
#20385=CARTESIAN_POINT('',(2.725,107.159734225931,25.7629419170897));
#20386=CARTESIAN_POINT('Origin',(81.725,107.159734225931,25.7629419170897));
#20387=CARTESIAN_POINT('Origin',(81.725,-0.775727078387253,14.4184677986512));
#20388=CARTESIAN_POINT('Origin',(2.725,-0.775727078387253,14.4184677986512));
#20389=CARTESIAN_POINT('Origin',(2.725,107.159734225931,25.7629419170897));
#20390=UNCERTAINTY_MEASURE_WITH_UNIT(LENGTH_MEASURE(0.01),#20394,
'DISTANCE_ACCURACY_VALUE',
'Maximum model space distance between geometric entities at asserted c
onnectivities');
#20391=UNCERTAINTY_MEASURE_WITH_UNIT(LENGTH_MEASURE(0.01),#20394,
'DISTANCE_ACCURACY_VALUE',
'Maximum model space distance between geometric entities at asserted c
onnectivities');
#20392=(
GEOMETRIC_REPRESENTATION_CONTEXT(3)
GLOBAL_UNCERTAINTY_ASSIGNED_CONTEXT((#20390))
GLOBAL_UNIT_ASSIGNED_CONTEXT((#20394,#20396,#20397))
REPRESENTATION_CONTEXT('','3D')
);
#20393=(
GEOMETRIC_REPRESENTATION_CONTEXT(3)
GLOBAL_UNCERTAINTY_ASSIGNED_CONTEXT((#20391))
GLOBAL_UNIT_ASSIGNED_CONTEXT((#20394,#20396,#20397))
REPRESENTATION_CONTEXT('','3D')
);
#20394=(
LENGTH_UNIT()
NAMED_UNIT(*)
SI_UNIT(.MILLI.,.METRE.)
);
#20395=(
LENGTH_UNIT()
NAMED_UNIT(*)
SI_UNIT($,.METRE.)
);
#20396=(
NAMED_UNIT(*)
PLANE_ANGLE_UNIT()
SI_UNIT($,.RADIAN.)
);
#20397=(
NAMED_UNIT(*)
SI_UNIT($,.STERADIAN.)
SOLID_ANGLE_UNIT()
);
#20398=SHAPE_DEFINITION_REPRESENTATION(#20399,#20400);
#20399=PRODUCT_DEFINITION_SHAPE('',$,#20402);
#20400=SHAPE_REPRESENTATION('',(#12912),#20392);
#20401=PRODUCT_DEFINITION_CONTEXT('part definition',#20406,'design');
#20402=PRODUCT_DEFINITION('Keyboardy thing','Keyboardy thing v2',#20403,
#20401);
#20403=PRODUCT_DEFINITION_FORMATION('',$,#20408);
#20404=PRODUCT_RELATED_PRODUCT_CATEGORY('Keyboardy thing v2',
'Keyboardy thing v2',(#20408));
#20405=APPLICATION_PROTOCOL_DEFINITION('international standard',
'automotive_design',2009,#20406);
#20406=APPLICATION_CONTEXT(
'Core Data for Automotive Mechanical Design Process');
#20407=PRODUCT_CONTEXT('part definition',#20406,'mechanical');
#20408=PRODUCT('Keyboardy thing','Keyboardy thing v2',$,(#20407));
#20409=PRESENTATION_STYLE_ASSIGNMENT((#20410));
#20410=SURFACE_STYLE_USAGE(.BOTH.,#20411);
#20411=SURFACE_SIDE_STYLE('',(#20412));
#20412=SURFACE_STYLE_FILL_AREA(#20413);
#20413=FILL_AREA_STYLE('Steel - Satin',(#20414));
#20414=FILL_AREA_STYLE_COLOUR('Steel - Satin',#20415);
#20415=COLOUR_RGB('Steel - Satin',0.627450980392157,0.627450980392157,0.627450980392157);
ENDSEC;
END-ISO-10303-21;
